season_year,player_id,player_name,team_name,team_code,rank_no,g,sba,sb,cs,sb_rate,oob,pko
2018,79150,정주현,LG,LG,1,115,21,18,3,85.7,3,0
2018,78217,김용의,LG,LG,2,114,11,10,1,90.9,0,1
2018,79109,오지환,LG,LG,2,144,15,10,5,66.7,2,3
2018,61186,이천웅,LG,LG,2,112,20,10,10,50.0,2,0
2018,78135,이형종,LG,LG,5,118,10,6,4,60.0,5,2
2018,68103,가르시아,LG,LG,6,50,5,5,0,100.0,3,0
2018,72133,박용택,LG,LG,7,134,6,3,3,50.0,7,0
2018,79192,채은성,LG,LG,7,139,4,3,1,75.0,1,1
2018,65136,박지규,LG,LG,9,26,2,2,0,100.0,1,0
2018,64153,양석환,LG,LG,9,140,4,2,2,50.0,5,0
2018,76290,김현수,LG,LG,11,117,4,1,3,25.0,5,0
2018,66112,김기연,LG,LG,12,2,0,0,0,,0,0
2018,61114,김재율,LG,LG,12,25,0,0,0,,0,0
2018,79113,문선재,LG,LG,12,2,0,0,0,,0,0
2018,68119,문성주,LG,LG,12,5,0,0,0,,1,0
2018,65109,백승현,LG,LG,12,5,0,0,0,,0,0
2018,62164,서상우,LG,LG,12,51,1,0,1,0.0,0,0
2018,65115,안익훈,LG,LG,12,62,1,0,1,0.0,2,0
2018,64117,양원혁,LG,LG,12,7,0,0,0,,0,0
2018,61102,유강남,LG,LG,12,132,0,0,0,,4,0
2018,63905,윤형준,LG,LG,12,11,0,0,0,,1,0
2018,79198,윤진호,LG,LG,12,102,1,0,1,0.0,1,0
2018,74823,임훈,LG,LG,12,54,0,0,0,,0,0
2018,63360,장시윤,LG,LG,12,8,0,0,0,,0,0
2018,71842,정상호,LG,LG,12,70,1,0,1,0.0,1,0
2018,66108,홍창기,LG,LG,12,12,1,0,1,0.0,1,0
2018,74163,이용규,한화,HH,1,134,41,30,11,73.2,8,0
2018,68730,호잉,한화,HH,2,142,32,23,9,71.9,4,2
2018,62700,하주석,한화,HH,3,141,26,14,12,53.8,3,2
2018,73136,이성열,한화,HH,4,131,16,9,7,56.3,2,0
2018,78288,최재훈,한화,HH,5,128,8,8,0,100.0,6,0
2018,61700,강경학,한화,HH,6,77,9,6,3,66.7,1,2
2018,75808,정근우,한화,HH,6,102,11,6,5,54.5,8,0
2018,61554,김민하,한화,HH,8,59,10,5,5,50.0,1,0
2018,68743,정은원,한화,HH,8,98,6,5,1,83.3,1,2
2018,76753,송광민,한화,HH,10,113,8,4,4,50.0,5,0
2018,78756,오선진,한화,HH,11,56,3,3,0,100.0,0,0
2018,66710,강상원,한화,HH,12,6,1,1,0,100.0,0,0
2018,79705,김회성,한화,HH,12,58,1,1,0,100.0,1,0
2018,62797,양성우,한화,HH,12,73,2,1,1,50.0,1,1
2018,66706,장진혁,한화,HH,12,50,3,1,2,33.3,2,0
2018,64717,지시완,한화,HH,12,99,1,1,0,100.0,2,0
2018,66715,김인환,한화,HH,17,4,0,0,0,,0,0
2018,60184,김창혁,한화,HH,17,6,0,0,0,,0,0
2018,71752,김태균,한화,HH,17,73,1,0,1,0.0,5,0
2018,66704,김태연,한화,HH,17,24,1,0,1,0.0,0,0
2018,64724,박준혁,한화,HH,17,4,0,0,0,,0,0
2018,60100,백진우,한화,HH,17,70,0,0,0,,3,0
2018,74731,송창식,한화,HH,17,1,0,0,0,,0,0
2018,73738,안영명,한화,HH,17,2,0,0,0,,0,0
2018,65703,이도윤,한화,HH,17,2,0,0,0,,0,0
2018,77452,이동걸,한화,HH,17,1,0,0,0,,0,0
2018,66702,이시원,한화,HH,17,28,1,0,1,0.0,1,0
2018,79764,장민재,한화,HH,17,1,0,0,0,,0,0
2018,66716,정경운,한화,HH,17,22,0,0,0,,0,0
2018,60805,최윤석,한화,HH,17,2,0,0,0,,0,0
2018,74729,최진행,한화,HH,17,57,1,0,1,0.0,4,1
2018,63704,노수광,SSG,SK,1,135,29,25,4,86.2,6,1
2018,66838,김동엽,SSG,SK,2,124,13,11,2,84.6,5,2
2018,61869,정진기,SSG,SK,2,96,14,11,3,78.6,1,0
2018,71837,김강민,SSG,SK,4,80,16,10,6,62.5,4,1
2018,67872,로맥,SSG,SK,4,141,15,10,5,66.7,7,1
2018,75847,최정,SSG,SK,6,115,11,9,2,81.8,2,0
2018,76869,김재현,SSG,SK,7,53,8,7,1,87.5,2,0
2018,76802,김성현,SSG,SK,8,135,8,6,2,75.0,4,0
2018,73209,나주환,SSG,SK,9,119,11,5,6,45.5,4,0
2018,62802,박승욱,SSG,SK,10,51,5,4,1,80.0,1,2
2018,62895,한유섬,SSG,SK,10,136,6,4,2,66.7,4,1
2018,61652,윤정우,SSG,SK,12,22,3,2,1,66.7,0,0
2018,62884,최항,SSG,SK,12,98,4,2,2,50.0,3,0
2018,63123,강승호,SSG,SK,14,69,2,1,1,50.0,5,0
2018,71184,이성우,SSG,SK,14,88,1,1,0,100.0,1,0
2018,75151,정의윤,SSG,SK,14,73,2,1,1,50.0,1,0
2018,79130,강지광,SSG,SK,17,1,0,0,0,,0,0
2018,67893,박성한,SSG,SK,17,42,0,0,0,,0,0
2018,74846,박정권,SSG,SK,17,14,0,0,0,,0,0
2018,75250,박정배,SSG,SK,17,4,0,0,0,,0,0
2018,76858,박희수,SSG,SK,17,2,0,0,0,,0,0
2018,75138,신재웅,SSG,SK,17,3,0,0,0,,0,0
2018,66864,안상현,SSG,SK,17,1,0,0,0,,0,0
2018,74838,윤희상,SSG,SK,17,1,0,0,0,,0,0
2018,72860,이대수,SSG,SK,17,4,0,0,0,,0,0
2018,61865,이윤재,SSG,SK,17,1,0,0,0,,0,0
2018,76812,이재원,SSG,SK,17,130,0,0,0,,4,1
2018,64868,조용호,SSG,SK,17,16,1,0,1,0.0,0,0
2018,76158,최승준,SSG,SK,17,27,0,0,0,,0,1
2018,77243,허도환,SSG,SK,17,23,0,0,0,,0,0
2018,62415,박해민,삼성,SS,1,144,46,36,10,78.3,7,1
2018,61404,김헌곤,삼성,SS,2,141,31,22,9,71.0,8,1
2018,79402,김상수,삼성,SS,3,122,21,12,9,57.1,2,0
2018,66462,김성훈,삼성,SS,3,110,18,12,6,66.7,3,0
2018,62404,구자욱,삼성,SS,5,116,10,10,0,100.0,4,0
2018,67450,러프,삼성,SS,6,137,8,5,3,62.5,3,1
2018,71432,박한이,삼성,SS,6,114,8,5,3,62.5,2,0
2018,64610,강한울,삼성,SS,8,83,7,3,4,42.9,2,0
2018,62409,박찬도,삼성,SS,8,54,6,3,3,50.0,0,0
2018,72456,손주인,삼성,SS,8,98,3,3,0,100.0,1,0
2018,75566,이원석,삼성,SS,11,128,3,2,1,66.7,5,0
2018,61197,최영진,삼성,SS,11,61,6,2,4,33.3,2,1
2018,79465,배영섭,삼성,SS,13,69,1,1,0,100.0,0,0
2018,74540,강민호,삼성,SS,14,129,0,0,0,,4,0
2018,65412,권정웅,삼성,SS,14,6,0,0,0,,0,0
2018,64793,김민수,삼성,SS,14,8,0,0,0,,0,0
2018,67449,김성윤,삼성,SS,14,1,0,0,0,,0,0
2018,60288,김응민,삼성,SS,14,1,0,0,0,,0,0
2018,64499,김재현,삼성,SS,14,5,0,0,0,,0,0
2018,64407,김호재,삼성,SS,14,10,0,0,0,,1,0
2018,60456,백상원,삼성,SS,14,4,0,0,0,,0,0
2018,64410,백승민,삼성,SS,14,14,0,0,0,,0,0
2018,64469,송준석,삼성,SS,14,4,0,0,0,,0,0
2018,66406,안주형,삼성,SS,14,15,0,0,0,,2,0
2018,64266,이성곤,삼성,SS,14,9,0,0,0,,0,0
2018,79456,이지영,삼성,SS,14,90,0,0,0,,0,0
2018,77927,장필준,삼성,SS,14,1,0,0,0,,0,0
2018,61104,정병곤,삼성,SS,14,6,0,0,0,,0,0
2018,79440,정인욱,삼성,SS,14,1,0,0,0,,0,0
2018,72466,조동찬,삼성,SS,14,28,0,0,0,,0,0
2018,77466,최원제,삼성,SS,14,8,0,0,0,,0,0
2018,62907,박민우,NC,NC,1,115,22,17,5,77.3,4,1
2018,62947,나성범,NC,NC,2,144,17,15,2,88.2,3,2
2018,60566,이상호,NC,NC,3,114,18,13,5,72.2,3,1
2018,62934,김성욱,NC,NC,4,111,13,11,2,84.6,4,0
2018,66917,김찬형,NC,NC,5,63,5,4,1,80.0,0,1
2018,62931,노진혁,NC,NC,5,125,7,4,3,57.1,6,0
2018,67935,스크럭스,NC,NC,7,142,5,3,2,60.0,7,1
2018,66968,이재율,NC,NC,7,33,4,3,1,75.0,0,1
2018,78813,모창민,NC,NC,9,81,5,2,3,40.0,3,0
2018,73213,손시헌,NC,NC,9,67,2,2,0,100.0,0,0
2018,63963,권희동,NC,NC,11,104,4,1,3,25.0,4,0
2018,64984,김태진,NC,NC,11,20,3,1,2,33.3,1,0
2018,74465,박석민,NC,NC,11,103,1,1,0,100.0,3,0
2018,62921,박헌욱,NC,NC,11,10,1,1,0,100.0,0,0
2018,62016,윤병호,NC,NC,11,14,1,1,0,100.0,0,0
2018,63260,이우성,NC,NC,11,71,3,1,2,33.3,2,0
2018,73339,이종욱,NC,NC,11,43,2,1,1,50.0,1,0
2018,76720,정범모,NC,NC,11,103,1,1,0,100.0,2,0
2018,73306,지석훈,NC,NC,11,67,1,1,0,100.0,1,0
2018,62917,강구성,NC,NC,20,4,0,0,0,,0,0
2018,64906,강민국,NC,NC,20,6,0,0,0,,0,0
2018,79358,강윤구,NC,NC,20,3,0,0,0,,0,0
2018,62925,강진성,NC,NC,20,45,0,0,0,,1,0
2018,79364,김종민,NC,NC,20,6,0,0,0,,0,0
2018,75867,김진성,NC,NC,20,2,0,0,0,,0,0
2018,68906,김철호,NC,NC,20,1,0,0,0,,0,0
2018,68912,김형준,NC,NC,20,60,0,0,0,,0,1
2018,66965,도태훈,NC,NC,20,26,0,0,0,,1,0
2018,64944,박대온,NC,NC,20,27,0,0,0,,1,0
2018,63991,박진우,NC,NC,20,1,0,0,0,,0,0
2018,64995,배재환,NC,NC,20,1,0,0,0,,0,0
2018,67944,신진호,NC,NC,20,20,0,0,0,,1,0
2018,68904,오영수,NC,NC,20,11,1,0,1,0.0,0,0
2018,76757,유원상,NC,NC,20,1,0,0,0,,0,0
2018,62537,윤수강,NC,NC,20,44,0,0,0,,0,0
2018,62929,이민호,NC,NC,20,5,0,0,0,,0,0
2018,62025,이원재,NC,NC,20,77,2,0,2,0.0,1,0
2018,68901,이인혁,NC,NC,20,2,0,0,0,,0,0
2018,78352,임창민,NC,NC,20,1,0,0,0,,0,0
2018,66960,정수민,NC,NC,20,1,0,0,0,,0,0
2018,66992,조원빈,NC,NC,20,2,0,0,0,,0,0
2018,71552,최준석,NC,NC,20,93,0,0,0,,0,0
2018,67025,로하스,KT,KT,1,144,31,18,13,58.1,5,2
2018,76313,황재균,KT,KT,2,142,21,14,7,66.7,8,0
2018,60558,오태곤,KT,KT,3,128,21,13,8,61.9,4,0
2018,64006,심우준,KT,KT,4,135,22,11,11,50.0,2,0
2018,73113,박경수,KT,KT,5,135,5,4,1,80.0,6,0
2018,74215,윤석민,KT,KT,5,132,5,4,1,80.0,3,0
2018,68050,강백호,KT,KT,7,138,8,3,5,37.5,9,2
2018,63450,정현,KT,KT,7,65,3,3,0,100.0,3,1
2018,64012,송민섭,KT,KT,9,47,3,2,1,66.7,0,0
2018,99810,이진영,KT,KT,9,110,3,2,1,66.7,6,0
2018,78753,김지열,KT,KT,11,38,2,1,1,50.0,0,0
2018,70553,박기혁,KT,KT,11,98,1,1,0,100.0,2,0
2018,61743,오준혁,KT,KT,11,30,2,1,1,50.0,0,0
2018,74339,유한준,KT,KT,11,121,2,1,1,50.0,1,2
2018,78548,장성우,KT,KT,11,127,2,1,1,50.0,9,0
2018,67005,홍현빈,KT,KT,11,14,1,1,0,100.0,0,0
2018,68069,고명성,KT,KT,17,5,0,0,0,,0,0
2018,78248,고창성,KT,KT,17,1,0,0,0,,0,0
2018,77462,김동욱,KT,KT,17,11,0,0,0,,0,0
2018,99563,김사율,KT,KT,17,1,0,0,0,,0,0
2018,63448,김영환,KT,KT,17,4,0,0,0,,0,0
2018,65062,김재윤,KT,KT,17,6,0,0,0,,0,0
2018,63088,김진곤,KT,KT,17,19,2,0,2,0.0,0,0
2018,66052,남태혁,KT,KT,17,7,0,0,0,,0,0
2018,64166,배정대,KT,KT,17,14,0,0,0,,1,0
2018,68067,신병률,KT,KT,17,2,0,0,0,,0,0
2018,65056,엄상백,KT,KT,17,1,0,0,0,,0,0
2018,79453,오정복,KT,KT,17,5,0,0,0,,0,0
2018,73153,이대형,KT,KT,17,1,0,0,0,,0,0
2018,67066,이종혁,KT,KT,17,1,0,0,0,,0,0
2018,77654,이준수,KT,KT,17,11,0,0,0,,0,0
2018,60343,이해창,KT,KT,17,83,3,0,3,0.0,2,0
2018,78361,전민수,KT,KT,17,21,0,0,0,,2,0
2018,78517,하준호,KT,KT,17,15,0,0,0,,0,0
2018,75149,홍성용,KT,KT,17,1,0,0,0,,0,0
2018,77532,손아섭,롯데,LT,1,141,23,20,3,87.0,5,1
2018,66508,나경민,롯데,LT,2,87,16,12,4,75.0,2,2
2018,76249,민병헌,롯데,LT,3,118,11,8,3,72.7,3,1
2018,78513,전준우,롯데,LT,4,144,14,7,7,50.0,4,3
2018,67598,번즈,롯데,LT,5,133,7,5,2,71.4,3,1
2018,60523,정훈,롯데,LT,6,91,6,4,2,66.7,2,0
2018,61204,김동한,롯데,LT,7,55,4,3,1,75.0,3,0
2018,72546,문규현,롯데,LT,7,122,4,3,1,75.0,1,0
2018,65586,전병우,롯데,LT,7,27,3,3,0,100.0,0,1
2018,76509,김문호,롯데,LT,10,46,1,1,0,100.0,2,1
2018,62556,신본기,롯데,LT,10,139,6,1,5,16.7,5,0
2018,78566,황진수,롯데,LT,10,18,1,1,0,100.0,0,0
2018,63543,구승민,롯데,LT,13,1,0,0,0,,0,0
2018,61591,김사훈,롯데,LT,13,56,0,0,0,,2,0
2018,67454,나원탁,롯데,LT,13,20,0,0,0,,0,0
2018,67539,나균안,롯데,LT,13,106,0,0,0,,0,0
2018,73211,노경은,롯데,LT,13,1,0,0,0,,0,0
2018,79356,박헌도,롯데,LT,13,15,0,0,0,,0,0
2018,75321,손승락,롯데,LT,13,1,0,0,0,,0,0
2018,64022,안중열,롯데,LT,13,60,0,0,0,,0,0
2018,64504,오윤석,롯데,LT,13,13,0,0,0,,1,0
2018,67588,윤성빈,롯데,LT,13,1,0,0,0,,0,0
2018,71564,이대호,롯데,LT,13,144,1,0,1,0.0,7,0
2018,76100,이병규,롯데,LT,13,103,0,0,0,,0,0
2018,77318,장시환,롯데,LT,13,1,0,0,0,,0,0
2018,75537,조정훈,롯데,LT,13,1,0,0,0,,0,0
2018,63593,조홍석,롯데,LT,13,39,2,0,2,0.0,1,0
2018,79545,진명호,롯데,LT,13,1,0,0,0,,0,0
2018,77463,채태인,롯데,LT,13,130,0,0,0,,4,0
2018,68525,한동희,롯데,LT,13,87,1,0,1,0.0,0,0
2018,61566,허일,롯데,LT,13,9,0,0,0,,1,0
2018,67650,버나디나,KIA,HT,1,131,45,32,13,71.1,6,3
2018,76849,이명기,KIA,HT,2,120,17,12,5,70.6,5,0
2018,66606,최원준,KIA,HT,3,101,14,10,4,71.4,3,0
2018,70410,김주찬,KIA,HT,4,121,9,8,1,88.9,2,0
2018,62864,김민식,KIA,HT,5,125,7,5,2,71.4,5,0
2018,79608,안치홍,KIA,HT,5,130,6,5,1,83.3,3,0
2018,78603,김선빈,KIA,HT,7,127,5,4,1,80.0,6,1
2018,76368,유재신,KIA,HT,7,46,4,4,0,100.0,4,0
2018,72443,최형우,KIA,HT,9,143,3,3,0,100.0,5,0
2018,62908,황윤호,KIA,HT,10,82,4,2,2,50.0,2,0
2018,70756,이범호,KIA,HT,11,101,1,1,0,100.0,3,0
2018,78467,이영욱,KIA,HT,11,14,1,1,0,100.0,2,0
2018,62893,최정민,KIA,HT,11,57,4,1,3,25.0,1,1
2018,67610,김석환,KIA,HT,14,1,0,0,0,,0,0
2018,76350,김세현,KIA,HT,14,5,0,0,0,,0,0
2018,68659,김유신,KIA,HT,14,2,0,0,0,,0,0
2018,62648,김윤동,KIA,HT,14,2,0,0,0,,0,0
2018,74605,김주형,KIA,HT,14,6,0,0,0,,0,0
2018,62007,김지성,KIA,HT,14,1,0,0,0,,0,0
2018,78629,나지완,KIA,HT,14,114,0,0,0,,1,1
2018,66615,류승현,KIA,HT,14,35,0,0,0,,1,0
2018,65643,문경찬,KIA,HT,14,7,0,0,0,,0,0
2018,64657,박준태,KIA,HT,14,85,2,0,2,0.0,0,0
2018,78643,백용환,KIA,HT,14,34,1,0,1,0.0,1,0
2018,73606,서동욱,KIA,HT,14,32,0,0,0,,0,0
2018,66662,신범수,KIA,HT,14,19,0,0,0,,0,0
2018,60636,심동섭,KIA,HT,14,1,0,0,0,,0,0
2018,62265,유민상,KIA,HT,14,31,0,0,0,,1,0
2018,67640,유승철,KIA,HT,14,5,0,0,0,,0,0
2018,75620,윤석민,KIA,HT,14,1,0,0,0,,0,0
2018,65616,이민우,KIA,HT,14,1,0,0,0,,0,0
2018,60648,이인행,KIA,HT,14,4,0,0,0,,0,0
2018,64560,이창진,KIA,HT,14,20,1,0,1,0.0,0,0
2018,62754,임기영,KIA,HT,14,2,0,0,0,,0,0
2018,60634,임기준,KIA,HT,14,4,0,0,0,,0,0
2018,95657,임창용,KIA,HT,14,1,0,0,0,,0,0
2018,99606,정성훈,KIA,HT,14,88,1,0,1,0.0,1,0
2018,67645,팻딘,KIA,HT,14,2,0,0,0,,0,0
2018,68639,하준영,KIA,HT,14,1,0,0,0,,0,0
2018,63722,한승택,KIA,HT,14,61,0,0,0,,1,0
2018,61666,한승혁,KIA,HT,14,1,0,0,0,,0,0
2018,66643,헥터,KIA,HT,14,1,0,0,0,,0,0
2018,61643,홍건희,KIA,HT,14,1,0,0,0,,0,0
2018,60605,홍재호,KIA,HT,14,56,0,0,0,,0,0
2018,65618,황인준,KIA,HT,14,5,0,0,0,,0,0
2018,79240,허경민,두산,OB,1,133,24,20,4,83.3,6,0
2018,77248,오재원,두산,OB,2,132,21,15,6,71.4,5,2
2018,66209,조수행,두산,OB,3,119,9,9,0,100.0,1,1
2018,61208,정진호,두산,OB,4,111,9,8,1,88.9,1,0
2018,62234,류지혁,두산,OB,5,128,9,7,2,77.8,2,1
2018,79215,박건우,두산,OB,5,125,10,7,3,70.0,8,1
2018,74206,김재호,두산,OB,7,131,8,6,2,75.0,5,1
2018,76232,양의지,두산,OB,7,133,6,6,0,100.0,6,0
2018,62244,박세혁,두산,OB,9,89,5,5,0,100.0,0,0
2018,79231,정수빈,두산,OB,9,26,7,5,2,71.4,1,0
2018,78224,김재환,두산,OB,11,139,2,2,0,100.0,3,0
2018,79290,국해성,두산,OB,12,14,1,1,0,100.0,1,0
2018,75334,오재일,두산,OB,12,123,2,1,1,50.0,4,0
2018,67207,이유찬,두산,OB,12,28,2,1,1,50.0,1,0
2018,76267,최주환,두산,OB,12,138,1,1,0,100.0,5,0
2018,68244,파레디스,두산,OB,12,21,1,1,0,100.0,0,0
2018,65269,김민혁,두산,OB,17,22,0,0,0,,0,0
2018,63257,김인태,두산,OB,17,46,0,0,0,,0,0
2018,61962,김정후,두산,OB,17,2,0,0,0,,0,0
2018,68201,박성모,두산,OB,17,1,0,0,0,,0,0
2018,68245,반슬라이크,두산,OB,17,12,0,0,0,,0,0
2018,63559,백동훈,두산,OB,17,23,0,0,0,,1,0
2018,62263,변시원,두산,OB,17,1,0,0,0,,0,0
2018,64086,신성현,두산,OB,17,16,0,0,0,,0,0
2018,79530,양종민,두산,OB,17,21,0,0,0,,0,0
2018,66160,유재유,두산,OB,17,1,0,0,0,,0,0
2018,66291,이영하,두산,OB,17,1,0,0,0,,0,0
2018,76329,이현승,두산,OB,17,1,0,0,0,,0,0
2018,63440,이흥련,두산,OB,17,7,0,0,0,,1,0
2018,63202,장승현,두산,OB,17,20,0,0,0,,0,0
2018,68205,전민재,두산,OB,17,12,0,0,0,,1,0
2018,63248,함덕주,두산,OB,17,3,0,0,0,,0,0
2018,66207,황경태,두산,OB,17,27,1,0,1,0.0,1,1
2018,67304,김혜성,키움,WO,1,136,37,31,6,83.8,6,3
2018,61353,고종욱,키움,WO,2,102,21,17,4,81.0,6,0
2018,64346,임병욱,키움,WO,3,134,19,16,3,84.2,3,0
2018,67341,이정후,키움,WO,4,109,15,11,4,73.3,5,3
2018,62356,김규민,키움,WO,5,104,12,8,4,66.7,2,0
2018,64300,김하성,키움,WO,5,129,10,8,2,80.0,8,0
2018,78168,서건창,키움,WO,7,37,2,2,0,100.0,0,0
2018,65357,송성문,키움,WO,7,78,6,2,4,33.3,2,0
2018,67394,초이스,키움,WO,7,96,3,2,1,66.7,0,0
2018,77564,김민성,키움,WO,10,128,1,1,0,100.0,1,0
2018,73342,이택근,키움,WO,10,104,1,1,0,100.0,2,0
2018,79334,장영석,키움,WO,10,93,1,1,0,100.0,0,0
2018,66354,주효상,키움,WO,10,80,3,1,2,33.3,2,0
2018,67828,김성민,키움,WO,14,1,0,0,0,,0,0
2018,62332,김재현,키움,WO,14,116,0,0,0,,3,0
2018,66392,김종덕,키움,WO,14,3,0,0,0,,0,0
2018,79300,김지수,키움,WO,14,47,1,0,1,0.0,0,0
2018,76746,김태완,키움,WO,14,29,0,0,0,,0,0
2018,79365,박동원,키움,WO,14,39,0,0,0,,0,0
2018,75125,박병호,키움,WO,14,113,1,0,1,0.0,3,0
2018,62353,박정음,키움,WO,14,16,0,0,0,,0,0
2018,67313,브리검,키움,WO,14,1,0,0,0,,0,0
2018,68345,샌즈,키움,WO,14,25,1,0,1,0.0,1,0
2018,68330,예진원,키움,WO,14,5,0,0,0,,1,0
2018,63342,조상우,키움,WO,14,1,0,0,0,,0,0
2018,65399,허정협,키움,WO,14,25,0,0,0,,0,0
2018,61366,홍성갑,키움,WO,14,6,0,0,0,,0,0
2019,79109,오지환,LG,LG,1,134,32,27,5,84.4,5,2
2019,61186,이천웅,LG,LG,2,138,31,21,10,67.7,3,0
2019,79150,정주현,LG,LG,3,129,21,15,6,71.4,4,1
2019,65207,신민재,LG,LG,4,81,18,10,8,55.6,2,1
2019,78217,김용의,LG,LG,5,114,11,8,3,72.7,1,0
2019,78135,이형종,LG,LG,6,120,11,6,5,54.5,4,0
2019,76290,김현수,LG,LG,7,140,4,3,1,75.0,4,0
2019,72133,박용택,LG,LG,7,64,4,3,1,75.0,0,0
2019,66108,홍창기,LG,LG,7,23,3,3,0,100.0,0,0
2019,69100,구본혁,LG,LG,10,57,3,2,1,66.7,0,0
2019,77564,김민성,LG,LG,10,107,3,2,1,66.7,2,0
2019,78361,전민수,LG,LG,10,75,3,2,1,66.7,0,0
2019,79192,채은성,LG,LG,10,128,4,2,2,50.0,1,1
2019,69165,페게로,LG,LG,10,52,3,2,1,66.7,0,1
2019,65109,백승현,LG,LG,15,14,1,1,0,100.0,0,0
2019,79198,윤진호,LG,LG,15,106,2,1,1,50.0,1,0
2019,67119,고우석,LG,LG,17,1,0,0,0,,0,0
2019,65132,김재성,LG,LG,17,3,0,0,0,,0,0
2019,61114,김재율,LG,LG,17,4,0,0,0,,0,0
2019,64164,류형우,LG,LG,17,10,0,0,0,,0,0
2019,60845,문광은,LG,LG,17,2,0,0,0,,0,0
2019,65136,박지규,LG,LG,17,10,0,0,0,,0,0
2019,62164,서상우,LG,LG,17,13,0,0,0,,1,0
2019,64117,양원혁,LG,LG,17,1,0,0,0,,0,0
2019,79530,양종민,LG,LG,17,18,0,0,0,,1,0
2019,79825,여건욱,LG,LG,17,3,0,0,0,,0,0
2019,61102,유강남,LG,LG,17,132,0,0,0,,8,0
2019,69168,이상영,LG,LG,17,1,0,0,0,,0,0
2019,71184,이성우,LG,LG,17,55,0,0,0,,1,0
2019,76355,장원삼,LG,LG,17,1,0,0,0,,0,0
2019,67123,전준호,LG,LG,17,8,0,0,0,,0,0
2019,71842,정상호,LG,LG,17,22,0,0,0,,0,0
2019,69159,정우영,LG,LG,17,1,0,0,0,,0,0
2019,78148,정찬헌,LG,LG,17,1,0,0,0,,0,0
2019,69150,조셉,LG,LG,17,55,1,0,1,0.0,0,0
2019,79140,최동환,LG,LG,17,2,0,0,0,,0,0
2019,68730,호잉,한화,HH,1,124,29,22,7,75.9,6,0
2019,68743,정은원,한화,HH,2,142,21,14,7,66.7,6,2
2019,66706,장진혁,한화,HH,3,113,18,13,5,72.2,7,1
2019,76753,송광민,한화,HH,4,122,10,8,2,80.0,5,0
2019,73136,이성열,한화,HH,4,129,12,8,4,66.7,3,0
2019,75808,정근우,한화,HH,4,88,13,8,5,61.5,5,0
2019,78756,오선진,한화,HH,7,122,9,7,2,77.8,3,0
2019,61554,김민하,한화,HH,8,72,7,5,2,71.4,2,0
2019,71752,김태균,한화,HH,9,127,3,3,0,100.0,6,1
2019,69766,유로결,한화,HH,9,38,3,3,0,100.0,1,0
2019,66702,이시원,한화,HH,9,14,3,3,0,100.0,1,0
2019,78288,최재훈,한화,HH,9,135,13,3,10,23.1,2,0
2019,79705,김회성,한화,HH,13,58,3,2,1,66.7,0,0
2019,69737,노시환,한화,HH,13,91,4,2,2,50.0,0,1
2019,68700,이원석,한화,HH,13,13,2,2,0,100.0,2,1
2019,61700,강경학,한화,HH,16,52,3,1,2,33.3,0,0
2019,62797,양성우,한화,HH,16,56,1,1,0,100.0,0,0
2019,60757,김경태,한화,HH,18,1,0,0,0,,0,0
2019,66715,김인환,한화,HH,18,18,0,0,0,,1,0
2019,79364,김종민,한화,HH,18,10,0,0,0,,0,0
2019,63765,김종수,한화,HH,18,1,0,0,0,,0,0
2019,60184,김창혁,한화,HH,18,3,0,0,0,,0,0
2019,66704,김태연,한화,HH,18,9,0,0,0,,0,0
2019,66707,박상언,한화,HH,18,1,0,0,0,,0,0
2019,64724,박준혁,한화,HH,18,4,0,0,0,,0,0
2019,63703,박한결,한화,HH,18,9,1,0,1,0.0,0,0
2019,60100,백진우,한화,HH,18,16,0,0,0,,0,0
2019,69727,변우혁,한화,HH,18,29,0,0,0,,0,0
2019,69744,서폴드,한화,HH,18,1,0,0,0,,0,0
2019,60140,신정락,한화,HH,18,1,0,0,0,,0,0
2019,73738,안영명,한화,HH,18,1,0,0,0,,0,0
2019,64706,이창열,한화,HH,18,11,0,0,0,,0,0
2019,62611,임준섭,한화,HH,18,2,0,0,0,,0,0
2019,63700,장운호,한화,HH,18,7,1,0,1,0.0,0,0
2019,74857,정우람,한화,HH,18,4,0,0,0,,0,0
2019,64717,지시완,한화,HH,18,58,0,0,0,,0,0
2019,60805,최윤석,한화,HH,18,7,0,0,0,,0,0
2019,74729,최진행,한화,HH,18,45,0,0,0,,1,0
2019,62700,하주석,한화,HH,18,5,0,0,0,,0,0
2019,61353,고종욱,SSG,SK,1,137,41,31,10,75.6,8,1
2019,63704,노수광,SSG,SK,2,117,37,27,10,73.0,7,1
2019,71837,김강민,SSG,SK,3,127,23,15,8,65.2,3,1
2019,76869,김재현,SSG,SK,4,83,19,13,6,68.4,2,2
2019,66864,안상현,SSG,SK,5,65,10,7,3,70.0,2,0
2019,76802,김성현,SSG,SK,6,144,8,6,2,75.0,5,0
2019,67872,로맥,SSG,SK,6,137,9,6,3,66.7,3,0
2019,69804,채현우,SSG,SK,8,9,4,3,1,75.0,0,0
2019,75847,최정,SSG,SK,8,141,5,3,2,60.0,3,1
2019,79465,배영섭,SSG,SK,10,30,2,2,0,100.0,0,0
2019,62884,최항,SSG,SK,10,52,2,2,0,100.0,0,1
2019,73209,나주환,SSG,SK,12,94,3,1,2,33.3,2,2
2019,76812,이재원,SSG,SK,12,139,1,1,0,100.0,3,1
2019,63450,정현,SSG,SK,12,27,2,1,1,50.0,0,0
2019,63123,강승호,SSG,SK,15,15,0,0,0,,0,0
2019,69860,김성민,SSG,SK,15,2,0,0,0,,0,1
2019,69825,김창평,SSG,SK,15,18,0,0,0,,1,0
2019,79847,김태훈,SSG,SK,15,1,0,0,0,,0,0
2019,66052,남태혁,SSG,SK,15,12,0,0,0,,0,0
2019,74846,박정권,SSG,SK,15,18,0,0,0,,0,0
2019,75138,신재웅,SSG,SK,15,1,0,0,0,,0,0
2019,61743,오준혁,SSG,SK,15,2,0,0,0,,0,0
2019,64805,이승진,SSG,SK,15,1,0,0,0,,0,0
2019,65869,이현석,SSG,SK,15,2,0,0,0,,0,0
2019,64803,임재현,SSG,SK,15,6,0,0,0,,0,0
2019,75151,정의윤,SSG,SK,15,110,0,0,0,,3,1
2019,61869,정진기,SSG,SK,15,13,0,0,0,,0,0
2019,69802,최경모,SSG,SK,15,17,0,0,0,,0,0
2019,63895,최민재,SSG,SK,15,1,0,0,0,,0,0
2019,76158,최승준,SSG,SK,15,10,0,0,0,,0,0
2019,68868,최준우,SSG,SK,15,15,0,0,0,,0,0
2019,62895,한유섬,SSG,SK,15,125,1,0,1,0.0,8,0
2019,77243,허도환,SSG,SK,15,56,1,0,1,0.0,1,0
2019,62415,박해민,삼성,SS,1,144,31,24,7,77.4,4,2
2019,79402,김상수,삼성,SS,2,129,24,21,3,87.5,3,0
2019,69453,이학주,삼성,SS,3,118,20,15,5,75.0,7,0
2019,62404,구자욱,삼성,SS,4,122,14,11,3,78.6,8,0
2019,61404,김헌곤,삼성,SS,5,114,18,10,8,55.6,3,1
2019,67450,러프,삼성,SS,6,133,9,6,3,66.7,6,0
2019,64468,박계범,삼성,SS,7,58,6,5,1,83.3,1,1
2019,66462,김성훈,삼성,SS,8,65,7,4,3,57.1,0,2
2019,61197,최영진,삼성,SS,8,96,5,4,1,80.0,1,0
2019,66838,김동엽,삼성,SS,10,60,3,2,1,66.7,4,0
2019,75566,이원석,삼성,SS,10,111,3,2,1,66.7,1,0
2019,69418,박승규,삼성,SS,12,14,2,1,1,50.0,0,0
2019,66409,이성규,삼성,SS,12,16,2,1,1,50.0,1,0
2019,64493,최선호,삼성,SS,12,17,1,1,0,100.0,0,0
2019,74540,강민호,삼성,SS,15,112,0,0,0,,2,1
2019,68407,공민규,삼성,SS,15,28,0,0,0,,0,0
2019,99445,권오준,삼성,SS,15,2,0,0,0,,0,0
2019,69442,김도환,삼성,SS,15,61,0,0,0,,0,0
2019,64793,김민수,삼성,SS,15,29,0,0,0,,0,0
2019,60288,김응민,삼성,SS,15,8,0,0,0,,0,0
2019,64499,김재현,삼성,SS,15,6,0,0,0,,0,0
2019,64407,김호재,삼성,SS,15,28,1,0,1,0.0,0,0
2019,62409,박찬도,삼성,SS,15,30,1,0,1,0.0,0,0
2019,71432,박한이,삼성,SS,15,30,0,0,0,,0,0
2019,64410,백승민,삼성,SS,15,19,0,0,0,,0,0
2019,72456,손주인,삼성,SS,15,20,1,0,1,0.0,1,0
2019,64469,송준석,삼성,SS,15,26,0,0,0,,1,0
2019,69403,양우현,삼성,SS,15,1,0,0,0,,0,0
2019,69405,윌리엄슨,삼성,SS,15,40,1,0,1,0.0,1,0
2019,64266,이성곤,삼성,SS,15,13,0,0,0,,1,0
2019,62499,이현동,삼성,SS,15,1,0,0,0,,0,0
2019,67421,최지광,삼성,SS,15,1,0,0,0,,0,0
2019,62907,박민우,NC,NC,1,125,25,18,7,72.0,5,0
2019,76849,이명기,NC,NC,2,139,18,14,4,77.8,5,1
2019,64984,김태진,NC,NC,3,123,16,12,4,75.0,6,2
2019,60566,이상호,NC,NC,4,102,15,10,5,66.7,4,1
2019,62934,김성욱,NC,NC,5,116,10,6,4,60.0,2,0
2019,65905,최승민,NC,NC,5,24,8,6,2,75.0,0,0
2019,76232,양의지,NC,NC,7,118,7,4,3,57.1,2,1
2019,63963,권희동,NC,NC,8,116,3,3,0,100.0,2,0
2019,66917,김찬형,NC,NC,8,76,7,3,4,42.9,3,0
2019,78813,모창민,NC,NC,8,101,5,3,2,60.0,1,0
2019,69901,스몰린스키,NC,NC,8,55,4,3,1,75.0,2,0
2019,62925,강진성,NC,NC,12,41,3,2,1,66.7,0,0
2019,62947,나성범,NC,NC,12,23,3,2,1,66.7,4,0
2019,74465,박석민,NC,NC,14,112,3,1,2,33.3,4,1
2019,69950,베탄코트,NC,NC,14,53,2,1,1,50.0,1,0
2019,73213,손시헌,NC,NC,14,68,3,1,2,33.3,1,1
2019,62025,이원재,NC,NC,14,94,3,1,2,33.3,4,0
2019,76720,정범모,NC,NC,14,25,2,1,1,50.0,0,0
2019,79358,강윤구,NC,NC,19,1,0,0,0,,0,0
2019,60339,김건태,NC,NC,19,1,0,0,0,,0,0
2019,68900,김영규,NC,NC,19,1,0,0,0,,0,0
2019,63920,김준완,NC,NC,19,8,0,0,0,,0,1
2019,75867,김진성,NC,NC,19,3,0,0,0,,0,0
2019,79234,김진형,NC,NC,19,11,0,0,0,,0,0
2019,68906,김철호,NC,NC,19,2,0,0,0,,0,0
2019,78122,김태군,NC,NC,19,18,0,0,0,,0,0
2019,68912,김형준,NC,NC,19,55,0,0,0,,3,0
2019,62931,노진혁,NC,NC,19,110,1,0,1,0.0,2,0
2019,78366,민태호,NC,NC,19,1,0,0,0,,0,0
2019,62921,박헌욱,NC,NC,19,6,0,0,0,,0,0
2019,64995,배재환,NC,NC,19,2,0,0,0,,0,0
2019,68904,오영수,NC,NC,19,3,0,0,0,,0,0
2019,76118,원종현,NC,NC,19,6,0,0,0,,0,0
2019,63903,유영준,NC,NC,19,3,0,0,0,,0,0
2019,76757,유원상,NC,NC,19,3,0,0,0,,0,0
2019,62537,윤수강,NC,NC,19,2,0,0,0,,0,0
2019,61329,윤지웅,NC,NC,19,1,0,0,0,,0,0
2019,65964,이우석,NC,NC,19,1,0,0,0,,0,0
2019,68901,이인혁,NC,NC,19,6,0,0,0,,0,0
2019,69969,전사민,NC,NC,19,1,0,0,0,,0,0
2019,73306,지석훈,NC,NC,19,76,1,0,1,0.0,5,0
2019,66920,최성영,NC,NC,19,1,0,0,0,,0,0
2019,65042,홍성무,NC,NC,19,2,0,0,0,,0,0
2019,64006,심우준,KT,KT,1,138,27,24,3,88.9,3,1
2019,64004,김민혁,KT,KT,2,127,32,22,10,68.8,2,3
2019,60558,오태곤,KT,KT,3,123,21,19,2,90.5,2,0
2019,76313,황재균,KT,KT,4,124,17,10,7,58.8,6,1
2019,68050,강백호,KT,KT,5,116,14,9,5,64.3,3,0
2019,67025,로하스,KT,KT,6,142,8,4,4,50.0,10,1
2019,62802,박승욱,KT,KT,6,101,5,4,1,80.0,6,0
2019,74339,유한준,KT,KT,8,139,3,3,0,100.0,3,0
2019,64868,조용호,KT,KT,8,87,7,3,4,42.9,5,0
2019,64906,강민국,KT,KT,10,58,2,2,0,100.0,1,0
2019,64007,문상철,KT,KT,10,33,2,2,0,100.0,0,0
2019,63088,김진곤,KT,KT,12,19,2,1,1,50.0,2,0
2019,64012,송민섭,KT,KT,12,105,4,1,3,25.0,1,1
2019,68069,고명성,KT,KT,14,30,0,0,0,,1,1
2019,64014,김병희,KT,KT,14,4,0,0,0,,0,0
2019,63448,김영환,KT,KT,14,13,0,0,0,,0,0
2019,65062,김재윤,KT,KT,14,3,0,0,0,,0,0
2019,73113,박경수,KT,KT,14,137,1,0,1,0.0,1,0
2019,69056,박민석,KT,KT,14,3,0,0,0,,0,0
2019,64166,배정대,KT,KT,14,66,2,0,2,0.0,1,0
2019,69041,손동현,KT,KT,14,2,0,0,0,,0,0
2019,64011,안승한,KT,KT,14,36,0,0,0,,1,0
2019,67006,안치영,KT,KT,14,5,0,0,0,,0,0
2019,65056,엄상백,KT,KT,14,1,0,0,0,,0,0
2019,74215,윤석민,KT,KT,14,63,0,0,0,,1,0
2019,67008,이대은,KT,KT,14,4,0,0,0,,0,0
2019,73153,이대형,KT,KT,14,18,0,0,0,,1,0
2019,77654,이준수,KT,KT,14,32,0,0,0,,2,0
2019,60343,이해창,KT,KT,14,30,0,0,0,,0,0
2019,78548,장성우,KT,KT,14,127,1,0,1,0.0,6,0
2019,65058,정성곤,KT,KT,14,2,0,0,0,,0,0
2019,65060,주권,KT,KT,14,1,0,0,0,,0,0
2019,78517,하준호,KT,KT,14,1,0,0,0,,0,0
2019,76249,민병헌,롯데,LT,1,101,19,13,6,68.4,6,0
2019,77532,손아섭,롯데,LT,1,134,21,13,8,61.9,3,1
2019,78513,전준우,롯데,LT,3,141,10,8,2,80.0,7,1
2019,65515,강로한,롯데,LT,4,104,8,7,1,87.5,3,2
2019,69530,아수아헤,롯데,LT,5,49,6,4,2,66.7,2,1
2019,60523,정훈,롯데,LT,5,88,7,4,3,57.1,2,0
2019,61204,김동한,롯데,LT,7,42,5,3,2,60.0,0,0
2019,62556,신본기,롯데,LT,7,121,6,3,3,50.0,1,1
2019,76509,김문호,롯데,LT,9,51,2,2,0,100.0,0,0
2019,66508,나경민,롯데,LT,9,45,2,2,0,100.0,1,0
2019,61566,허일,롯데,LT,9,71,3,2,1,66.7,0,0
2019,64501,배성근,롯데,LT,12,36,1,1,0,100.0,0,0
2019,69569,윌슨,롯데,LT,12,68,3,1,2,33.3,7,0
2019,63593,조홍석,롯데,LT,12,42,1,1,0,100.0,0,0
2019,68525,한동희,롯데,LT,12,59,1,1,0,100.0,1,0
2019,69517,고승민,롯데,LT,16,30,0,0,0,,2,0
2019,72523,고효준,롯데,LT,16,1,0,0,0,,0,0
2019,63543,구승민,롯데,LT,16,2,0,0,0,,0,0
2019,67504,김정율,롯데,LT,16,11,0,0,0,,1,0
2019,61591,김사훈,롯데,LT,16,3,0,0,0,,0,0
2019,62558,김준태,롯데,LT,16,43,0,0,0,,4,0
2019,67539,나균안,롯데,LT,16,104,0,0,0,,1,0
2019,72546,문규현,롯데,LT,16,40,0,0,0,,2,0
2019,60559,박시영,롯데,LT,16,3,0,0,0,,0,0
2019,63512,박진형,롯데,LT,16,2,0,0,0,,0,0
2019,75321,손승락,롯데,LT,16,2,0,0,0,,0,0
2019,69508,신윤후,롯데,LT,16,17,0,0,0,,0,0
2019,64022,안중열,롯데,LT,16,73,1,0,1,0.0,1,1
2019,64504,오윤석,롯데,LT,16,76,0,0,0,,1,1
2019,79293,오현택,롯데,LT,16,1,0,0,0,,0,0
2019,71564,이대호,롯데,LT,16,135,0,0,0,,3,0
2019,76100,이병규,롯데,LT,16,8,0,0,0,,0,0
2019,66504,이찬건,롯데,LT,16,2,0,0,0,,0,0
2019,65586,전병우,롯데,LT,16,29,0,0,0,,1,0
2019,68518,정보근,롯데,LT,16,15,0,0,0,,0,0
2019,68556,정성종,롯데,LT,16,2,0,0,0,,0,0
2019,63558,정준혁,롯데,LT,16,6,0,0,0,,0,0
2019,77463,채태인,롯데,LT,16,59,0,0,0,,0,0
2019,64718,최설우,롯데,LT,16,1,0,0,0,,0,0
2019,78566,황진수,롯데,LT,16,6,0,0,0,,0,0
2019,64646,박찬호,KIA,HT,1,133,45,39,6,86.7,8,3
2019,64560,이창진,KIA,HT,2,133,16,8,8,50.0,3,1
2019,66606,최원준,KIA,HT,2,90,12,8,4,66.7,4,0
2019,78603,김선빈,KIA,HT,4,121,9,5,4,55.6,5,0
2019,79608,안치홍,KIA,HT,5,105,6,4,2,66.7,5,0
2019,76368,유재신,KIA,HT,5,71,7,4,3,57.1,2,0
2019,70410,김주찬,KIA,HT,7,100,4,3,1,75.0,4,1
2019,66615,류승현,KIA,HT,7,57,5,3,2,60.0,1,0
2019,62864,김민식,KIA,HT,9,53,2,2,0,100.0,1,1
2019,79113,문선재,KIA,HT,9,29,3,2,1,66.7,1,0
2019,62908,황윤호,KIA,HT,9,57,4,2,2,50.0,3,0
2019,64657,박준태,KIA,HT,12,38,2,1,1,50.0,0,0
2019,63722,한승택,KIA,HT,12,105,1,1,0,100.0,4,0
2019,69605,해즐베이커,KIA,HT,12,11,2,1,1,50.0,0,0
2019,63628,고영창,KIA,HT,15,1,0,0,0,,0,0
2019,63636,고장혁,KIA,HT,15,22,1,0,1,0.0,0,0
2019,76350,김세현,KIA,HT,15,1,0,0,0,,0,0
2019,78629,나지완,KIA,HT,15,56,0,0,0,,0,0
2019,65643,문경찬,KIA,HT,15,2,0,0,0,,0,0
2019,78643,백용환,KIA,HT,15,28,0,0,0,,0,0
2019,66662,신범수,KIA,HT,15,39,0,0,0,,0,0
2019,69646,양승철,KIA,HT,15,1,0,0,0,,0,0
2019,69636,오선우,KIA,HT,15,27,0,0,0,,0,0
2019,68614,오정환,KIA,HT,15,30,2,0,2,0.0,1,0
2019,62265,유민상,KIA,HT,15,61,0,0,0,,4,0
2019,62668,윤해진,KIA,HT,15,2,0,0,0,,0,0
2019,65616,이민우,KIA,HT,15,1,0,0,0,,0,0
2019,70756,이범호,KIA,HT,15,19,0,0,0,,0,0
2019,63260,이우성,KIA,HT,15,60,0,0,0,,0,0
2019,60648,이인행,KIA,HT,15,9,0,0,0,,0,0
2019,67644,이정훈,KIA,HT,15,7,0,0,0,,0,0
2019,66657,이진영,KIA,HT,15,11,0,0,0,,0,0
2019,60634,임기준,KIA,HT,15,1,0,0,0,,0,0
2019,69645,장유호,KIA,HT,15,1,0,0,0,,0,0
2019,66609,전상현,KIA,HT,15,1,0,0,0,,0,0
2019,62893,최정민,KIA,HT,15,4,0,0,0,,1,0
2019,65464,최정용,KIA,HT,15,8,0,0,0,,0,0
2019,72443,최형우,KIA,HT,15,136,1,0,1,0.0,6,0
2019,69652,터커,KIA,HT,15,95,0,0,0,,3,0
2019,68646,한준수,KIA,HT,15,7,0,0,0,,1,0
2019,60605,홍재호,KIA,HT,15,10,0,0,0,,0,0
2019,65610,황대인,KIA,HT,15,12,0,0,0,,1,0
2019,79231,정수빈,두산,OB,1,123,34,26,8,76.5,10,2
2019,62234,류지혁,두산,OB,2,118,23,18,5,78.3,3,1
2019,79215,박건우,두산,OB,3,127,15,12,3,80.0,9,1
2019,79240,허경민,두산,OB,4,133,16,11,5,68.8,7,2
2019,62244,박세혁,두산,OB,5,137,10,8,2,80.0,6,0
2019,77248,오재원,두산,OB,6,98,8,6,2,75.0,1,1
2019,67207,이유찬,두산,OB,7,25,5,5,0,100.0,0,0
2019,61208,정진호,두산,OB,7,66,7,5,2,71.4,1,0
2019,74206,김재호,두산,OB,9,130,6,3,3,50.0,5,0
2019,78224,김재환,두산,OB,9,136,4,3,1,75.0,2,0
2019,75334,오재일,두산,OB,11,130,3,2,1,66.7,2,0
2019,63257,김인태,두산,OB,12,26,2,1,1,50.0,1,0
2019,69207,김태근,두산,OB,12,9,3,1,2,33.3,0,0
2019,69209,페르난데스,두산,OB,12,144,3,1,2,33.3,3,0
2019,79290,국해성,두산,OB,15,21,0,0,0,,0,0
2019,72447,권혁,두산,OB,15,1,0,0,0,,0,0
2019,64260,김경호,두산,OB,15,32,0,0,0,,0,0
2019,69238,김대한,두산,OB,15,19,0,0,0,,0,0
2019,73248,김승회,두산,OB,15,1,0,0,0,,0,0
2019,67202,박유연,두산,OB,15,2,0,0,0,,0,0
2019,70425,배영수,두산,OB,15,2,0,0,0,,0,0
2019,63559,백동훈,두산,OB,15,41,1,0,1,0.0,0,0
2019,66203,서예일,두산,OB,15,7,0,0,0,,0,0
2019,69203,송승환,두산,OB,15,2,0,0,0,,0,0
2019,64086,신성현,두산,OB,15,35,0,0,0,,0,0
2019,66291,이영하,두산,OB,15,1,0,0,0,,0,0
2019,63440,이흥련,두산,OB,15,27,0,0,0,,1,0
2019,63202,장승현,두산,OB,15,35,0,0,0,,0,0
2019,68205,전민재,두산,OB,15,2,0,0,0,,0,0
2019,61104,정병곤,두산,OB,15,20,0,0,0,,0,0
2019,76267,최주환,두산,OB,15,87,0,0,0,,8,0
2019,63248,함덕주,두산,OB,15,1,0,0,0,,0,0
2019,64300,김하성,키움,WO,1,139,37,33,4,89.2,3,1
2019,67304,김혜성,키움,WO,2,122,23,20,3,87.0,2,0
2019,78168,서건창,키움,WO,3,113,20,17,3,85.0,6,3
2019,67341,이정후,키움,WO,4,140,20,13,7,65.0,4,0
2019,64346,임병욱,키움,WO,5,117,12,10,2,83.3,3,1
2019,62353,박정음,키움,WO,6,60,11,6,5,54.5,1,0
2019,79456,이지영,키움,WO,7,106,6,5,1,83.3,2,1
2019,62356,김규민,키움,WO,8,94,6,2,4,33.3,1,0
2019,65357,송성문,키움,WO,8,103,3,2,1,66.7,1,0
2019,79365,박동원,키움,WO,10,112,1,1,0,100.0,3,0
2019,68345,샌즈,키움,WO,10,139,3,1,2,33.3,5,0
2019,65898,김웅빈,키움,WO,12,4,0,0,0,,0,0
2019,65304,김은성,키움,WO,12,5,0,0,0,,0,0
2019,69306,김주형,키움,WO,12,3,0,0,0,,0,0
2019,79300,김지수,키움,WO,12,69,0,0,0,,1,0
2019,75125,박병호,키움,WO,12,122,1,0,1,0.0,2,0
2019,68330,예진원,키움,WO,12,2,0,0,0,,0,0
2019,61456,윤영삼,키움,WO,12,1,0,0,0,,0,0
2019,64340,임지열,키움,WO,12,11,0,0,0,,0,0
2019,79334,장영석,키움,WO,12,119,0,0,0,,2,0
2019,66354,주효상,키움,WO,12,18,0,0,0,,1,0
2019,68362,추재현,키움,WO,12,1,0,0,0,,0,0
2019,65399,허정협,키움,WO,12,37,0,0,0,,0,0
2020,79109,오지환,LG,LG,1,141,28,20,8,71.4,9,1
2020,66108,홍창기,LG,LG,2,135,16,11,5,68.8,4,1
2020,65207,신민재,LG,LG,3,68,10,8,2,80.0,1,0
2020,61186,이천웅,LG,LG,3,89,13,8,5,61.5,7,0
2020,79150,정주현,LG,LG,3,134,15,8,7,53.3,7,1
2020,78217,김용의,LG,LG,6,101,10,7,3,70.0,1,0
2020,75808,정근우,LG,LG,6,72,9,7,2,77.8,2,0
2020,50150,손호영,LG,LG,8,23,5,5,0,100.0,1,0
2020,77564,김민성,LG,LG,9,87,3,2,1,66.7,2,0
2020,50165,라모스,LG,LG,9,117,2,2,0,100.0,4,0
2020,72133,박용택,LG,LG,9,97,2,2,0,100.0,1,0
2020,61102,유강남,LG,LG,12,137,2,1,1,50.0,3,0
2020,78135,이형종,LG,LG,12,81,1,1,0,100.0,4,0
2020,64101,한석현,LG,LG,12,9,1,1,0,100.0,0,0
2020,69100,구본혁,LG,LG,15,125,0,0,0,,1,1
2020,66145,김대현,LG,LG,15,1,0,0,0,,0,0
2020,76290,김현수,LG,LG,15,142,2,0,2,0.0,4,0
2020,66113,김호은,LG,LG,15,69,0,0,0,,1,0
2020,69104,남호,LG,LG,15,1,0,0,0,,0,0
2020,63103,류원석,LG,LG,15,1,0,0,0,,0,0
2020,64100,박재욱,LG,LG,15,15,0,0,0,,0,0
2020,65136,박지규,LG,LG,15,4,0,0,0,,0,0
2020,65109,백승현,LG,LG,15,27,0,0,0,,1,0
2020,78819,백청훈,LG,LG,15,1,0,0,0,,0,0
2020,73801,송은범,LG,LG,15,4,0,0,0,,0,0
2020,64153,양석환,LG,LG,15,40,0,0,0,,1,0
2020,71184,이성우,LG,LG,15,72,0,0,0,,3,0
2020,61145,이우찬,LG,LG,15,1,0,0,0,,0,0
2020,68106,이재원,LG,LG,15,16,0,0,0,,0,0
2020,69134,이정용,LG,LG,15,1,0,0,0,,0,0
2020,67164,이찬혁,LG,LG,15,1,0,0,0,,0,0
2020,64115,장준원,LG,LG,15,46,0,0,0,,0,1
2020,78361,전민수,LG,LG,15,4,0,0,0,,0,0
2020,69159,정우영,LG,LG,15,2,0,0,0,,0,0
2020,76650,진해수,LG,LG,15,1,0,0,0,,0,0
2020,79192,채은성,LG,LG,15,109,3,0,3,0.0,4,0
2020,79140,최동환,LG,LG,15,3,0,0,0,,0,0
2020,62146,최성훈,LG,LG,15,3,0,0,0,,0,0
2020,63913,최재원,LG,LG,15,6,0,0,0,,0,0
2020,74163,이용규,한화,HH,1,120,25,17,8,68.0,5,1
2020,63704,노수광,한화,HH,2,100,18,11,7,61.1,4,0
2020,61208,정진호,한화,HH,3,113,16,9,7,56.3,2,0
2020,68730,호잉,한화,HH,4,34,8,5,3,62.5,2,0
2020,62700,하주석,한화,HH,5,72,5,4,1,80.0,3,0
2020,50730,반즈,한화,HH,6,74,3,2,1,66.7,0,0
2020,66706,장진혁,한화,HH,6,19,3,2,1,66.7,1,1
2020,61700,강경학,한화,HH,8,94,3,1,2,33.3,3,1
2020,73136,이성열,한화,HH,8,79,2,1,1,50.0,2,0
2020,68743,정은원,한화,HH,8,79,2,1,1,50.0,5,0
2020,76509,김문호,한화,HH,11,18,0,0,0,,0,0
2020,61554,김민하,한화,HH,11,36,0,0,0,,1,0
2020,65503,김지수,한화,HH,11,14,0,0,0,,0,0
2020,68701,김진욱,한화,HH,11,1,0,0,0,,0,0
2020,71752,김태균,한화,HH,11,67,0,0,0,,0,0
2020,69702,김건,한화,HH,11,4,0,0,0,,0,0
2020,79705,김회성,한화,HH,11,15,0,0,0,,0,0
2020,69737,노시환,한화,HH,11,106,1,0,1,0.0,1,0
2020,64704,노태형,한화,HH,11,55,1,0,1,0.0,1,0
2020,66707,박상언,한화,HH,11,38,0,0,0,,0,0
2020,50709,박정현,한화,HH,11,30,0,0,0,,2,0
2020,63703,박한결,한화,HH,11,13,0,0,0,,0,0
2020,76753,송광민,한화,HH,11,94,0,0,0,,1,0
2020,62797,양성우,한화,HH,11,5,0,0,0,,0,0
2020,78756,오선진,한화,HH,11,93,1,0,1,0.0,1,0
2020,69766,유로결,한화,HH,11,30,1,0,1,0.0,1,0
2020,65703,이도윤,한화,HH,11,14,0,0,0,,0,0
2020,66702,이시원,한화,HH,11,37,0,0,0,,1,0
2020,60343,이해창,한화,HH,11,70,2,0,2,0.0,2,0
2020,50704,임종찬,한화,HH,11,52,1,0,1,0.0,1,1
2020,63700,장운호,한화,HH,11,24,0,0,0,,0,0
2020,64209,정기훈,한화,HH,11,29,1,0,1,0.0,0,0
2020,74857,정우람,한화,HH,11,1,0,0,0,,0,0
2020,69705,조한민,한화,HH,11,25,0,0,0,,0,0
2020,76158,최승준,한화,HH,11,2,0,0,0,,0,0
2020,50707,최인호,한화,HH,11,47,0,0,0,,0,0
2020,78288,최재훈,한화,HH,11,126,0,0,0,,3,0
2020,74729,최진행,한화,HH,11,84,0,0,0,,0,0
2020,69706,허관회,한화,HH,11,1,0,0,0,,1,0
2020,50854,최지훈,SSG,SK,1,127,24,18,6,75.0,3,3
2020,60558,오태곤,SSG,SK,2,94,21,15,6,71.4,1,2
2020,75847,최정,SSG,SK,3,133,11,8,3,72.7,6,2
2020,71837,김강민,SSG,SK,4,122,12,7,5,58.3,2,1
2020,69825,김창평,SSG,SK,4,35,7,7,0,100.0,1,1
2020,61869,정진기,SSG,SK,4,50,8,7,1,87.5,1,1
2020,67872,로맥,SSG,SK,7,139,6,4,2,66.7,5,0
2020,69804,채현우,SSG,SK,8,16,3,3,0,100.0,0,0
2020,62895,한유섬,SSG,SK,9,62,2,2,0,100.0,2,0
2020,61353,고종욱,SSG,SK,10,92,4,1,3,25.0,2,1
2020,64260,김경호,SSG,SK,10,56,5,1,4,20.0,0,0
2020,63339,김민준,SSG,SK,10,12,2,1,1,50.0,0,1
2020,76802,김성현,SSG,SK,10,133,2,1,1,50.0,6,1
2020,67893,박성한,SSG,SK,10,41,2,1,1,50.0,0,1
2020,64890,유서준,SSG,SK,10,28,2,1,1,50.0,0,0
2020,65869,이현석,SSG,SK,10,58,1,1,0,100.0,0,1
2020,68868,최준우,SSG,SK,10,66,2,1,1,50.0,2,0
2020,62884,최항,SSG,SK,10,47,1,1,0,100.0,1,0
2020,50848,김성민,SSG,SK,19,9,0,0,0,,0,0
2020,76869,김재현,SSG,SK,19,8,0,0,0,,0,1
2020,63894,김사윤,SSG,SK,19,4,0,0,0,,0,0
2020,65411,김주온,SSG,SK,19,2,0,0,0,,0,0
2020,66859,김주한,SSG,SK,19,1,0,0,0,,0,0
2020,79847,김태훈,SSG,SK,19,2,0,0,0,,0,0
2020,66052,남태혁,SSG,SK,19,35,0,0,0,,0,0
2020,50868,류효승,SSG,SK,19,8,0,0,0,,0,0
2020,64893,박민호,SSG,SK,19,4,0,0,0,,0,0
2020,60841,박종훈,SSG,SK,19,1,0,0,0,,0,0
2020,64896,서동민,SSG,SK,19,3,0,0,0,,0,0
2020,61895,서진용,SSG,SK,19,6,0,0,0,,0,0
2020,75138,신재웅,SSG,SK,19,1,0,0,0,,0,0
2020,50859,오원석,SSG,SK,19,2,0,0,0,,0,0
2020,61743,오준혁,SSG,SK,19,70,3,0,3,0.0,4,0
2020,74215,윤석민,SSG,SK,19,34,0,0,0,,1,0
2020,50819,이거연,SSG,SK,19,8,0,0,0,,0,0
2020,76812,이재원,SSG,SK,19,80,0,0,0,,1,0
2020,63440,이흥련,SSG,SK,19,49,0,0,0,,0,0
2020,62056,정영일,SSG,SK,19,1,0,0,0,,0,0
2020,75151,정의윤,SSG,SK,19,76,1,0,1,0.0,2,0
2020,63450,정현,SSG,SK,19,89,2,0,2,0.0,0,0
2020,64768,조이현,SSG,SK,19,1,0,0,0,,0,0
2020,77463,채태인,SSG,SK,19,71,0,0,0,,1,0
2020,69813,하재훈,SSG,SK,19,1,0,0,0,,0,0
2020,50840,현원회,SSG,SK,19,1,0,0,0,,0,0
2020,50802,화이트,SSG,SK,19,9,0,0,0,,1,0
2020,62415,박해민,삼성,SS,1,132,46,34,12,73.9,5,3
2020,50458,김지찬,삼성,SS,2,135,25,21,4,84.0,1,2
2020,62404,구자욱,삼성,SS,3,118,24,19,5,79.2,4,2
2020,79402,김상수,삼성,SS,4,120,13,10,3,76.9,4,0
2020,61404,김헌곤,삼성,SS,5,97,12,7,5,58.3,2,0
2020,50468,살라디노,삼성,SS,6,44,7,6,1,85.7,2,1
2020,69453,이학주,삼성,SS,6,64,8,6,2,75.0,2,1
2020,62409,박찬도,삼성,SS,8,51,6,5,1,83.3,3,0
2020,66838,김동엽,삼성,SS,9,115,8,4,4,50.0,0,2
2020,69418,박승규,삼성,SS,9,91,9,4,5,44.4,1,0
2020,64468,박계범,삼성,SS,11,80,5,3,2,60.0,2,0
2020,66409,이성규,삼성,SS,11,98,4,3,1,75.0,3,0
2020,64407,김호재,삼성,SS,13,65,2,2,0,100.0,2,0
2020,64266,이성곤,삼성,SS,13,62,2,2,0,100.0,2,1
2020,61197,최영진,삼성,SS,13,58,5,2,3,40.0,0,0
2020,50469,팔카,삼성,SS,13,51,2,2,0,100.0,2,0
2020,64610,강한울,삼성,SS,17,34,1,1,0,100.0,0,0
2020,63435,김성표,삼성,SS,17,15,1,1,0,100.0,0,0
2020,74540,강민호,삼성,SS,19,119,0,0,0,,2,0
2020,65412,권정웅,삼성,SS,19,3,0,0,0,,0,0
2020,61365,김대우,삼성,SS,19,1,0,0,0,,0,0
2020,69442,김도환,삼성,SS,19,34,0,0,0,,1,0
2020,64793,김민수,삼성,SS,19,17,0,0,0,,0,0
2020,67449,김성윤,삼성,SS,19,9,0,0,0,,0,1
2020,60288,김응민,삼성,SS,19,45,0,0,0,,2,0
2020,64499,김재현,삼성,SS,19,35,0,0,0,,0,0
2020,69439,라이블리,삼성,SS,19,1,0,0,0,,0,0
2020,64410,백승민,삼성,SS,19,7,0,0,0,,0,0
2020,64469,송준석,삼성,SS,19,32,0,0,0,,1,0
2020,69403,양우현,삼성,SS,19,7,0,0,0,,0,0
2020,68415,양창섭,삼성,SS,19,1,0,0,0,,0,0
2020,75566,이원석,삼성,SS,19,121,1,0,1,0.0,1,1
2020,61457,임현준,삼성,SS,19,1,0,0,0,,0,0
2020,67443,장지훈,삼성,SS,19,1,0,0,0,,0,0
2020,65496,홍정우,삼성,SS,19,1,0,0,0,,0,0
2020,50923,알테어,NC,NC,1,136,25,22,3,88.0,4,2
2020,62907,박민우,NC,NC,2,126,19,13,6,68.4,5,1
2020,62934,김성욱,NC,NC,3,104,17,12,5,70.6,2,0
2020,76849,이명기,NC,NC,3,136,19,12,7,63.2,5,1
2020,62925,강진성,NC,NC,5,121,10,9,1,90.0,3,1
2020,60566,이상호,NC,NC,6,82,10,6,4,60.0,0,1
2020,76232,양의지,NC,NC,7,130,7,5,2,71.4,4,0
2020,66968,이재율,NC,NC,8,25,5,4,1,80.0,0,0
2020,69992,최정원,NC,NC,8,49,4,4,0,100.0,1,1
2020,63963,권희동,NC,NC,10,123,3,3,0,100.0,0,0
2020,66917,김찬형,NC,NC,10,56,4,3,1,75.0,2,0
2020,62947,나성범,NC,NC,10,130,4,3,1,75.0,2,0
2020,66928,박준영,NC,NC,13,32,1,1,0,100.0,0,0
2020,62025,이원재,NC,NC,13,73,1,1,0,100.0,2,0
2020,73306,지석훈,NC,NC,13,87,1,1,0,100.0,1,0
2020,61295,강동연,NC,NC,16,3,0,0,0,,0,0
2020,60339,김건태,NC,NC,16,5,0,0,0,,0,0
2020,65462,김기환,NC,NC,16,4,0,0,0,,0,0
2020,63920,김준완,NC,NC,16,45,0,0,0,,1,0
2020,75867,김진성,NC,NC,16,2,0,0,0,,0,0
2020,78122,김태군,NC,NC,16,80,0,0,0,,1,0
2020,68912,김형준,NC,NC,16,44,0,0,0,,2,0
2020,62931,노진혁,NC,NC,16,132,4,0,4,0.0,1,0
2020,66965,도태훈,NC,NC,16,11,0,0,0,,0,0
2020,78813,모창민,NC,NC,16,62,0,0,0,,1,0
2020,74465,박석민,NC,NC,16,123,1,0,1,0.0,5,0
2020,50996,박시원,NC,NC,16,1,0,0,0,,0,0
2020,69974,배민서,NC,NC,16,1,0,0,0,,0,0
2020,64995,배재환,NC,NC,16,1,0,0,0,,0,0
2020,69995,서호철,NC,NC,16,2,0,0,0,,0,0
2020,63914,손정욱,NC,NC,16,1,0,0,0,,0,0
2020,69962,송명기,NC,NC,16,1,0,0,0,,0,0
2020,76118,원종현,NC,NC,16,4,0,0,0,,0,0
2020,63903,유영준,NC,NC,16,4,0,0,0,,0,0
2020,62537,윤수강,NC,NC,16,4,0,0,0,,0,0
2020,65042,홍성무,NC,NC,16,1,0,0,0,,0,0
2020,64006,심우준,KT,KT,1,144,46,35,11,76.1,3,1
2020,64166,배정대,KT,KT,2,144,35,22,13,62.9,4,2
2020,64868,조용호,KT,KT,3,132,15,12,3,80.0,4,1
2020,76313,황재균,KT,KT,4,134,17,11,6,64.7,3,1
2020,64004,김민혁,KT,KT,5,108,12,8,4,66.7,2,0
2020,68050,강백호,KT,KT,6,129,9,7,2,77.8,10,0
2020,62802,박승욱,KT,KT,7,97,6,5,1,83.3,2,1
2020,64012,송민섭,KT,KT,8,114,7,4,3,57.1,2,0
2020,50054,천성호,KT,KT,9,66,2,1,1,50.0,1,0
2020,64906,강민국,KT,KT,10,81,1,0,1,0.0,1,0
2020,50066,강현우,KT,KT,10,26,0,0,0,,0,0
2020,68043,김민,KT,KT,10,2,0,0,0,,0,0
2020,65048,김민수,KT,KT,10,1,0,0,0,,0,0
2020,64014,김병희,KT,KT,10,29,0,0,0,,0,0
2020,69098,김성훈,KT,KT,10,1,0,0,0,,0,0
2020,65062,김재윤,KT,KT,10,2,0,0,0,,0,0
2020,65040,김태훈,KT,KT,10,2,0,0,0,,0,0
2020,67025,로하스,KT,KT,10,142,1,0,1,0.0,7,0
2020,64029,류희운,KT,KT,10,1,0,0,0,,0,0
2020,67063,문상인,KT,KT,10,3,0,0,0,,0,0
2020,64007,문상철,KT,KT,10,74,1,0,1,0.0,1,0
2020,73113,박경수,KT,KT,10,119,1,0,1,0.0,5,0
2020,68003,박준혁,KT,KT,10,12,0,0,0,,0,0
2020,64041,안현준,KT,KT,10,1,0,0,0,,0,0
2020,76757,유원상,KT,KT,10,1,0,0,0,,0,0
2020,74339,유한준,KT,KT,10,119,0,0,0,,2,0
2020,67008,이대은,KT,KT,10,2,0,0,0,,0,0
2020,75342,이보근,KT,KT,10,1,0,0,0,,0,0
2020,77563,이상화,KT,KT,10,1,0,0,0,,0,0
2020,65057,이창재,KT,KT,10,1,0,0,0,,0,0
2020,63634,이홍구,KT,KT,10,49,0,0,0,,2,0
2020,78548,장성우,KT,KT,10,130,0,0,0,,1,0
2020,75340,전유수,KT,KT,10,2,0,0,0,,0,0
2020,65096,정주후,KT,KT,10,10,1,0,1,0.0,0,0
2020,67045,조병욱,KT,KT,10,1,0,0,0,,0,0
2020,65060,주권,KT,KT,10,2,0,0,0,,0,0
2020,77243,허도환,KT,KT,10,52,0,0,0,,0,0
2020,67005,홍현빈,KT,KT,10,40,1,0,1,0.0,0,0
2020,50506,마차도,롯데,LT,1,144,16,15,1,93.8,7,0
2020,79608,안치홍,롯데,LT,2,124,17,14,3,82.4,4,0
2020,60523,정훈,롯데,LT,3,111,12,11,1,91.7,2,0
2020,61204,김동한,롯데,LT,4,82,14,10,4,71.4,3,0
2020,65506,김재유,롯데,LT,4,68,12,10,2,83.3,1,1
2020,76249,민병헌,롯데,LT,4,109,16,10,6,62.5,2,0
2020,77532,손아섭,롯데,LT,7,141,5,5,0,100.0,4,0
2020,78513,전준우,롯데,LT,7,143,10,5,5,50.0,5,0
2020,65515,강로한,롯데,LT,9,16,3,2,1,66.7,0,1
2020,62558,김준태,롯데,LT,9,128,4,2,2,50.0,8,1
2020,64504,오윤석,롯데,LT,9,63,3,2,1,66.7,0,0
2020,67504,김정율,롯데,LT,12,3,1,1,0,100.0,0,0
2020,62556,신본기,롯데,LT,12,81,1,1,0,100.0,0,0
2020,69508,신윤후,롯데,LT,12,5,2,1,1,50.0,0,0
2020,71564,이대호,롯데,LT,12,144,1,1,0,100.0,7,0
2020,65514,강태율,롯데,LT,16,14,0,0,0,,0,0
2020,72523,고효준,롯데,LT,16,1,0,0,0,,0,0
2020,63543,구승민,롯데,LT,16,1,0,0,0,,0,0
2020,65522,김강현,롯데,LT,16,5,0,0,0,,0,0
2020,78536,김대우,롯데,LT,16,1,0,0,0,,0,0
2020,62528,김원중,롯데,LT,16,3,0,0,0,,0,0
2020,64501,배성근,롯데,LT,16,4,1,0,1,0.0,0,0
2020,79293,오현택,롯데,LT,16,1,0,0,0,,0,0
2020,76100,이병규,롯데,LT,16,53,0,0,0,,0,0
2020,64565,이인복,롯데,LT,16,2,0,0,0,,0,0
2020,68504,이호연,롯데,LT,16,1,0,0,0,,0,0
2020,68518,정보근,롯데,LT,16,85,0,0,0,,3,0
2020,64717,지시완,롯데,LT,16,3,0,0,0,,0,0
2020,79545,진명호,롯데,LT,16,1,0,0,0,,0,0
2020,68362,추재현,롯데,LT,16,13,0,0,0,,0,0
2020,68525,한동희,롯데,LT,16,135,3,0,3,0.0,5,0
2020,61566,허일,롯데,LT,16,60,0,0,0,,1,0
2020,64646,박찬호,KIA,HT,1,141,23,15,8,65.2,3,0
2020,66606,최원준,KIA,HT,2,123,17,14,3,82.4,5,2
2020,64984,김태진,KIA,HT,3,82,11,7,4,63.6,3,0
2020,65653,김호령,KIA,HT,4,89,6,3,3,50.0,1,0
2020,66614,김규성,KIA,HT,5,103,3,2,1,66.7,3,2
2020,62908,황윤호,KIA,HT,5,25,2,2,0,100.0,0,0
2020,78603,김선빈,KIA,HT,7,85,2,1,1,50.0,3,0
2020,63448,김영환,KIA,HT,7,14,2,1,1,50.0,0,0
2020,62234,류지혁,KIA,HT,7,25,2,1,1,50.0,0,0
2020,63260,이우성,KIA,HT,7,48,1,1,0,100.0,0,0
2020,66657,이진영,KIA,HT,7,32,1,1,0,100.0,0,0
2020,62893,최정민,KIA,HT,7,24,1,1,0,100.0,1,1
2020,63636,고장혁,KIA,HT,13,7,0,0,0,,1,0
2020,62864,김민식,KIA,HT,13,69,0,0,0,,3,0
2020,70410,김주찬,KIA,HT,13,7,1,0,1,0.0,0,0
2020,66630,김현준,KIA,HT,13,1,0,0,0,,0,0
2020,73209,나주환,KIA,HT,13,64,0,0,0,,1,0
2020,78629,나지완,KIA,HT,13,137,0,0,0,,7,0
2020,79113,문선재,KIA,HT,13,15,0,0,0,,2,0
2020,50657,박민,KIA,HT,13,6,0,0,0,,0,0
2020,78643,백용환,KIA,HT,13,52,0,0,0,,0,0
2020,69636,오선우,KIA,HT,13,59,0,0,0,,0,0
2020,62265,유민상,KIA,HT,13,126,0,0,0,,4,0
2020,67644,이정훈,KIA,HT,13,3,0,0,0,,0,0
2020,64560,이창진,KIA,HT,13,22,1,0,1,0.0,2,1
2020,79334,장영석,KIA,HT,13,11,0,0,0,,0,0
2020,63950,장현식,KIA,HT,13,1,0,0,0,,0,0
2020,65464,최정용,KIA,HT,13,38,0,0,0,,0,0
2020,72443,최형우,KIA,HT,13,140,0,0,0,,3,0
2020,69652,터커,KIA,HT,13,142,2,0,2,0.0,3,0
2020,63722,한승택,KIA,HT,13,83,0,0,0,,2,0
2020,50600,홍종표,KIA,HT,13,40,2,0,2,0.0,1,0
2020,65610,황대인,KIA,HT,13,63,0,0,0,,1,0
2020,79231,정수빈,두산,OB,1,141,21,15,6,71.4,6,0
2020,79240,허경민,두산,OB,2,117,20,14,6,70.0,4,1
2020,67207,이유찬,두산,OB,3,101,17,13,4,76.5,2,0
2020,77248,오재원,두산,OB,4,85,15,10,5,66.7,3,1
2020,79215,박건우,두산,OB,5,129,10,8,2,80.0,4,1
2020,74206,김재호,두산,OB,6,120,8,6,2,75.0,6,0
2020,78224,김재환,두산,OB,6,140,6,6,0,100.0,2,0
2020,62244,박세혁,두산,OB,8,124,8,5,3,62.5,6,0
2020,66209,조수행,두산,OB,9,44,5,3,2,60.0,0,0
2020,50202,안권수,두산,OB,10,68,3,2,1,66.7,4,0
2020,75334,오재일,두산,OB,10,127,3,2,1,66.7,7,0
2020,76267,최주환,두산,OB,10,140,4,2,2,50.0,5,0
2020,79290,국해성,두산,OB,13,46,2,1,1,50.0,0,0
2020,68204,권민석,두산,OB,13,55,1,1,0,100.0,0,0
2020,50203,권휘,두산,OB,15,1,0,0,0,,0,0
2020,77263,김강률,두산,OB,15,2,0,0,0,,0,0
2020,68200,김민규,두산,OB,15,3,0,0,0,,0,0
2020,63257,김인태,두산,OB,15,77,0,0,0,,0,0
2020,50204,박지훈,두산,OB,15,10,0,0,0,,0,0
2020,63559,백동훈,두산,OB,15,27,0,0,0,,0,0
2020,66203,서예일,두산,OB,15,40,0,0,0,,0,0
2020,64086,신성현,두산,OB,15,9,0,0,0,,0,0
2020,50293,양찬열,두산,OB,15,17,0,0,0,,0,0
2020,50208,오명진,두산,OB,15,5,0,0,0,,0,0
2020,62242,윤명준,두산,OB,15,1,0,0,0,,0,0
2020,68211,이승민,두산,OB,15,3,0,0,0,,0,0
2020,66291,이영하,두산,OB,15,1,0,0,0,,0,0
2020,62951,이형범,두산,OB,15,1,0,0,0,,0,0
2020,63202,장승현,두산,OB,15,23,0,0,0,,0,0
2020,71842,정상호,두산,OB,15,42,0,0,0,,0,1
2020,50296,조제영,두산,OB,15,1,0,0,0,,0,0
2020,64213,최용제,두산,OB,15,28,0,0,0,,0,0
2020,69209,페르난데스,두산,OB,15,144,1,0,1,0.0,9,0
2020,63248,함덕주,두산,OB,15,2,0,0,0,,0,0
2020,61643,홍건희,두산,OB,15,1,0,0,0,,0,0
2020,67304,김혜성,키움,WO,1,142,33,25,8,75.8,3,2
2020,78168,서건창,키움,WO,2,135,34,24,10,70.6,9,1
2020,64300,김하성,키움,WO,3,138,25,23,2,92.0,6,0
2020,67341,이정후,키움,WO,4,140,14,12,2,85.7,3,1
2020,62353,박정음,키움,WO,5,86,10,9,1,90.0,0,1
2020,65586,전병우,키움,WO,6,119,7,7,0,100.0,3,0
2020,64657,박준태,키움,WO,7,128,6,5,1,83.3,4,3
2020,64346,임병욱,키움,WO,8,12,3,3,0,100.0,0,0
2020,50350,러셀,키움,WO,9,65,2,2,0,100.0,3,1
2020,62356,김규민,키움,WO,10,54,1,1,0,100.0,1,0
2020,65898,김웅빈,키움,WO,10,73,1,1,0,100.0,1,1
2020,79456,이지영,키움,WO,10,101,2,1,1,50.0,2,0
2020,50360,김동혁,키움,WO,13,1,0,0,0,,0,0
2020,50304,김병휘,키움,WO,13,1,0,0,0,,0,0
2020,76430,김태혁,키움,WO,13,1,0,0,0,,0,0
2020,67828,김성민,키움,WO,13,3,0,0,0,,0,0
2020,68346,김수환,키움,WO,13,9,0,0,0,,1,0
2020,65304,김은성,키움,WO,13,16,0,0,0,,0,0
2020,67391,김재웅,키움,WO,13,2,0,0,0,,0,0
2020,62332,김재현,키움,WO,13,4,0,0,0,,0,0
2020,69306,김주형,키움,WO,13,39,1,0,1,0.0,0,0
2020,50300,모터,키움,WO,13,10,0,0,0,,0,0
2020,50365,문찬종,키움,WO,13,5,0,0,0,,0,0
2020,79365,박동원,키움,WO,13,112,0,0,0,,0,0
2020,75125,박병호,키움,WO,13,93,0,0,0,,1,1
2020,50357,박주홍,키움,WO,13,13,1,0,1,0.0,1,0
2020,68305,변상권,키움,WO,13,35,0,0,0,,0,0
2020,65362,송우현,키움,WO,13,14,0,0,0,,0,0
2020,62937,신재영,키움,WO,13,1,0,0,0,,0,0
2020,68341,안우진,키움,WO,13,1,0,0,0,,0,0
2020,67365,양지율,키움,WO,13,1,0,0,0,,0,0
2020,61268,양현,키움,WO,13,1,0,0,0,,0,0
2020,69399,윤정현,키움,WO,13,2,0,0,0,,0,0
2020,73342,이택근,키움,WO,13,20,0,0,0,,0,0
2020,65398,임규빈,키움,WO,13,2,0,0,0,,0,0
2020,64340,임지열,키움,WO,13,1,0,0,0,,0,0
2020,63342,조상우,키움,WO,13,6,0,0,0,,0,0
2020,63348,조성운,키움,WO,13,4,0,0,0,,0,0
2020,69360,조영건,키움,WO,13,3,0,0,0,,0,0
2020,66354,주효상,키움,WO,13,63,0,0,0,,0,0
2020,65399,허정협,키움,WO,13,111,0,0,0,,2,0
2021,66108,홍창기,LG,LG,1,144,31,23,8,74.2,5,3
2021,78168,서건창,LG,LG,2,144,16,12,4,75.0,3,0
2021,79109,오지환,LG,LG,2,134,18,12,6,66.7,6,2
2021,78217,김용의,LG,LG,4,102,6,6,0,100.0,2,1
2021,51100,이영빈,LG,LG,4,72,9,6,3,66.7,2,0
2021,68106,이재원,LG,LG,6,62,6,5,1,83.3,5,0
2021,79192,채은성,LG,LG,7,110,6,4,2,66.7,2,3
2021,77564,김민성,LG,LG,8,121,6,3,3,50.0,3,1
2021,76290,김현수,LG,LG,8,140,3,3,0,100.0,5,1
2021,69102,문보경,LG,LG,8,107,4,3,1,75.0,1,0
2021,61186,이천웅,LG,LG,8,68,5,3,2,60.0,0,0
2021,78135,이형종,LG,LG,8,90,4,3,1,75.0,2,0
2021,79150,정주현,LG,LG,8,73,6,3,3,50.0,1,0
2021,65207,신민재,LG,LG,14,32,3,2,1,66.7,1,1
2021,61102,유강남,LG,LG,14,130,2,2,0,100.0,2,2
2021,60566,이상호,LG,LG,14,45,3,2,1,66.7,0,0
2021,50167,이주형,LG,LG,14,14,3,2,1,66.7,0,0
2021,64101,한석현,LG,LG,14,16,2,2,0,100.0,1,0
2021,65132,김재성,LG,LG,19,58,1,1,0,100.0,0,0
2021,68119,문성주,LG,LG,19,31,2,1,1,50.0,1,1
2021,67119,고우석,LG,LG,21,5,0,0,0,,0,0
2021,69100,구본혁,LG,LG,21,123,0,0,0,,0,0
2021,66162,김주성,LG,LG,21,3,0,0,0,,0,0
2021,60181,김지용,LG,LG,21,1,0,0,0,,0,0
2021,51154,김진수,LG,LG,21,1,0,0,0,,0,0
2021,66113,김호은,LG,LG,21,7,0,0,0,,0,0
2021,50165,라모스,LG,LG,21,51,0,0,0,,2,0
2021,63103,류원석,LG,LG,21,1,0,0,0,,0,0
2021,51144,보어,LG,LG,21,32,0,0,0,,0,0
2021,50150,손호영,LG,LG,21,8,0,0,0,,0,0
2021,65115,안익훈,LG,LG,21,48,0,0,0,,0,0
2021,65117,이상규,LG,LG,21,3,0,0,0,,0,0
2021,69168,이상영,LG,LG,21,3,0,0,0,,0,0
2021,71184,이성우,LG,LG,21,36,0,0,0,,1,0
2021,61145,이우찬,LG,LG,21,1,0,0,0,,0,0
2021,69134,이정용,LG,LG,21,1,0,0,0,,0,0
2021,67164,이찬혁,LG,LG,21,1,0,0,0,,0,0
2021,64115,장준원,LG,LG,21,5,0,0,0,,0,0
2021,76650,진해수,LG,LG,21,2,0,0,0,,0,0
2021,65241,채원후,LG,LG,21,4,0,0,0,,0,0
2021,65157,최민창,LG,LG,21,3,0,0,0,,0,0
2021,62146,최성훈,LG,LG,21,5,0,0,0,,0,0
2021,62700,하주석,한화,HH,1,138,29,23,6,79.3,6,2
2021,68743,정은원,한화,HH,2,139,30,19,11,63.3,6,1
2021,63704,노수광,한화,HH,3,52,14,13,1,92.9,5,1
2021,61554,김민하,한화,HH,4,46,9,6,3,66.7,3,1
2021,66704,김태연,한화,HH,5,53,8,5,3,62.5,2,1
2021,69737,노시환,한화,HH,5,107,7,5,2,71.4,4,2
2021,68700,이원석,한화,HH,7,43,6,4,2,66.7,2,0
2021,61208,정진호,한화,HH,7,47,5,4,1,80.0,2,0
2021,51714,페레즈,한화,HH,7,59,9,4,5,44.4,2,0
2021,66710,강상원,한화,HH,10,35,3,3,0,100.0,1,1
2021,63700,장운호,한화,HH,10,103,9,3,6,33.3,4,2
2021,69705,조한민,한화,HH,10,52,5,3,2,60.0,1,1
2021,78288,최재훈,한화,HH,10,116,5,3,2,60.0,7,0
2021,69766,유로결,한화,HH,14,34,3,2,1,66.7,1,0
2021,66702,이시원,한화,HH,14,33,4,2,2,50.0,1,0
2021,51706,장지승,한화,HH,14,24,2,2,0,100.0,1,0
2021,50707,최인호,한화,HH,14,49,3,2,1,66.7,1,0
2021,51725,힐리,한화,HH,14,67,3,2,1,66.7,2,0
2021,50709,박정현,한화,HH,19,33,1,1,0,100.0,1,0
2021,65703,이도윤,한화,HH,19,56,3,1,2,33.3,0,0
2021,73136,이성열,한화,HH,19,46,1,1,0,100.0,3,0
2021,50705,강재민,한화,HH,22,2,0,0,0,,0,0
2021,67711,김기탁,한화,HH,22,1,0,0,0,,0,0
2021,63765,김종수,한화,HH,22,1,0,0,0,,0,0
2021,65503,김지수,한화,HH,22,11,0,0,0,,0,0
2021,71752,김태균,한화,HH,22,1,0,0,0,,0,0
2021,69702,김건,한화,HH,22,5,0,0,0,,0,0
2021,64704,노태형,한화,HH,22,18,0,0,0,,0,0
2021,66707,박상언,한화,HH,22,1,0,0,0,,0,0
2021,78643,백용환,한화,HH,22,39,0,0,0,,1,0
2021,61156,송윤준,한화,HH,22,1,0,0,0,,0,0
2021,51767,송호정,한화,HH,22,10,0,0,0,,0,1
2021,60140,신정락,한화,HH,22,1,0,0,0,,0,0
2021,63464,윤대경,한화,HH,22,1,0,0,0,,0,0
2021,63961,윤호솔,한화,HH,22,1,0,0,0,,0,0
2021,64266,이성곤,한화,HH,22,62,3,0,3,0.0,0,0
2021,60343,이해창,한화,HH,22,20,1,0,1,0.0,0,0
2021,50704,임종찬,한화,HH,22,42,1,0,1,0.0,1,0
2021,62611,임준섭,한화,HH,22,1,0,0,0,,0,0
2021,51762,장규현,한화,HH,22,7,0,0,0,,0,0
2021,79764,장민재,한화,HH,22,1,0,0,0,,0,0
2021,51764,정민규,한화,HH,22,6,0,0,0,,0,0
2021,74857,정우람,한화,HH,22,4,0,0,0,,0,0
2021,69706,허관회,한화,HH,22,28,0,0,0,,1,1
2021,50854,최지훈,SSG,SK,1,136,32,26,6,81.3,4,2
2021,51817,추신수,SSG,SK,2,137,34,25,9,73.5,4,0
2021,67893,박성한,SSG,SK,3,135,17,12,5,70.6,3,0
2021,60558,오태곤,SSG,SK,4,122,13,9,4,69.2,0,0
2021,75847,최정,SSG,SK,5,134,14,8,6,57.1,5,0
2021,76802,김성현,SSG,SK,6,110,7,5,2,71.4,2,0
2021,71837,김강민,SSG,SK,7,122,6,3,3,50.0,3,0
2021,66864,안상현,SSG,SK,7,37,4,3,1,75.0,1,0
2021,61353,고종욱,SSG,SK,9,88,5,2,3,40.0,3,0
2021,69825,김창평,SSG,SK,9,40,3,2,1,66.7,0,0
2021,76267,최주환,SSG,SK,9,116,3,2,1,66.7,3,1
2021,67872,로맥,SSG,SK,12,107,1,1,0,100.0,6,0
2021,62884,최항,SSG,SK,12,34,1,1,0,100.0,0,0
2021,62895,한유섬,SSG,SK,12,135,1,1,0,100.0,4,0
2021,51868,고명준,SSG,SK,15,3,0,0,0,,0,0
2021,69810,김규남,SSG,SK,15,4,0,0,0,,0,0
2021,76430,김태혁,SSG,SK,15,3,0,0,0,,0,0
2021,66917,김찬형,SSG,SK,15,88,0,0,0,,0,0
2021,79847,김태훈,SSG,SK,15,1,0,0,0,,0,0
2021,65343,김택형,SSG,SK,15,3,0,0,0,,0,0
2021,66052,남태혁,SSG,SK,15,12,0,0,0,,0,0
2021,64893,박민호,SSG,SK,15,1,0,0,0,,0,0
2021,64896,서동민,SSG,SK,15,1,0,0,0,,0,0
2021,61895,서진용,SSG,SK,15,5,0,0,0,,0,0
2021,62937,신재영,SSG,SK,15,1,0,0,0,,0,0
2021,61743,오준혁,SSG,SK,15,26,0,0,0,,0,0
2021,64890,유서준,SSG,SK,15,6,0,0,0,,0,0
2021,76812,이재원,SSG,SK,15,107,2,0,2,0.0,2,0
2021,67807,이정범,SSG,SK,15,19,0,0,0,,0,0
2021,65869,이현석,SSG,SK,15,39,0,0,0,,2,0
2021,63440,이흥련,SSG,SK,15,90,0,0,0,,0,0
2021,51895,장지훈,SSG,SK,15,2,0,0,0,,0,0
2021,71842,정상호,SSG,SK,15,3,0,0,0,,0,0
2021,66960,정수민,SSG,SK,15,1,0,0,0,,0,0
2021,75151,정의윤,SSG,SK,15,62,0,0,0,,0,0
2021,51809,조요한,SSG,SK,15,1,0,0,0,,0,0
2021,69813,하재훈,SSG,SK,15,2,0,0,0,,0,0
2021,62415,박해민,삼성,SS,1,127,51,36,15,70.6,4,2
2021,62404,구자욱,삼성,SS,2,139,31,27,4,87.1,6,0
2021,50458,김지찬,삼성,SS,3,120,27,23,4,85.2,4,1
2021,51463,피렐라,삼성,SS,4,140,15,9,6,60.0,5,0
2021,61404,김헌곤,삼성,SS,5,118,9,5,4,55.6,0,1
2021,79402,김상수,삼성,SS,6,132,6,4,2,66.7,5,1
2021,64610,강한울,삼성,SS,7,124,4,2,2,50.0,4,0
2021,66838,김동엽,삼성,SS,7,69,3,2,1,66.7,2,0
2021,63435,김성표,삼성,SS,7,39,3,2,1,66.7,0,1
2021,69453,이학주,삼성,SS,7,66,4,2,2,50.0,2,0
2021,69418,박승규,삼성,SS,11,59,2,1,1,50.0,1,0
2021,75334,오재일,삼성,SS,11,120,1,1,0,100.0,3,1
2021,75566,이원석,삼성,SS,11,131,1,1,0,100.0,2,0
2021,61197,최영진,삼성,SS,11,44,1,1,0,100.0,1,0
2021,74540,강민호,삼성,SS,15,123,0,0,0,,5,0
2021,65412,권정웅,삼성,SS,15,2,0,0,0,,0,0
2021,69442,김도환,삼성,SS,15,25,1,0,1,0.0,0,0
2021,64793,김민수,삼성,SS,15,47,0,0,0,,2,0
2021,67449,김성윤,삼성,SS,15,30,1,0,1,0.0,0,0
2021,68403,김무신,삼성,SS,15,2,0,0,0,,0,0
2021,60288,김응민,삼성,SS,15,1,0,0,0,,0,0
2021,51417,김현준,삼성,SS,15,13,0,0,0,,0,0
2021,64407,김호재,삼성,SS,15,87,0,0,0,,0,0
2021,62920,노건우,삼성,SS,15,2,0,0,0,,0,0
2021,67419,문용익,삼성,SS,15,1,0,0,0,,0,0
2021,64410,백승민,삼성,SS,15,4,0,0,0,,0,0
2021,64469,송준석,삼성,SS,15,19,0,0,0,,0,0
2021,66406,안주형,삼성,SS,15,1,0,0,0,,0,0
2021,78756,오선진,삼성,SS,15,23,0,0,0,,0,0
2021,75421,오승환,삼성,SS,15,2,0,0,0,,0,0
2021,63492,이재익,삼성,SS,15,1,0,0,0,,0,0
2021,68466,이태훈,삼성,SS,15,3,0,0,0,,0,0
2021,50923,알테어,NC,NC,1,143,25,20,5,80.0,5,0
2021,65462,김기환,NC,NC,2,62,19,15,4,78.9,3,3
2021,62907,박민우,NC,NC,3,50,15,12,3,80.0,3,0
2021,69992,최정원,NC,NC,4,72,17,10,7,58.8,1,1
2021,62925,강진성,NC,NC,5,124,12,9,3,75.0,7,0
2021,51907,김주원,NC,NC,6,69,8,6,2,75.0,1,0
2021,76849,이명기,NC,NC,6,56,9,6,3,66.7,2,0
2021,61869,정진기,NC,NC,6,88,9,6,3,66.7,0,0
2021,66928,박준영,NC,NC,9,111,7,4,3,57.1,2,1
2021,65905,최승민,NC,NC,9,48,7,4,3,57.1,0,1
2021,63963,권희동,NC,NC,11,55,2,2,0,100.0,1,0
2021,76232,양의지,NC,NC,11,141,3,2,1,66.7,6,0
2021,62947,나성범,NC,NC,13,144,3,1,2,33.3,0,0
2021,62931,노진혁,NC,NC,13,107,2,1,1,50.0,0,1
2021,66965,도태훈,NC,NC,13,77,1,1,0,100.0,0,0
2021,62025,이원재,NC,NC,13,31,1,1,0,100.0,0,0
2021,66968,이재율,NC,NC,13,23,2,1,1,50.0,2,0
2021,60339,김건태,NC,NC,18,1,0,0,0,,0,0
2021,67900,김수윤,NC,NC,18,7,0,0,0,,0,0
2021,68900,김영규,NC,NC,18,1,0,0,0,,0,0
2021,63920,김준완,NC,NC,18,13,0,0,0,,0,0
2021,75867,김진성,NC,NC,18,1,0,0,0,,0,0
2021,78122,김태군,NC,NC,18,102,1,0,1,0.0,1,0
2021,67956,김태현,NC,NC,18,1,0,0,0,,0,0
2021,69996,노시훈,NC,NC,18,1,0,0,0,,0,0
2021,65949,류진욱,NC,NC,18,1,0,0,0,,0,0
2021,78813,모창민,NC,NC,18,3,1,0,1,0.0,0,0
2021,64944,박대온,NC,NC,18,42,0,0,0,,0,0
2021,74465,박석민,NC,NC,18,59,0,0,0,,1,0
2021,50996,박시원,NC,NC,18,1,0,0,0,,0,0
2021,69974,배민서,NC,NC,18,2,0,0,0,,0,0
2021,68902,신민혁,NC,NC,18,1,0,0,0,,0,0
2021,50901,안인산,NC,NC,18,2,0,0,0,,0,0
2021,51991,오장한,NC,NC,18,1,0,0,0,,0,0
2021,51996,오태양,NC,NC,18,1,0,0,0,,0,0
2021,76118,원종현,NC,NC,18,4,0,0,0,,0,0
2021,63905,윤형준,NC,NC,18,51,1,0,1,0.0,2,0
2021,77211,이용찬,NC,NC,18,6,0,0,0,,0,0
2021,65964,이우석,NC,NC,18,1,0,0,0,,0,0
2021,63959,임정호,NC,NC,18,1,0,0,0,,0,0
2021,78352,임창민,NC,NC,18,1,0,0,0,,0,0
2021,78361,전민수,NC,NC,18,71,0,0,0,,1,0
2021,76720,정범모,NC,NC,18,19,0,0,0,,0,0
2021,63450,정현,NC,NC,18,68,1,0,1,0.0,0,2
2021,73306,지석훈,NC,NC,18,28,0,0,0,,0,0
2021,62966,최금강,NC,NC,18,1,0,0,0,,0,0
2021,68909,최보성,NC,NC,18,10,1,0,1,0.0,1,0
2021,66963,최우재,NC,NC,18,2,0,0,0,,0,0
2021,62655,홍성민,NC,NC,18,2,0,0,0,,0,0
2021,64166,배정대,KT,KT,1,144,26,19,7,73.1,2,0
2021,64006,심우준,KT,KT,2,139,22,16,6,72.7,3,1
2021,64012,송민섭,KT,KT,3,122,16,15,1,93.8,0,0
2021,64868,조용호,KT,KT,4,138,21,12,9,57.1,1,0
2021,76313,황재균,KT,KT,5,117,15,11,4,73.3,4,0
2021,68050,강백호,KT,KT,6,142,15,10,5,66.7,10,2
2021,64004,김민혁,KT,KT,7,75,9,6,3,66.7,3,0
2021,68730,호잉,KT,KT,8,68,7,5,2,71.4,1,0
2021,64504,오윤석,KT,KT,9,97,4,4,0,100.0,1,0
2021,51003,권동진,KT,KT,10,86,6,3,3,50.0,5,0
2021,64014,김병희,KT,KT,10,34,3,3,0,100.0,0,0
2021,64007,문상철,KT,KT,12,53,2,2,0,100.0,0,1
2021,51005,김건형,KT,KT,13,11,1,1,0,100.0,0,0
2021,65040,김태훈,KT,KT,13,44,1,1,0,100.0,0,0
2021,62802,박승욱,KT,KT,13,8,1,1,0,100.0,0,0
2021,62556,신본기,KT,KT,13,96,3,1,2,33.3,2,1
2021,51004,알몬테,KT,KT,13,60,1,1,0,100.0,2,0
2021,74339,유한준,KT,KT,13,104,1,1,0,100.0,1,0
2021,78548,장성우,KT,KT,13,127,3,1,2,33.3,3,0
2021,50054,천성호,KT,KT,13,41,1,1,0,100.0,0,0
2021,64906,강민국,KT,KT,21,18,0,0,0,,1,0
2021,68069,고명성,KT,KT,21,7,0,0,0,,0,0
2021,64001,고영표,KT,KT,21,1,0,0,0,,0,0
2021,65048,김민수,KT,KT,21,6,0,0,0,,0,0
2021,65062,김재윤,KT,KT,21,8,0,0,0,,0,0
2021,62558,김준태,KT,KT,21,58,0,0,0,,0,0
2021,73113,박경수,KT,KT,21,118,1,0,1,0.0,3,0
2021,60559,박시영,KT,KT,21,3,0,0,0,,0,0
2021,64017,심재민,KT,KT,21,3,0,0,0,,0,0
2021,73738,안영명,KT,KT,21,1,0,0,0,,0,0
2021,76757,유원상,KT,KT,21,1,0,0,0,,0,0
2021,67008,이대은,KT,KT,21,1,0,0,0,,0,0
2021,65057,이창재,KT,KT,21,1,0,0,0,,0,0
2021,63634,이홍구,KT,KT,21,37,0,0,0,,0,0
2021,64047,조현우,KT,KT,21,3,0,0,0,,0,0
2021,78517,하준호,KT,KT,21,2,0,0,0,,0,0
2021,77243,허도환,KT,KT,21,62,0,0,0,,3,0
2021,67005,홍현빈,KT,KT,21,43,1,0,1,0.0,3,0
2021,77532,손아섭,롯데,LT,1,139,17,11,6,64.7,7,0
2021,50506,마차도,롯데,LT,2,134,13,8,5,61.5,8,1
2021,60523,정훈,롯데,LT,2,135,9,8,1,88.9,13,2
2021,65506,김재유,롯데,LT,4,87,7,7,0,100.0,0,1
2021,78513,전준우,롯데,LT,5,144,9,6,3,66.7,4,0
2021,68507,장두성,롯데,LT,6,43,6,4,2,66.7,0,1
2021,68362,추재현,롯데,LT,6,95,7,4,3,57.1,1,1
2021,69508,신윤후,롯데,LT,8,71,4,3,1,75.0,3,0
2021,79608,안치홍,롯데,LT,8,119,9,3,6,33.3,4,0
2021,63895,최민재,롯데,LT,10,21,2,2,0,100.0,1,0
2021,51551,나승엽,롯데,LT,11,60,1,1,0,100.0,0,0
2021,64501,배성근,롯데,LT,11,78,1,1,0,100.0,2,0
2021,65515,강로한,롯데,LT,13,21,0,0,0,,0,0
2021,79358,강윤구,롯데,LT,13,1,0,0,0,,0,0
2021,65514,강태율,롯데,LT,13,19,1,0,1,0.0,0,0
2021,67504,김정율,롯데,LT,13,82,0,0,0,,4,1
2021,62528,김원중,롯데,LT,13,3,0,0,0,,0,0
2021,64596,김유영,롯데,LT,13,2,0,0,0,,0,0
2021,66749,김주현,롯데,LT,13,8,0,0,0,,0,0
2021,67539,나균안,롯데,LT,13,1,0,0,0,,0,0
2021,67454,나원탁,롯데,LT,13,1,0,0,0,,0,0
2021,76249,민병헌,롯데,LT,13,14,1,0,1,0.0,1,0
2021,51528,손성빈,롯데,LT,13,20,0,0,0,,0,0
2021,51594,송재영,롯데,LT,13,1,0,0,0,,0,0
2021,64022,안중열,롯데,LT,13,58,0,0,0,,0,1
2021,79293,오현택,롯데,LT,13,1,0,0,0,,0,0
2021,71564,이대호,롯데,LT,13,114,0,0,0,,3,0
2021,76100,이병규,롯데,LT,13,29,0,0,0,,0,0
2021,64565,이인복,롯데,LT,13,1,0,0,0,,0,0
2021,51560,이주찬,롯데,LT,13,3,0,0,0,,0,0
2021,68504,이호연,롯데,LT,13,7,0,0,0,,0,0
2021,68518,정보근,롯데,LT,13,11,1,0,1,0.0,0,0
2021,64717,지시완,롯데,LT,13,73,0,0,0,,1,0
2021,51574,최종은,롯데,LT,13,1,0,0,0,,0,0
2021,68525,한동희,롯데,LT,13,129,1,0,1,0.0,2,0
2021,66606,최원준,KIA,HT,1,143,53,40,13,75.5,6,4
2021,64646,박찬호,KIA,HT,2,131,13,9,4,69.2,7,0
2021,64984,김태진,KIA,HT,3,99,13,8,5,61.5,2,0
2021,64560,이창진,KIA,HT,4,105,5,5,0,100.0,4,1
2021,65653,김호령,KIA,HT,5,62,5,4,1,80.0,1,2
2021,63260,이우성,KIA,HT,6,65,3,2,1,66.7,2,0
2021,62893,최정민,KIA,HT,6,39,5,2,3,40.0,0,0
2021,65464,최정용,KIA,HT,6,53,2,2,0,100.0,1,0
2021,61700,강경학,KIA,HT,9,25,1,1,0,100.0,1,0
2021,66657,이진영,KIA,HT,9,17,1,1,0,100.0,0,0
2021,51640,권다결,KIA,HT,11,5,0,0,0,,0,0
2021,66614,김규성,KIA,HT,11,54,1,0,1,0.0,0,0
2021,62864,김민식,KIA,HT,11,100,0,0,0,,5,0
2021,67610,김석환,KIA,HT,11,5,0,0,0,,0,0
2021,78603,김선빈,KIA,HT,11,130,0,0,0,,4,0
2021,73209,나주환,KIA,HT,11,19,0,0,0,,0,0
2021,78629,나지완,KIA,HT,11,31,0,0,0,,0,0
2021,62234,류지혁,KIA,HT,11,92,0,0,0,,0,0
2021,50657,박민,KIA,HT,11,18,1,0,1,0.0,0,0
2021,67609,박정우,KIA,HT,11,32,2,0,2,0.0,1,0
2021,69636,오선우,KIA,HT,11,9,0,0,0,,0,0
2021,68614,오정환,KIA,HT,11,9,0,0,0,,0,0
2021,62265,유민상,KIA,HT,11,24,0,0,0,,0,0
2021,67644,이정훈,KIA,HT,11,41,0,0,0,,2,0
2021,63950,장현식,KIA,HT,11,1,0,0,0,,0,0
2021,50662,정해영,KIA,HT,11,3,0,0,0,,0,0
2021,72443,최형우,KIA,HT,11,104,0,0,0,,6,0
2021,69652,터커,KIA,HT,11,127,0,0,0,,4,1
2021,63722,한승택,KIA,HT,11,82,0,0,0,,1,0
2021,65610,황대인,KIA,HT,11,86,0,0,0,,0,0
2021,62908,황윤호,KIA,HT,11,6,0,0,0,,0,0
2021,66209,조수행,두산,OB,1,115,25,21,4,84.0,2,1
2021,79215,박건우,두산,OB,2,126,13,13,0,100.0,6,0
2021,79231,정수빈,두산,OB,3,104,19,12,7,63.2,1,3
2021,63123,강승호,두산,OB,4,113,10,8,2,80.0,3,0
2021,79240,허경민,두산,OB,5,136,12,5,7,41.7,2,0
2021,64468,박계범,두산,OB,6,118,7,4,3,57.1,4,0
2021,62244,박세혁,두산,OB,6,96,6,4,2,66.7,1,0
2021,50204,박지훈,두산,OB,8,34,4,3,1,75.0,1,0
2021,50202,안권수,두산,OB,8,87,3,3,0,100.0,0,0
2021,78224,김재환,두산,OB,10,137,5,2,3,40.0,4,1
2021,64153,양석환,두산,OB,10,133,5,2,3,40.0,6,0
2021,77248,오재원,두산,OB,10,45,2,2,0,100.0,0,2
2021,74206,김재호,두산,OB,13,89,2,1,1,50.0,2,0
2021,51203,안재석,두산,OB,13,96,1,1,0,100.0,1,2
2021,79290,국해성,두산,OB,15,4,0,0,0,,0,0
2021,68204,권민석,두산,OB,15,33,0,0,0,,0,0
2021,50203,권휘,두산,OB,15,2,0,0,0,,0,0
2021,77263,김강률,두산,OB,15,8,0,0,0,,0,0
2021,67246,김명신,두산,OB,15,4,0,0,0,,0,0
2021,68200,김민규,두산,OB,15,2,0,0,0,,0,0
2021,65269,김민혁,두산,OB,15,6,0,0,0,,0,0
2021,63257,김인태,두산,OB,15,133,2,0,2,0.0,4,1
2021,69104,남호,두산,OB,15,1,0,0,0,,0,0
2021,67259,문원,두산,OB,15,1,0,0,0,,0,0
2021,51298,박성재,두산,OB,15,1,0,0,0,,0,0
2021,63292,박소준,두산,OB,15,1,0,0,0,,0,0
2021,67266,박치국,두산,OB,15,1,0,0,0,,0,0
2021,63559,백동훈,두산,OB,15,5,0,0,0,,0,0
2021,66203,서예일,두산,OB,15,5,0,0,0,,0,0
2021,64086,신성현,두산,OB,15,11,0,0,0,,1,0
2021,50208,오명진,두산,OB,15,2,0,0,0,,0,0
2021,62242,윤명준,두산,OB,15,4,0,0,0,,0,0
2021,69205,이교훈,두산,OB,15,2,0,0,0,,0,0
2021,64805,이승진,두산,OB,15,1,0,0,0,,0,0
2021,66291,이영하,두산,OB,15,1,0,0,0,,0,0
2021,63202,장승현,두산,OB,15,92,0,0,0,,4,0
2021,68205,전민재,두산,OB,15,9,0,0,0,,0,0
2021,64213,최용제,두산,OB,15,79,0,0,0,,0,0
2021,69209,페르난데스,두산,OB,15,141,2,0,2,0.0,4,0
2021,61643,홍건희,두산,OB,15,1,0,0,0,,0,0
2021,66207,황경태,두산,OB,15,1,0,0,0,,0,0
2021,67304,김혜성,키움,WO,1,144,50,46,4,92.0,4,1
2021,74163,이용규,키움,WO,2,133,19,17,2,89.5,3,0
2021,67341,이정후,키움,WO,3,123,13,10,3,76.9,2,1
2021,62353,박정음,키움,WO,4,70,6,4,2,66.7,0,0
2021,79456,이지영,키움,WO,5,108,4,3,1,75.0,3,1
2021,65586,전병우,키움,WO,5,115,4,3,1,75.0,0,0
2021,79365,박동원,키움,WO,7,131,2,2,0,100.0,4,0
2021,65898,김웅빈,키움,WO,8,97,2,1,1,50.0,6,0
2021,69306,김주형,키움,WO,8,36,1,1,0,100.0,0,0
2021,51344,김휘집,키움,WO,8,34,1,1,0,100.0,1,0
2021,50357,박주홍,키움,WO,8,23,2,1,1,50.0,0,0
2021,64657,박준태,키움,WO,8,27,1,1,0,100.0,2,0
2021,65362,송우현,키움,WO,8,69,2,1,1,50.0,2,0
2021,50393,김동욱,키움,WO,14,1,0,0,0,,0,0
2021,50304,김병휘,키움,WO,14,13,0,0,0,,0,0
2021,67828,김성민,키움,WO,14,5,0,0,0,,0,0
2021,51301,김성진,키움,WO,14,3,0,0,0,,0,0
2021,68346,김수환,키움,WO,14,13,0,0,0,,0,0
2021,65304,김은성,키움,WO,14,6,0,0,0,,0,0
2021,67391,김재웅,키움,WO,14,3,0,0,0,,0,0
2021,62332,김재현,키움,WO,14,39,1,0,1,0.0,0,0
2021,65392,김정인,키움,WO,14,3,0,0,0,,0,0
2021,62360,김태훈,키움,WO,14,5,0,0,0,,0,0
2021,60336,문성현,키움,WO,14,1,0,0,0,,0,0
2021,50365,문찬종,키움,WO,14,13,0,0,0,,0,0
2021,50397,박관진,키움,WO,14,1,0,0,0,,0,0
2021,75125,박병호,키움,WO,14,118,1,0,1,0.0,0,0
2021,66305,박승주,키움,WO,14,1,0,0,0,,0,0
2021,68305,변상권,키움,WO,14,72,0,0,0,,1,0
2021,65357,송성문,키움,WO,14,66,0,0,0,,2,0
2021,50312,신준우,키움,WO,14,56,1,0,1,0.0,3,0
2021,61268,양현,키움,WO,14,4,0,0,0,,0,0
2021,68330,예진원,키움,WO,14,52,1,0,1,0.0,2,0
2021,74359,오주원,키움,WO,14,2,0,0,0,,0,0
2021,69399,윤정현,키움,WO,14,1,0,0,0,,0,0
2021,69366,이명기,키움,WO,14,3,0,0,0,,0,0
2021,67603,이승호,키움,WO,14,3,0,0,0,,0,0
2021,51302,이주형,키움,WO,14,5,0,0,0,,0,0
2021,64340,임지열,키움,WO,14,19,1,0,1,0.0,0,0
2021,51359,장재영,키움,WO,14,1,0,0,0,,0,0
2021,63342,조상우,키움,WO,14,4,0,0,0,,0,0
2021,69360,조영건,키움,WO,14,1,0,0,0,,0,0
2021,51309,크레익,키움,WO,14,61,1,0,1,0.0,1,0
2021,51324,프레이타스,키움,WO,14,43,0,0,0,,1,0
2021,65399,허정협,키움,WO,14,29,0,0,0,,0,0
2022,62415,박해민,LG,LG,1,144,30,24,6,80.0,8,1
2022,79109,오지환,LG,LG,2,142,27,20,7,74.1,5,2
2022,66108,홍창기,LG,LG,3,118,17,13,4,76.5,1,0
2022,68119,문성주,LG,LG,4,106,15,9,6,60.0,6,1
2022,78168,서건창,LG,LG,5,77,11,8,3,72.7,2,0
2022,69102,문보경,LG,LG,6,126,7,7,0,100.0,5,2
2022,79192,채은성,LG,LG,7,126,13,6,7,46.2,3,0
2022,52125,가르시아,LG,LG,8,39,5,4,1,80.0,2,2
2022,68106,이재원,LG,LG,9,85,4,3,1,75.0,4,1
2022,76290,김현수,LG,LG,10,141,3,2,1,66.7,2,0
2022,68110,송찬의,LG,LG,10,33,3,2,1,66.7,2,0
2022,65207,신민재,LG,LG,10,14,4,2,2,50.0,0,0
2022,52112,루이즈,LG,LG,13,27,1,1,0,100.0,0,0
2022,60566,이상호,LG,LG,13,60,3,1,2,33.3,0,0
2022,67119,고우석,LG,LG,15,4,0,0,0,,0,0
2022,66112,김기연,LG,LG,15,12,0,0,0,,0,0
2022,77564,김민성,LG,LG,15,92,1,0,1,0.0,0,0
2022,75867,김진성,LG,LG,15,2,0,0,0,,0,0
2022,66113,김호은,LG,LG,15,2,0,0,0,,0,0
2022,72133,박용택,LG,LG,15,1,0,0,0,,0,0
2022,64100,박재욱,LG,LG,15,1,0,0,0,,0,0
2022,63145,배재준,LG,LG,15,1,0,0,0,,0,0
2022,65109,백승현,LG,LG,15,1,0,0,0,,0,0
2022,50150,손호영,LG,LG,15,36,3,0,3,0.0,1,0
2022,51111,송승기,LG,LG,15,1,0,0,0,,0,0
2022,73801,송은범,LG,LG,15,2,0,0,0,,0,0
2022,65115,안익훈,LG,LG,15,14,0,0,0,,0,0
2022,61102,유강남,LG,LG,15,139,0,0,0,,5,1
2022,51100,이영빈,LG,LG,15,60,0,0,0,,0,0
2022,61186,이천웅,LG,LG,15,19,0,0,0,,0,0
2022,78135,이형종,LG,LG,15,26,0,0,0,,0,0
2022,69159,정우영,LG,LG,15,1,0,0,0,,0,0
2022,76650,진해수,LG,LG,15,1,0,0,0,,0,0
2022,65241,채원후,LG,LG,15,1,0,0,0,,0,0
2022,79140,최동환,LG,LG,15,4,0,0,0,,0,0
2022,65157,최민창,LG,LG,15,4,0,0,0,,0,0
2022,62146,최성훈,LG,LG,15,2,0,0,0,,0,0
2022,64101,한석현,LG,LG,15,6,1,0,1,0.0,0,0
2022,63248,함덕주,LG,LG,15,1,0,0,0,,0,0
2022,77243,허도환,LG,LG,15,64,0,0,0,,0,0
2022,52119,허준혁,LG,LG,15,1,0,0,0,,0,0
2022,62700,하주석,한화,HH,1,125,26,20,6,76.9,7,0
2022,52712,터크먼,한화,HH,2,144,30,19,11,63.3,2,1
2022,63704,노수광,한화,HH,3,117,23,17,6,73.9,8,3
2022,68743,정은원,한화,HH,4,140,16,10,6,62.5,4,0
2022,69737,노시환,한화,HH,5,115,8,6,2,75.0,2,1
2022,50709,박정현,한화,HH,5,81,7,6,1,85.7,3,0
2022,66704,김태연,한화,HH,7,119,5,3,2,60.0,6,0
2022,65703,이도윤,한화,HH,7,80,5,3,2,60.0,2,0
2022,66715,김인환,한화,HH,9,113,2,2,0,100.0,6,0
2022,66657,이진영,한화,HH,9,70,4,2,2,50.0,2,0
2022,66706,장진혁,한화,HH,9,41,3,2,1,66.7,1,0
2022,64266,이성곤,한화,HH,12,41,2,1,1,50.0,1,0
2022,78288,최재훈,한화,HH,12,114,2,1,1,50.0,1,0
2022,69706,허관회,한화,HH,12,15,1,1,0,100.0,0,0
2022,66710,강상원,한화,HH,15,1,0,0,0,,0,0
2022,52769,권광민,한화,HH,15,32,1,0,1,0.0,0,0
2022,65764,김민우,한화,HH,15,1,0,0,0,,0,0
2022,65769,김범수,한화,HH,15,1,0,0,0,,0,0
2022,64029,류희운,한화,HH,15,2,0,0,0,,0,0
2022,66707,박상언,한화,HH,15,56,3,0,3,0.0,0,0
2022,78643,백용환,한화,HH,15,4,0,0,0,,0,0
2022,69727,변우혁,한화,HH,15,21,0,0,0,,0,0
2022,60140,신정락,한화,HH,15,1,0,0,0,,0,0
2022,67760,원혁재,한화,HH,15,11,0,0,0,,0,0
2022,69766,유로결,한화,HH,15,30,0,0,0,,2,0
2022,52705,유상빈,한화,HH,15,17,1,0,1,0.0,0,1
2022,63961,윤호솔,한화,HH,15,1,0,0,0,,0,0
2022,68700,이원석,한화,HH,15,20,0,0,0,,0,0
2022,60343,이해창,한화,HH,15,4,0,0,0,,0,0
2022,50704,임종찬,한화,HH,15,20,1,0,1,0.0,0,0
2022,77318,장시환,한화,HH,15,3,0,0,0,,0,0
2022,63700,장운호,한화,HH,15,57,2,0,2,0.0,1,0
2022,51764,정민규,한화,HH,15,9,0,0,0,,1,0
2022,65707,주현상,한화,HH,15,2,0,0,0,,0,0
2022,52764,허인서,한화,HH,15,8,0,0,0,,0,0
2022,50854,최지훈,SSG,SK,1,144,38,31,7,81.6,5,3
2022,51817,추신수,SSG,SK,2,112,20,15,5,75.0,5,1
2022,67893,박성한,SSG,SK,3,140,20,12,8,60.0,2,0
2022,75847,최정,SSG,SK,3,121,17,12,5,70.6,4,0
2022,60558,오태곤,SSG,SK,5,130,15,11,4,73.3,1,0
2022,76802,김성현,SSG,SK,6,130,6,3,3,50.0,5,0
2022,52806,라가레스,SSG,SK,6,49,4,3,1,75.0,3,0
2022,68805,최상민,SSG,SK,6,27,4,3,1,75.0,0,0
2022,66864,안상현,SSG,SK,9,46,2,2,0,100.0,0,0
2022,69802,최경모,SSG,SK,9,98,2,2,0,100.0,3,0
2022,71837,김강민,SSG,SK,11,84,4,1,3,25.0,4,0
2022,76812,이재원,SSG,SK,11,105,1,1,0,100.0,1,0
2022,69813,하재훈,SSG,SK,11,60,1,1,0,100.0,1,0
2022,62895,한유섬,SSG,SK,11,135,2,1,1,50.0,1,0
2022,72523,고효준,SSG,SK,15,2,0,0,0,,0,0
2022,69810,김규남,SSG,SK,15,2,0,0,0,,0,0
2022,62864,김민식,SSG,SK,15,104,0,0,0,,1,0
2022,64499,김재현,SSG,SK,15,18,0,0,0,,0,0
2022,65343,김택형,SSG,SK,15,1,0,0,0,,0,0
2022,64893,박민호,SSG,SK,15,1,0,0,0,,0,0
2022,64896,서동민,SSG,SK,15,1,0,0,0,,0,0
2022,52804,석정우,SSG,SK,15,9,1,0,1,0.0,0,0
2022,61743,오준혁,SSG,SK,15,47,0,0,0,,0,0
2022,67807,이정범,SSG,SK,15,7,0,0,0,,0,0
2022,65869,이현석,SSG,SK,15,9,0,0,0,,0,0
2022,63440,이흥련,SSG,SK,15,22,0,0,0,,0,0
2022,68869,전경원,SSG,SK,15,1,0,0,0,,0,0
2022,50820,전의산,SSG,SK,15,77,0,0,0,,2,0
2022,51809,조요한,SSG,SK,15,1,0,0,0,,0,0
2022,51865,조형우,SSG,SK,15,9,0,0,0,,0,0
2022,68856,최민준,SSG,SK,15,1,0,0,0,,0,0
2022,76267,최주환,SSG,SK,15,97,0,0,0,,1,0
2022,68868,최준우,SSG,SK,15,10,0,0,0,,0,0
2022,62884,최항,SSG,SK,15,15,0,0,0,,1,0
2022,52827,크론,SSG,SK,15,67,0,0,0,,2,0
2022,50458,김지찬,삼성,SS,1,113,29,25,4,86.2,3,0
2022,51463,피렐라,삼성,SS,2,141,20,15,5,75.0,5,2
2022,62404,구자욱,삼성,SS,3,99,12,11,1,91.7,4,1
2022,67449,김성윤,삼성,SS,4,48,12,10,2,83.3,1,1
2022,51417,김현준,삼성,SS,5,118,9,6,3,66.7,6,0
2022,64610,강한울,삼성,SS,6,94,6,4,2,66.7,0,0
2022,52424,김재혁,삼성,SS,6,15,4,4,0,100.0,0,1
2022,61404,김헌곤,삼성,SS,8,80,4,3,1,75.0,3,0
2022,79402,김상수,삼성,SS,9,72,3,2,1,66.7,3,0
2022,63435,김성표,삼성,SS,9,17,2,2,0,100.0,1,0
2022,69418,박승규,삼성,SS,9,62,2,2,0,100.0,0,1
2022,78756,오선진,삼성,SS,9,100,4,2,2,50.0,1,0
2022,75334,오재일,삼성,SS,9,135,3,2,1,66.7,4,0
2022,61197,최영진,삼성,SS,9,43,4,2,2,50.0,0,0
2022,52405,조민성,삼성,SS,15,12,1,1,0,100.0,1,0
2022,74540,강민호,삼성,SS,16,130,0,0,0,,4,0
2022,68407,공민규,삼성,SS,16,15,0,0,0,,0,0
2022,66838,김동엽,삼성,SS,16,30,3,0,3,0.0,0,0
2022,51403,김동진,삼성,SS,16,5,0,0,0,,1,0
2022,52460,김서준,삼성,SS,16,1,0,0,0,,0,0
2022,52430,김영웅,삼성,SS,16,13,0,0,0,,0,0
2022,65132,김재성,삼성,SS,16,63,0,0,0,,4,0
2022,78122,김태군,삼성,SS,16,102,0,0,0,,2,0
2022,64407,김호재,삼성,SS,16,21,0,0,0,,0,0
2022,50411,박주혁,삼성,SS,16,2,0,0,0,,0,0
2022,64469,송준석,삼성,SS,16,17,0,0,0,,0,0
2022,66406,안주형,삼성,SS,16,18,0,0,0,,0,0
2022,75421,오승환,삼성,SS,16,3,0,0,0,,0,0
2022,73117,우규민,삼성,SS,16,1,0,0,0,,0,0
2022,68463,윤정빈,삼성,SS,16,13,0,0,0,,0,0
2022,69428,이병헌,삼성,SS,16,3,0,0,0,,0,0
2022,63960,이상민,삼성,SS,16,1,0,0,0,,0,0
2022,66409,이성규,삼성,SS,16,13,0,0,0,,0,0
2022,75566,이원석,삼성,SS,16,88,0,0,0,,5,0
2022,52415,이재현,삼성,SS,16,75,0,0,0,,2,0
2022,68466,이태훈,삼성,SS,16,10,0,0,0,,0,0
2022,69416,이해승,삼성,SS,16,46,0,0,0,,0,0
2022,65496,홍정우,삼성,SS,16,2,0,0,0,,0,0
2022,62907,박민우,NC,NC,1,104,25,21,4,84.0,9,1
2022,65462,김기환,NC,NC,2,73,16,14,2,87.5,1,3
2022,52904,마티니,NC,NC,3,139,16,12,4,75.0,5,0
2022,51907,김주원,NC,NC,4,96,13,10,3,76.9,2,1
2022,66928,박준영,NC,NC,5,75,9,7,2,77.8,2,0
2022,77532,손아섭,NC,NC,5,138,10,7,3,70.0,6,0
2022,65905,최승민,NC,NC,7,44,9,6,3,66.7,1,0
2022,76849,이명기,NC,NC,8,94,9,5,4,55.6,5,0
2022,79215,박건우,NC,NC,9,111,6,3,3,50.0,4,0
2022,69995,서호철,NC,NC,9,89,4,3,1,75.0,1,0
2022,76232,양의지,NC,NC,9,130,4,3,1,75.0,7,0
2022,63963,권희동,NC,NC,12,82,3,2,1,66.7,1,0
2022,62931,노진혁,NC,NC,12,115,2,2,0,100.0,5,0
2022,51996,오태양,NC,NC,12,15,4,2,2,50.0,0,0
2022,63905,윤형준,NC,NC,15,35,1,1,0,100.0,1,0
2022,61869,정진기,NC,NC,15,39,1,1,0,100.0,0,1
2022,67905,천재환,NC,NC,15,29,1,1,0,100.0,0,0
2022,67900,김수윤,NC,NC,18,10,0,0,0,,0,0
2022,60288,김응민,NC,NC,18,34,0,0,0,,0,0
2022,67954,김진호,NC,NC,18,1,0,0,0,,0,0
2022,50992,김태경,NC,NC,18,2,0,0,0,,0,0
2022,50902,김한별,NC,NC,18,24,1,0,1,0.0,0,0
2022,66965,도태훈,NC,NC,18,91,0,0,0,,2,1
2022,65949,류진욱,NC,NC,18,1,0,0,0,,0,0
2022,64944,박대온,NC,NC,18,59,0,0,0,,2,0
2022,74465,박석민,NC,NC,18,16,0,0,0,,0,0
2022,68904,오영수,NC,NC,18,83,5,0,5,0.0,1,0
2022,76118,원종현,NC,NC,18,1,0,0,0,,0,0
2022,51948,이용준,NC,NC,18,1,0,0,0,,0,0
2022,77211,이용찬,NC,NC,18,4,0,0,0,,0,0
2022,67993,이재용,NC,NC,18,8,0,0,0,,0,0
2022,78361,전민수,NC,NC,18,20,0,0,0,,1,0
2022,76720,정범모,NC,NC,18,5,0,0,0,,0,0
2022,68639,하준영,NC,NC,18,1,0,0,0,,0,0
2022,51994,한재승,NC,NC,18,1,0,0,0,,0,0
2022,64006,심우준,KT,KT,1,132,25,23,2,92.0,3,0
2022,64166,배정대,KT,KT,2,144,23,19,4,82.6,9,2
2022,64004,김민혁,KT,KT,3,132,15,6,9,40.0,3,1
2022,76313,황재균,KT,KT,3,141,9,6,3,66.7,3,1
2022,75125,박병호,KT,KT,5,124,8,5,3,62.5,3,0
2022,52009,알포드,KT,KT,5,80,6,5,1,83.3,6,1
2022,64868,조용호,KT,KT,5,131,9,5,4,55.6,4,0
2022,51003,권동진,KT,KT,8,48,4,4,0,100.0,1,0
2022,67005,홍현빈,KT,KT,8,61,4,4,0,100.0,0,0
2022,62558,김준태,KT,KT,10,98,2,2,0,100.0,2,0
2022,52025,라모스,KT,KT,10,18,2,2,0,100.0,1,0
2022,64504,오윤석,KT,KT,10,112,3,2,1,66.7,1,0
2022,66702,이시원,KT,KT,10,31,2,2,0,100.0,0,0
2022,64007,문상철,KT,KT,14,28,1,1,0,100.0,0,0
2022,68002,양승혁,KT,KT,14,11,2,1,1,50.0,0,1
2022,78548,장성우,KT,KT,14,117,1,1,0,100.0,0,0
2022,64115,장준원,KT,KT,14,35,1,1,0,100.0,0,0
2022,68050,강백호,KT,KT,18,62,0,0,0,,1,0
2022,68069,고명성,KT,KT,18,1,0,0,0,,0,0
2022,64014,김병희,KT,KT,18,41,3,0,3,0.0,1,0
2022,65062,김재윤,KT,KT,18,1,0,0,0,,0,0
2022,65040,김태훈,KT,KT,18,7,0,0,0,,0,0
2022,67063,문상인,KT,KT,18,12,0,0,0,,0,0
2022,50007,문상준,KT,KT,18,2,0,0,0,,0,0
2022,73113,박경수,KT,KT,18,100,0,0,0,,0,0
2022,52060,박영현,KT,KT,18,4,0,0,0,,0,0
2022,65516,배제성,KT,KT,18,1,0,0,0,,0,0
2022,64012,송민섭,KT,KT,18,119,2,0,2,0.0,0,0
2022,62556,신본기,KT,KT,18,74,1,0,1,0.0,0,0
2022,64017,심재민,KT,KT,18,2,0,0,0,,0,0
2022,51013,유준규,KT,KT,18,7,0,0,0,,0,0
2022,52063,이상우,KT,KT,18,1,0,0,0,,0,0
2022,67048,이정현,KT,KT,18,1,0,0,0,,0,0
2022,51009,전진영,KT,KT,18,4,0,0,0,,0,0
2022,68089,조대현,KT,KT,18,6,0,0,0,,0,0
2022,65060,주권,KT,KT,18,1,0,0,0,,0,0
2022,51060,지명성,KT,KT,18,1,0,0,0,,0,0
2022,50500,황성빈,롯데,LT,1,102,22,10,12,45.5,0,3
2022,62802,박승욱,롯데,LT,2,100,10,8,2,80.0,5,0
2022,79608,안치홍,롯데,LT,3,132,9,7,2,77.8,4,0
2022,52526,피터스,롯데,LT,3,85,11,7,4,63.6,4,1
2022,78513,전준우,롯데,LT,5,120,9,6,3,66.7,2,0
2022,68507,장두성,롯데,LT,6,53,5,4,1,80.0,3,1
2022,60523,정훈,롯데,LT,6,91,5,4,1,80.0,2,0
2022,52547,렉스,롯데,LT,8,56,3,3,0,100.0,5,0
2022,69508,신윤후,롯데,LT,8,49,4,3,1,75.0,0,0
2022,68504,이호연,롯데,LT,8,88,4,3,1,75.0,4,0
2022,69453,이학주,롯데,LT,11,91,6,2,4,33.3,2,1
2022,69517,고승민,롯데,LT,12,92,5,1,4,20.0,0,0
2022,68518,정보근,롯데,LT,12,95,1,1,0,100.0,4,0
2022,68362,추재현,롯데,LT,12,33,1,1,0,100.0,3,0
2022,52568,한태양,롯데,LT,12,38,1,1,0,100.0,2,0
2022,65515,강로한,롯데,LT,16,1,1,0,1,0.0,0,0
2022,79358,강윤구,롯데,LT,16,1,0,0,0,,0,0
2022,65514,강태율,롯데,LT,16,19,0,0,0,,2,0
2022,63543,구승민,롯데,LT,16,1,0,0,0,,0,0
2022,69500,김민수,롯데,LT,16,5,0,0,0,,0,0
2022,67504,김정율,롯데,LT,16,57,1,0,1,0.0,1,0
2022,52514,김세민,롯데,LT,16,4,0,0,0,,0,0
2022,62528,김원중,롯데,LT,16,1,0,0,0,,0,0
2022,65506,김재유,롯데,LT,16,1,0,0,0,,1,0
2022,65643,문경찬,롯데,LT,16,1,0,0,0,,0,0
2022,64501,배성근,롯데,LT,16,22,0,0,0,,0,0
2022,64022,안중열,롯데,LT,16,33,1,0,1,0.0,0,0
2022,52591,윤동희,롯데,LT,16,4,0,0,0,,0,0
2022,71564,이대호,롯데,LT,16,142,0,0,0,,6,0
2022,52516,조세진,롯데,LT,16,39,1,0,1,0.0,0,0
2022,64717,지시완,롯데,LT,16,75,0,0,0,,0,0
2022,68525,한동희,롯데,LT,16,129,0,0,0,,4,0
2022,64646,박찬호,KIA,HT,1,130,50,42,8,84.0,7,0
2022,52605,김도영,KIA,HT,2,103,16,13,3,81.3,7,0
2022,78603,김선빈,KIA,HT,2,140,15,13,2,86.7,10,0
2022,52630,소크라테스,KIA,HT,4,127,19,12,7,63.2,5,1
2022,62234,류지혁,KIA,HT,5,127,12,8,4,66.7,4,0
2022,62947,나성범,KIA,HT,6,144,7,6,1,85.7,5,0
2022,64560,이창진,KIA,HT,7,111,8,3,5,37.5,4,0
2022,65653,김호령,KIA,HT,8,54,3,2,1,66.7,1,0
2022,61353,고종욱,KIA,HT,9,62,1,1,0,100.0,1,0
2022,79365,박동원,KIA,HT,9,123,1,1,0,100.0,5,1
2022,63260,이우성,KIA,HT,9,80,4,1,3,25.0,1,1
2022,72443,최형우,KIA,HT,9,132,1,1,0,100.0,3,1
2022,51640,권다결,KIA,HT,13,2,0,0,0,,0,0
2022,66614,김규성,KIA,HT,13,70,0,0,0,,1,0
2022,67610,김석환,KIA,HT,13,51,0,0,0,,0,0
2022,51604,김선우,KIA,HT,13,3,0,0,0,,0,0
2022,64580,김재열,KIA,HT,13,1,0,0,0,,0,0
2022,78629,나지완,KIA,HT,13,2,0,0,0,,0,0
2022,66615,류승현,KIA,HT,13,3,0,0,0,,0,0
2022,50657,박민,KIA,HT,13,6,0,0,0,,0,0
2022,67609,박정우,KIA,HT,13,16,0,0,0,,1,1
2022,66662,신범수,KIA,HT,13,2,0,0,0,,0,0
2022,67644,이정훈,KIA,HT,13,6,0,0,0,,0,0
2022,66833,임석진,KIA,HT,13,10,0,0,0,,0,0
2022,65464,최정용,KIA,HT,13,30,0,0,0,,0,0
2022,63722,한승택,KIA,HT,13,66,0,0,0,,0,0
2022,65610,황대인,KIA,HT,13,129,0,0,0,,3,0
2022,66209,조수행,두산,OB,1,117,29,22,7,75.9,2,0
2022,79231,정수빈,두산,OB,2,127,23,15,8,65.2,4,1
2022,63123,강승호,두산,OB,3,134,18,13,5,72.2,2,1
2022,79240,허경민,두산,OB,4,121,13,10,3,76.9,6,1
2022,64468,박계범,두산,OB,5,77,8,5,3,62.5,3,0
2022,62925,강진성,두산,OB,6,40,4,4,0,100.0,1,0
2022,51203,안재석,두산,OB,6,99,4,4,0,100.0,4,0
2022,50202,안권수,두산,OB,8,76,7,3,4,42.9,3,0
2022,68205,전민재,두산,OB,8,35,3,3,0,100.0,1,0
2022,69238,김대한,두산,OB,10,51,3,2,1,66.7,2,0
2022,78224,김재환,두산,OB,10,128,3,2,1,66.7,5,0
2022,62244,박세혁,두산,OB,10,128,4,2,2,50.0,4,0
2022,63257,김인태,두산,OB,13,83,1,1,0,100.0,3,0
2022,64086,신성현,두산,OB,13,17,1,1,0,100.0,0,0
2022,64153,양석환,두산,OB,13,107,1,1,0,100.0,4,0
2022,77248,오재원,두산,OB,13,18,3,1,2,33.3,0,0
2022,67207,이유찬,두산,OB,13,13,2,1,1,50.0,0,0
2022,51269,강현구,두산,OB,18,3,0,0,0,,0,0
2022,68204,권민석,두산,OB,18,16,0,0,0,,0,0
2022,77263,김강률,두산,OB,18,5,0,0,0,,0,0
2022,51230,김동주,두산,OB,18,1,0,0,0,,0,0
2022,67246,김명신,두산,OB,18,3,0,0,0,,0,0
2022,65269,김민혁,두산,OB,18,38,0,0,0,,0,0
2022,74206,김재호,두산,OB,18,102,2,0,2,0.0,3,0
2022,60181,김지용,두산,OB,18,3,0,0,0,,0,0
2022,69207,김태근,두산,OB,18,2,1,0,1,0.0,0,0
2022,68249,박신지,두산,OB,18,1,0,0,0,,0,0
2022,67202,박유연,두산,OB,18,13,0,0,0,,0,0
2022,65639,박정수,두산,OB,18,1,0,0,0,,0,0
2022,66203,서예일,두산,OB,18,35,0,0,0,,1,0
2022,69203,송승환,두산,OB,18,11,0,0,0,,0,1
2022,64011,안승한,두산,OB,18,30,0,0,0,,1,0
2022,50293,양찬열,두산,OB,18,41,0,0,0,,1,0
2022,62242,윤명준,두산,OB,18,1,0,0,0,,0,0
2022,64805,이승진,두산,OB,18,1,0,0,0,,0,0
2022,78352,임창민,두산,OB,18,3,0,0,0,,0,0
2022,63202,장승현,두산,OB,18,60,0,0,0,,0,0
2022,74513,장원준,두산,OB,18,1,0,0,0,,0,0
2022,68242,정철원,두산,OB,18,2,0,0,0,,0,0
2022,64213,최용제,두산,OB,18,1,0,0,0,,0,0
2022,69209,페르난데스,두산,OB,18,139,0,0,0,,5,0
2022,61643,홍건희,두산,OB,18,7,0,0,0,,0,0
2022,66233,홍성호,두산,OB,18,12,0,0,0,,0,0
2022,67304,김혜성,키움,WO,1,129,41,34,7,82.9,4,1
2022,74163,이용규,키움,WO,2,86,14,12,2,85.7,7,0
2022,52366,푸이그,키움,WO,3,126,9,6,3,66.7,12,1
2022,67341,이정후,키움,WO,4,142,5,5,0,100.0,1,1
2022,69306,김주형,키움,WO,5,55,1,1,0,100.0,1,0
2022,63920,김준완,키움,WO,5,111,2,1,1,50.0,3,0
2022,64984,김태진,키움,WO,5,77,3,1,2,33.3,1,0
2022,67363,이병규,키움,WO,5,24,1,1,0,100.0,2,0
2022,79456,이지영,키움,WO,5,137,2,1,1,50.0,3,1
2022,64340,임지열,키움,WO,5,40,1,1,0,100.0,1,0
2022,64906,강민국,키움,WO,11,3,0,0,0,,0,0
2022,51301,김성진,키움,WO,11,2,0,0,0,,0,0
2022,68346,김수환,키움,WO,11,57,0,0,0,,0,1
2022,51303,김시앙,키움,WO,11,13,0,0,0,,0,0
2022,65898,김웅빈,키움,WO,11,45,2,0,2,0.0,0,0
2022,62332,김재현,키움,WO,11,56,0,0,0,,1,0
2022,62360,김태훈,키움,WO,11,1,0,0,0,,0,0
2022,51344,김휘집,키움,WO,11,112,0,0,0,,2,1
2022,52394,노운현,키움,WO,11,1,0,0,0,,0,0
2022,66305,박승주,키움,WO,11,1,0,0,0,,0,0
2022,69328,박주성,키움,WO,11,2,0,0,0,,0,0
2022,50357,박주홍,키움,WO,11,21,0,0,0,,0,0
2022,64657,박준태,키움,WO,11,52,0,0,0,,2,0
2022,52348,박찬혁,키움,WO,11,52,1,0,1,0.0,0,1
2022,65357,송성문,키움,WO,11,142,1,0,1,0.0,1,0
2022,50312,신준우,키움,WO,11,76,0,0,0,,0,0
2022,52308,애플러,키움,WO,11,1,0,0,0,,0,0
2022,68330,예진원,키움,WO,11,20,0,0,0,,0,0
2022,69366,이명기,키움,WO,11,2,0,0,0,,0,0
2022,51307,이재홍,키움,WO,11,4,0,0,0,,0,1
2022,51302,이주형,키움,WO,11,32,0,0,0,,0,0
2022,65586,전병우,키움,WO,11,115,0,0,0,,0,0
2022,64350,하영민,키움,WO,11,3,0,0,0,,0,0
2023,65207,신민재,LG,LG,1,122,54,37,17,68.5,6,1
2023,62415,박해민,LG,LG,2,144,38,26,12,68.4,11,2
2023,68119,문성주,LG,LG,3,136,38,24,14,63.2,6,2
2023,66108,홍창기,LG,LG,4,141,46,23,23,50.0,10,3
2023,79109,오지환,LG,LG,5,126,23,16,7,69.6,7,2
2023,69102,문보경,LG,LG,6,131,17,9,8,52.9,8,2
2023,65905,최승민,LG,LG,7,38,11,8,3,72.7,1,1
2023,53123,오스틴,LG,LG,8,139,10,7,3,70.0,5,2
2023,68106,이재원,LG,LG,9,57,6,4,2,66.7,0,0
2023,78168,서건창,LG,LG,10,44,6,3,3,50.0,3,0
2023,77564,김민성,LG,LG,11,112,3,2,1,66.7,2,0
2023,76290,김현수,LG,LG,11,133,3,2,1,66.7,5,0
2023,50150,손호영,LG,LG,11,27,3,2,1,66.7,0,0
2023,66112,김기연,LG,LG,14,28,1,1,0,100.0,1,0
2023,68110,송찬의,LG,LG,14,19,1,1,0,100.0,1,0
2023,79150,정주현,LG,LG,14,89,6,1,5,16.7,1,0
2023,67119,고우석,LG,LG,17,1,0,0,0,,0,0
2023,66145,김대현,LG,LG,17,2,0,0,0,,0,0
2023,53144,김범석,LG,LG,17,10,0,0,0,,0,0
2023,66162,김주성,LG,LG,17,11,0,0,0,,1,0
2023,79365,박동원,LG,LG,17,130,1,0,1,0.0,7,0
2023,53139,박명근,LG,LG,17,2,0,0,0,,0,0
2023,53105,송대현,LG,LG,17,4,0,0,0,,0,0
2023,65115,안익훈,LG,LG,17,11,0,0,0,,3,0
2023,67116,오석주,LG,LG,17,1,0,0,0,,0,0
2023,69134,이정용,LG,LG,17,1,0,0,0,,0,0
2023,61186,이천웅,LG,LG,17,4,0,0,0,,0,0
2023,67123,전준호,LG,LG,17,2,0,0,0,,0,0
2023,79140,최동환,LG,LG,17,3,0,0,0,,0,0
2023,77243,허도환,LG,LG,17,47,0,0,0,,0,0
2023,68700,이원석,한화,HH,1,81,16,13,3,81.3,3,0
2023,65703,이도윤,한화,HH,2,106,14,11,3,78.6,0,0
2023,68743,정은원,한화,HH,3,122,9,6,3,66.7,1,1
2023,66704,김태연,한화,HH,4,91,6,5,1,83.3,3,0
2023,53764,문현빈,한화,HH,4,137,6,5,1,83.3,6,3
2023,66657,이진영,한화,HH,4,121,5,5,0,100.0,4,1
2023,66706,장진혁,한화,HH,4,68,9,5,4,55.6,0,0
2023,52769,권광민,한화,HH,8,66,2,2,0,100.0,0,0
2023,63704,노수광,한화,HH,8,30,3,2,1,66.7,1,1
2023,69737,노시환,한화,HH,8,131,3,2,1,66.7,4,0
2023,78756,오선진,한화,HH,8,90,2,2,0,100.0,2,0
2023,66715,김인환,한화,HH,12,112,1,1,0,100.0,5,0
2023,66707,박상언,한화,HH,12,86,3,1,2,33.3,2,0
2023,53712,오그레디,한화,HH,12,22,1,1,0,100.0,0,0
2023,53716,윌리엄스,한화,HH,12,68,2,1,1,50.0,1,0
2023,69766,유로결,한화,HH,12,27,1,1,0,100.0,0,0
2023,76849,이명기,한화,HH,12,14,1,1,0,100.0,0,0
2023,52704,이상혁,한화,HH,12,7,2,1,1,50.0,0,0
2023,50707,최인호,한화,HH,12,41,1,1,0,100.0,1,1
2023,78288,최재훈,한화,HH,12,125,2,1,1,50.0,0,0
2023,50705,강재민,한화,HH,21,1,0,0,0,,0,0
2023,69702,김건,한화,HH,21,7,0,0,0,,0,0
2023,53754,김서현,한화,HH,21,1,0,0,0,,0,0
2023,67703,박상원,한화,HH,21,3,0,0,0,,0,0
2023,50709,박정현,한화,HH,21,53,0,0,0,,0,0
2023,52731,박준영,한화,HH,21,1,0,0,0,,0,0
2023,52705,유상빈,한화,HH,21,3,0,0,0,,0,0
2023,63464,윤대경,한화,HH,21,1,0,0,0,,0,0
2023,53795,이민준,한화,HH,21,4,0,0,0,,0,0
2023,64266,이성곤,한화,HH,21,8,0,0,0,,0,0
2023,67993,이재용,한화,HH,21,2,0,0,0,,0,0
2023,60768,이태양,한화,HH,21,1,0,0,0,,0,0
2023,63700,장운호,한화,HH,21,4,0,0,0,,0,0
2023,51706,장지승,한화,HH,21,3,0,0,0,,0,0
2023,74857,정우람,한화,HH,21,1,0,0,0,,0,0
2023,79192,채은성,한화,HH,21,137,0,0,0,,2,0
2023,62700,하주석,한화,HH,21,25,0,0,0,,0,0
2023,69706,허관회,한화,HH,21,10,0,0,0,,0,0
2023,50854,최지훈,SSG,SK,1,117,23,21,2,91.3,4,3
2023,60558,오태곤,SSG,SK,2,123,21,20,1,95.2,2,0
2023,53827,에레디아,SSG,SK,3,122,20,12,8,60.0,5,1
2023,69813,하재훈,SSG,SK,4,77,11,11,0,100.0,0,1
2023,75847,최정,SSG,SK,5,128,10,7,3,70.0,6,0
2023,51817,추신수,SSG,SK,6,112,10,6,4,60.0,4,0
2023,76802,김성현,SSG,SK,7,112,5,4,1,80.0,2,0
2023,67893,박성한,SSG,SK,7,128,5,4,1,80.0,4,3
2023,66864,안상현,SSG,SK,9,58,4,3,1,75.0,0,0
2023,71837,김강민,SSG,SK,10,70,3,2,1,66.7,2,0
2023,69802,최경모,SSG,SK,10,28,2,2,0,100.0,0,0
2023,68805,최상민,SSG,SK,10,51,4,2,2,50.0,1,0
2023,62895,한유섬,SSG,SK,10,109,3,2,1,66.7,1,1
2023,62925,강진성,SSG,SK,14,58,0,0,0,,0,0
2023,51868,고명준,SSG,SK,14,2,0,0,0,,0,0
2023,72523,고효준,SSG,SK,14,2,0,0,0,,0,0
2023,53844,김건웅,SSG,SK,14,1,0,0,0,,0,0
2023,62864,김민식,SSG,SK,14,122,0,0,0,,5,1
2023,53865,김정민,SSG,SK,14,8,0,0,0,,0,0
2023,66917,김찬형,SSG,SK,14,36,0,0,0,,0,0
2023,73211,노경은,SSG,SK,14,1,0,0,0,,0,0
2023,50868,류효승,SSG,SK,14,3,0,0,0,,0,0
2023,62869,문승원,SSG,SK,14,1,0,0,0,,0,0
2023,69839,백승건,SSG,SK,14,1,0,0,0,,0,0
2023,61895,서진용,SSG,SK,14,3,0,0,0,,0,0
2023,64861,이건욱,SSG,SK,14,1,0,0,0,,0,0
2023,76812,이재원,SSG,SK,14,27,0,0,0,,0,0
2023,67807,이정범,SSG,SK,14,15,0,0,0,,0,0
2023,63440,이흥련,SSG,SK,14,16,0,0,0,,0,0
2023,62611,임준섭,SSG,SK,14,1,0,0,0,,0,0
2023,50820,전의산,SSG,SK,14,56,2,0,2,0.0,0,0
2023,51865,조형우,SSG,SK,14,62,0,0,0,,1,0
2023,69804,채현우,SSG,SK,14,1,0,0,0,,0,0
2023,68856,최민준,SSG,SK,14,1,0,0,0,,0,0
2023,76267,최주환,SSG,SK,14,134,0,0,0,,5,0
2023,68868,최준우,SSG,SK,14,38,1,0,1,0.0,0,0
2023,62884,최항,SSG,SK,14,21,0,0,0,,1,0
2023,62234,류지혁,삼성,SS,1,132,28,26,2,92.9,7,2
2023,67449,김성윤,삼성,SS,2,101,24,20,4,83.3,1,0
2023,50458,김지찬,삼성,SS,3,99,14,13,1,92.9,4,1
2023,62404,구자욱,삼성,SS,4,119,16,12,4,75.0,4,2
2023,74540,강민호,삼성,SS,5,125,7,6,1,85.7,5,0
2023,51463,피렐라,삼성,SS,5,139,10,6,4,60.0,7,1
2023,51417,김현준,삼성,SS,7,109,10,5,5,50.0,4,1
2023,52415,이재현,삼성,SS,7,143,9,5,4,55.6,8,0
2023,66409,이성규,삼성,SS,9,109,7,4,3,57.1,1,0
2023,51403,김동진,삼성,SS,10,44,3,3,0,100.0,2,1
2023,64407,김호재,삼성,SS,11,75,2,2,0,100.0,0,1
2023,64610,강한울,삼성,SS,12,72,4,1,3,25.0,1,0
2023,66838,김동엽,삼성,SS,12,69,2,1,1,50.0,2,0
2023,52430,김영웅,삼성,SS,12,55,1,1,0,100.0,0,0
2023,75334,오재일,삼성,SS,12,106,1,1,0,100.0,3,1
2023,68463,윤정빈,삼성,SS,12,28,1,1,0,100.0,1,0
2023,53460,강준서,삼성,SS,17,10,1,0,1,0.0,0,0
2023,68407,공민규,삼성,SS,17,22,0,0,0,,1,0
2023,61365,김대우,삼성,SS,17,1,0,0,0,,0,0
2023,69442,김도환,삼성,SS,17,9,0,0,0,,0,0
2023,64793,김민수,삼성,SS,17,2,0,0,0,,0,0
2023,52402,김상민,삼성,SS,17,8,0,0,0,,0,0
2023,52460,김서준,삼성,SS,17,1,0,0,0,,0,0
2023,53400,김재상,삼성,SS,17,17,0,0,0,,0,0
2023,65132,김재성,삼성,SS,17,57,1,0,1,0.0,0,0
2023,65040,김태훈,삼성,SS,17,11,1,0,1,0.0,0,0
2023,62360,김태훈,삼성,SS,17,2,0,0,0,,0,0
2023,61404,김헌곤,삼성,SS,17,6,0,0,0,,0,0
2023,53404,류승민,삼성,SS,17,24,0,0,0,,1,0
2023,64469,송준석,삼성,SS,17,7,0,0,0,,0,0
2023,66406,안주형,삼성,SS,17,53,0,0,0,,2,0
2023,75421,오승환,삼성,SS,17,3,0,0,0,,0,0
2023,69428,이병헌,삼성,SS,17,23,0,0,0,,0,0
2023,63960,이상민,삼성,SS,17,1,0,0,0,,0,0
2023,51454,이승현,삼성,SS,17,2,0,0,0,,0,0
2023,60146,이승현,삼성,SS,17,2,0,0,0,,0,0
2023,63492,이재익,삼성,SS,17,1,0,0,0,,0,0
2023,68466,이태훈,삼성,SS,17,12,0,0,0,,0,0
2023,69416,이해승,삼성,SS,17,9,0,0,0,,0,0
2023,52405,조민성,삼성,SS,17,15,1,0,1,0.0,2,0
2023,62907,박민우,NC,NC,1,124,33,26,7,78.8,4,1
2023,51907,김주원,NC,NC,2,127,18,15,3,83.3,6,1
2023,53955,마틴,NC,NC,2,118,18,15,3,83.3,9,1
2023,77532,손아섭,NC,NC,4,140,17,14,3,82.4,4,1
2023,79215,박건우,NC,NC,5,130,12,7,5,58.3,5,0
2023,62934,김성욱,NC,NC,6,93,7,6,1,85.7,0,1
2023,50906,박영빈,NC,NC,7,41,6,4,2,66.7,2,0
2023,69995,서호철,NC,NC,7,114,9,4,5,44.4,3,1
2023,69992,최정원,NC,NC,7,39,5,4,1,80.0,1,0
2023,68904,오영수,NC,NC,10,70,6,3,3,50.0,3,1
2023,51996,오태양,NC,NC,10,21,6,3,3,50.0,1,0
2023,63963,권희동,NC,NC,12,96,2,2,0,100.0,5,0
2023,66965,도태훈,NC,NC,12,117,3,2,1,66.7,2,0
2023,67905,천재환,NC,NC,12,78,5,2,3,40.0,1,0
2023,64101,한석현,NC,NC,12,27,3,2,1,66.7,1,1
2023,62244,박세혁,NC,NC,16,88,2,1,1,50.0,1,0
2023,63905,윤형준,NC,NC,16,82,2,1,1,50.0,1,0
2023,67900,김수윤,NC,NC,18,16,0,0,0,,0,0
2023,68928,김시훈,NC,NC,18,1,0,0,0,,0,0
2023,50902,김한별,NC,NC,18,79,3,0,3,0.0,1,0
2023,68912,김형준,NC,NC,18,26,0,0,0,,0,0
2023,65949,류진욱,NC,NC,18,2,0,0,0,,0,0
2023,64944,박대온,NC,NC,18,25,0,0,0,,0,0
2023,74465,박석민,NC,NC,18,30,0,0,0,,1,0
2023,69900,박주찬,NC,NC,18,5,0,0,0,,0,0
2023,53992,박한결,NC,NC,18,12,0,0,0,,0,0
2023,64022,안중열,NC,NC,18,77,0,0,0,,2,0
2023,51991,오장한,NC,NC,18,3,0,0,0,,0,0
2023,77211,이용찬,NC,NC,18,2,0,0,0,,0,0
2023,69969,전사민,NC,NC,18,1,0,0,0,,0,0
2023,51701,조현진,NC,NC,18,10,0,0,0,,0,0
2023,65241,채원후,NC,NC,18,1,0,0,0,,0,0
2023,68909,최보성,NC,NC,18,12,0,0,0,,0,0
2023,51994,한재승,NC,NC,18,1,0,0,0,,0,0
2023,52009,알포드,KT,KT,1,133,21,17,4,81.0,12,1
2023,64166,배정대,KT,KT,2,97,16,13,3,81.3,3,0
2023,64004,김민혁,KT,KT,3,113,15,11,4,73.3,5,0
2023,67006,안치영,KT,KT,4,76,8,7,1,87.5,0,0
2023,79402,김상수,KT,KT,5,129,11,5,6,45.5,4,2
2023,68504,이호연,KT,KT,6,85,6,4,2,66.7,3,0
2023,64868,조용호,KT,KT,6,63,4,4,0,100.0,3,0
2023,68050,강백호,KT,KT,8,71,3,3,0,100.0,4,0
2023,64007,문상철,KT,KT,8,112,4,3,1,75.0,3,0
2023,64012,송민섭,KT,KT,8,69,4,3,1,75.0,1,0
2023,64504,오윤석,KT,KT,8,82,4,3,1,75.0,0,1
2023,64115,장준원,KT,KT,8,69,3,3,0,100.0,0,0
2023,76313,황재균,KT,KT,8,109,6,3,3,50.0,2,1
2023,75125,박병호,KT,KT,14,132,2,2,0,100.0,4,0
2023,60566,이상호,KT,KT,14,63,2,2,0,100.0,1,0
2023,67005,홍현빈,KT,KT,14,44,2,2,0,100.0,0,0
2023,62558,김준태,KT,KT,17,69,1,1,0,100.0,1,0
2023,78548,장성우,KT,KT,17,131,2,1,1,50.0,2,0
2023,69064,강민성,KT,KT,19,12,0,0,0,,0,0
2023,50066,강현우,KT,KT,19,53,1,0,1,0.0,0,0
2023,68043,김민,KT,KT,19,1,0,0,0,,0,0
2023,52002,김병준,KT,KT,19,3,0,0,0,,0,0
2023,64014,김병희,KT,KT,19,5,0,0,0,,0,0
2023,51097,김영현,KT,KT,19,1,0,0,0,,0,0
2023,65062,김재윤,KT,KT,19,5,0,0,0,,0,0
2023,53036,류현인,KT,KT,19,17,0,0,0,,0,0
2023,67063,문상인,KT,KT,19,1,0,0,0,,0,0
2023,50007,문상준,KT,KT,19,2,0,0,0,,0,0
2023,73113,박경수,KT,KT,19,107,0,0,0,,4,0
2023,69056,박민석,KT,KT,19,4,0,0,0,,0,0
2023,52060,박영현,KT,KT,19,3,0,0,0,,0,0
2023,53057,손민석,KT,KT,19,9,0,0,0,,0,0
2023,62556,신본기,KT,KT,19,40,1,0,1,0.0,1,0
2023,69054,이상동,KT,KT,19,1,0,0,0,,0,0
2023,69068,이선우,KT,KT,19,1,0,0,0,,0,0
2023,66702,이시원,KT,KT,19,29,1,0,1,0.0,1,0
2023,68896,이채호,KT,KT,19,1,0,0,0,,0,0
2023,53058,정준영,KT,KT,19,34,0,0,0,,0,0
2023,78517,하준호,KT,KT,19,1,0,0,0,,0,0
2023,53554,김민석,롯데,LT,1,129,19,16,3,84.2,3,2
2023,50202,안권수,롯데,LT,1,95,23,16,7,69.6,2,2
2023,62802,박승욱,롯데,LT,3,123,19,15,4,78.9,1,0
2023,78513,전준우,롯데,LT,4,138,11,9,2,81.8,7,0
2023,50500,황성빈,롯데,LT,4,74,14,9,5,64.3,0,1
2023,69517,고승민,롯데,LT,6,94,11,8,3,72.7,2,0
2023,62931,노진혁,롯데,LT,7,113,9,7,2,77.8,2,0
2023,69453,이학주,롯데,LT,8,104,5,4,1,80.0,1,0
2023,79608,안치홍,롯데,LT,9,121,6,3,3,50.0,3,1
2023,52591,윤동희,롯데,LT,9,107,9,3,6,33.3,2,3
2023,68507,장두성,롯데,LT,11,25,2,2,0,100.0,1,1
2023,60523,정훈,롯데,LT,11,80,2,2,0,100.0,2,0
2023,52504,김동혁,롯데,LT,13,15,1,1,0,100.0,0,0
2023,53587,배영빈,롯데,LT,13,18,1,1,0,100.0,0,0
2023,69508,신윤후,롯데,LT,13,28,1,1,0,100.0,0,0
2023,61102,유강남,롯데,LT,13,121,2,1,1,50.0,6,0
2023,67644,이정훈,롯데,LT,13,59,2,1,1,50.0,1,1
2023,68518,정보근,롯데,LT,13,55,1,1,0,100.0,0,1
2023,68525,한동희,롯데,LT,13,108,4,1,3,25.0,3,0
2023,53506,구드럼,롯데,LT,20,50,0,0,0,,1,0
2023,79290,국해성,롯데,LT,20,6,0,0,0,,1,0
2023,67504,김정율,롯데,LT,20,25,0,0,0,,0,0
2023,76430,김태혁,롯데,LT,20,1,0,0,0,,0,0
2023,62528,김원중,롯데,LT,20,3,0,0,0,,0,0
2023,52547,렉스,롯데,LT,20,55,1,0,1,0.0,3,0
2023,51803,박형준,롯데,LT,20,1,0,0,0,,0,0
2023,53569,서동욱,롯데,LT,20,13,0,0,0,,0,0
2023,51528,손성빈,롯데,LT,20,45,0,0,0,,1,0
2023,53505,윤수녕,롯데,LT,20,3,0,0,0,,0,0
2023,53568,정대선,롯데,LT,20,19,0,0,0,,0,0
2023,64717,지시완,롯데,LT,20,6,0,0,0,,0,0
2023,64718,최설우,롯데,LT,20,1,0,0,0,,0,0
2023,64646,박찬호,KIA,HT,1,130,38,30,8,78.9,5,1
2023,52605,김도영,KIA,HT,2,84,29,25,4,86.2,2,2
2023,52630,소크라테스,KIA,HT,3,142,21,15,6,71.4,3,1
2023,66606,최원준,KIA,HT,4,67,18,13,5,72.2,1,1
2023,64560,이창진,KIA,HT,5,104,11,9,2,81.8,1,0
2023,63260,이우성,KIA,HT,6,126,9,8,1,88.9,7,0
2023,66614,김규성,KIA,HT,7,99,8,6,2,75.0,0,1
2023,65464,최정용,KIA,HT,8,56,4,4,0,100.0,1,0
2023,78603,김선빈,KIA,HT,9,119,4,3,1,75.0,4,0
2023,61353,고종욱,KIA,HT,10,114,4,2,2,50.0,0,0
2023,78122,김태군,KIA,HT,10,114,3,2,1,66.7,5,0
2023,65653,김호령,KIA,HT,12,76,1,1,0,100.0,0,0
2023,69620,김기훈,KIA,HT,13,1,0,0,0,,0,0
2023,67610,김석환,KIA,HT,13,12,0,0,0,,0,0
2023,51604,김선우,KIA,HT,13,5,0,0,0,,0,0
2023,62947,나성범,KIA,HT,13,58,0,0,0,,5,0
2023,67609,박정우,KIA,HT,13,21,0,0,0,,0,0
2023,63638,박준표,KIA,HT,13,1,0,0,0,,0,0
2023,69727,변우혁,KIA,HT,13,83,0,0,0,,0,0
2023,66662,신범수,KIA,HT,13,36,0,0,0,,1,0
2023,69636,오선우,KIA,HT,13,33,0,0,0,,0,0
2023,52667,윤도현,KIA,HT,13,1,0,0,0,,0,0
2023,68619,윤중현,KIA,HT,13,1,0,0,0,,0,0
2023,50662,정해영,KIA,HT,13,2,0,0,0,,0,0
2023,66354,주효상,KIA,HT,13,19,0,0,0,,0,0
2023,72443,최형우,KIA,HT,13,121,0,0,0,,4,0
2023,63722,한승택,KIA,HT,13,49,0,0,0,,0,0
2023,68646,한준수,KIA,HT,13,48,0,0,0,,0,0
2023,50600,홍종표,KIA,HT,13,40,0,0,0,,0,0
2023,65610,황대인,KIA,HT,13,60,0,0,0,,1,0
2023,52641,황동하,KIA,HT,13,1,0,0,0,,0,0
2023,79231,정수빈,두산,OB,1,137,47,39,8,83.0,5,3
2023,66209,조수행,두산,OB,2,126,32,26,6,81.3,4,0
2023,63123,강승호,두산,OB,3,127,19,13,6,68.4,4,1
2023,67207,이유찬,두산,OB,4,104,17,12,5,70.6,3,1
2023,79240,허경민,두산,OB,5,130,12,9,3,75.0,3,1
2023,76232,양의지,두산,OB,6,129,8,8,0,100.0,7,1
2023,74206,김재호,두산,OB,7,91,4,4,0,100.0,2,0
2023,64153,양석환,두산,OB,7,140,4,4,0,100.0,9,0
2023,78224,김재환,두산,OB,9,132,4,3,1,75.0,4,0
2023,50293,양찬열,두산,OB,9,44,5,3,2,60.0,0,0
2023,63257,김인태,두산,OB,11,47,3,2,1,66.7,2,0
2023,64468,박계범,두산,OB,11,78,4,2,2,50.0,1,2
2023,66928,박준영,두산,OB,11,51,3,2,1,66.7,0,0
2023,51203,안재석,두산,OB,11,27,2,2,0,100.0,1,2
2023,69238,김대한,두산,OB,15,33,4,1,3,25.0,0,0
2023,50204,박지훈,두산,OB,15,22,1,1,0,100.0,1,0
2023,64011,안승한,두산,OB,15,22,1,1,0,100.0,0,0
2023,63202,장승현,두산,OB,15,76,1,1,0,100.0,0,0
2023,68204,권민석,두산,OB,19,1,0,0,0,,0,0
2023,68200,김민규,두산,OB,19,1,0,0,0,,0,0
2023,65269,김민혁,두산,OB,19,21,0,0,0,,0,0
2023,68830,김정우,두산,OB,19,1,0,0,0,,0,0
2023,69207,김태근,두산,OB,19,41,3,0,3,0.0,0,0
2023,53211,로하스,두산,OB,19,122,1,0,1,0.0,5,0
2023,68249,박신지,두산,OB,19,1,0,0,0,,0,0
2023,67202,박유연,두산,OB,19,10,0,0,0,,0,0
2023,65639,박정수,두산,OB,19,2,0,0,0,,0,0
2023,67266,박치국,두산,OB,19,1,0,0,0,,0,0
2023,66203,서예일,두산,OB,19,5,0,0,0,,0,0
2023,69203,송승환,두산,OB,19,30,1,0,1,0.0,1,0
2023,64086,신성현,두산,OB,19,12,1,0,1,0.0,0,0
2023,62951,이형범,두산,OB,19,2,0,0,0,,0,0
2023,68205,전민재,두산,OB,19,19,3,0,3,0.0,0,0
2023,68242,정철원,두산,OB,19,3,0,0,0,,0,0
2023,51264,최승용,두산,OB,19,2,0,0,0,,0,0
2023,61643,홍건희,두산,OB,19,4,0,0,0,,0,0
2023,66233,홍성호,두산,OB,19,21,1,0,1,0.0,0,0
2023,67304,김혜성,키움,WO,1,137,28,25,3,89.3,6,2
2023,53327,도슨,키움,WO,2,57,11,9,2,81.8,2,0
2023,67341,이정후,키움,WO,3,86,9,6,3,66.7,1,1
2023,64346,임병욱,키움,WO,4,80,4,4,0,100.0,4,0
2023,50167,이주형,키움,WO,5,69,4,3,1,75.0,0,1
2023,74163,이용규,키움,WO,6,50,3,2,1,66.7,2,0
2023,50350,러셀,키움,WO,7,59,1,1,0,100.0,1,0
2023,50357,박주홍,키움,WO,7,27,1,1,0,100.0,1,0
2023,65357,송성문,키움,WO,7,104,1,1,0,100.0,1,0
2023,79456,이지영,키움,WO,7,81,2,1,1,50.0,0,0
2023,64340,임지열,키움,WO,7,72,1,1,0,100.0,2,0
2023,53312,김건희,키움,WO,12,9,0,0,0,,0,0
2023,53164,김동규,키움,WO,12,1,0,0,0,,0,0
2023,53344,김동헌,키움,WO,12,102,0,0,0,,1,0
2023,50360,김동혁,키움,WO,12,2,0,0,0,,0,0
2023,50304,김병휘,키움,WO,12,10,0,0,0,,0,0
2023,66018,김선기,키움,WO,12,2,0,0,0,,0,0
2023,51301,김성진,키움,WO,12,2,0,0,0,,0,0
2023,68346,김수환,키움,WO,12,50,0,0,0,,0,0
2023,51303,김시앙,키움,WO,12,33,0,0,0,,1,1
2023,65898,김웅빈,키움,WO,12,29,0,0,0,,2,0
2023,67391,김재웅,키움,WO,12,1,0,0,0,,0,0
2023,62332,김재현,키움,WO,12,8,0,0,0,,1,0
2023,69306,김주형,키움,WO,12,46,0,0,0,,0,0
2023,63920,김준완,키움,WO,12,76,0,0,0,,2,0
2023,51393,김준형,키움,WO,12,1,0,0,0,,0,0
2023,64984,김태진,키움,WO,12,74,0,0,0,,2,0
2023,51344,김휘집,키움,WO,12,110,0,0,0,,2,0
2023,60336,문성현,키움,WO,12,2,0,0,0,,0,0
2023,52305,박수종,키움,WO,12,23,0,0,0,,0,0
2023,64657,박준태,키움,WO,12,14,0,0,0,,0,0
2023,52348,박찬혁,키움,WO,12,48,0,0,0,,0,1
2023,53303,송재선,키움,WO,12,5,0,0,0,,0,0
2023,50312,신준우,키움,WO,12,24,0,0,0,,0,0
2023,61268,양현,키움,WO,12,2,0,0,0,,0,0
2023,68330,예진원,키움,WO,12,16,0,0,0,,0,0
2023,76118,원종현,키움,WO,12,2,0,0,0,,0,0
2023,69399,윤정현,키움,WO,12,3,0,0,0,,0,0
2023,52397,이명종,키움,WO,12,3,0,0,0,,0,0
2023,67363,이병규,키움,WO,12,7,0,0,0,,0,0
2023,53302,이승원,키움,WO,12,4,0,0,0,,0,0
2023,75566,이원석,키움,WO,12,89,1,0,1,0.0,2,0
2023,78135,이형종,키움,WO,12,99,0,0,0,,4,0
2023,78352,임창민,키움,WO,12,2,0,0,0,,0,0
2023,65586,전병우,키움,WO,12,41,0,0,0,,0,0
2023,69332,주성원,키움,WO,12,25,0,0,0,,1,1
2023,64350,하영민,키움,WO,12,3,0,0,0,,0,0
2023,53375,후라도,키움,WO,12,1,0,0,0,,0,0
2024,62415,박해민,LG,LG,1,144,56,43,13,76.8,4,4
2024,65207,신민재,LG,LG,2,128,43,32,11,74.4,7,0
2024,79109,오지환,LG,LG,3,108,21,17,4,81.0,4,0
2024,68119,문성주,LG,LG,4,96,20,13,7,65.0,5,0
2024,53123,오스틴,LG,LG,5,140,20,12,8,60.0,6,1
2024,65905,최승민,LG,LG,6,57,18,11,7,61.1,1,2
2024,66108,홍창기,LG,LG,7,139,21,10,11,47.6,8,1
2024,69100,구본혁,LG,LG,8,133,12,8,4,66.7,4,0
2024,69102,문보경,LG,LG,9,144,13,7,6,53.8,2,2
2024,76290,김현수,LG,LG,10,137,7,6,1,85.7,7,1
2024,52103,최원영,LG,LG,10,57,10,6,4,60.0,1,1
2024,54164,김대원,LG,LG,12,19,3,2,1,66.7,1,0
2024,65115,안익훈,LG,LG,12,37,2,2,0,100.0,0,0
2024,79365,박동원,LG,LG,14,130,1,1,0,100.0,6,0
2024,68110,송찬의,LG,LG,14,10,1,1,0,100.0,0,0
2024,66145,김대현,LG,LG,16,3,0,0,0,,0,0
2024,67504,김정율,LG,LG,16,19,0,0,0,,0,0
2024,53144,김범석,LG,LG,16,70,0,0,0,,1,0
2024,52105,김성우,LG,LG,16,4,0,0,0,,0,0
2024,69105,김성진,LG,LG,16,14,0,0,0,,1,0
2024,50115,김수인,LG,LG,16,4,0,0,0,,0,0
2024,68130,김영준,LG,LG,16,1,0,0,0,,0,0
2024,64596,김유영,LG,LG,16,2,0,0,0,,0,0
2024,66162,김주성,LG,LG,16,12,0,0,0,,0,0
2024,75867,김진성,LG,LG,16,4,0,0,0,,0,0
2024,54166,김현종,LG,LG,16,17,0,0,0,,0,0
2024,53139,박명근,LG,LG,16,1,0,0,0,,0,0
2024,65109,백승현,LG,LG,16,3,0,0,0,,0,0
2024,50106,유영찬,LG,LG,16,8,0,0,0,,0,0
2024,51100,이영빈,LG,LG,16,31,1,0,1,0.0,1,0
2024,50904,이종준,LG,LG,16,2,0,0,0,,0,0
2024,52154,이주헌,LG,LG,16,3,0,0,0,,0,0
2024,69108,이지강,LG,LG,16,4,0,0,0,,0,0
2024,69113,임준형,LG,LG,16,1,0,0,0,,0,0
2024,67123,전준호,LG,LG,16,3,0,0,0,,0,0
2024,69159,정우영,LG,LG,16,1,0,0,0,,0,0
2024,54148,진우영,LG,LG,16,1,0,0,0,,0,0
2024,79140,최동환,LG,LG,16,1,0,0,0,,0,0
2024,54112,최명경,LG,LG,16,1,0,0,0,,0,0
2024,63248,함덕주,LG,LG,16,1,0,0,0,,0,0
2024,50108,함창건,LG,LG,16,15,0,0,0,,0,0
2024,77243,허도환,LG,LG,16,59,1,0,1,0.0,2,0
2024,66706,장진혁,한화,HH,1,99,20,14,6,70.0,0,2
2024,68700,이원석,한화,HH,2,87,10,8,2,80.0,4,0
2024,54730,페라자,한화,HH,3,122,12,7,5,58.3,5,0
2024,69737,노시환,한화,HH,4,136,6,6,0,100.0,3,0
2024,65703,이도윤,한화,HH,4,134,10,6,4,60.0,2,1
2024,66704,김태연,한화,HH,6,126,7,5,2,71.4,5,0
2024,52704,이상혁,한화,HH,6,43,7,5,2,71.4,0,1
2024,54795,황영묵,한화,HH,8,123,11,4,7,36.4,2,0
2024,53764,문현빈,한화,HH,9,103,8,3,5,37.5,4,1
2024,79608,안치홍,한화,HH,9,128,5,3,2,60.0,2,0
2024,50707,최인호,한화,HH,9,82,3,3,0,100.0,3,0
2024,68743,정은원,한화,HH,12,27,2,2,0,100.0,1,0
2024,66707,박상언,한화,HH,13,27,1,1,0,100.0,0,0
2024,79192,채은성,한화,HH,13,124,2,1,1,50.0,6,0
2024,62700,하주석,한화,HH,13,64,3,1,2,33.3,2,0
2024,52769,권광민,한화,HH,16,19,0,0,0,,0,0
2024,71837,김강민,한화,HH,16,41,0,0,0,,0,0
2024,53754,김서현,한화,HH,16,1,0,0,0,,0,0
2024,66715,김인환,한화,HH,16,51,0,0,0,,1,0
2024,67703,박상원,한화,HH,16,2,0,0,0,,0,0
2024,69766,유로결,한화,HH,16,23,1,0,1,0.0,1,1
2024,76849,이명기,한화,HH,16,4,0,0,0,,0,0
2024,76812,이재원,한화,HH,16,72,0,0,0,,2,0
2024,66657,이진영,한화,HH,16,42,1,0,1,0.0,0,0
2024,50704,임종찬,한화,HH,16,24,1,0,1,0.0,0,1
2024,51762,장규현,한화,HH,16,9,0,0,0,,0,0
2024,79764,장민재,한화,HH,16,1,0,0,0,,0,0
2024,65707,주현상,한화,HH,16,2,0,0,0,,0,0
2024,78288,최재훈,한화,HH,16,116,0,0,0,,1,0
2024,52710,한경빈,한화,HH,16,1,0,0,0,,0,0
2024,50854,최지훈,SSG,SK,1,125,37,32,5,86.5,2,0
2024,60558,오태곤,SSG,SK,2,117,31,27,4,87.1,0,1
2024,54812,정준재,SSG,SK,3,88,21,16,5,76.2,4,0
2024,69813,하재훈,SSG,SK,4,107,17,15,2,88.2,1,0
2024,67893,박성한,SSG,SK,5,137,16,13,3,81.3,4,1
2024,54805,박지환,SSG,SK,6,76,11,8,3,72.7,4,0
2024,79456,이지영,SSG,SK,6,123,9,8,1,88.9,0,0
2024,69802,최경모,SSG,SK,8,50,9,6,3,66.7,0,0
2024,75847,최정,SSG,SK,9,129,6,5,1,83.3,4,0
2024,51817,추신수,SSG,SK,9,78,6,5,1,83.3,3,0
2024,53827,에레디아,SSG,SK,11,136,7,4,3,57.1,7,0
2024,51868,고명준,SSG,SK,12,106,7,3,4,42.9,1,1
2024,76802,김성현,SSG,SK,13,71,2,2,0,100.0,0,0
2024,68805,최상민,SSG,SK,13,43,3,2,1,66.7,0,0
2024,69825,김창평,SSG,SK,15,6,1,1,0,100.0,0,0
2024,66864,안상현,SSG,SK,15,37,2,1,1,50.0,0,0
2024,54815,정현승,SSG,SK,15,23,1,1,0,100.0,1,0
2024,62925,강진성,SSG,SK,18,16,0,0,0,,0,0
2024,62864,김민식,SSG,SK,18,45,0,0,0,,1,0
2024,66917,김찬형,SSG,SK,18,5,0,0,0,,0,0
2024,50868,류효승,SSG,SK,18,1,0,0,0,,0,0
2024,62869,문승원,SSG,SK,18,6,0,0,0,,0,0
2024,64893,박민호,SSG,SK,18,1,0,0,0,,0,0
2024,66662,신범수,SSG,SK,18,11,0,0,0,,0,0
2024,53892,이로운,SSG,SK,18,3,0,0,0,,0,0
2024,50820,전의산,SSG,SK,18,34,1,0,1,0.0,0,0
2024,51897,조병현,SSG,SK,18,3,0,0,0,,0,0
2024,51865,조형우,SSG,SK,18,19,0,0,0,,0,0
2024,69804,채현우,SSG,SK,18,1,0,0,0,,0,0
2024,65157,최민창,SSG,SK,18,7,0,0,0,,0,0
2024,68868,최준우,SSG,SK,18,18,0,0,0,,0,0
2024,68092,한두솔,SSG,SK,18,1,0,0,0,,0,0
2024,62895,한유섬,SSG,SK,18,132,1,0,1,0.0,0,0
2024,50840,현원회,SSG,SK,18,1,0,0,0,,0,0
2024,50458,김지찬,삼성,SS,1,135,46,42,4,91.3,1,2
2024,62404,구자욱,삼성,SS,2,129,17,13,4,76.5,10,1
2024,62234,류지혁,삼성,SS,3,100,15,11,4,73.3,4,1
2024,52430,김영웅,삼성,SS,4,126,11,9,2,81.8,1,0
2024,66409,이성규,삼성,SS,4,122,11,9,2,81.8,1,0
2024,53400,김재상,삼성,SS,6,35,4,4,0,100.0,1,0
2024,61404,김헌곤,삼성,SS,6,117,6,4,2,66.7,1,0
2024,75125,박병호,삼성,SS,6,120,4,4,0,100.0,1,0
2024,66406,안주형,삼성,SS,6,82,6,4,2,66.7,2,0
2024,74540,강민호,삼성,SS,10,136,3,3,0,100.0,7,0
2024,67449,김성윤,삼성,SS,10,32,4,3,1,75.0,0,0
2024,52424,김재혁,삼성,SS,12,35,4,2,2,50.0,2,0
2024,51417,김현준,삼성,SS,12,79,2,2,0,100.0,1,0
2024,52415,이재현,삼성,SS,12,109,3,2,1,66.7,2,0
2024,54424,맥키넌,삼성,SS,15,72,1,1,0,100.0,2,0
2024,68463,윤정빈,삼성,SS,15,69,4,1,3,25.0,0,0
2024,64610,강한울,삼성,SS,17,18,0,0,0,,0,0
2024,68407,공민규,삼성,SS,17,12,0,0,0,,0,0
2024,61365,김대우,삼성,SS,17,1,0,0,0,,0,0
2024,69442,김도환,삼성,SS,17,1,0,0,0,,0,0
2024,66838,김동엽,삼성,SS,17,8,0,0,0,,0,0
2024,51403,김동진,삼성,SS,17,30,0,0,0,,0,0
2024,64793,김민수,삼성,SS,17,9,0,0,0,,0,0
2024,65132,김재성,삼성,SS,17,10,0,0,0,,0,0
2024,65062,김재윤,삼성,SS,17,3,0,0,0,,0,0
2024,65040,김태훈,삼성,SS,17,12,0,0,0,,0,0
2024,62360,김태훈,삼성,SS,17,1,0,0,0,,0,0
2024,54460,김호진,삼성,SS,17,26,0,0,0,,1,0
2024,54400,디아즈,삼성,SS,17,29,0,0,0,,1,0
2024,53404,류승민,삼성,SS,17,5,0,0,0,,0,0
2024,54408,양도근,삼성,SS,17,16,0,0,0,,0,0
2024,69403,양우현,삼성,SS,17,7,0,0,0,,0,0
2024,75421,오승환,삼성,SS,17,2,0,0,0,,0,0
2024,54404,육선엽,삼성,SS,17,1,0,0,0,,0,0
2024,69428,이병헌,삼성,SS,17,95,0,0,0,,1,0
2024,63960,이상민,삼성,SS,17,1,0,0,0,,0,0
2024,51407,이창용,삼성,SS,17,9,0,0,0,,0,0
2024,65586,전병우,삼성,SS,17,58,1,0,1,0.0,0,0
2024,67421,최지광,삼성,SS,17,1,0,0,0,,0,0
2024,54444,카디네스,삼성,SS,17,7,1,0,1,0.0,0,0
2024,62907,박민우,NC,NC,1,121,39,32,7,82.1,6,4
2024,51907,김주원,NC,NC,2,134,22,16,6,72.7,5,0
2024,62934,김성욱,NC,NC,3,129,14,10,4,71.4,0,1
2024,67905,천재환,NC,NC,4,89,10,8,2,80.0,3,0
2024,69992,최정원,NC,NC,5,65,10,7,3,70.0,4,0
2024,77532,손아섭,NC,NC,6,84,8,6,2,75.0,4,0
2024,63963,권희동,NC,NC,7,123,4,4,0,100.0,3,1
2024,51344,김휘집,NC,NC,7,140,7,4,3,57.1,4,2
2024,79215,박건우,NC,NC,7,89,4,4,0,100.0,0,0
2024,62244,박세혁,NC,NC,7,82,4,4,0,100.0,1,0
2024,50996,박시원,NC,NC,11,55,3,3,0,100.0,1,1
2024,50906,박영빈,NC,NC,12,19,3,2,1,66.7,0,0
2024,64101,한석현,NC,NC,12,40,3,2,1,66.7,1,0
2024,66965,도태훈,NC,NC,14,100,1,1,0,100.0,1,0
2024,69995,서호철,NC,NC,14,141,4,1,3,25.0,9,0
2024,69980,김범준,NC,NC,16,5,0,0,0,,0,0
2024,54905,김세훈,NC,NC,16,7,0,0,0,,0,0
2024,67900,김수윤,NC,NC,16,9,0,0,0,,0,0
2024,68900,김영규,NC,NC,16,1,0,0,0,,0,0
2024,64580,김재열,NC,NC,16,1,0,0,0,,0,0
2024,50902,김한별,NC,NC,16,40,0,0,0,,0,0
2024,68912,김형준,NC,NC,16,119,0,0,0,,3,1
2024,54944,데이비슨,NC,NC,16,131,1,0,1,0.0,4,0
2024,65949,류진욱,NC,NC,16,1,0,0,0,,0,0
2024,53992,박한결,NC,NC,16,28,0,0,0,,0,0
2024,69962,송명기,NC,NC,16,1,0,0,0,,0,0
2024,69203,송승환,NC,NC,16,3,0,0,0,,0,0
2024,53991,신용석,NC,NC,16,2,0,0,0,,0,0
2024,64022,안중열,NC,NC,16,10,0,0,0,,0,0
2024,68904,오영수,NC,NC,16,20,0,0,0,,0,0
2024,51994,한재승,NC,NC,16,1,0,0,0,,0,0
2024,50903,한재환,NC,NC,16,7,0,0,0,,0,0
2024,64166,배정대,KT,KT,1,113,16,9,7,56.3,4,1
2024,64006,심우준,KT,KT,2,53,8,7,1,87.5,1,0
2024,50054,천성호,KT,KT,2,75,7,7,0,100.0,2,1
2024,68050,강백호,KT,KT,4,144,8,6,2,75.0,6,0
2024,64007,문상철,KT,KT,4,125,7,6,1,85.7,1,1
2024,78548,장성우,KT,KT,6,131,5,5,0,100.0,3,0
2024,64868,조용호,KT,KT,6,60,6,5,1,83.3,1,1
2024,64004,김민혁,KT,KT,8,115,6,4,2,66.7,3,0
2024,76313,황재균,KT,KT,8,137,10,4,6,40.0,4,0
2024,79402,김상수,KT,KT,10,113,5,3,2,60.0,1,0
2024,67025,로하스,KT,KT,11,144,3,2,1,66.7,7,0
2024,62556,신본기,KT,KT,11,84,2,2,0,100.0,0,0
2024,53006,강건,KT,KT,13,1,0,0,0,,0,0
2024,69064,강민성,KT,KT,13,1,0,0,0,,0,0
2024,50066,강현우,KT,KT,13,18,0,0,0,,0,0
2024,51003,권동진,KT,KT,13,9,0,0,0,,0,0
2024,51005,김건형,KT,KT,13,13,0,0,0,,0,0
2024,68043,김민,KT,KT,13,1,0,0,0,,0,0
2024,52002,김병준,KT,KT,13,35,0,0,0,,1,0
2024,51097,김영현,KT,KT,13,1,0,0,0,,0,0
2024,62558,김준태,KT,KT,13,23,0,0,0,,0,0
2024,73113,박경수,KT,KT,13,5,0,0,0,,0,0
2024,69056,박민석,KT,KT,13,20,1,0,1,0.0,0,0
2024,66047,박세진,KT,KT,13,1,0,0,0,,0,0
2024,60559,박시영,KT,KT,13,1,0,0,0,,0,0
2024,52060,박영현,KT,KT,13,6,0,0,0,,0,0
2024,50109,성재헌,KT,KT,13,2,0,0,0,,0,0
2024,69041,손동현,KT,KT,13,2,0,0,0,,0,0
2024,64012,송민섭,KT,KT,13,36,1,0,1,0.0,0,0
2024,67006,안치영,KT,KT,13,31,1,0,1,0.0,0,0
2024,52001,안현민,KT,KT,13,16,0,0,0,,0,0
2024,64504,오윤석,KT,KT,13,73,1,0,1,0.0,0,0
2024,75334,오재일,KT,KT,13,105,0,0,0,,3,0
2024,73117,우규민,KT,KT,13,2,0,0,0,,0,0
2024,50092,윤준혁,KT,KT,13,13,0,0,0,,0,0
2024,69068,이선우,KT,KT,13,3,0,0,0,,0,0
2024,68504,이호연,KT,KT,13,27,0,0,0,,0,0
2024,64115,장준원,KT,KT,13,17,0,0,0,,0,0
2024,53058,정준영,KT,KT,13,43,0,0,0,,0,0
2024,68089,조대현,KT,KT,13,26,0,0,0,,0,0
2024,65060,주권,KT,KT,13,2,0,0,0,,0,0
2024,67005,홍현빈,KT,KT,13,28,0,0,0,,0,0
2024,50500,황성빈,롯데,LT,1,125,61,51,10,83.6,6,4
2024,68507,장두성,롯데,LT,2,71,17,14,3,82.4,2,0
2024,50150,손호영,롯데,LT,3,102,11,7,4,63.6,2,2
2024,52591,윤동희,롯데,LT,3,141,15,7,8,46.7,8,0
2024,69517,고승민,롯데,LT,5,120,9,5,4,55.6,6,0
2024,54529,레이예스,롯데,LT,5,144,5,5,0,100.0,5,1
2024,62802,박승욱,롯데,LT,7,139,9,4,5,44.4,7,0
2024,52504,김동혁,롯데,LT,8,39,4,3,1,75.0,0,2
2024,53554,김민석,롯데,LT,8,41,4,3,1,75.0,0,0
2024,78513,전준우,롯데,LT,8,109,4,3,1,75.0,3,1
2024,51551,나승엽,롯데,LT,11,121,1,1,0,100.0,3,0
2024,60523,정훈,롯데,LT,11,109,2,1,1,50.0,2,1
2024,68362,추재현,롯데,LT,11,2,1,1,0,100.0,0,0
2024,54567,강성우,롯데,LT,14,2,1,0,1,0.0,0,0
2024,54506,강승구,롯데,LT,14,5,0,0,0,,0,0
2024,65514,강태율,롯데,LT,14,10,0,0,0,,0,0
2024,65522,김강현,롯데,LT,14,2,0,0,0,,0,0
2024,77564,김민성,롯데,LT,14,35,1,0,1,0.0,0,0
2024,76430,김태혁,롯데,LT,14,1,0,0,0,,0,0
2024,62528,김원중,롯데,LT,14,1,0,0,0,,0,0
2024,62931,노진혁,롯데,LT,14,73,0,0,0,,0,0
2024,54507,백두산,롯데,LT,14,1,0,0,0,,0,0
2024,53569,서동욱,롯데,LT,14,33,0,0,0,,0,0
2024,51528,손성빈,롯데,LT,14,86,0,0,0,,2,0
2024,69508,신윤후,롯데,LT,14,39,0,0,0,,1,1
2024,78756,오선진,롯데,LT,14,26,0,0,0,,0,0
2024,61102,유강남,롯데,LT,14,52,0,0,0,,2,0
2024,54595,이선우,롯데,LT,14,7,0,0,0,,0,0
2024,50608,이인한,롯데,LT,14,5,0,0,0,,0,0
2024,67644,이정훈,롯데,LT,14,65,0,0,0,,1,0
2024,51560,이주찬,롯데,LT,14,17,0,0,0,,0,0
2024,69453,이학주,롯데,LT,14,43,1,0,1,0.0,2,0
2024,54598,이호준,롯데,LT,14,12,0,0,0,,0,0
2024,53568,정대선,롯데,LT,14,3,0,0,0,,0,0
2024,68518,정보근,롯데,LT,14,89,0,0,0,,0,0
2024,62884,최항,롯데,LT,14,72,1,0,1,0.0,1,1
2024,68525,한동희,롯데,LT,14,14,0,0,0,,1,0
2024,68260,현도훈,롯데,LT,14,2,0,0,0,,0,0
2024,52605,김도영,KIA,HT,1,141,44,40,4,90.9,5,1
2024,66606,최원준,KIA,HT,2,136,30,21,9,70.0,3,1
2024,64646,박찬호,KIA,HT,3,134,33,20,13,60.6,4,1
2024,52630,소크라테스,KIA,HT,4,140,18,13,5,72.2,11,1
2024,63260,이우성,KIA,HT,5,112,8,7,1,87.5,5,0
2024,78603,김선빈,KIA,HT,6,116,6,5,1,83.3,1,0
2024,50600,홍종표,KIA,HT,6,100,7,5,2,71.4,0,0
2024,64560,이창진,KIA,HT,8,103,7,4,3,57.1,1,0
2024,65653,김호령,KIA,HT,9,64,5,3,2,60.0,1,0
2024,78168,서건창,KIA,HT,9,94,4,3,1,75.0,5,0
2024,66614,김규성,KIA,HT,11,27,1,1,0,100.0,0,0
2024,69727,변우혁,KIA,HT,11,69,1,1,0,100.0,1,0
2024,52667,윤도현,KIA,HT,11,6,1,1,0,100.0,0,0
2024,72443,최형우,KIA,HT,11,116,2,1,1,50.0,1,0
2024,61353,고종욱,KIA,HT,15,28,0,0,0,,0,0
2024,53609,곽도규,KIA,HT,15,1,0,0,0,,0,0
2024,54614,김두현,KIA,HT,15,3,0,0,0,,0,0
2024,54645,김민주,KIA,HT,15,1,0,0,0,,0,0
2024,63894,김사윤,KIA,HT,15,1,0,0,0,,0,0
2024,66492,김승현,KIA,HT,15,1,0,0,0,,0,0
2024,78122,김태군,KIA,HT,15,105,0,0,0,,3,0
2024,62947,나성범,KIA,HT,15,102,0,0,0,,1,0
2024,50657,박민,KIA,HT,15,16,1,0,1,0.0,0,0
2024,67609,박정우,KIA,HT,15,66,1,0,1,0.0,1,0
2024,68330,예진원,KIA,HT,15,22,0,0,0,,0,0
2024,69636,오선우,KIA,HT,15,3,0,0,0,,0,0
2024,62951,이형범,KIA,HT,15,1,0,0,0,,0,0
2024,66609,전상현,KIA,HT,15,1,0,0,0,,0,0
2024,50662,정해영,KIA,HT,15,2,0,0,0,,0,0
2024,65464,최정용,KIA,HT,15,6,0,0,0,,0,0
2024,52639,최지민,KIA,HT,15,2,0,0,0,,0,0
2024,63722,한승택,KIA,HT,15,20,0,0,0,,0,0
2024,68646,한준수,KIA,HT,15,115,0,0,0,,2,0
2024,65610,황대인,KIA,HT,15,3,0,0,0,,0,0
2024,52641,황동하,KIA,HT,15,1,0,0,0,,0,0
2024,66209,조수행,두산,OB,1,130,72,64,8,88.9,2,2
2024,79231,정수빈,두산,OB,2,136,65,52,13,80.0,7,1
2024,63123,강승호,두산,OB,3,140,21,16,5,76.2,3,0
2024,67207,이유찬,두산,OB,3,103,22,16,6,72.7,5,1
2024,68205,전민재,두산,OB,5,100,10,7,3,70.0,4,0
2024,64153,양석환,두산,OB,6,142,8,5,3,62.5,2,0
2024,79240,허경민,두산,OB,6,115,6,5,1,83.3,3,0
2024,54295,제러드,두산,OB,8,38,4,4,0,100.0,3,0
2024,52025,라모스,두산,OB,9,80,6,3,3,50.0,4,0
2024,54205,여동건,두산,OB,9,9,3,3,0,100.0,2,0
2024,66928,박준영,두산,OB,11,65,2,2,0,100.0,1,0
2024,76232,양의지,두산,OB,11,119,3,2,1,66.7,8,0
2024,69238,김대한,두산,OB,13,61,2,1,1,50.0,3,0
2024,78224,김재환,두산,OB,13,136,2,1,1,50.0,1,0
2024,64468,박계범,두산,OB,13,24,1,1,0,100.0,1,0
2024,54214,전다민,두산,OB,13,25,2,1,1,50.0,1,0
2024,66233,홍성호,두산,OB,13,15,1,1,0,100.0,0,0
2024,50203,권휘,두산,OB,18,1,0,0,0,,0,0
2024,77263,김강률,두산,OB,18,1,0,0,0,,0,0
2024,66112,김기연,두산,OB,18,95,2,0,2,0.0,3,0
2024,51230,김동주,두산,OB,18,1,0,0,0,,0,0
2024,67246,김명신,두산,OB,18,3,0,0,0,,0,0
2024,68200,김민규,두산,OB,18,1,0,0,0,,0,0
2024,65269,김민혁,두산,OB,18,5,0,0,0,,0,0
2024,63257,김인태,두산,OB,18,10,0,0,0,,0,0
2024,74206,김재호,두산,OB,18,57,0,0,0,,1,0
2024,69207,김태근,두산,OB,18,43,1,0,1,0.0,2,0
2024,54263,김택연,두산,OB,18,1,0,0,0,,0,0
2024,68269,김호준,두산,OB,18,2,0,0,0,,0,0
2024,54219,류현준,두산,OB,18,2,0,0,0,,0,0
2024,53204,박민준,두산,OB,18,5,0,0,0,,0,0
2024,65639,박정수,두산,OB,18,1,0,0,0,,0,0
2024,67266,박치국,두산,OB,18,3,0,0,0,,0,0
2024,66203,서예일,두산,OB,18,24,0,0,0,,0,0
2024,64011,안승한,두산,OB,18,4,0,0,0,,0,0
2024,50293,양찬열,두산,OB,18,11,0,0,0,,0,0
2024,50208,오명진,두산,OB,18,2,0,0,0,,0,0
2024,53296,윤준호,두산,OB,18,3,0,0,0,,0,0
2024,69205,이교훈,두산,OB,18,5,0,0,0,,0,0
2024,52204,이병헌,두산,OB,18,1,0,0,0,,0,0
2024,66291,이영하,두산,OB,18,2,0,0,0,,0,0
2024,54236,임종성,두산,OB,18,1,0,0,0,,0,0
2024,50244,장규빈,두산,OB,18,3,0,0,0,,0,0
2024,63202,장승현,두산,OB,18,9,1,0,1,0.0,0,0
2024,68242,정철원,두산,OB,18,2,0,0,0,,0,0
2024,51264,최승용,두산,OB,18,1,0,0,0,,0,0
2024,52206,최지강,두산,OB,18,2,0,0,0,,0,0
2024,61643,홍건희,두산,OB,18,5,0,0,0,,0,0
2024,67304,김혜성,키움,WO,1,127,36,30,6,83.3,6,1
2024,65357,송성문,키움,WO,2,142,21,21,0,100.0,3,1
2024,50167,이주형,키움,WO,3,115,6,6,0,100.0,2,0
2024,52305,박수종,키움,WO,4,80,3,3,0,100.0,2,0
2024,53327,도슨,키움,WO,5,95,4,2,2,50.0,5,0
2024,50357,박주홍,키움,WO,5,25,2,2,0,100.0,0,0
2024,54307,원성준,키움,WO,5,51,2,2,0,100.0,0,0
2024,74163,이용규,키움,WO,5,60,4,2,2,50.0,3,0
2024,62332,김재현,키움,WO,9,110,2,1,1,50.0,0,0
2024,78135,이형종,키움,WO,9,35,1,1,0,100.0,1,0
2024,64346,임병욱,키움,WO,9,42,1,1,0,100.0,0,0
2024,54344,고영우,키움,WO,12,94,0,0,0,,1,0
2024,53312,김건희,키움,WO,12,83,0,0,0,,1,0
2024,50393,김동욱,키움,WO,12,1,0,0,0,,0,0
2024,53344,김동헌,키움,WO,12,2,0,0,0,,0,0
2024,50304,김병휘,키움,WO,12,28,0,0,0,,0,0
2024,66018,김선기,키움,WO,12,1,0,0,0,,0,0
2024,68346,김수환,키움,WO,12,2,0,0,0,,0,0
2024,51303,김시앙,키움,WO,12,6,0,0,0,,0,0
2024,54368,김연주,키움,WO,12,4,0,0,0,,0,0
2024,65898,김웅빈,키움,WO,12,12,0,0,0,,0,0
2024,54319,김윤하,키움,WO,12,1,0,0,0,,0,0
2024,67391,김재웅,키움,WO,12,2,0,0,0,,0,0
2024,69306,김주형,키움,WO,12,22,1,0,1,0.0,1,0
2024,64984,김태진,키움,WO,12,81,0,0,0,,0,0
2024,60336,문성현,키움,WO,12,1,0,0,0,,0,0
2024,54304,박범준,키움,WO,12,1,0,0,0,,0,0
2024,53305,박성빈,키움,WO,12,12,0,0,0,,0,0
2024,69363,박준형,키움,WO,12,4,0,0,0,,0,0
2024,68305,변상권,키움,WO,12,77,0,0,0,,1,0
2024,54394,송지후,키움,WO,12,2,0,0,0,,0,0
2024,50312,신준우,키움,WO,12,1,0,0,0,,0,0
2024,54306,심휘윤,키움,WO,12,1,0,0,0,,0,0
2024,67365,양지율,키움,WO,12,1,0,0,0,,0,0
2024,67116,오석주,키움,WO,12,1,0,0,0,,0,0
2024,76118,원종현,키움,WO,12,1,0,0,0,,0,0
2024,69399,윤정현,키움,WO,12,1,0,0,0,,0,0
2024,53302,이승원,키움,WO,12,20,0,0,0,,0,0
2024,75566,이원석,키움,WO,12,39,0,0,0,,0,0
2024,54305,이재상,키움,WO,12,36,0,0,0,,1,0
2024,64340,임지열,키움,WO,12,22,0,0,0,,0,1
2024,51359,장재영,키움,WO,12,38,0,0,0,,1,0
2024,69332,주성원,키움,WO,12,27,0,0,0,,0,0
2024,52330,주승우,키움,WO,12,5,0,0,0,,0,0
2024,76267,최주환,키움,WO,12,130,1,0,1,0.0,3,0
