season_year,player_id,player_name,team_name,team_code,rank_no,era,g,w,l,sv,hld,wpct,ip,h,hr,bb,hbp,so,r,er,whip,cg,sho,qs,bsv,tbf,np,avg,double_hit,triple_hit,sac,sf,ibb,wp,bk,gs,wgs,wgr,gf,svo,ts,gdp,go_count,ao_count,go_ao,babip,p_g,p_ip,k9,bb9,k_bb,obp,slg,ops
2018,68159,성동현,LG,LG,1,0.0,1,1,0,0,0,1.0,1/3,1,0,0,0,0,0,0,3.0,0,0,0,0,2,11,0.5,0,0,0,0,0,0,0,0,0,1,0,0,0,0,0,1,0.0,0.5,11.0,33.0,0.0,0.0,,0.5,0.5,1.0
2018,61891,임정우,LG,LG,1,0.0,2,0,0,0,0,,2/3,1,0,2,0,1,0,0,4.5,0,0,0,0,5,24,0.333,1,0,0,0,0,0,0,0,0,0,0,0,0,0,0,1,0.0,0.5,12.0,36.0,13.5,27.0,0.5,0.6,0.667,1.267
2018,60105,배민관,LG,LG,3,1.64,8,0,0,0,0,,11,9,0,4,2,11,2,2,1.18,0,0,0,0,51,209,0.209,3,0,0,2,0,3,0,0,0,0,5,0,0,0,12,13,0.92,0.265,26.1,19.0,9.0,3.27,2.75,0.294,0.279,0.573
2018,68135,윌슨,LG,LG,4,3.07,26,9,4,0,0,0.692,170,158,11,35,6,149,63,58,1.14,1,1,20,0,689,2632,0.247,23,3,6,3,1,10,1,26,9,0,1,0,0,16,219,116,1.89,0.305,101.2,15.5,7.89,1.85,4.26,0.291,0.344,0.635
2018,62698,소사,LG,LG,5,3.52,27,9,9,0,0,0.5,181 1/3,192,16,28,4,181,83,71,1.21,1,1,18,0,760,2751,0.267,44,1,2,6,1,6,0,27,9,0,1,0,0,14,158,195,0.81,0.333,101.9,15.2,8.98,1.39,6.46,0.296,0.397,0.693
2018,62146,최성훈,LG,LG,6,3.78,24,0,0,0,3,,16 2/3,17,4,9,1,14,7,7,1.56,0,0,0,0,74,270,0.27,4,0,1,0,1,2,0,0,0,0,2,4,0,3,23,9,2.56,0.289,11.3,16.2,7.56,4.86,1.56,0.37,0.524,0.894
2018,61329,윤지웅,LG,LG,7,4.26,10,0,0,0,0,,6 1/3,9,0,3,3,4,4,3,1.89,0,0,0,0,33,123,0.333,2,0,0,0,0,0,0,0,0,0,3,0,0,0,10,4,2.5,0.391,12.3,19.4,5.68,4.26,1.33,0.455,0.407,0.862
2018,68130,김영준,LG,LG,8,4.35,14,2,1,0,0,0.667,20 2/3,19,3,15,3,16,12,10,1.65,0,0,0,0,100,396,0.238,0,0,1,1,0,3,0,2,0,2,5,0,0,1,24,22,1.09,0.258,28.3,19.2,6.97,6.53,1.07,0.374,0.35,0.724
2018,63145,배재준,LG,LG,9,4.42,16,1,0,0,0,1.0,38 2/3,34,3,20,1,41,24,19,1.4,0,0,1,0,174,726,0.225,11,1,0,2,0,3,0,5,1,0,2,0,0,1,35,43,0.81,0.284,45.4,18.8,9.54,4.66,2.05,0.316,0.371,0.687
2018,79140,최동환,LG,LG,10,4.62,28,1,0,0,1,1.0,37,33,6,11,3,28,19,19,1.19,0,0,0,0,156,607,0.237,7,0,2,1,0,4,0,0,0,1,5,1,0,3,32,47,0.68,0.255,21.7,16.4,6.81,2.68,2.55,0.305,0.417,0.722
2018,79825,여건욱,LG,LG,11,4.76,18,0,0,0,0,,22 2/3,27,1,8,4,15,13,12,1.54,0,0,0,0,103,399,0.314,9,0,1,4,1,3,0,1,0,0,9,0,0,2,17,31,0.55,0.351,22.2,17.6,5.96,3.18,1.88,0.382,0.453,0.835
2018,79339,전인환,LG,LG,11,4.76,5,0,0,0,0,,5 2/3,7,0,3,0,4,3,3,1.76,0,0,0,0,25,98,0.318,1,0,0,0,0,0,0,0,0,0,1,0,0,1,3,8,0.38,0.389,19.6,17.3,6.35,4.76,1.33,0.4,0.364,0.764
2018,78148,정찬헌,LG,LG,13,4.85,66,5,3,27,0,0.625,65,76,5,24,7,50,36,35,1.54,0,0,0,6,299,1105,0.287,14,0,2,1,3,2,0,0,0,5,55,33,6,3,70,70,1.0,0.336,16.7,17.0,6.92,3.32,2.08,0.36,0.396,0.756
2018,60181,김지용,LG,LG,14,5.36,48,5,6,1,13,0.455,47,52,10,9,2,42,30,28,1.3,0,0,0,6,198,759,0.284,9,1,1,3,1,1,0,0,0,5,11,17,0,4,36,56,0.64,0.313,15.8,16.1,8.04,1.72,4.67,0.32,0.508,0.828
2018,67122,김태형,LG,LG,15,5.4,2,0,0,0,0,,1 2/3,2,1,1,0,1,1,1,1.8,0,0,0,0,8,48,0.286,0,0,0,0,0,0,0,0,0,0,1,0,0,0,2,2,1.0,0.2,24.0,28.8,5.4,5.4,1.0,0.375,0.714,1.089
2018,61101,임찬규,LG,LG,16,5.77,29,11,11,1,0,0.5,146 2/3,195,23,47,13,125,104,94,1.65,0,0,9,0,680,2640,0.321,32,1,7,6,1,6,0,27,11,0,1,0,0,9,152,141,1.08,0.37,91.0,18.0,7.67,2.88,2.66,0.379,0.491,0.87
2018,60140,신정락,LG,LG,17,5.86,49,3,7,0,5,0.3,50 2/3,59,5,17,6,56,37,33,1.5,0,0,0,0,227,854,0.298,8,0,5,1,0,3,0,1,0,3,8,7,0,7,44,40,1.1,0.391,17.4,16.9,9.95,3.02,3.29,0.369,0.414,0.783
2018,67119,고우석,LG,LG,18,5.91,56,3,5,0,3,0.375,67,69,10,37,5,44,51,44,1.58,0,0,0,3,312,1182,0.262,12,2,3,4,0,2,1,0,0,3,23,8,0,4,75,79,0.95,0.277,21.1,17.6,5.91,4.97,1.19,0.359,0.437,0.796
2018,76455,차우찬,LG,LG,19,6.09,29,12,10,0,0,0.545,170,177,27,79,10,136,119,115,1.51,1,0,13,0,762,2956,0.269,36,4,4,10,2,10,0,29,12,0,1,0,0,11,148,208,0.71,0.296,101.9,17.4,7.2,4.18,1.72,0.351,0.458,0.809
2018,76650,진해수,LG,LG,20,7.21,66,2,3,0,14,0.4,43 2/3,63,7,13,4,37,37,35,1.74,0,0,0,2,210,762,0.335,6,1,4,1,2,1,0,0,0,2,3,19,0,0,44,45,0.98,0.386,11.5,17.5,7.63,2.68,2.85,0.388,0.489,0.877
2018,66145,김대현,LG,LG,21,7.54,25,2,10,0,0,0.167,105,145,15,48,9,64,95,88,1.84,0,0,3,0,496,1984,0.334,25,5,3,2,0,7,2,21,2,0,0,0,0,14,104,123,0.85,0.364,79.4,18.9,5.49,4.11,1.33,0.41,0.518,0.928
2018,71118,이동현,LG,LG,22,7.93,36,2,1,0,4,0.667,36 1/3,49,6,7,3,23,35,32,1.54,0,0,0,0,167,568,0.322,10,0,3,2,0,0,0,0,0,2,7,4,0,2,43,39,1.1,0.344,15.8,15.6,5.7,1.73,3.29,0.36,0.507,0.867
2018,67143,손주영,LG,LG,23,8.49,4,0,2,0,0,0.0,11 2/3,13,0,14,2,7,11,11,2.31,0,0,0,0,62,272,0.283,3,0,0,0,0,1,0,3,0,0,0,0,0,2,14,12,1.17,0.333,68.0,23.3,5.4,10.8,0.5,0.468,0.348,0.816
2018,60845,문광은,LG,LG,24,12.15,6,0,1,0,0,0.0,6 2/3,11,3,5,0,5,9,9,2.4,0,0,0,0,35,132,0.379,1,0,0,1,0,0,0,0,0,0,0,0,0,1,8,6,1.33,0.364,22.0,19.8,6.75,6.75,1.0,0.457,0.724,1.181
2018,64155,임지섭,LG,LG,25,25.07,2,0,2,0,0,0.0,4 2/3,11,3,7,0,4,13,13,3.86,0,0,0,0,32,134,0.44,2,0,0,0,0,3,0,2,0,0,0,0,0,0,5,5,1.0,0.444,67.0,28.7,7.71,13.5,0.57,0.563,0.88,1.443
2018,62918,김태형,LG,LG,26,36.0,1,0,0,0,0,,1,2,0,4,0,0,4,4,6.0,0,0,0,0,8,37,0.5,1,0,0,0,0,1,0,0,0,0,0,0,0,0,0,2,0.0,0.5,37.0,37.0,0.0,36.0,0.0,0.75,0.75,1.5
2018,61145,이우찬,LG,LG,27,54.0,3,0,0,0,0,,2/3,3,0,3,1,0,4,4,9.0,0,0,0,0,9,32,0.6,2,0,0,0,0,1,0,0,0,0,0,0,0,0,1,1,1.0,0.6,10.7,48.0,0.0,40.5,0.0,0.778,1.0,1.778
2018,63765,김종수,한화,HH,1,1.8,3,0,0,0,0,,5,3,1,0,0,1,1,1,0.6,0,0,0,0,18,72,0.176,0,0,0,1,0,0,0,0,0,0,2,0,0,0,3,11,0.27,0.125,24.0,14.4,1.8,0.0,,0.167,0.353,0.52
2018,67703,박상원,한화,HH,2,2.1,69,4,2,0,9,0.667,60,59,3,21,4,62,17,14,1.33,0,0,0,0,256,1033,0.26,13,0,1,3,1,3,0,0,0,4,19,10,0,6,55,54,1.02,0.339,15.0,17.2,9.3,3.15,2.95,0.329,0.357,0.686
2018,73801,송은범,한화,HH,3,2.5,68,7,4,1,10,0.636,79 1/3,77,2,33,5,61,29,22,1.39,0,0,0,3,341,1289,0.257,9,1,1,2,2,8,0,0,0,7,7,19,0,11,120,44,2.73,0.314,19.0,16.2,6.92,3.74,1.85,0.338,0.313,0.651
2018,60768,이태양,한화,HH,4,2.84,63,4,2,0,12,0.667,79 1/3,66,10,23,4,85,30,25,1.12,0,0,0,1,325,1306,0.224,11,1,2,2,2,4,0,0,0,4,13,14,0,6,64,81,0.79,0.279,20.7,16.5,9.64,2.61,3.7,0.288,0.371,0.659
2018,74857,정우람,한화,HH,5,3.4,55,5,3,35,0,0.625,53,49,6,12,2,56,22,20,1.15,0,0,0,4,220,888,0.245,9,0,1,5,1,1,0,0,0,5,54,39,1,2,26,74,0.35,0.301,16.1,16.8,9.51,2.04,4.67,0.288,0.38,0.668
2018,67762,김성훈,한화,HH,6,3.58,10,0,2,0,0,0.0,27 2/3,25,2,11,3,28,12,11,1.3,0,0,1,0,118,481,0.245,5,0,1,1,0,3,0,5,0,0,3,0,0,3,25,25,1.0,0.315,48.1,17.4,9.11,3.58,2.55,0.333,0.353,0.686
2018,62611,임준섭,한화,HH,7,4.32,10,1,0,0,0,1.0,8 1/3,8,1,6,1,6,4,4,1.68,0,0,0,0,34,144,0.308,2,0,0,1,0,0,0,0,0,1,1,0,0,5,9,4,2.25,0.35,14.4,17.3,6.48,6.48,1.0,0.441,0.5,0.941
2018,68794,헤일,한화,HH,8,4.34,12,3,4,0,0,0.429,66 1/3,68,8,17,4,55,35,32,1.28,0,0,6,0,277,1125,0.269,10,0,2,1,0,3,0,12,3,0,0,0,0,7,86,45,1.91,0.314,93.8,17.0,7.46,2.31,3.24,0.324,0.403,0.727
2018,79764,장민재,한화,HH,9,4.68,34,6,2,0,1,0.75,59 2/3,62,7,23,1,42,33,31,1.42,0,0,0,0,266,969,0.261,14,2,2,2,0,1,0,3,1,5,8,1,0,2,65,71,0.92,0.288,28.5,16.2,6.34,3.47,1.83,0.326,0.424,0.75
2018,68748,샘슨,한화,HH,10,4.68,30,13,8,0,0,0.619,161 2/3,144,17,79,5,195,91,84,1.38,0,0,15,0,703,3047,0.234,26,1,1,3,0,18,2,29,13,0,0,0,0,8,136,143,0.95,0.313,101.6,18.8,10.86,4.4,2.47,0.325,0.363,0.688
2018,72447,권혁,한화,HH,11,4.91,16,1,1,0,3,0.5,11,9,2,4,0,11,6,6,1.18,0,0,0,0,44,173,0.225,1,0,0,0,0,1,0,0,0,1,0,0,0,2,10,10,1.0,0.259,10.8,15.7,9.0,3.27,2.75,0.295,0.4,0.695
2018,74731,송창식,한화,HH,12,4.97,12,1,0,0,1,1.0,12 2/3,15,2,4,1,8,7,7,1.5,0,0,0,0,58,230,0.3,4,0,0,3,0,3,0,0,0,1,5,2,0,1,12,18,0.67,0.302,19.2,18.2,5.68,2.84,2.0,0.345,0.5,0.845
2018,68742,휠러,한화,HH,13,5.13,19,3,9,0,0,0.25,101 2/3,128,12,34,10,94,62,58,1.59,0,0,4,0,459,1896,0.312,16,0,3,2,1,2,1,19,3,0,0,0,0,9,103,87,1.18,0.379,99.8,18.6,8.32,3.01,2.76,0.377,0.439,0.816
2018,78552,강승현,한화,HH,14,5.4,2,0,0,0,0,,1 2/3,3,1,0,0,2,1,1,1.8,0,0,0,0,8,27,0.375,0,0,0,0,0,2,0,0,0,0,1,0,0,0,2,1,2.0,0.4,13.5,16.2,10.8,0.0,,0.375,0.75,1.125
2018,66741,김재영,한화,HH,15,5.66,29,6,4,0,1,0.6,111 1/3,136,15,37,12,56,74,70,1.55,0,0,6,0,503,1853,0.304,32,1,3,4,0,4,0,21,6,0,1,1,0,13,140,119,1.18,0.318,63.9,16.6,4.53,2.99,1.51,0.37,0.481,0.851
2018,73738,안영명,한화,HH,16,5.73,53,8,2,0,8,0.8,66,83,12,15,4,48,44,42,1.48,0,0,0,1,291,1087,0.311,10,0,3,2,1,4,1,1,0,8,10,9,0,7,79,59,1.34,0.34,20.5,16.5,6.55,2.05,3.2,0.354,0.483,0.837
2018,65769,김범수,한화,HH,17,5.77,55,4,4,0,7,0.5,48 1/3,52,7,29,1,54,33,31,1.68,0,0,1,0,223,930,0.277,8,0,2,3,0,8,0,3,0,4,4,7,0,2,40,45,0.89,0.346,16.9,19.2,10.06,5.4,1.86,0.371,0.431,0.802
2018,64759,서균,한화,HH,18,5.79,56,1,1,1,10,0.5,37 1/3,39,7,16,7,22,26,24,1.47,0,0,0,3,168,632,0.271,3,0,1,0,0,3,0,0,0,1,7,15,1,6,60,23,2.61,0.278,11.3,16.9,5.3,3.86,1.38,0.371,0.438,0.809
2018,73750,윤규진,한화,HH,19,5.89,18,2,6,0,0,0.25,84,99,14,30,6,81,63,55,1.54,0,0,4,0,381,1550,0.292,22,2,2,4,0,3,0,17,2,0,1,0,0,7,67,96,0.7,0.343,86.1,18.5,8.68,3.21,2.7,0.356,0.493,0.849
2018,68701,김진욱,한화,HH,20,6.35,3,0,0,0,0,,5 2/3,6,0,3,3,4,4,4,1.59,0,0,0,0,30,107,0.25,0,0,0,0,0,0,0,1,0,0,1,0,0,0,4,10,0.4,0.3,35.7,18.9,6.35,4.76,1.33,0.4,0.25,0.65
2018,65764,김민우,한화,HH,21,6.52,23,5,9,0,0,0.357,99 1/3,133,19,41,8,73,79,72,1.75,0,0,6,0,468,1772,0.321,28,1,1,4,0,5,1,20,5,0,0,0,0,9,99,113,0.88,0.35,77.0,17.8,6.61,3.71,1.78,0.39,0.531,0.921
2018,70425,배영수,한화,HH,22,6.63,11,2,3,0,0,0.4,55 2/3,69,6,15,6,47,42,41,1.51,0,0,2,0,251,951,0.303,16,4,0,2,1,0,1,11,2,0,0,0,0,2,53,61,0.87,0.356,86.5,17.1,7.6,2.43,3.13,0.359,0.487,0.846
2018,67737,김진영,한화,HH,23,7.94,4,0,0,0,0,,11 1/3,13,1,4,0,9,10,10,1.5,0,0,0,0,49,178,0.295,0,0,1,0,0,0,0,2,0,0,1,0,0,1,10,12,0.83,0.353,44.5,15.7,7.15,3.18,2.25,0.354,0.364,0.718
2018,68703,박성웅,한화,HH,24,8.68,22,1,1,0,0,0.5,18 2/3,26,4,10,2,18,18,18,1.93,0,0,0,0,94,394,0.321,2,0,1,0,0,0,1,0,0,1,4,5,0,0,15,22,0.68,0.373,17.9,21.1,8.68,4.82,1.8,0.409,0.494,0.903
2018,74167,심수창,한화,HH,25,15.43,3,0,0,0,0,,2 1/3,7,2,0,0,2,4,4,3.0,0,0,0,1,13,51,0.583,0,0,0,1,0,0,0,0,0,0,1,1,0,0,1,3,0.33,0.556,17.0,21.9,7.71,0.0,,0.538,1.083,1.621
2018,60757,김경태,한화,HH,26,16.88,3,0,0,0,0,,2 2/3,4,2,5,0,2,5,5,3.38,0,0,0,0,17,78,0.364,0,0,1,0,0,2,0,0,0,0,0,0,0,0,3,2,1.5,0.286,26.0,29.3,6.75,16.88,0.4,0.563,0.909,1.472
2018,77452,이동걸,한화,HH,27,18.0,1,0,0,0,0,,2,5,1,0,0,2,4,4,2.5,0,0,0,0,11,37,0.455,2,0,0,0,0,0,0,0,0,0,1,0,0,0,3,1,3.0,0.5,37.0,18.5,9.0,0.0,,0.455,0.909,1.364
2018,75138,신재웅,SSG,SK,1,2.77,54,2,3,16,6,0.4,52,49,5,28,1,43,23,16,1.48,0,0,0,5,226,868,0.257,3,0,5,1,0,3,0,0,0,2,32,28,0,4,39,61,0.64,0.306,16.1,16.7,7.44,4.85,1.54,0.353,0.351,0.704
2018,77829,김광현,SSG,SK,2,2.98,25,11,8,0,0,0.579,136,125,16,30,2,130,48,45,1.14,0,0,12,0,554,2146,0.242,16,2,5,1,0,3,0,25,11,0,0,0,0,11,149,113,1.32,0.294,85.8,15.8,8.6,1.99,4.33,0.286,0.374,0.66
2018,76858,박희수,SSG,SK,3,3.27,35,1,2,0,4,0.333,33,35,1,15,3,30,14,12,1.52,0,0,0,1,146,612,0.278,8,0,1,1,0,0,0,0,0,1,9,8,0,3,33,29,1.14,0.354,17.5,18.5,8.18,4.09,2.0,0.366,0.365,0.731
2018,66858,정동윤,SSG,SK,4,3.38,2,0,0,0,0,,2 2/3,3,1,1,0,3,1,1,1.5,0,0,0,0,11,40,0.3,0,0,0,0,0,0,0,0,0,0,1,0,0,0,1,3,0.33,0.333,20.0,15.0,10.13,3.38,3.0,0.364,0.6,0.964
2018,79847,김태훈,SSG,SK,5,3.83,61,9,3,0,10,0.75,94,88,8,36,2,93,44,40,1.32,0,0,2,2,394,1455,0.251,17,0,4,1,4,11,0,4,2,7,6,15,0,13,113,58,1.95,0.319,23.9,15.5,8.9,3.45,2.58,0.323,0.368,0.691
2018,65856,켈리,SSG,SK,6,4.09,28,12,7,0,0,0.632,158 1/3,152,18,47,13,161,78,72,1.26,0,0,13,0,674,2497,0.25,28,3,2,4,1,5,2,28,12,0,0,0,0,9,156,143,1.09,0.309,89.2,15.8,9.15,2.67,3.43,0.315,0.395,0.71
2018,60841,박종훈,SSG,SK,7,4.18,30,14,8,0,0,0.636,159 1/3,158,16,54,20,133,81,74,1.33,0,0,10,0,702,2701,0.254,31,3,3,4,0,3,0,30,14,0,0,0,0,13,172,162,1.06,0.298,90.0,17.0,7.51,3.05,2.46,0.332,0.391,0.723
2018,64805,이승진,SSG,SK,8,4.57,34,0,1,0,0,0.0,41 1/3,41,6,20,4,37,25,21,1.48,0,0,0,0,189,759,0.25,6,0,0,1,1,6,0,2,0,0,12,0,0,2,43,44,0.98,0.287,22.3,18.4,8.06,4.35,1.85,0.344,0.396,0.74
2018,62869,문승원,SSG,SK,9,4.6,31,8,9,1,1,0.471,150 2/3,180,24,37,4,122,86,77,1.44,0,0,9,0,656,2509,0.296,33,2,5,2,0,4,0,27,8,0,3,2,0,16,141,167,0.84,0.336,80.9,16.7,7.29,2.21,3.3,0.339,0.475,0.814
2018,71845,채병용,SSG,SK,10,4.8,29,2,1,1,3,0.667,30,33,8,8,1,15,16,16,1.37,0,0,0,1,128,442,0.28,5,0,0,1,0,0,0,0,0,2,7,3,1,3,24,47,0.51,0.26,15.2,14.7,4.5,2.4,1.88,0.328,0.525,0.853
2018,68815,산체스,SSG,SK,11,4.89,29,8,8,0,1,0.5,145 1/3,161,26,39,7,124,90,79,1.38,0,0,14,1,632,2467,0.277,21,3,4,0,1,12,0,26,8,0,0,1,0,9,163,134,1.22,0.313,85.1,17.0,7.68,2.42,3.18,0.33,0.457,0.787
2018,74838,윤희상,SSG,SK,12,5.12,46,1,2,1,7,0.333,51,55,8,7,2,44,29,29,1.22,0,0,0,1,211,815,0.274,5,1,1,0,1,1,0,1,0,1,15,12,0,8,62,40,1.55,0.315,17.7,16.0,7.76,1.24,6.29,0.305,0.428,0.733
2018,67840,남윤성,SSG,SK,13,5.19,6,0,1,0,0,0.0,8 2/3,12,1,4,0,3,5,5,1.85,0,0,0,0,40,148,0.343,1,0,1,0,0,0,0,0,0,0,3,0,0,1,9,11,0.82,0.355,24.7,17.1,3.12,4.15,0.75,0.41,0.457,0.867
2018,62056,정영일,SSG,SK,14,5.32,51,3,0,0,13,1.0,44,48,7,21,5,33,33,26,1.57,0,0,0,1,205,821,0.27,10,0,0,1,1,4,0,0,0,3,5,14,0,3,57,41,1.39,0.295,16.1,18.7,6.75,4.3,1.57,0.361,0.444,0.805
2018,75340,전유수,SSG,SK,15,5.5,16,0,1,0,0,0.0,18,21,3,8,2,15,11,11,1.61,0,0,0,0,81,360,0.3,5,0,1,0,0,0,0,0,0,0,7,0,0,4,20,14,1.43,0.346,22.5,20.0,7.5,4.0,1.88,0.388,0.5,0.888
2018,75250,박정배,SSG,SK,16,5.84,49,1,3,9,2,0.25,44 2/3,51,9,12,2,44,30,29,1.41,0,0,0,5,197,723,0.282,15,0,1,1,2,1,0,0,0,1,22,19,0,3,47,40,1.18,0.326,14.8,16.2,8.87,2.42,3.67,0.332,0.514,0.846
2018,61895,서진용,SSG,SK,17,6.12,48,3,2,1,12,0.6,50,52,14,23,2,58,36,34,1.5,0,0,0,0,225,920,0.267,8,2,4,1,3,4,0,0,0,3,9,12,0,1,33,53,0.62,0.306,19.2,18.4,10.44,4.14,2.52,0.348,0.544,0.892
2018,65802,봉민호,SSG,SK,18,6.75,1,0,0,0,0,,1 1/3,1,1,0,0,2,1,1,0.75,0,0,0,0,5,20,0.2,0,0,0,0,0,0,0,0,0,0,1,0,0,0,0,2,0.0,0.0,20.0,15.0,13.5,0.0,,0.2,0.8,1.0
2018,73632,임준혁,SSG,SK,19,7.36,6,0,0,0,0,,7 1/3,12,0,3,0,2,6,6,2.05,0,0,0,0,35,122,0.387,6,0,0,1,0,1,0,0,0,0,2,0,0,2,6,12,0.5,0.4,20.3,16.6,2.45,3.68,0.67,0.429,0.581,1.01
2018,65343,김택형,SSG,SK,20,7.71,14,1,2,0,2,0.333,11 2/3,9,1,10,0,11,10,10,1.63,0,0,0,0,52,202,0.214,0,0,0,0,0,2,0,0,0,1,2,6,0,0,14,8,1.75,0.267,14.4,17.3,8.49,7.71,1.1,0.365,0.286,0.651
2018,78819,백청훈,SSG,SK,21,9.42,18,1,2,0,1,0.333,14 1/3,17,4,9,3,14,15,15,1.81,0,0,0,4,72,279,0.298,3,1,1,2,1,0,0,0,0,1,3,6,0,0,6,22,0.27,0.317,15.5,19.5,8.79,5.65,1.56,0.408,0.596,1.004
2018,66859,김주한,SSG,SK,22,13.5,7,1,0,0,1,1.0,6,9,2,6,0,5,10,9,2.5,0,0,0,0,34,117,0.333,2,0,0,1,0,0,0,0,0,1,1,2,0,1,9,5,1.8,0.333,16.7,19.5,7.5,9.0,0.83,0.441,0.63,1.071
2018,68856,최민준,SSG,SK,23,14.4,2,0,0,0,0,,5,11,5,0,0,3,9,8,2.2,0,0,0,0,28,95,0.393,1,0,0,0,0,0,0,0,0,0,0,0,0,0,10,4,2.5,0.3,47.5,19.0,5.4,0.0,,0.393,0.964,1.357
2018,64893,박민호,SSG,SK,24,15.43,3,0,0,0,0,,2 1/3,4,1,1,1,0,4,4,2.14,0,0,0,0,12,43,0.4,1,0,0,0,0,0,0,0,0,0,0,0,0,1,5,1,5.0,0.333,14.3,18.4,0.0,3.86,0.0,0.5,0.8,1.3
2018,79130,강지광,SSG,SK,25,21.0,4,0,0,0,0,,3,8,1,4,0,3,7,7,4.0,0,0,0,0,21,69,0.5,2,0,1,0,0,0,0,0,0,0,2,0,0,0,3,2,1.5,0.583,17.3,23.0,9.0,12.0,0.75,0.6,0.813,1.413
2018,68848,조성훈,SSG,SK,26,27.0,1,0,0,0,0,,2/3,3,0,0,0,0,2,2,4.5,0,0,0,0,4,14,0.75,1,0,0,0,0,1,0,0,0,0,1,0,0,0,0,1,0.0,0.75,14.0,21.0,0.0,0.0,,0.75,1.0,1.75
2018,67863,이원준,SSG,SK,27,29.45,3,0,1,0,0,0.0,3 2/3,13,3,1,0,2,12,12,3.82,0,0,0,0,25,90,0.565,3,0,0,1,0,1,0,1,0,0,1,0,0,0,3,6,0.5,0.526,30.0,24.5,4.91,2.45,2.0,0.56,1.087,1.647
2018,74748,정재원,SSG,SK,28,30.86,2,0,1,0,0,0.0,2 1/3,8,0,1,0,0,8,8,3.86,0,0,0,0,15,55,0.571,4,0,0,0,0,0,0,0,0,0,0,0,0,1,4,2,2.0,0.571,27.5,23.6,0.0,3.86,0.0,0.6,0.857,1.457
2018,67443,장지훈,삼성,SS,1,0.0,1,0,0,0,0,,1,1,0,0,0,1,0,0,1.0,0,0,0,0,4,16,0.25,0,0,0,0,0,0,0,0,0,0,0,0,0,0,0,2,0.0,0.333,16.0,16.0,9.0,0.0,,0.25,0.25,0.5
2018,68419,최지명,삼성,SS,2,3.21,8,4,1,0,0,0.8,28,30,5,8,1,25,11,10,1.36,0,0,1,0,120,485,0.27,5,1,0,0,0,0,0,4,2,2,0,0,0,4,28,28,1.0,0.309,60.6,17.3,8.04,2.57,3.13,0.325,0.468,0.793
2018,79440,정인욱,삼성,SS,3,3.48,19,1,0,0,0,1.0,31,31,3,9,3,27,17,12,1.29,0,0,0,0,137,581,0.254,7,1,1,2,0,1,0,0,0,1,6,1,0,1,24,42,0.57,0.298,30.6,18.7,7.84,2.61,3.0,0.316,0.402,0.718
2018,66451,최충연,삼성,SS,4,3.6,70,2,6,8,16,0.25,85,73,6,26,2,101,34,34,1.16,0,0,0,4,344,1384,0.233,16,2,2,1,1,8,0,0,0,2,14,30,1,9,68,72,0.94,0.324,19.8,16.3,10.69,2.75,3.88,0.295,0.355,0.65
2018,61457,임현준,삼성,SS,5,3.9,40,0,1,0,3,0.0,27 2/3,20,3,11,5,26,12,12,1.12,0,0,0,0,116,463,0.204,4,1,1,1,1,0,0,0,0,0,11,3,0,2,19,34,0.56,0.243,11.6,16.7,8.46,3.58,2.36,0.313,0.357,0.67
2018,99445,권오준,삼성,SS,6,3.95,47,3,1,1,2,0.75,43 1/3,43,7,12,3,52,21,19,1.27,0,0,0,0,189,761,0.251,7,0,1,2,0,2,0,0,0,3,17,2,1,0,35,43,0.81,0.316,16.2,17.6,10.8,2.49,4.33,0.309,0.415,0.724
2018,61411,심창민,삼성,SS,7,4.07,59,5,2,17,5,0.714,66 1/3,57,12,22,9,68,32,30,1.19,0,0,0,7,284,1108,0.23,9,2,2,3,2,1,0,0,0,5,30,30,3,2,39,87,0.45,0.263,18.8,16.7,9.23,2.98,3.09,0.312,0.427,0.739
2018,73117,우규민,삼성,SS,8,4.3,48,4,1,0,10,0.8,58 2/3,70,6,12,5,48,28,28,1.4,0,0,0,1,246,930,0.308,12,0,1,1,1,0,0,0,0,4,8,6,0,10,65,45,1.44,0.368,19.4,15.9,7.36,1.84,4.0,0.355,0.441,0.796
2018,77927,장필준,삼성,SS,9,4.34,61,5,5,6,13,0.5,66 1/3,65,6,25,6,74,35,32,1.36,0,0,0,4,290,1146,0.255,15,1,2,2,2,0,0,0,0,5,18,22,0,3,47,71,0.66,0.333,18.8,17.3,10.04,3.39,2.96,0.333,0.392,0.725
2018,66492,김승현,삼성,SS,10,4.45,28,1,3,0,2,0.25,32 1/3,48,3,15,5,29,18,16,1.95,0,0,0,0,158,579,0.356,8,1,1,2,2,3,0,0,0,1,9,0,0,6,33,27,1.22,0.429,20.7,17.9,8.07,4.18,1.93,0.433,0.496,0.929
2018,77446,백정현,삼성,SS,11,4.58,25,7,7,1,0,0.5,125 2/3,142,18,36,3,99,68,64,1.42,0,0,11,0,540,2132,0.287,27,2,5,1,0,2,0,23,7,0,1,1,0,11,113,142,0.8,0.327,85.3,17.0,7.09,2.58,2.75,0.338,0.459,0.797
2018,68415,양창섭,삼성,SS,12,5.05,19,7,6,0,0,0.538,87 1/3,100,12,34,10,49,52,49,1.53,0,0,6,0,400,1542,0.287,22,0,5,3,0,3,1,17,6,1,0,0,0,4,85,117,0.73,0.303,81.2,17.7,5.05,3.5,1.44,0.365,0.454,0.819
2018,68435,아델만,삼성,SS,13,5.05,31,8,12,0,0,0.4,171,202,20,54,11,137,101,96,1.5,0,0,15,0,758,3070,0.296,39,1,5,6,0,7,1,31,8,0,0,0,0,15,170,179,0.95,0.343,99.0,18.0,7.21,2.84,2.54,0.355,0.444,0.799
2018,68400,보니야,삼성,SS,14,5.3,29,7,10,0,0,0.412,168,193,23,63,12,151,111,99,1.52,0,0,15,0,752,2931,0.29,40,2,8,3,1,9,1,29,7,0,0,0,0,22,220,105,2.1,0.343,101.1,17.4,8.09,3.38,2.4,0.36,0.459,0.819
2018,76355,장원삼,삼성,SS,15,6.16,8,3,1,0,0,0.75,38,47,4,13,1,27,27,26,1.58,0,0,3,0,173,687,0.301,13,1,1,2,0,1,0,8,3,0,0,0,0,1,37,47,0.79,0.339,85.9,18.1,6.39,3.08,2.08,0.355,0.474,0.829
2018,76610,한기주,삼성,SS,16,6.69,33,1,4,0,3,0.2,39,54,8,12,5,30,32,29,1.69,0,0,0,1,183,728,0.327,12,1,0,1,0,1,1,1,0,1,6,6,0,4,45,37,1.22,0.359,22.1,18.7,6.92,2.77,2.5,0.388,0.558,0.946
2018,74454,윤성환,삼성,SS,17,6.98,24,5,9,0,0,0.357,117 1/3,164,28,32,9,89,99,91,1.67,0,0,5,0,542,2020,0.333,30,0,2,7,0,2,0,24,5,0,0,0,0,6,100,146,0.68,0.356,84.2,17.2,6.83,2.45,2.78,0.38,0.565,0.945
2018,74630,박근홍,삼성,SS,18,7.43,22,2,0,0,0,1.0,23,28,3,12,6,27,21,19,1.74,0,0,0,0,117,487,0.292,4,0,1,2,0,1,0,0,0,2,6,0,0,0,21,22,0.95,0.368,22.1,21.2,10.57,4.7,2.25,0.397,0.427,0.824
2018,61365,김대우,삼성,SS,19,7.93,8,2,2,0,0,0.5,36 1/3,53,7,18,3,15,34,32,1.95,0,0,2,0,176,662,0.344,12,2,1,0,0,1,0,7,2,0,1,0,0,2,34,52,0.65,0.348,82.8,18.2,3.72,4.46,0.83,0.423,0.584,1.007
2018,60146,이승현,삼성,SS,20,7.94,19,1,1,0,2,0.5,17,23,4,7,2,14,15,15,1.76,0,0,0,0,82,321,0.324,3,0,0,2,0,2,0,0,0,1,7,3,0,2,21,15,1.4,0.345,16.9,18.9,7.41,3.71,2.0,0.39,0.535,0.925
2018,68453,김용하,삼성,SS,21,9.0,4,0,0,0,0,,3,2,0,4,3,4,4,3,2.0,0,0,0,0,19,63,0.182,0,0,0,1,0,0,0,0,0,0,2,0,0,0,1,5,0.2,0.25,15.8,21.0,12.0,12.0,1.0,0.474,0.182,0.656
2018,67421,최지광,삼성,SS,22,11.42,6,0,0,0,0,,8 2/3,11,0,7,0,7,12,11,2.08,0,0,0,0,45,184,0.297,4,0,0,1,0,1,1,0,0,0,4,0,0,0,12,8,1.5,0.355,30.7,21.2,7.27,7.27,1.0,0.4,0.405,0.805
2018,63027,안성무,삼성,SS,23,11.57,2,0,0,0,0,,2 1/3,3,2,1,0,5,3,3,1.71,0,0,0,0,11,37,0.3,0,0,0,0,0,0,0,0,0,0,2,0,0,0,0,2,0.0,0.333,18.5,15.9,19.29,3.86,5.0,0.364,0.9,1.264
2018,61496,황수범,삼성,SS,23,11.57,2,0,0,0,0,,2 1/3,3,0,6,0,2,3,3,3.86,0,0,0,0,15,71,0.333,1,0,0,0,0,0,0,0,0,0,0,0,0,1,2,2,1.0,0.429,35.5,30.4,7.71,23.14,0.33,0.6,0.444,1.044
2018,67467,김시현,삼성,SS,25,12.6,4,0,0,0,0,,5,10,2,2,2,5,7,7,2.4,0,0,0,0,29,100,0.417,1,0,1,0,0,0,0,0,0,0,2,0,0,0,4,5,0.8,0.471,25.0,20.0,9.0,3.6,2.5,0.5,0.708,1.208
2018,76461,김기태,삼성,SS,26,27.0,1,0,0,0,0,,1 2/3,4,3,0,1,2,5,5,2.4,0,0,0,0,10,42,0.444,0,0,0,0,0,0,0,0,0,0,0,0,0,0,1,2,0.5,0.25,42.0,25.2,10.8,0.0,,0.5,1.444,1.944
2018,64594,심규범,NC,NC,1,0.0,1,0,0,0,0,,2/3,1,0,0,0,0,0,0,1.5,0,0,0,0,3,9,0.333,0,0,0,0,0,0,0,0,0,0,1,0,0,0,1,1,1.0,0.333,9.0,13.5,0.0,0.0,,0.333,0.333,0.666
2018,65964,이우석,NC,NC,1,0.0,1,0,0,0,0,,1/3,0,0,1,0,1,0,0,3.0,0,0,0,0,2,12,0.0,0,0,0,0,0,1,0,0,0,0,1,0,0,0,0,0,,0.0,12.0,36.0,27.0,27.0,1.0,0.5,0.0,0.5
2018,68908,김재균,NC,NC,3,3.18,4,0,0,0,0,,5 2/3,3,0,9,0,4,3,2,2.12,0,0,0,0,29,117,0.158,0,1,0,1,0,0,0,1,0,0,2,0,0,0,7,6,1.17,0.188,29.3,20.6,6.35,14.29,0.44,0.414,0.263,0.677
2018,63991,박진우,NC,NC,4,3.66,11,1,0,0,1,1.0,19 2/3,18,2,5,2,15,8,8,1.17,0,0,1,0,80,299,0.25,2,0,1,0,1,0,0,1,0,1,1,2,0,3,25,14,1.79,0.291,27.2,15.2,6.86,2.29,3.0,0.316,0.361,0.677
2018,68948,왕웨이중,NC,NC,5,4.26,25,7,10,0,0,0.412,141 2/3,169,16,40,2,108,83,67,1.48,0,0,13,0,615,2373,0.299,25,1,5,3,2,2,0,25,7,0,0,0,0,19,165,126,1.31,0.345,94.9,16.8,6.86,2.54,2.7,0.346,0.432,0.778
2018,64995,배재환,NC,NC,6,4.5,31,3,3,1,2,0.5,36,37,6,25,1,34,18,18,1.72,0,0,0,1,169,698,0.27,5,1,4,2,1,3,0,0,0,3,7,3,0,2,23,45,0.51,0.313,22.5,19.4,8.5,6.25,1.36,0.382,0.453,0.835
2018,62929,이민호,NC,NC,7,4.68,50,5,4,14,0,0.556,50,52,8,19,3,42,34,26,1.42,0,0,0,7,224,828,0.263,9,0,3,1,1,2,1,0,0,5,35,23,0,1,46,59,0.78,0.295,16.6,16.6,7.56,3.42,2.21,0.335,0.429,0.764
2018,60263,이재학,NC,NC,8,4.79,29,5,13,0,0,0.278,152 1/3,157,13,49,10,116,87,81,1.35,1,0,10,0,658,2740,0.266,27,2,4,4,2,6,0,29,5,0,1,0,0,9,174,148,1.18,0.309,94.5,18.0,6.85,2.89,2.37,0.33,0.384,0.714
2018,62951,이형범,NC,NC,9,5.17,23,1,1,0,0,0.5,54,62,5,24,1,22,36,31,1.59,0,0,0,0,238,871,0.294,11,0,0,2,2,3,0,4,0,1,9,0,0,9,69,60,1.15,0.306,37.9,16.1,3.67,4.0,0.92,0.366,0.417,0.783
2018,76118,원종현,NC,NC,10,5.18,59,3,6,2,17,0.333,64 1/3,78,7,22,2,36,38,37,1.55,0,0,0,4,275,1007,0.313,5,1,1,1,1,5,0,0,0,3,10,25,0,15,81,55,1.47,0.343,17.1,15.7,5.04,3.08,1.64,0.372,0.426,0.798
2018,68953,베렛,NC,NC,11,5.28,29,6,10,0,0,0.375,155,178,24,59,9,144,94,91,1.53,0,0,11,0,698,2682,0.289,31,2,5,9,0,10,1,29,6,0,0,0,0,13,156,147,1.06,0.337,92.5,17.3,8.36,3.43,2.44,0.355,0.463,0.818
2018,65933,구창모,NC,NC,12,5.35,36,5,11,0,1,0.313,133,158,21,52,7,116,83,79,1.58,0,0,6,0,598,2383,0.298,31,2,5,4,0,16,1,23,3,2,0,2,0,9,138,122,1.13,0.345,66.2,17.9,7.85,3.52,2.23,0.366,0.483,0.849
2018,60339,김건태,NC,NC,13,5.43,21,2,3,0,0,0.4,53,60,7,24,7,39,38,32,1.58,0,0,2,0,247,1012,0.28,11,1,0,2,0,3,1,9,2,0,7,1,0,3,41,76,0.54,0.312,48.2,19.1,6.62,4.08,1.63,0.368,0.439,0.807
2018,78366,민태호,NC,NC,14,5.59,8,1,0,0,0,1.0,9 2/3,11,1,4,1,4,7,6,1.55,0,0,0,0,42,161,0.306,3,0,1,0,0,2,0,0,0,1,6,0,0,0,9,12,0.75,0.323,20.1,16.7,3.72,3.72,1.0,0.39,0.472,0.862
2018,66920,최성영,NC,NC,15,5.88,28,2,2,1,0,0.5,64 1/3,66,11,25,4,57,43,42,1.41,0,0,1,0,282,1166,0.267,14,0,2,4,1,6,0,8,1,1,4,1,1,4,52,76,0.68,0.301,41.6,18.1,7.97,3.5,2.28,0.339,0.457,0.796
2018,66960,정수민,NC,NC,16,6.05,25,2,5,0,1,0.286,58,69,10,33,3,38,43,39,1.76,0,0,1,0,278,1096,0.297,8,2,5,5,0,7,0,7,1,1,1,4,0,6,61,69,0.88,0.312,43.8,18.9,5.9,5.12,1.15,0.385,0.478,0.863
2018,79358,강윤구,NC,NC,17,6.09,69,7,5,1,17,0.583,54 2/3,54,10,26,1,65,41,37,1.46,0,0,0,3,243,1008,0.256,10,1,2,3,0,4,0,0,0,7,9,20,1,3,33,62,0.53,0.317,14.6,18.4,10.7,4.28,2.5,0.336,0.455,0.791
2018,78352,임창민,NC,NC,18,6.43,8,0,1,3,0,0.0,7,8,2,2,0,9,6,5,1.43,0,0,0,1,33,110,0.258,4,0,0,0,1,0,0,0,0,0,7,4,0,0,6,8,0.75,0.3,13.8,15.7,11.57,2.57,4.5,0.303,0.581,0.884
2018,76757,유원상,NC,NC,19,6.46,41,1,4,0,5,0.2,47 1/3,63,5,17,5,30,37,34,1.69,0,0,0,2,225,821,0.321,17,1,2,5,1,5,0,0,0,1,13,5,0,6,55,53,1.04,0.349,20.0,17.3,5.7,3.23,1.76,0.381,0.495,0.876
2018,75867,김진성,NC,NC,20,7.15,50,3,2,0,5,0.6,45 1/3,56,13,19,2,38,38,36,1.65,0,0,0,1,207,830,0.304,9,4,1,1,1,3,1,0,0,3,10,10,0,2,42,49,0.86,0.321,16.6,18.3,7.54,3.77,2.0,0.374,0.609,0.983
2018,62920,노건우,NC,NC,21,7.16,20,1,2,0,0,0.333,32 2/3,35,6,29,1,36,29,26,1.96,0,0,0,0,158,672,0.278,7,1,1,1,1,7,0,4,0,1,5,0,0,3,19,37,0.51,0.341,33.6,20.6,9.92,7.99,1.24,0.414,0.492,0.906
2018,63950,장현식,NC,NC,22,7.43,21,3,2,2,1,0.6,26 2/3,31,7,17,0,24,22,22,1.8,0,0,0,1,126,523,0.29,5,0,1,1,1,3,0,0,0,3,5,6,1,1,20,33,0.61,0.312,24.9,19.6,8.1,5.74,1.41,0.384,0.533,0.917
2018,62966,최금강,NC,NC,23,8.44,19,0,1,0,1,0.0,37 1/3,51,8,22,2,18,36,35,1.96,0,0,0,0,183,713,0.327,10,0,2,1,0,3,1,4,0,0,5,1,0,4,35,53,0.66,0.328,37.5,19.1,4.34,5.3,0.82,0.414,0.545,0.959
2018,65908,류재인,NC,NC,24,16.2,1,0,0,0,0,,1 2/3,1,1,2,3,2,3,3,1.8,0,0,0,0,11,48,0.167,0,0,0,0,0,0,0,0,0,0,0,0,0,0,1,2,0.5,0.0,48.0,28.8,10.8,10.8,1.0,0.545,0.667,1.212
2018,63936,윤강민,NC,NC,25,17.47,6,0,0,0,0,,5 2/3,14,1,5,2,4,11,11,3.35,0,0,0,0,36,161,0.483,3,0,0,0,0,1,0,0,0,0,3,0,0,0,6,5,1.2,0.542,26.8,28.4,6.35,7.94,0.8,0.583,0.69,1.273
2018,65516,배제성,KT,KT,1,0.0,3,0,0,0,0,,4,3,0,1,0,2,1,0,1.0,0,0,0,0,17,62,0.188,2,0,0,0,0,0,0,0,0,0,1,0,0,0,7,4,1.75,0.214,20.7,15.5,4.5,2.25,2.0,0.235,0.313,0.548
2018,79191,배우열,KT,KT,2,1.59,5,0,0,0,0,,5 2/3,7,0,3,0,9,2,1,1.76,0,0,0,0,28,109,0.28,1,0,0,0,0,0,0,0,0,0,2,1,0,0,5,4,1.25,0.438,21.8,19.2,14.29,4.76,3.0,0.357,0.32,0.677
2018,77563,이상화,KT,KT,3,2.61,11,0,0,2,3,,10 1/3,6,0,5,1,14,3,3,1.06,0,0,0,1,43,184,0.167,1,1,0,1,0,2,0,0,0,0,2,7,0,0,5,12,0.42,0.261,16.7,17.8,12.19,4.35,2.8,0.279,0.25,0.529
2018,65058,정성곤,KT,KT,4,2.96,24,1,0,0,5,1.0,24 1/3,23,3,11,0,23,8,8,1.4,0,0,0,1,104,405,0.253,1,0,1,1,0,0,0,0,0,1,0,7,0,2,21,25,0.84,0.303,16.9,16.6,8.51,4.07,2.09,0.33,0.363,0.693
2018,61240,니퍼트,KT,KT,5,4.25,29,8,8,0,0,0.5,175 2/3,209,26,39,9,165,88,83,1.41,0,0,20,0,765,2965,0.296,33,4,6,5,2,9,0,28,8,0,0,0,0,15,185,152,1.22,0.352,102.2,16.9,8.45,2.0,4.23,0.339,0.465,0.804
2018,65331,피어밴드,KT,KT,6,4.3,27,8,8,0,0,0.5,163 1/3,186,24,38,6,141,90,78,1.37,1,0,16,0,707,2723,0.286,27,1,10,3,0,5,0,26,7,1,1,0,0,12,140,186,0.75,0.332,100.9,16.7,7.77,2.09,3.71,0.33,0.442,0.772
2018,65062,김재윤,KT,KT,7,4.57,62,7,5,15,0,0.583,61,76,11,15,1,66,34,31,1.49,0,0,0,9,271,1104,0.305,10,1,4,2,4,3,0,0,0,7,42,24,2,3,44,65,0.68,0.374,17.8,18.1,9.74,2.21,4.4,0.345,0.486,0.831
2018,64017,심재민,KT,KT,8,4.61,44,4,5,2,3,0.444,41,47,5,17,2,36,25,21,1.56,0,0,0,1,179,701,0.305,5,2,3,3,3,4,0,0,0,4,6,8,1,11,45,29,1.55,0.362,15.9,17.1,7.9,3.73,2.12,0.375,0.461,0.836
2018,67066,이종혁,KT,KT,9,4.66,47,0,5,1,4,0.0,48 1/3,61,4,17,2,31,28,25,1.61,0,0,0,2,215,814,0.319,8,0,3,2,3,2,0,0,0,0,8,9,0,5,58,43,1.35,0.361,17.3,16.8,5.77,3.17,1.82,0.377,0.424,0.801
2018,64029,류희운,KT,KT,10,4.91,29,1,1,0,1,0.5,44,53,11,14,2,28,25,24,1.52,0,0,1,0,195,783,0.299,11,0,0,2,0,3,0,2,1,0,11,0,0,4,41,57,0.72,0.3,27.0,17.8,5.73,2.86,2.0,0.354,0.548,0.902
2018,68043,김민,KT,KT,11,5.06,9,4,2,0,0,0.667,37 1/3,40,4,25,6,25,26,21,1.74,0,0,1,0,178,667,0.274,10,0,0,1,0,5,0,9,4,0,0,0,0,7,47,35,1.34,0.305,74.1,17.9,6.03,6.03,1.0,0.399,0.425,0.824
2018,64001,고영표,KT,KT,12,5.13,25,6,9,0,0,0.4,142,175,17,25,14,134,91,81,1.41,3,1,8,0,620,2275,0.308,27,4,7,5,1,2,1,23,6,0,3,0,0,19,190,75,2.53,0.374,91.0,16.0,8.49,1.58,5.36,0.349,0.459,0.808
2018,75149,홍성용,KT,KT,13,5.4,56,2,1,1,6,0.667,45,49,7,16,5,42,28,27,1.44,0,0,0,0,202,814,0.278,14,1,3,2,0,2,0,0,0,2,12,8,1,1,36,51,0.71,0.326,14.5,18.1,8.4,3.2,2.63,0.352,0.489,0.841
2018,75258,금민철,KT,KT,14,5.41,29,8,12,0,0,0.4,156 1/3,212,19,68,7,79,104,94,1.79,0,0,11,0,720,2695,0.335,30,1,9,4,1,10,0,29,8,0,0,0,0,32,198,147,1.35,0.359,92.9,17.2,4.55,3.91,1.16,0.404,0.476,0.88
2018,65056,엄상백,KT,KT,15,5.44,55,1,8,2,12,0.111,46 1/3,51,4,17,8,44,33,28,1.47,0,0,0,3,211,796,0.282,9,1,4,1,5,3,0,0,0,1,18,18,0,3,34,53,0.64,0.351,14.5,17.2,8.55,3.3,2.59,0.367,0.409,0.776
2018,99563,김사율,KT,KT,16,5.76,29,1,2,0,0,0.333,45 1/3,56,12,10,2,35,32,29,1.46,0,0,0,0,204,788,0.295,14,1,1,1,1,4,0,3,0,1,8,2,0,3,44,56,0.79,0.306,27.2,17.4,6.95,1.99,3.5,0.335,0.568,0.903
2018,66064,김태오,KT,KT,17,6.0,8,1,2,0,0,0.333,21,32,4,9,2,14,16,14,1.95,0,0,0,0,102,413,0.356,7,1,0,1,0,0,0,4,0,1,0,0,0,1,23,22,1.05,0.384,51.6,19.7,6.0,3.86,1.56,0.422,0.589,1.011
2018,78248,고창성,KT,KT,18,6.69,42,2,0,0,5,1.0,37 2/3,57,7,11,5,23,29,28,1.81,0,0,0,0,183,634,0.341,7,0,0,0,1,1,0,0,0,2,12,8,0,3,44,43,1.02,0.365,15.1,16.8,5.5,2.63,2.09,0.399,0.509,0.908
2018,68067,신병률,KT,KT,19,7.01,21,0,0,1,2,,25 2/3,35,6,7,3,14,22,20,1.64,0,0,0,0,120,440,0.327,10,1,2,1,0,1,0,1,0,0,10,1,0,3,34,25,1.36,0.33,21.0,17.1,4.91,2.45,2.0,0.381,0.607,0.988
2018,65060,주권,KT,KT,20,8.39,46,3,9,0,4,0.25,88,118,16,27,7,54,85,82,1.65,0,0,2,1,407,1542,0.324,24,4,2,7,1,4,0,10,1,2,5,8,0,10,113,86,1.31,0.339,33.5,17.5,5.52,2.76,2.0,0.375,0.544,0.919
2018,65048,김민수,KT,KT,21,9.0,2,0,0,0,0,,1,1,0,1,0,1,1,1,2.0,0,0,0,0,4,16,0.333,0,0,0,0,0,0,0,0,0,0,1,0,0,1,1,0,,0.5,8.0,16.0,9.0,9.0,1.0,0.5,0.333,0.833
2018,75730,윤근영,KT,KT,22,9.72,17,1,0,0,0,1.0,16 2/3,26,3,10,0,17,19,18,2.16,0,0,0,0,86,316,0.351,5,0,1,1,1,0,0,0,0,1,1,3,0,1,20,12,1.67,0.418,18.6,19.0,9.18,5.4,1.7,0.424,0.541,0.965
2018,66047,박세진,KT,KT,23,10.68,8,1,5,0,0,0.167,30 1/3,47,10,19,2,24,37,36,2.18,0,0,0,0,156,597,0.348,15,0,0,0,2,3,0,8,1,0,0,0,0,4,26,38,0.68,0.366,74.6,19.7,7.12,5.64,1.26,0.436,0.681,1.117
2018,68036,최이준,KT,KT,24,13.5,2,0,0,0,0,,2,5,0,2,0,2,3,3,3.5,0,0,0,0,13,55,0.455,1,0,0,0,0,0,0,0,0,0,1,1,0,0,1,3,0.33,0.556,27.5,27.5,9.0,9.0,1.0,0.538,0.545,1.083
2018,60764,김용주,KT,KT,25,18.0,1,0,0,0,0,,2,5,1,2,0,2,4,4,3.5,0,0,0,0,13,50,0.455,0,0,0,0,0,0,0,1,0,0,0,0,0,0,2,2,1.0,0.5,50.0,25.0,9.0,9.0,1.0,0.538,0.727,1.265
2018,76225,김건국,롯데,LT,1,2.53,5,1,0,0,0,1.0,10 2/3,11,1,0,1,9,3,3,1.03,0,0,0,0,41,158,0.275,2,0,0,0,0,0,0,1,1,0,2,0,0,2,8,12,0.67,0.333,31.6,14.8,7.59,0.0,,0.293,0.4,0.693
2018,63543,구승민,롯데,LT,2,3.67,64,7,4,0,14,0.636,73 2/3,62,12,31,3,75,33,30,1.26,0,0,0,5,307,1221,0.233,15,0,6,1,6,2,1,0,0,7,10,21,0,7,73,57,1.28,0.278,19.1,16.6,9.16,3.79,2.42,0.319,0.425,0.744
2018,79293,오현택,롯데,LT,3,3.76,72,3,2,0,25,0.6,64 2/3,66,11,12,3,63,32,27,1.21,0,0,0,3,268,1007,0.264,9,0,3,0,0,2,1,0,0,3,5,22,0,8,72,49,1.47,0.313,14.0,15.6,8.77,1.67,5.25,0.306,0.432,0.738
2018,75321,손승락,롯데,LT,4,3.9,57,3,5,28,0,0.375,57 2/3,53,1,20,1,60,26,25,1.27,0,0,0,6,250,994,0.235,13,0,2,1,4,2,0,0,0,3,44,34,3,1,70,44,1.59,0.313,17.4,17.2,9.36,3.12,3.0,0.298,0.305,0.603
2018,73211,노경은,롯데,LT,5,4.08,33,9,6,0,0,0.6,132 1/3,127,18,30,4,89,65,60,1.19,0,0,10,0,547,2138,0.251,24,3,6,1,1,1,0,19,8,1,5,0,0,10,142,149,0.95,0.273,64.8,16.2,6.05,2.04,2.97,0.298,0.417,0.715
2018,79545,진명호,롯데,LT,6,4.38,60,5,4,1,9,0.556,61 2/3,53,7,46,1,65,34,30,1.61,0,0,0,1,282,1177,0.23,19,0,2,3,6,3,0,0,0,5,12,13,0,2,59,56,1.05,0.286,19.6,19.1,9.49,6.71,1.41,0.357,0.404,0.761
2018,72862,윤길현,롯데,LT,7,4.64,32,1,2,0,4,0.333,33,33,4,15,0,29,18,17,1.45,0,0,0,1,145,592,0.26,6,2,2,1,0,2,0,0,0,1,5,3,0,3,29,37,0.78,0.305,18.5,17.9,7.91,4.09,1.93,0.336,0.433,0.769
2018,77318,장시환,롯데,LT,8,4.66,32,1,0,0,2,1.0,36 2/3,39,5,19,3,44,23,19,1.58,0,0,0,1,174,700,0.264,4,2,1,3,0,2,0,0,0,1,13,3,0,1,33,35,0.94,0.333,21.9,19.1,10.8,4.66,2.32,0.353,0.419,0.772
2018,65546,레일리,롯데,LT,9,4.74,30,11,13,0,0,0.458,178 1/3,180,24,54,18,178,106,94,1.31,0,0,15,0,775,3048,0.263,34,4,7,11,1,4,2,30,11,0,0,0,0,14,214,124,1.73,0.316,101.6,17.1,8.98,2.73,3.3,0.328,0.429,0.757
2018,68526,듀브론트,롯데,LT,10,4.92,25,6,9,0,0,0.4,137 1/3,162,13,62,8,109,82,75,1.63,0,0,11,0,629,2479,0.299,29,2,9,8,1,10,3,25,6,0,0,0,0,16,152,127,1.2,0.348,99.2,18.1,7.14,4.06,1.76,0.374,0.432,0.806
2018,72535,이명우,롯데,LT,11,5.32,59,0,1,0,2,0.0,44,59,1,9,0,25,36,26,1.55,0,0,0,1,200,732,0.317,15,0,4,1,1,3,0,1,0,0,7,5,0,8,71,32,2.22,0.36,12.4,16.6,5.11,1.84,2.78,0.347,0.414,0.761
2018,76540,배장호,롯데,LT,12,5.92,25,1,1,0,0,0.5,24 1/3,29,3,10,2,13,18,16,1.6,0,0,0,0,112,381,0.296,9,1,2,0,2,0,0,0,0,1,7,1,0,5,34,22,1.55,0.317,15.2,15.7,4.81,3.7,1.3,0.373,0.5,0.873
2018,77591,송승준,롯데,LT,13,6.15,22,3,4,0,0,0.429,79,93,8,35,4,68,58,54,1.62,0,0,0,0,361,1438,0.295,23,2,4,3,0,5,0,15,1,2,1,0,0,8,79,78,1.01,0.351,65.4,18.2,7.75,3.99,1.94,0.37,0.457,0.827
2018,68556,정성종,롯데,LT,14,6.16,10,0,1,0,0,0.0,19,19,2,8,1,12,13,13,1.42,0,0,0,0,85,320,0.257,3,0,1,1,0,2,0,0,0,0,5,0,0,2,23,21,1.1,0.279,32.0,16.8,5.68,3.79,1.5,0.333,0.378,0.711
2018,63512,박진형,롯데,LT,15,6.23,13,3,2,0,1,0.6,13,23,1,8,1,11,12,9,2.38,0,0,0,4,69,259,0.404,3,3,3,0,0,0,0,0,0,3,1,4,0,1,8,15,0.53,0.489,19.9,19.9,7.62,5.54,1.38,0.485,0.614,1.099
2018,67588,윤성빈,롯데,LT,16,6.39,18,2,5,0,0,0.286,50 2/3,51,5,36,3,65,36,36,1.72,0,0,1,0,235,1010,0.264,12,0,2,1,0,5,0,10,1,1,2,0,0,4,32,46,0.7,0.371,56.1,19.9,11.55,6.39,1.81,0.386,0.404,0.79
2018,62595,정태승,롯데,LT,17,6.75,3,0,0,0,0,,2 2/3,4,0,3,0,3,4,2,2.63,0,0,0,0,16,59,0.333,1,0,0,1,0,0,0,0,0,0,2,0,0,0,4,2,2.0,0.4,19.7,22.1,10.13,10.13,1.0,0.438,0.417,0.855
2018,62528,김원중,롯데,LT,18,6.94,30,8,7,0,0,0.533,145 1/3,173,28,77,11,137,115,112,1.72,0,0,5,0,681,2717,0.295,37,2,4,3,1,7,0,30,8,0,0,0,0,6,106,173,0.61,0.342,90.6,18.7,8.48,4.77,1.78,0.386,0.509,0.895
2018,72523,고효준,롯데,LT,19,6.96,43,2,3,0,7,0.4,32 1/3,33,3,23,0,39,27,25,1.73,0,0,0,0,153,669,0.26,8,1,1,2,0,5,0,0,0,2,7,4,0,1,21,36,0.58,0.345,15.6,20.7,10.86,6.4,1.7,0.368,0.409,0.777
2018,60559,박시영,롯데,LT,20,8.54,21,0,0,0,0,,26 1/3,35,6,14,1,19,27,25,1.86,0,0,0,0,129,486,0.31,6,1,0,1,0,5,0,1,0,0,7,0,0,0,21,39,0.54,0.326,23.1,18.5,6.49,4.78,1.36,0.388,0.54,0.928
2018,64021,박세웅,롯데,LT,21,9.92,14,1,5,0,0,0.167,49,83,10,29,4,40,54,54,2.29,0,0,1,0,258,1037,0.376,20,2,4,0,0,3,0,12,1,0,0,0,0,7,57,41,1.39,0.427,74.1,21.2,7.35,5.33,1.38,0.457,0.62,1.077
2018,62655,홍성민,롯데,LT,22,12.27,4,0,0,0,0,,3 2/3,6,1,1,0,3,5,5,1.91,0,0,0,0,18,66,0.375,0,1,0,1,0,0,0,0,0,0,2,1,0,0,4,4,1.0,0.385,16.5,18.0,7.36,2.45,3.0,0.389,0.688,1.077
2018,78536,김대우,롯데,LT,23,13.5,5,0,0,0,0,,3 1/3,8,2,1,0,2,5,5,2.7,0,0,0,0,19,63,0.444,2,0,0,0,0,1,0,0,0,0,3,0,0,0,3,5,0.6,0.429,12.6,18.9,5.4,2.7,2.0,0.474,0.889,1.363
2018,65067,조무근,롯데,LT,23,13.5,2,1,0,0,0,1.0,2/3,2,0,1,2,1,1,1,4.5,0,0,0,0,6,24,0.667,1,0,0,0,0,0,0,0,0,1,1,0,0,0,0,0,,1.0,12.0,36.0,13.5,13.5,1.0,0.833,1.0,1.833
2018,75537,조정훈,롯데,LT,25,16.62,7,0,0,0,0,,4 1/3,6,0,4,2,5,13,8,2.31,0,0,0,0,28,96,0.273,0,0,0,0,0,1,0,0,0,0,3,0,0,0,5,6,0.83,0.353,13.7,22.2,10.38,8.31,1.25,0.429,0.273,0.702
2018,63628,고영창,KIA,HT,1,,2,0,0,0,0,,0,4,0,1,1,0,6,6,,0,0,0,0,6,22,1.0,2,0,0,0,0,0,0,0,0,0,0,1,0,0,0,0,,1.0,11.0,,,,0.0,1.0,1.5,2.5
2018,63638,박준표,KIA,HT,1,0.0,1,0,0,0,0,,2,0,0,2,0,2,0,0,1.0,0,0,0,0,8,35,0.0,0,0,0,0,0,0,0,0,0,0,0,0,0,0,3,1,3.0,0.0,35.0,17.5,9.0,9.0,1.0,0.25,0.0,0.25
2018,60634,임기준,KIA,HT,3,3.54,55,5,1,2,8,0.833,56,59,7,23,3,45,27,22,1.46,0,0,0,2,243,942,0.276,5,1,1,2,0,3,1,0,0,5,7,15,1,5,61,51,1.2,0.317,17.1,16.8,7.23,3.7,1.96,0.351,0.407,0.758
2018,62648,김윤동,KIA,HT,4,3.7,64,7,6,4,18,0.538,82 2/3,71,9,54,2,79,39,34,1.51,0,0,0,2,369,1480,0.234,13,1,7,3,7,7,0,0,0,7,12,20,1,7,81,75,1.08,0.284,23.1,17.9,8.6,5.88,1.46,0.351,0.373,0.724
2018,77637,양현종,KIA,HT,5,4.15,29,13,11,0,0,0.542,184 1/3,199,21,43,2,152,88,85,1.31,3,0,17,0,772,2883,0.278,33,0,9,3,1,5,0,29,13,0,3,0,0,19,163,204,0.8,0.327,99.4,15.6,7.42,2.1,3.53,0.32,0.413,0.733
2018,67640,유승철,KIA,HT,6,4.37,39,1,0,1,3,1.0,47 1/3,49,5,29,4,44,25,23,1.65,0,0,0,0,220,955,0.272,10,1,5,2,3,4,0,0,0,1,13,2,0,3,36,53,0.68,0.331,24.5,20.2,8.37,5.51,1.52,0.381,0.422,0.803
2018,66643,헥터,KIA,HT,7,4.6,29,11,10,0,0,0.524,174,209,25,36,4,137,102,89,1.41,1,0,18,0,753,2871,0.298,31,0,7,5,2,4,1,29,11,0,1,1,0,14,165,195,0.85,0.338,99.0,16.5,7.09,1.86,3.81,0.334,0.449,0.783
2018,65643,문경찬,KIA,HT,8,4.72,32,0,3,0,0,0.0,55 1/3,62,10,17,2,46,29,29,1.43,0,0,0,1,240,872,0.281,13,0,0,0,2,3,1,0,0,0,11,3,0,4,37,76,0.49,0.315,27.3,15.8,7.48,2.77,2.71,0.338,0.475,0.813
2018,65618,황인준,KIA,HT,9,4.96,37,3,1,0,1,0.75,52 2/3,58,9,12,6,35,31,29,1.33,0,0,0,0,229,835,0.282,13,1,0,5,0,0,0,2,0,3,16,2,0,5,57,61,0.93,0.293,22.6,15.9,5.98,2.05,2.92,0.332,0.485,0.817
2018,95657,임창용,KIA,HT,10,5.42,37,5,5,4,4,0.5,86 1/3,92,16,29,11,84,54,52,1.4,0,0,3,4,388,1526,0.271,24,1,5,3,1,5,0,12,3,2,10,12,0,2,81,86,0.94,0.313,41.2,17.7,8.76,3.02,2.9,0.345,0.488,0.833
2018,76653,박경태,KIA,HT,11,5.68,4,0,0,0,0,,6 1/3,7,0,2,1,6,5,4,1.42,0,0,0,0,29,84,0.269,2,0,0,0,0,1,0,0,0,0,2,0,0,1,6,7,0.86,0.35,21.0,13.3,8.53,2.84,3.0,0.345,0.346,0.691
2018,61666,한승혁,KIA,HT,12,5.83,21,7,3,0,0,0.7,88,105,8,44,4,65,62,57,1.69,0,0,4,0,406,1546,0.298,18,3,1,5,1,16,0,19,7,0,0,0,0,8,118,69,1.71,0.342,73.6,17.6,6.65,4.5,1.48,0.378,0.435,0.813
2018,66609,전상현,KIA,HT,13,6.1,5,0,0,0,0,,10 1/3,19,1,5,0,7,7,7,2.32,0,0,0,0,55,219,0.38,4,0,0,0,0,0,0,2,0,0,0,0,0,0,11,13,0.85,0.429,43.8,21.2,6.1,4.35,1.4,0.436,0.52,0.956
2018,62754,임기영,KIA,HT,14,6.26,29,8,9,0,2,0.471,105,145,20,34,12,68,79,73,1.7,0,0,2,1,491,1865,0.332,24,0,3,5,2,2,0,19,6,2,0,1,0,12,107,122,0.88,0.353,64.3,17.8,5.83,2.91,2.0,0.391,0.524,0.915
2018,67645,팻딘,KIA,HT,15,6.26,36,6,7,0,2,0.462,129 1/3,174,23,27,4,101,96,90,1.55,0,0,6,2,588,2191,0.318,29,1,1,8,2,3,0,21,2,4,3,5,0,7,135,146,0.92,0.35,60.9,16.9,7.03,1.88,3.74,0.349,0.5,0.849
2018,79617,정용운,KIA,HT,16,6.3,3,1,0,0,0,1.0,10,10,1,8,0,5,7,7,1.8,0,0,0,0,45,189,0.286,0,0,1,1,0,1,0,3,1,0,0,0,0,1,12,9,1.33,0.3,63.0,18.9,4.5,7.2,0.63,0.409,0.371,0.78
2018,60636,심동섭,KIA,HT,17,6.35,7,0,0,0,1,,5 2/3,7,0,3,0,5,4,4,1.76,0,0,0,0,27,105,0.292,4,0,0,0,0,0,0,0,0,0,2,2,0,0,3,9,0.33,0.368,15.0,18.5,7.94,4.76,1.67,0.37,0.458,0.828
2018,76350,김세현,KIA,HT,18,6.75,40,1,6,4,0,0.143,40,56,4,17,2,32,32,30,1.83,0,0,0,5,191,696,0.329,13,2,1,1,4,1,0,0,0,1,24,10,1,6,45,38,1.18,0.385,17.4,17.4,7.2,3.83,1.88,0.395,0.5,0.895
2018,75620,윤석민,KIA,HT,18,6.75,28,0,8,11,0,0.0,40,55,9,10,0,29,32,30,1.63,0,0,0,3,182,678,0.333,13,0,5,2,2,5,0,3,0,0,20,14,1,3,37,46,0.8,0.357,24.2,17.0,6.53,2.25,2.9,0.367,0.576,0.943
2018,65616,이민우,KIA,HT,20,7.17,30,2,3,0,4,0.4,37 2/3,52,4,23,5,28,34,30,1.99,0,0,0,0,188,759,0.331,6,2,1,2,0,2,0,2,0,2,6,5,0,3,39,40,0.98,0.378,25.3,20.2,6.69,5.5,1.22,0.428,0.471,0.899
2018,68639,하준영,KIA,HT,21,9.2,15,0,0,0,0,,14 2/3,16,3,8,1,12,15,15,1.64,0,0,0,0,67,280,0.281,0,0,0,1,0,3,0,0,0,0,4,0,0,1,10,20,0.5,0.302,18.7,19.1,7.36,4.91,1.5,0.373,0.439,0.812
2018,68659,김유신,KIA,HT,22,9.69,10,0,0,0,0,,13,13,0,6,1,6,14,14,1.46,0,0,0,0,57,215,0.265,2,1,0,1,0,0,0,2,0,0,4,0,0,2,13,18,0.72,0.295,21.5,16.5,4.15,4.15,1.0,0.351,0.347,0.698
2018,61643,홍건희,KIA,HT,23,10.26,11,0,1,0,0,0.0,16 2/3,32,4,7,1,13,20,19,2.34,0,0,0,0,88,309,0.405,8,1,0,1,1,0,0,1,0,0,4,1,0,2,17,18,0.94,0.444,28.1,18.5,7.02,3.78,1.86,0.455,0.684,1.139
2018,65639,박정수,KIA,HT,24,11.48,11,0,0,0,0,,13 1/3,17,2,5,3,16,18,17,1.65,0,0,0,0,66,295,0.298,4,2,0,1,0,0,0,0,0,0,2,0,0,0,11,14,0.79,0.375,26.8,22.1,10.8,3.38,3.2,0.379,0.544,0.923
2018,65543,린드블럼,두산,OB,1,2.88,26,15,4,0,0,0.789,168 2/3,142,16,38,8,157,56,54,1.07,0,0,21,0,681,2605,0.226,33,2,5,2,0,10,0,26,15,0,0,0,0,3,122,209,0.58,0.276,100.2,15.4,8.38,2.03,4.13,0.278,0.361,0.639
2018,63248,함덕주,두산,OB,2,2.96,62,6,3,27,3,0.667,67,58,4,37,4,75,23,22,1.42,0,0,0,4,293,1181,0.233,9,1,3,0,3,4,0,0,0,6,44,35,6,3,54,62,0.87,0.318,19.0,17.6,10.07,4.97,2.03,0.341,0.325,0.666
2018,68249,박신지,두산,OB,3,3.0,17,1,2,0,0,0.333,21,14,4,9,1,16,7,7,1.1,0,0,0,1,88,343,0.182,3,0,0,1,0,3,0,0,0,1,9,2,0,0,17,31,0.55,0.172,20.2,16.3,6.86,3.86,1.78,0.273,0.377,0.65
2018,73248,김승회,두산,OB,4,3.46,55,3,4,3,11,0.429,54 2/3,54,6,23,5,34,26,21,1.41,0,0,0,2,242,945,0.256,11,0,2,1,1,3,0,0,0,3,10,21,1,6,67,57,1.18,0.279,17.2,17.3,5.6,3.79,1.48,0.342,0.393,0.735
2018,77211,이용찬,두산,OB,5,3.63,25,15,3,0,0,0.833,144,151,14,36,8,102,62,58,1.3,1,0,16,0,608,2237,0.274,24,1,5,7,2,6,0,24,15,0,2,0,0,16,143,163,0.88,0.309,89.5,15.5,6.38,2.25,2.83,0.323,0.397,0.72
2018,67266,박치국,두산,OB,6,3.63,67,1,5,3,17,0.167,67,80,5,15,9,60,30,27,1.42,0,0,0,3,293,1026,0.301,13,0,2,1,4,1,1,0,0,1,6,29,2,11,76,51,1.49,0.371,15.3,15.3,8.06,2.01,4.0,0.357,0.406,0.763
2018,61962,김정후,두산,OB,7,3.63,13,0,1,0,0,0.0,17 1/3,12,3,12,1,12,8,7,1.38,0,0,0,0,75,336,0.194,3,0,0,0,0,0,0,0,0,0,5,1,0,1,10,28,0.36,0.191,25.8,19.4,6.23,6.23,1.0,0.333,0.387,0.72
2018,68240,후랭코프,두산,OB,8,3.74,28,18,3,0,0,0.857,149 1/3,118,12,55,22,134,64,62,1.16,0,0,17,0,621,2624,0.22,17,1,5,3,1,15,0,28,18,0,0,0,0,18,179,108,1.66,0.27,93.7,17.6,8.08,3.31,2.44,0.317,0.323,0.64
2018,78247,홍상삼,두산,OB,9,4.3,17,1,0,0,0,1.0,14 2/3,13,1,12,2,13,7,7,1.7,0,0,0,0,66,249,0.25,3,1,0,0,1,5,0,0,0,1,8,0,0,5,12,14,0.86,0.316,14.6,17.0,7.98,7.36,1.08,0.409,0.404,0.813
2018,77263,김강률,두산,OB,10,4.62,65,5,0,6,11,1.0,76,72,7,24,3,81,42,39,1.26,0,0,0,3,317,1230,0.253,10,0,4,1,1,6,0,0,0,5,17,24,1,7,72,61,1.18,0.328,18.9,16.2,9.59,2.84,3.38,0.316,0.361,0.677
2018,76329,이현승,두산,OB,11,4.99,39,1,0,0,6,1.0,30 2/3,39,4,14,1,21,18,17,1.73,0,0,0,0,140,514,0.317,9,2,1,1,1,0,0,0,0,1,6,7,0,7,36,28,1.29,0.354,13.2,16.8,6.16,4.11,1.5,0.388,0.52,0.908
2018,66291,이영하,두산,OB,12,5.28,40,10,3,0,2,0.769,122 2/3,140,15,54,9,90,75,72,1.58,0,0,6,0,555,2103,0.29,28,5,3,6,1,8,0,17,8,2,4,7,0,13,115,144,0.8,0.326,52.6,17.1,6.6,3.96,1.67,0.368,0.462,0.83
2018,61295,강동연,두산,OB,13,5.4,8,1,0,0,0,1.0,11 2/3,10,2,5,0,5,8,7,1.29,0,0,0,1,49,193,0.238,2,0,1,1,0,0,0,0,0,1,4,1,0,0,6,22,0.27,0.222,24.1,16.5,3.86,3.86,1.0,0.313,0.429,0.742
2018,61214,이현호,두산,OB,14,6.11,15,0,0,1,0,,28,37,4,13,1,23,19,19,1.79,0,0,1,0,134,513,0.308,6,0,0,0,0,1,0,2,0,0,10,1,0,1,20,40,0.5,0.355,34.2,18.3,7.39,4.18,1.77,0.381,0.458,0.839
2018,79229,유희관,두산,OB,15,6.7,29,10,10,0,0,0.5,141,197,23,42,4,81,108,105,1.7,0,0,10,0,650,2432,0.332,41,3,4,7,0,1,0,28,10,0,0,0,0,15,155,167,0.93,0.351,83.9,17.2,5.17,2.68,1.93,0.376,0.528,0.904
2018,64255,한주성,두산,OB,16,6.75,3,0,0,0,0,,4,8,0,1,1,1,3,3,2.25,0,0,0,0,22,70,0.4,1,0,0,0,0,0,0,0,0,0,0,0,0,0,2,9,0.22,0.421,23.3,17.5,2.25,2.25,1.0,0.455,0.45,0.905
2018,66160,유재유,두산,OB,17,7.11,5,0,1,0,0,0.0,6 1/3,11,1,3,3,5,5,5,2.21,0,0,0,0,34,134,0.407,2,0,0,1,0,2,0,1,0,0,4,0,0,2,8,4,2.0,0.455,26.8,21.2,7.11,4.26,1.67,0.5,0.593,1.093
2018,68260,현도훈,두산,OB,18,7.27,3,0,1,0,0,0.0,8 2/3,11,2,6,1,5,7,7,1.96,0,0,0,0,42,154,0.324,1,0,0,1,0,2,0,1,0,0,0,0,0,2,3,16,0.19,0.321,51.3,17.8,5.19,6.23,0.83,0.429,0.529,0.958
2018,68220,곽빈,두산,OB,19,7.55,32,3,1,1,4,0.75,31,44,6,17,3,26,26,26,1.97,0,0,0,2,154,626,0.341,10,0,2,3,0,0,0,0,0,3,7,10,1,2,23,39,0.59,0.38,19.6,20.2,7.55,4.94,1.53,0.421,0.558,0.979
2018,68201,박성모,두산,OB,20,9.0,2,0,1,0,0,0.0,2,4,1,0,1,1,2,2,2.0,0,0,0,0,11,40,0.444,0,0,0,1,0,0,0,0,0,0,1,0,0,0,3,2,1.5,0.375,20.0,20.0,4.5,0.0,,0.455,0.778,1.233
2018,65064,윤수호,두산,OB,21,9.24,17,0,1,0,0,0.0,25 1/3,33,4,17,1,19,31,26,1.97,0,0,0,0,127,513,0.314,8,0,2,2,2,1,0,0,0,0,3,1,0,2,30,25,1.2,0.345,30.2,20.3,6.75,6.04,1.12,0.408,0.505,0.913
2018,74513,장원준,두산,OB,22,9.92,24,3,7,0,2,0.3,71 2/3,101,12,33,11,46,81,79,1.87,0,0,2,0,349,1339,0.337,19,0,3,2,0,3,0,16,3,0,0,3,0,10,84,71,1.18,0.365,55.8,18.7,5.78,4.14,1.39,0.419,0.52,0.939
2018,62263,변시원,두산,OB,23,10.13,10,0,0,0,0,,10 2/3,16,2,2,4,8,12,12,1.69,0,0,0,0,52,206,0.348,5,0,0,0,0,0,1,0,0,0,2,1,0,2,9,13,0.69,0.389,20.6,19.3,6.75,1.69,4.0,0.423,0.587,1.01
2018,67263,최원준,두산,OB,24,10.61,6,0,0,0,0,,9 1/3,22,2,0,5,5,16,11,2.36,0,0,0,0,56,193,0.449,5,0,0,2,0,0,0,0,0,0,1,0,0,1,10,14,0.71,0.455,32.2,20.7,4.82,0.0,,0.482,0.673,1.155
2018,74543,최대성,두산,OB,25,11.7,8,0,0,0,0,,10,15,3,8,0,10,13,13,2.3,0,0,0,1,52,185,0.349,3,0,0,1,1,1,0,0,0,0,2,1,0,1,8,11,0.73,0.387,23.1,18.5,9.0,7.2,1.25,0.442,0.628,1.07
2018,60255,장민익,두산,OB,26,27.0,3,0,0,0,0,,2,5,3,2,1,2,6,6,3.5,0,0,0,0,14,61,0.455,0,0,0,0,0,0,0,0,0,0,1,1,0,0,3,1,3.0,0.333,20.3,30.5,9.0,9.0,1.0,0.571,1.273,1.844
2018,79535,허준혁,두산,OB,26,27.0,1,0,1,0,0,0.0,1 2/3,4,0,3,0,1,5,5,4.2,0,0,0,0,12,43,0.444,1,0,0,0,0,0,0,1,0,0,0,0,0,0,2,2,1.0,0.5,43.0,25.8,5.4,16.2,0.33,0.583,0.556,1.139
2018,68200,김민규,두산,OB,28,54.0,1,0,0,0,0,,1/3,1,0,2,0,0,2,2,9.0,0,0,0,0,4,17,0.5,0,0,0,0,0,0,0,0,0,0,0,0,0,0,0,1,0.0,0.5,17.0,51.0,0.0,54.0,0.0,0.75,0.5,1.25
2018,60336,문성현,키움,WO,1,0.0,1,0,0,0,0,,1,1,0,1,0,1,0,0,2.0,0,0,0,0,5,19,0.25,0,0,0,0,0,0,0,0,0,0,1,0,0,0,1,1,1.0,0.333,19.0,19.0,9.0,9.0,1.0,0.4,0.25,0.65
2018,61396,박정준,키움,WO,1,0.0,2,0,0,0,0,,2,0,0,1,2,2,1,0,0.5,0,0,0,0,10,48,0.0,0,0,0,0,0,0,1,0,0,0,2,0,0,0,3,2,1.5,0.0,24.0,24.0,9.0,4.5,2.0,0.3,0.0,0.3
2018,63960,이상민,키움,WO,1,0.0,4,0,0,0,0,,4 2/3,3,0,1,0,2,0,0,0.86,0,0,0,0,16,54,0.2,1,0,0,0,0,0,0,0,0,0,2,1,0,1,5,5,1.0,0.231,13.5,11.6,3.86,1.93,2.0,0.25,0.267,0.517
2018,61268,양현,키움,WO,4,3.58,33,1,1,0,5,0.5,32 2/3,31,4,13,1,20,13,13,1.35,0,0,0,2,132,486,0.27,3,0,1,2,0,0,0,0,0,1,5,6,0,7,43,23,1.87,0.29,14.7,14.9,5.51,3.58,1.54,0.344,0.4,0.744
2018,63342,조상우,키움,WO,5,3.79,18,1,2,9,0,0.333,19,16,1,6,2,23,11,8,1.16,0,0,0,5,78,322,0.232,4,1,1,0,0,0,0,0,0,1,14,14,1,1,12,18,0.67,0.333,17.9,16.9,10.89,2.84,3.83,0.312,0.362,0.674
2018,65742,로저스,키움,WO,6,3.8,13,5,4,0,0,0.556,83,89,7,16,5,65,40,35,1.27,1,0,8,0,345,1285,0.278,7,4,2,2,0,8,0,13,5,0,1,0,0,8,99,69,1.43,0.328,98.8,15.5,7.05,1.73,4.06,0.321,0.391,0.712
2018,67313,브리검,키움,WO,7,3.84,31,11,7,0,1,0.611,199,188,19,50,19,175,89,85,1.2,2,1,19,0,829,3089,0.249,28,3,5,1,0,4,0,30,11,0,2,0,0,25,247,145,1.7,0.301,99.6,15.5,7.91,2.26,3.5,0.312,0.37,0.682
2018,65320,최원태,키움,WO,8,3.95,23,13,7,0,0,0.65,134 1/3,144,8,35,11,101,62,59,1.33,1,0,14,0,577,2135,0.275,28,0,4,4,0,3,0,23,13,0,1,0,0,16,166,116,1.43,0.325,92.8,15.9,6.77,2.34,2.89,0.332,0.375,0.707
2018,75342,이보근,키움,WO,9,4.28,64,7,6,0,24,0.538,61,66,6,14,4,54,36,29,1.31,0,0,0,4,263,1128,0.269,10,2,0,0,1,2,0,0,0,7,9,30,0,4,53,72,0.74,0.324,17.6,18.5,7.97,2.07,3.86,0.319,0.4,0.719
2018,62363,한현희,키움,WO,10,4.79,30,11,7,0,0,0.611,169,208,22,49,20,105,98,90,1.52,0,0,12,0,756,2790,0.307,42,3,5,5,0,6,0,28,10,1,0,0,0,24,207,162,1.28,0.335,93.0,16.5,5.59,2.61,2.14,0.369,0.476,0.845
2018,61456,윤영삼,키움,WO,11,4.85,22,1,0,2,0,1.0,29 2/3,31,2,8,1,32,18,16,1.31,0,0,0,0,127,458,0.272,7,0,4,0,1,1,0,0,0,1,11,2,0,2,24,27,0.89,0.363,20.8,15.4,9.71,2.43,4.0,0.325,0.386,0.711
2018,76430,김태혁,키움,WO,12,5.17,58,2,3,18,14,0.4,55 2/3,53,9,23,1,68,32,32,1.37,0,0,0,7,239,987,0.25,10,0,1,2,2,6,0,0,0,2,29,38,0,2,38,55,0.69,0.321,17.0,17.7,10.99,3.72,2.96,0.324,0.425,0.749
2018,63938,해커,키움,WO,13,5.2,14,5,3,0,0,0.625,79 2/3,86,16,30,5,56,49,46,1.46,0,0,4,0,349,1338,0.281,16,0,5,3,0,2,1,13,5,0,0,0,0,6,101,66,1.53,0.295,95.6,16.8,6.33,3.39,1.87,0.352,0.49,0.842
2018,67603,이승호,키움,WO,14,5.6,32,1,3,0,4,0.25,45,44,8,22,5,38,28,28,1.47,0,0,0,0,203,825,0.253,9,0,0,2,1,8,0,4,0,1,4,5,0,1,44,50,0.88,0.277,25.8,18.3,7.6,4.4,1.73,0.35,0.443,0.793
2018,62360,김태훈,키움,WO,15,6.04,33,2,2,2,1,0.5,47 2/3,61,10,18,4,36,33,32,1.66,0,0,0,1,218,824,0.313,12,1,0,1,0,2,0,3,1,1,10,6,0,8,41,58,0.71,0.34,25.0,17.3,6.8,3.4,2.0,0.381,0.538,0.919
2018,67828,김성민,키움,WO,16,6.19,46,2,1,0,5,0.667,48,61,6,21,3,45,38,33,1.71,0,0,0,0,226,850,0.31,11,1,2,3,2,4,0,1,0,2,8,4,0,3,51,43,1.19,0.369,18.5,17.7,8.44,3.94,2.14,0.379,0.467,0.846
2018,74359,오주원,키움,WO,17,6.19,61,3,6,1,15,0.333,52 1/3,61,8,13,1,36,37,36,1.41,0,0,0,3,226,820,0.298,11,0,5,2,3,1,0,0,0,3,11,24,0,3,50,60,0.83,0.325,13.4,15.7,6.19,2.24,2.77,0.339,0.468,0.807
2018,62937,신재영,키움,WO,18,6.75,26,8,9,0,1,0.471,101 1/3,133,31,23,8,53,80,76,1.54,0,0,6,0,452,1695,0.318,27,2,2,1,2,0,0,21,7,1,2,0,0,10,94,139,0.68,0.304,65.2,16.7,4.71,2.04,2.3,0.364,0.615,0.979
2018,68341,안우진,키움,WO,19,7.19,20,2,4,0,1,0.333,41 1/3,46,6,28,3,46,35,33,1.79,0,0,0,0,198,770,0.282,5,0,2,2,0,5,2,5,1,1,8,2,0,3,33,40,0.83,0.354,38.5,18.6,10.02,6.1,1.64,0.393,0.423,0.816
2018,63348,조성운,키움,WO,20,7.43,25,0,0,0,0,,26 2/3,35,6,13,0,25,24,22,1.8,0,0,0,1,128,495,0.304,6,1,0,0,0,3,0,0,0,0,12,1,0,2,19,36,0.53,0.345,19.8,18.6,8.44,4.39,1.92,0.375,0.53,0.905
2018,64350,하영민,키움,WO,21,7.71,9,0,2,0,0,0.0,16 1/3,30,3,7,1,10,18,14,2.27,0,0,0,0,89,299,0.375,3,0,1,0,0,0,0,1,0,0,6,0,0,0,26,14,1.86,0.403,33.2,18.3,5.51,3.86,1.43,0.432,0.525,0.957
2018,66018,김선기,키움,WO,22,7.94,21,0,1,0,1,0.0,22 2/3,34,5,16,0,21,22,20,2.21,0,0,0,0,120,450,0.34,7,0,1,3,1,3,0,0,0,0,6,0,0,0,21,27,0.78,0.377,21.4,19.9,8.34,6.35,1.31,0.42,0.56,0.98
2018,65392,김정인,키움,WO,23,8.59,2,0,1,0,0,0.0,7 1/3,14,1,3,1,4,7,7,2.32,0,0,0,0,39,143,0.4,2,0,0,0,0,0,0,2,0,0,0,0,0,1,4,13,0.31,0.433,71.5,19.5,4.91,3.68,1.33,0.462,0.543,1.005
2018,64051,이영준,키움,WO,24,22.5,2,0,0,0,0,,2,6,0,3,0,2,5,5,4.5,0,0,0,0,15,44,0.5,3,0,0,0,0,0,0,0,0,0,0,0,0,0,3,1,3.0,0.6,22.0,22.0,9.0,13.5,0.67,0.6,0.75,1.35
2018,66068,서의태,키움,WO,25,54.0,1,0,0,0,0,,2/3,1,0,2,1,1,4,4,4.5,0,0,0,0,6,27,0.333,0,0,0,0,0,1,0,0,0,0,0,0,0,0,1,0,,0.5,27.0,40.5,13.5,27.0,0.5,0.667,0.333,1.0
2019,61962,김정후,LG,LG,1,0.0,2,0,0,0,0,,1 2/3,1,0,1,0,1,0,0,1.2,0,0,0,0,7,35,0.167,0,0,0,0,0,0,0,0,0,0,1,0,0,0,0,4,0.0,0.2,17.5,21.0,5.4,5.4,1.0,0.286,0.167,0.453
2019,71118,이동현,LG,LG,1,0.0,5,0,0,0,0,,5,6,0,0,0,5,0,0,1.2,0,0,0,0,20,73,0.3,0,0,0,0,0,0,0,0,0,0,1,1,0,1,4,5,0.8,0.4,14.6,14.6,9.0,0.0,,0.3,0.3,0.6
2019,65117,이상규,LG,LG,1,0.0,1,0,0,0,0,,1/3,0,0,1,1,0,0,0,3.0,0,0,0,0,3,18,0.0,0,0,0,0,0,0,0,0,0,0,0,0,0,0,1,0,,0.0,18.0,54.0,0.0,27.0,0.0,0.667,0.0,0.667
2019,67119,고우석,LG,LG,4,1.52,65,8,2,35,1,0.8,71,47,4,30,4,76,13,12,1.08,0,0,0,4,288,1126,0.187,7,1,2,1,4,2,0,0,0,8,54,40,2,7,49,80,0.61,0.25,17.3,15.9,9.63,3.8,2.53,0.283,0.271,0.554
2019,78148,정찬헌,LG,LG,5,1.64,13,1,1,6,0,0.5,11,11,0,6,0,11,5,2,1.55,0,0,0,1,49,177,0.262,4,0,1,0,0,0,0,0,0,1,9,7,0,2,11,9,1.22,0.355,13.6,16.1,9.0,4.91,1.83,0.354,0.357,0.711
2019,69103,켈리,LG,LG,6,2.55,29,14,12,0,0,0.538,180 1/3,164,7,41,16,126,70,51,1.14,0,0,24,0,747,2758,0.243,33,3,5,11,0,12,0,29,14,0,0,0,0,14,206,189,1.09,0.284,95.1,15.3,6.29,2.05,3.07,0.298,0.332,0.63
2019,64155,임지섭,LG,LG,7,2.7,8,0,0,0,0,,6 2/3,5,0,8,1,9,4,2,1.95,0,0,0,0,33,144,0.208,0,0,0,0,0,0,0,0,0,0,2,0,0,1,5,5,1.0,0.333,18.0,21.6,12.15,10.8,1.13,0.424,0.208,0.632
2019,68135,윌슨,LG,LG,8,2.92,30,14,7,0,0,0.667,185,171,7,44,10,137,77,60,1.16,1,0,22,0,763,2746,0.245,27,2,8,2,1,6,0,30,14,0,1,0,0,21,261,132,1.98,0.294,91.5,14.8,6.66,2.14,3.11,0.298,0.319,0.617
2019,76650,진해수,LG,LG,9,3.43,72,3,1,0,20,0.75,42,44,2,16,2,38,17,16,1.43,0,0,0,2,185,706,0.268,3,3,1,2,0,0,0,0,0,3,5,24,0,4,46,38,1.21,0.333,9.8,16.8,8.14,3.43,2.38,0.337,0.36,0.697
2019,69111,한선태,LG,LG,10,3.68,6,0,0,0,0,,7 1/3,6,0,1,1,4,3,3,0.95,0,0,0,0,29,101,0.231,0,0,0,1,0,0,0,0,0,0,2,0,0,1,7,10,0.7,0.261,16.8,13.8,4.91,1.23,4.0,0.276,0.231,0.507
2019,69159,정우영,LG,LG,11,3.72,56,4,6,1,16,0.4,65 1/3,57,2,20,8,38,30,27,1.18,0,0,0,3,273,983,0.235,9,2,1,1,5,3,1,0,0,4,7,22,0,7,117,32,3.66,0.27,17.6,15.0,5.23,2.76,1.9,0.313,0.313,0.626
2019,66145,김대현,LG,LG,12,3.78,41,5,4,0,9,0.556,66 2/3,63,2,27,4,40,31,28,1.35,0,0,0,1,285,1059,0.256,11,1,4,4,1,3,0,2,0,5,3,11,0,4,68,79,0.86,0.293,25.8,15.9,5.4,3.65,1.48,0.335,0.333,0.668
2019,79825,여건욱,LG,LG,13,3.94,25,0,0,0,0,,29 2/3,35,2,8,1,24,14,13,1.45,0,0,0,0,130,468,0.292,11,1,0,1,0,1,0,0,0,0,15,1,0,1,14,48,0.29,0.347,18.7,15.8,7.28,2.43,3.0,0.338,0.45,0.788
2019,60845,문광은,LG,LG,14,4.09,32,1,1,1,3,0.5,33,35,3,13,1,26,15,15,1.45,0,0,0,0,141,524,0.285,5,1,2,2,0,1,0,0,0,1,8,5,0,2,30,34,0.88,0.333,16.4,15.9,7.09,3.55,2.0,0.353,0.415,0.768
2019,76455,차우찬,LG,LG,15,4.12,29,13,8,0,0,0.619,168 1/3,181,16,59,5,124,87,77,1.43,0,0,13,0,730,2796,0.276,30,1,3,8,0,13,0,28,13,0,0,0,0,13,142,216,0.66,0.315,96.4,16.6,6.63,3.15,2.1,0.337,0.398,0.735
2019,63111,류제국,LG,LG,16,4.22,11,0,2,0,0,0.0,53 1/3,57,5,26,4,31,27,25,1.56,0,0,3,0,243,921,0.277,7,2,3,4,1,2,0,11,0,0,0,0,0,4,61,61,1.0,0.299,83.7,17.3,5.23,4.39,1.19,0.363,0.403,0.766
2019,61145,이우찬,LG,LG,17,4.85,30,5,4,0,2,0.556,91,78,5,66,4,58,55,49,1.58,0,0,4,0,398,1580,0.241,14,1,4,0,1,5,0,13,5,0,1,3,0,16,120,68,1.76,0.28,52.7,17.4,5.74,6.53,0.88,0.376,0.336,0.712
2019,61101,임찬규,LG,LG,18,4.97,30,3,5,0,2,0.375,88 2/3,84,10,46,7,72,51,49,1.47,0,0,3,1,392,1576,0.251,20,3,0,4,0,7,0,13,3,0,3,2,0,6,73,110,0.66,0.288,52.5,17.8,7.31,4.67,1.57,0.349,0.418,0.767
2019,69158,강정현,LG,LG,19,5.06,7,0,0,0,0,,10 2/3,9,3,6,2,8,6,6,1.41,0,0,0,0,48,194,0.225,1,0,0,0,0,0,0,1,0,0,3,0,0,1,6,17,0.35,0.207,27.7,18.2,6.75,5.06,1.33,0.354,0.475,0.829
2019,63145,배재준,LG,LG,20,5.23,19,3,4,0,0,0.429,62,61,3,33,8,44,42,36,1.52,0,0,4,0,282,1078,0.255,17,1,0,2,0,3,0,12,3,0,2,0,0,7,67,69,0.97,0.299,56.7,17.4,6.39,4.79,1.33,0.362,0.372,0.734
2019,73801,송은범,LG,LG,21,5.25,63,2,6,1,9,0.25,60,80,6,23,3,36,38,35,1.72,0,0,0,0,281,966,0.328,5,2,8,3,4,3,0,0,0,2,11,14,1,5,75,56,1.34,0.361,15.3,16.1,5.4,3.45,1.57,0.388,0.439,0.827
2019,67116,오석주,LG,LG,22,5.4,3,0,0,0,0,,5,6,2,3,0,4,3,3,1.8,0,0,0,0,24,101,0.286,1,0,0,0,0,1,0,0,0,0,3,0,0,0,3,8,0.38,0.267,33.7,20.2,7.2,5.4,1.33,0.375,0.619,0.994
2019,63103,류원석,LG,LG,22,5.4,2,0,0,0,0,,3 1/3,2,1,5,0,4,2,2,2.1,0,0,0,0,17,80,0.167,0,0,0,0,0,0,0,0,0,0,0,0,0,0,3,3,1.0,0.143,40.0,24.0,10.8,13.5,0.8,0.412,0.417,0.829
2019,74167,심수창,LG,LG,24,6.17,5,1,1,0,0,0.5,11 2/3,17,1,7,0,12,8,8,2.06,0,0,0,0,57,228,0.354,3,0,0,2,0,0,0,1,0,1,1,0,0,1,9,12,0.75,0.432,45.6,19.5,9.26,5.4,1.71,0.421,0.479,0.9
2019,79140,최동환,LG,LG,25,6.26,18,1,0,0,0,1.0,23,25,4,10,3,13,17,16,1.52,0,0,0,0,107,372,0.266,7,0,0,0,0,1,0,0,0,1,10,0,0,0,16,40,0.4,0.273,20.7,16.2,5.09,3.91,1.3,0.355,0.468,0.823
2019,76355,장원삼,LG,LG,26,7.98,8,0,2,0,0,0.0,14 2/3,20,3,3,2,7,13,13,1.57,0,0,0,0,68,262,0.323,4,0,0,1,0,0,0,3,0,0,2,0,0,0,20,16,1.25,0.321,32.8,17.9,4.3,1.84,2.33,0.368,0.532,0.9
2019,69168,이상영,LG,LG,27,16.88,3,0,0,0,0,,2 2/3,9,1,0,1,1,5,5,3.38,0,0,0,0,16,58,0.6,2,0,0,0,0,0,0,0,0,0,3,0,0,1,3,2,1.5,0.615,19.3,21.8,3.38,0.0,,0.625,0.933,1.558
2019,68701,김진욱,한화,HH,1,0.0,1,0,0,0,0,,1,0,0,1,1,0,0,0,1.0,0,0,0,0,4,20,0.0,0,0,0,0,0,0,0,0,0,0,1,0,0,1,2,0,,0.0,20.0,20.0,0.0,9.0,0.0,0.5,0.0,0.5
2019,74857,정우람,한화,HH,2,1.54,57,4,3,26,0,0.571,58 1/3,57,4,16,1,48,11,10,1.25,0,0,0,4,237,940,0.261,8,0,1,1,4,2,1,0,0,4,49,30,3,7,44,70,0.63,0.317,16.5,16.1,7.41,2.47,3.0,0.314,0.353,0.667
2019,69748,채드벨,한화,HH,3,3.5,29,11,10,0,0,0.524,177 1/3,169,14,63,10,134,73,69,1.31,0,0,15,0,749,2843,0.256,33,2,11,4,0,8,1,29,11,0,0,0,0,18,185,177,1.05,0.3,98.0,16.0,6.8,3.2,2.13,0.328,0.375,0.703
2019,69744,서폴드,한화,HH,4,3.51,31,12,11,0,0,0.522,192 1/3,191,8,54,8,135,84,75,1.27,0,0,20,0,810,3142,0.259,28,4,5,5,1,8,0,31,12,0,0,0,0,17,221,196,1.13,0.305,101.4,16.3,6.32,2.53,2.5,0.314,0.34,0.654
2019,73738,안영명,한화,HH,5,3.92,67,4,7,0,13,0.364,62,82,5,13,3,48,27,27,1.53,0,0,0,3,273,1053,0.325,14,1,4,1,0,2,1,0,0,4,7,18,0,6,73,50,1.46,0.385,15.7,17.0,6.97,1.89,3.69,0.364,0.448,0.812
2019,67703,박상원,한화,HH,6,3.97,61,1,4,0,12,0.2,59,52,5,28,5,39,29,26,1.36,0,0,0,1,256,999,0.242,6,0,2,5,1,1,0,0,0,1,13,10,0,7,72,57,1.26,0.267,16.4,16.9,5.95,4.27,1.39,0.336,0.34,0.676
2019,67737,김진영,한화,HH,7,4.05,6,0,4,0,0,0.0,26 2/3,27,1,16,1,14,12,12,1.61,0,0,0,0,117,441,0.278,6,0,1,2,0,0,0,5,0,0,0,0,0,4,26,32,0.81,0.31,73.5,16.5,4.73,5.4,0.88,0.379,0.371,0.75
2019,60757,김경태,한화,HH,8,4.09,17,0,0,0,0,,11,14,0,8,0,10,5,5,2.0,0,0,0,0,54,207,0.318,4,0,1,1,0,2,0,0,0,0,2,0,0,1,17,4,4.25,0.4,12.2,18.8,8.18,6.55,1.25,0.415,0.409,0.824
2019,62611,임준섭,한화,HH,9,4.2,34,1,3,0,1,0.25,49 1/3,56,1,28,1,26,30,23,1.7,0,0,1,0,230,883,0.284,14,1,2,2,0,6,0,6,1,0,7,1,0,4,71,46,1.54,0.32,26.0,17.9,4.74,5.11,0.93,0.373,0.381,0.754
2019,69745,김도현,한화,HH,10,4.26,11,4,3,0,0,0.571,38,42,2,21,2,15,19,18,1.66,0,0,0,0,171,706,0.286,9,0,0,1,0,1,0,8,3,1,3,0,0,7,28,63,0.44,0.305,64.2,18.6,3.55,4.97,0.71,0.38,0.388,0.768
2019,67762,김성훈,한화,HH,11,4.84,15,0,1,0,0,0.0,22 1/3,24,3,15,1,26,12,12,1.75,0,0,0,0,104,419,0.276,5,0,0,1,0,6,0,1,0,0,7,0,0,2,11,27,0.41,0.356,27.9,18.8,10.48,6.04,1.73,0.385,0.437,0.822
2019,69762,박윤철,한화,HH,12,5.1,15,0,1,0,0,0.0,30,22,4,30,3,21,19,17,1.73,0,0,0,0,145,606,0.198,3,0,0,1,0,2,0,3,0,0,4,0,0,1,29,40,0.73,0.207,40.4,20.2,6.3,9.0,0.7,0.379,0.333,0.712
2019,79764,장민재,한화,HH,13,5.43,26,6,8,0,0,0.429,119 1/3,150,14,27,6,103,76,72,1.48,1,0,7,0,526,1913,0.307,25,1,0,4,0,3,0,22,6,0,3,0,0,12,127,113,1.12,0.362,73.6,16.0,7.77,2.04,3.81,0.348,0.448,0.796
2019,65769,김범수,한화,HH,14,5.68,45,5,9,1,1,0.357,103,115,15,61,10,85,70,65,1.71,0,0,2,2,485,1976,0.282,19,3,2,4,1,9,0,16,3,2,2,6,0,7,95,117,0.81,0.321,43.9,19.2,7.43,5.33,1.39,0.385,0.453,0.838
2019,60768,이태양,한화,HH,15,5.81,55,1,6,0,10,0.143,66 2/3,74,8,13,3,64,44,43,1.31,0,0,0,5,283,1083,0.282,11,2,2,3,0,4,0,1,0,1,8,18,0,7,57,70,0.81,0.342,19.7,16.2,8.64,1.76,4.92,0.32,0.431,0.751
2019,63765,김종수,한화,HH,16,5.81,35,2,0,0,0,1.0,31,30,4,33,1,28,21,20,2.03,0,0,0,0,148,646,0.268,4,0,1,1,0,2,0,0,0,2,11,0,0,6,26,29,0.9,0.321,18.5,20.8,8.13,9.58,0.85,0.435,0.411,0.846
2019,60140,신정락,한화,HH,17,5.84,44,5,1,0,5,0.833,44 2/3,48,6,21,6,35,33,29,1.54,0,0,0,1,207,816,0.273,8,0,3,1,0,4,0,1,0,5,5,10,0,3,46,48,0.96,0.309,18.5,18.3,7.05,4.23,1.67,0.368,0.42,0.788
2019,63791,송창현,한화,HH,18,6.39,3,0,1,0,0,0.0,12 2/3,15,4,4,0,5,9,9,1.5,0,0,0,0,57,217,0.283,1,0,0,0,0,0,0,2,0,0,0,0,0,0,15,18,0.83,0.25,72.3,17.1,3.55,2.84,1.25,0.333,0.528,0.861
2019,65764,김민우,한화,HH,19,6.75,16,2,7,0,0,0.222,68,80,6,30,6,46,59,51,1.62,1,0,3,0,316,1171,0.292,12,1,4,2,0,4,0,12,2,0,1,0,0,5,82,68,1.21,0.33,73.2,17.2,6.09,3.97,1.53,0.372,0.409,0.781
2019,64760,황영국,한화,HH,19,6.75,6,0,0,0,0,,4,8,2,1,0,6,3,3,2.25,0,0,0,0,20,91,0.421,0,0,0,0,0,0,0,0,0,0,4,1,0,1,4,1,4.0,0.545,15.2,22.8,13.5,2.25,6.0,0.45,0.737,1.187
2019,68703,박성웅,한화,HH,21,7.98,29,0,4,0,1,0.0,38 1/3,51,8,24,2,27,37,34,1.96,0,0,0,1,188,721,0.321,9,2,2,1,0,1,1,6,0,0,6,5,0,3,38,44,0.86,0.344,24.9,18.8,6.34,5.63,1.13,0.414,0.553,0.967
2019,73750,윤규진,한화,HH,22,10.38,3,0,0,0,0,,4 1/3,6,0,1,0,1,5,5,1.62,0,0,0,0,20,74,0.333,2,1,0,1,0,0,0,0,0,0,1,0,0,0,5,7,0.71,0.333,24.7,17.1,2.08,2.08,1.0,0.35,0.556,0.906
2019,64554,문동욱,한화,HH,23,12.06,12,1,1,0,0,0.5,15 2/3,36,3,4,3,12,25,21,2.55,0,0,0,0,91,305,0.444,6,0,1,2,0,1,0,1,0,1,4,0,0,2,19,16,1.19,0.485,25.4,19.5,6.89,2.3,3.0,0.478,0.63,1.108
2019,66741,김재영,한화,HH,24,12.96,5,0,0,0,0,,8 1/3,14,1,3,2,4,12,12,2.04,0,0,0,1,41,164,0.389,4,0,0,0,0,0,0,1,0,0,1,1,0,1,6,12,0.5,0.419,32.8,19.7,4.32,3.24,1.33,0.463,0.583,1.046
2019,64759,서균,한화,HH,25,14.54,7,0,0,0,0,,4 1/3,10,0,3,0,3,8,7,3.0,0,0,0,0,27,108,0.417,4,0,0,0,0,0,0,0,0,0,1,1,0,0,4,7,0.57,0.476,15.4,24.9,6.23,6.23,1.0,0.481,0.583,1.064
2019,63961,윤호솔,한화,HH,26,17.18,3,0,0,0,0,,3 2/3,8,1,3,0,2,7,7,3.0,0,0,0,0,22,96,0.421,1,0,0,0,0,0,0,0,0,0,1,0,0,0,2,7,0.29,0.438,32.0,26.2,4.91,7.36,0.67,0.5,0.632,1.132
2019,63749,이충호,한화,HH,27,45.0,1,0,0,0,0,,1,6,1,1,0,0,5,5,7.0,0,0,0,0,10,38,0.667,3,0,0,0,0,1,0,0,0,0,0,0,0,0,0,3,0.0,0.625,38.0,38.0,0.0,9.0,0.0,0.7,1.333,2.033
2019,74731,송창식,한화,HH,28,54.0,1,0,0,0,0,,1/3,3,0,0,0,1,2,2,9.0,0,0,0,0,4,9,0.75,1,0,0,0,0,0,0,0,0,0,0,0,0,0,0,0,,1.0,9.0,27.0,27.0,0.0,,0.75,1.0,1.75
2019,76858,박희수,SSG,SK,1,1.57,34,0,1,1,2,0.0,28 2/3,29,1,13,3,14,9,5,1.47,0,0,0,0,124,479,0.274,2,0,2,0,0,0,0,0,0,0,12,4,1,7,33,30,1.1,0.308,14.1,16.7,4.4,4.08,1.08,0.369,0.321,0.69
2019,69813,하재훈,SSG,SK,2,1.98,61,5,3,36,3,0.625,59,47,1,26,1,64,13,13,1.24,0,0,0,1,245,1025,0.222,11,0,5,1,2,0,1,0,0,5,47,40,1,6,50,52,0.96,0.311,16.8,17.4,9.76,3.97,2.46,0.308,0.288,0.596
2019,69839,백승건,SSG,SK,3,2.33,15,0,0,0,0,,19 1/3,16,1,12,1,14,5,5,1.45,0,0,0,0,81,317,0.239,4,0,1,0,0,1,0,0,0,0,3,0,0,3,13,24,0.54,0.288,21.1,16.4,6.52,5.59,1.17,0.363,0.343,0.706
2019,61895,서진용,SSG,SK,4,2.38,72,3,1,4,33,0.75,68,53,2,28,2,76,19,18,1.19,0,0,0,1,279,1112,0.216,9,2,2,2,4,1,0,0,0,3,5,37,0,7,51,67,0.76,0.302,15.4,16.4,10.06,3.71,2.71,0.3,0.294,0.594
2019,77829,김광현,SSG,SK,5,2.51,31,17,6,0,0,0.739,190 1/3,198,13,38,2,180,64,53,1.24,0,0,24,0,786,2908,0.27,17,0,6,6,1,8,0,30,17,0,1,0,0,22,205,157,1.31,0.338,93.8,15.3,8.51,1.8,4.74,0.305,0.346,0.651
2019,68815,산체스,SSG,SK,6,2.62,28,17,5,0,0,0.773,165,151,2,42,2,148,51,48,1.17,0,0,17,0,671,2538,0.244,18,2,2,7,0,11,2,28,17,0,0,0,0,13,182,144,1.26,0.314,90.6,15.4,8.07,2.29,3.52,0.291,0.29,0.581
2019,64893,박민호,SSG,SK,7,2.68,47,3,1,0,4,0.75,50 1/3,49,2,14,4,22,17,15,1.25,0,0,0,0,209,811,0.266,10,0,1,6,0,0,0,0,0,3,11,6,0,3,47,72,0.65,0.283,17.3,16.1,3.93,2.5,1.57,0.322,0.353,0.675
2019,66444,이케빈,SSG,SK,8,3.0,1,0,0,0,0,,3,2,0,3,0,3,1,1,1.67,0,0,0,0,14,65,0.182,0,0,0,0,0,1,0,1,0,0,0,0,0,0,4,2,2.0,0.25,65.0,21.7,9.0,9.0,1.0,0.357,0.182,0.539
2019,62056,정영일,SSG,SK,9,3.21,44,1,2,1,8,0.333,42,32,1,22,1,35,15,15,1.29,0,0,0,1,175,684,0.215,3,1,3,0,2,2,0,0,0,1,7,9,0,1,34,48,0.71,0.274,15.5,16.3,7.5,4.71,1.59,0.32,0.268,0.588
2019,75138,신재웅,SSG,SK,10,3.32,20,1,0,0,0,1.0,21 2/3,14,1,10,1,14,8,8,1.11,0,0,0,0,88,357,0.189,4,0,2,1,0,0,0,1,0,1,7,1,0,0,23,24,0.96,0.217,17.9,16.5,5.82,4.15,1.4,0.291,0.284,0.575
2019,62698,소사,SSG,SK,11,3.82,16,9,3,0,0,0.75,94 1/3,85,15,23,2,96,42,40,1.14,0,0,10,0,387,1465,0.238,6,0,2,3,0,3,1,16,9,0,0,0,0,5,63,116,0.54,0.281,91.6,15.5,9.16,2.19,4.17,0.286,0.381,0.667
2019,62869,문승원,SSG,SK,12,3.88,26,11,7,0,2,0.611,144,130,23,33,3,99,63,62,1.13,0,0,12,0,586,2185,0.239,13,5,2,4,1,0,0,23,11,0,0,2,0,9,143,176,0.81,0.251,84.0,15.2,6.19,2.06,3.0,0.284,0.408,0.692
2019,60841,박종훈,SSG,SK,12,3.88,28,8,11,0,0,0.421,144,157,12,59,13,100,72,62,1.5,0,0,10,0,643,2528,0.28,29,0,6,5,0,1,0,28,8,0,0,0,0,14,165,143,1.15,0.32,90.3,17.6,6.25,3.69,1.69,0.359,0.396,0.755
2019,79847,김태훈,SSG,SK,14,3.88,71,4,5,7,27,0.444,69 2/3,62,4,26,4,76,32,30,1.26,0,0,0,5,296,1103,0.237,8,0,2,2,0,7,0,0,0,4,10,45,0,5,78,48,1.63,0.315,15.5,15.8,9.82,3.36,2.92,0.313,0.313,0.626
2019,79130,강지광,SSG,SK,15,3.95,25,2,4,0,6,0.333,27 1/3,24,0,11,0,15,14,12,1.28,0,0,0,0,115,386,0.245,5,0,5,1,1,3,0,0,0,2,1,6,0,3,27,33,0.82,0.286,15.4,14.1,4.94,3.62,1.36,0.318,0.296,0.614
2019,66859,김주한,SSG,SK,16,5.25,11,1,1,0,1,0.5,12,12,0,7,2,10,7,7,1.58,0,0,0,0,56,212,0.267,4,1,2,0,1,2,0,1,0,1,7,1,0,1,13,10,1.3,0.343,19.3,17.7,7.5,5.25,1.43,0.389,0.4,0.789
2019,65343,김택형,SSG,SK,17,5.79,26,2,1,0,2,0.667,23 1/3,20,1,24,2,27,16,15,1.89,0,0,0,0,115,447,0.225,4,0,0,0,0,6,0,0,0,2,6,2,0,2,21,21,1.0,0.311,17.2,19.2,10.41,9.26,1.13,0.4,0.303,0.703
2019,78819,백청훈,SSG,SK,18,6.75,5,0,0,1,1,,4,7,0,1,0,4,3,3,2.0,0,0,0,0,20,86,0.389,1,0,0,1,0,1,0,0,0,0,1,1,1,0,3,5,0.6,0.467,17.2,21.5,9.0,2.25,4.0,0.4,0.444,0.844
2019,64768,조이현,SSG,SK,19,8.03,7,0,0,0,0,,12 1/3,19,3,4,0,8,12,11,1.86,0,0,0,0,57,224,0.373,2,0,1,1,0,0,0,1,0,0,2,0,0,2,10,15,0.67,0.39,32.0,18.2,5.84,2.92,2.0,0.411,0.588,0.999
2019,64805,이승진,SSG,SK,20,8.05,17,0,0,0,1,,19,21,3,12,1,14,17,17,1.74,0,0,0,0,89,348,0.28,1,1,0,1,0,2,0,2,0,0,10,1,0,1,19,22,0.86,0.305,20.5,18.3,6.63,5.68,1.17,0.382,0.44,0.822
2019,68830,김정우,SSG,SK,21,9.0,1,0,0,0,0,,1,2,0,1,0,0,1,1,3.0,0,0,0,0,6,22,0.4,0,0,0,0,0,0,0,0,0,0,1,0,0,0,0,3,0.0,0.4,22.0,22.0,0.0,9.0,0.0,0.5,0.4,0.9
2019,71845,채병용,SSG,SK,22,9.82,4,0,0,1,1,,3 2/3,7,1,3,1,3,4,4,2.73,0,0,0,0,21,84,0.438,2,0,1,0,0,0,0,0,0,0,1,2,0,0,1,5,0.2,0.5,21.0,22.9,7.36,7.36,1.0,0.55,0.75,1.3
2019,75250,박정배,SSG,SK,23,10.07,20,1,1,0,1,0.5,19 2/3,29,4,2,2,9,22,22,1.58,0,0,0,0,90,311,0.345,10,0,1,1,0,0,0,0,0,1,9,1,0,2,26,21,1.24,0.347,15.6,15.8,4.12,0.92,4.5,0.371,0.607,0.978
2019,74748,정재원,SSG,SK,24,16.88,4,0,0,0,0,,2 2/3,6,1,0,1,1,5,5,2.25,0,0,0,0,16,50,0.4,0,0,0,0,0,0,0,0,0,0,3,0,0,0,3,5,0.6,0.385,12.5,18.8,3.38,0.0,,0.438,0.6,1.038
2019,67863,이원준,SSG,SK,25,19.29,2,0,1,0,0,0.0,2 1/3,3,1,4,0,2,5,5,3.0,0,0,0,0,14,73,0.3,0,0,0,0,0,0,0,1,0,0,0,0,0,0,2,3,0.67,0.286,36.5,31.3,7.71,15.43,0.5,0.5,0.6,1.1
2019,60146,이승현,삼성,SS,1,1.95,34,2,1,0,8,0.667,37,28,2,11,1,31,11,8,1.05,0,0,0,2,147,558,0.209,3,0,1,0,0,2,0,0,0,2,3,11,0,6,46,29,1.59,0.257,16.4,15.1,7.54,2.68,2.82,0.274,0.276,0.55
2019,73117,우규민,삼성,SS,2,2.75,54,2,7,15,7,0.222,59,58,7,10,6,40,20,18,1.15,0,0,0,3,247,936,0.257,3,0,1,4,1,0,0,0,0,2,28,20,2,6,66,66,1.0,0.279,17.3,15.9,6.1,1.53,4.0,0.301,0.363,0.664
2019,61457,임현준,삼성,SS,3,3.4,71,1,0,0,8,1.0,42 1/3,34,2,12,3,35,19,16,1.09,0,0,0,2,177,697,0.214,9,1,0,3,0,0,0,0,0,1,11,7,0,1,25,68,0.37,0.256,9.8,16.5,7.44,2.55,2.92,0.277,0.321,0.598
2019,77927,장필준,삼성,SS,4,3.62,61,3,3,11,15,0.5,69 2/3,64,7,33,3,53,29,28,1.39,0,0,0,5,302,1178,0.244,11,2,2,2,3,4,0,0,0,3,17,33,2,7,74,73,1.01,0.279,19.3,16.9,6.85,4.26,1.61,0.333,0.382,0.715
2019,69439,라이블리,삼성,SS,5,3.95,9,4,4,0,0,0.5,57,51,4,13,5,58,26,25,1.12,1,1,5,0,236,827,0.238,9,4,3,1,0,0,0,9,4,0,1,0,0,3,51,55,0.93,0.307,91.9,14.5,9.16,2.05,4.46,0.296,0.374,0.67
2019,67421,최지광,삼성,SS,6,4.1,63,3,8,2,10,0.273,68,64,4,40,5,60,33,31,1.53,0,0,0,1,303,1204,0.257,9,3,4,5,3,3,0,0,0,3,19,13,0,8,64,66,0.97,0.316,19.1,17.7,7.94,5.29,1.5,0.365,0.365,0.73
2019,77446,백정현,삼성,SS,7,4.24,28,8,10,0,0,0.444,157,158,17,56,6,82,85,74,1.36,1,1,12,0,677,2543,0.26,29,4,2,6,0,4,0,27,8,0,1,0,0,11,181,192,0.94,0.274,90.8,16.2,4.7,3.21,1.46,0.326,0.405,0.731
2019,67467,김시현,삼성,SS,8,4.41,14,0,0,0,0,,16 1/3,16,3,8,1,10,9,8,1.47,0,0,0,0,71,259,0.262,2,0,1,0,0,1,0,0,0,0,6,0,0,3,13,22,0.59,0.271,18.5,15.9,5.51,4.41,1.25,0.357,0.443,0.8
2019,68403,김무신,삼성,SS,9,4.63,5,1,1,0,0,0.5,11 2/3,10,2,10,0,9,6,6,1.71,0,0,0,0,54,204,0.238,3,1,1,1,0,0,0,2,0,1,1,0,0,1,13,11,1.18,0.25,40.8,17.5,6.94,7.71,0.9,0.377,0.5,0.877
2019,74454,윤성환,삼성,SS,10,4.77,27,8,13,0,0,0.381,145 1/3,168,14,50,7,65,87,77,1.5,1,1,10,0,643,2340,0.296,34,3,9,9,0,3,0,27,8,0,1,0,0,15,133,211,0.63,0.309,86.7,16.1,4.03,3.1,1.3,0.355,0.44,0.795
2019,68419,최지명,삼성,SS,11,4.81,28,6,6,0,2,0.5,106 2/3,127,10,36,1,89,67,57,1.53,0,0,6,0,478,1891,0.293,21,5,4,3,1,6,0,15,4,2,3,1,0,10,108,113,0.96,0.346,67.5,17.7,7.51,3.04,2.47,0.346,0.433,0.779
2019,69446,원태인,삼성,SS,12,4.82,26,4,8,0,2,0.333,112,119,12,39,5,68,65,60,1.41,0,0,8,1,493,1900,0.267,26,3,0,3,0,6,2,20,4,0,3,1,0,9,109,153,0.71,0.29,73.1,17.0,5.46,3.13,1.74,0.331,0.419,0.75
2019,69413,맥과이어,삼성,SS,13,5.05,21,4,8,0,0,0.333,112 1/3,119,13,66,6,100,68,63,1.65,1,1,7,0,512,2076,0.276,24,3,3,6,0,3,2,21,4,0,1,0,0,7,103,115,0.9,0.327,98.9,18.5,8.01,5.29,1.52,0.375,0.436,0.811
2019,61365,김대우,삼성,SS,14,5.13,44,5,1,0,1,0.833,59 2/3,61,11,16,5,40,38,34,1.29,0,0,0,0,253,987,0.27,16,2,2,4,0,2,0,0,0,5,12,0,0,4,57,72,0.79,0.279,22.4,16.5,6.03,2.41,2.5,0.327,0.504,0.831
2019,99445,권오준,삼성,SS,15,5.23,43,3,0,0,3,1.0,43,49,7,12,2,26,25,25,1.42,0,0,0,0,187,666,0.292,10,1,3,2,0,0,0,0,0,3,17,3,0,4,39,56,0.7,0.307,15.5,15.5,5.44,2.51,2.17,0.342,0.488,0.83
2019,69435,헤일리,삼성,SS,16,5.75,19,5,8,0,0,0.385,87 2/3,95,5,34,6,84,59,56,1.47,0,0,6,0,386,1575,0.279,12,2,2,4,0,5,1,19,5,0,0,0,0,14,98,67,1.46,0.353,82.9,18.0,8.62,3.49,2.47,0.352,0.371,0.723
2019,67443,장지훈,삼성,SS,17,6.28,13,0,0,0,0,,14 1/3,22,0,11,1,12,11,10,2.3,0,0,0,0,77,299,0.338,4,1,0,0,0,0,0,0,0,0,6,1,0,1,13,18,0.72,0.415,23.0,20.9,7.53,6.91,1.09,0.442,0.431,0.873
2019,66492,김승현,삼성,SS,18,6.39,14,1,1,0,0,0.5,12 2/3,11,0,9,1,4,12,9,1.58,0,0,0,0,61,233,0.216,2,0,0,0,0,1,0,0,0,1,2,0,0,1,19,17,1.12,0.234,16.6,18.4,2.84,6.39,0.44,0.344,0.255,0.599
2019,79440,정인욱,삼성,SS,19,7.06,12,0,2,0,0,0.0,21 2/3,24,1,15,2,15,17,17,1.8,0,0,0,0,106,422,0.273,9,0,1,0,0,3,0,2,0,0,2,0,0,1,19,30,0.63,0.319,35.2,19.5,6.23,6.23,1.0,0.39,0.409,0.799
2019,66451,최충연,삼성,SS,20,7.36,34,0,2,1,4,0.0,36 2/3,44,2,38,3,41,36,30,2.24,0,0,0,1,194,803,0.295,15,1,1,3,1,6,0,2,0,0,6,6,0,2,34,33,1.03,0.385,23.6,21.9,10.06,9.33,1.08,0.44,0.45,0.89
2019,65496,홍정우,삼성,SS,21,10.13,7,0,0,0,0,,5 1/3,10,2,4,1,2,8,6,2.63,0,0,0,0,34,123,0.345,2,1,0,0,0,0,0,0,0,0,4,0,0,0,9,8,1.13,0.32,17.6,23.1,3.38,6.75,0.5,0.441,0.69,1.131
2019,67962,소이현,NC,NC,1,0.0,1,0,0,0,0,,1,1,0,1,0,1,0,0,2.0,0,0,0,0,5,23,0.25,0,0,0,0,0,1,0,0,0,0,1,0,0,0,0,2,0.0,0.333,23.0,23.0,9.0,9.0,1.0,0.4,0.25,0.65
2019,69969,전사민,NC,NC,1,0.0,1,0,0,0,0,,1,2,0,0,0,1,0,0,2.0,0,0,0,0,5,13,0.4,0,0,0,0,0,0,0,0,0,0,1,0,0,0,2,0,,0.5,13.0,13.0,9.0,0.0,,0.4,0.4,0.8
2019,78352,임창민,NC,NC,3,2.4,20,0,1,0,2,0.0,15,14,1,8,1,10,6,4,1.47,0,0,0,0,64,253,0.264,2,0,2,0,1,1,0,0,0,0,6,2,0,0,13,16,0.81,0.31,12.7,16.9,6.0,4.8,1.25,0.371,0.358,0.729
2019,69953,프리드릭,NC,NC,4,2.75,12,7,4,0,0,0.636,72,63,4,22,3,56,22,22,1.18,2,1,7,0,294,1114,0.236,6,0,1,1,1,2,0,12,7,0,2,0,0,9,73,76,0.96,0.284,92.8,15.5,7.0,2.75,2.55,0.3,0.303,0.603
2019,69940,루친스키,NC,NC,5,3.05,30,9,9,0,0,0.5,177 1/3,164,13,45,11,119,68,60,1.18,2,0,17,0,731,2700,0.247,20,1,5,5,0,7,0,30,9,0,2,0,0,22,219,168,1.3,0.281,90.0,15.2,6.04,2.28,2.64,0.303,0.338,0.641
2019,63991,박진우,NC,NC,6,3.14,41,9,7,0,5,0.563,140 2/3,137,9,29,19,92,53,49,1.18,0,0,11,0,590,2161,0.259,18,0,4,9,0,2,0,18,5,4,0,2,0,12,163,146,1.12,0.293,52.7,15.4,5.89,1.86,3.17,0.316,0.344,0.66
2019,65933,구창모,NC,NC,7,3.2,23,10,7,0,1,0.588,107,85,10,41,6,114,40,38,1.18,0,0,7,0,449,1780,0.214,15,2,3,2,0,7,0,19,10,0,2,1,0,7,100,100,1.0,0.273,77.4,16.6,9.59,3.45,2.78,0.296,0.338,0.634
2019,60339,김건태,NC,NC,8,3.68,44,0,2,0,7,0.0,51 1/3,49,5,16,4,32,23,21,1.27,0,0,0,1,215,843,0.259,11,0,2,4,0,3,0,0,0,0,7,10,0,6,46,66,0.7,0.282,19.2,16.4,5.61,2.81,2.0,0.324,0.397,0.721
2019,60263,이재학,NC,NC,9,3.75,24,10,4,0,0,0.714,129 2/3,133,6,43,9,91,62,54,1.36,0,0,8,0,560,2111,0.266,24,2,1,7,0,6,0,23,10,0,0,0,0,10,148,135,1.1,0.31,88.0,16.3,6.32,2.98,2.12,0.331,0.358,0.689
2019,64995,배재환,NC,NC,10,3.81,62,3,5,0,20,0.375,54 1/3,49,3,31,7,61,26,23,1.47,0,0,0,2,247,1028,0.24,9,0,4,1,2,2,1,0,0,3,12,23,0,3,52,43,1.21,0.326,16.6,18.9,10.1,5.13,1.97,0.358,0.328,0.686
2019,63959,임정호,NC,NC,11,3.86,6,0,1,0,0,0.0,4 2/3,3,0,2,0,6,2,2,1.07,0,0,0,0,19,81,0.176,0,0,0,0,0,0,0,0,0,0,0,2,0,0,5,3,1.67,0.273,13.5,17.4,11.57,3.86,3.0,0.263,0.176,0.439
2019,76118,원종현,NC,NC,12,3.9,60,3,3,31,0,0.5,60,62,4,17,3,59,31,26,1.32,0,0,0,9,256,961,0.27,9,2,2,4,2,5,0,0,0,3,47,40,4,5,59,54,1.09,0.339,16.0,16.0,8.85,2.55,3.47,0.323,0.378,0.701
2019,66920,최성영,NC,NC,13,3.94,26,4,1,0,2,0.8,82 1/3,79,3,49,3,62,39,36,1.55,0,0,2,0,368,1490,0.255,15,3,2,4,0,3,0,15,3,1,2,2,0,2,59,114,0.52,0.305,57.3,18.1,6.78,5.36,1.27,0.358,0.352,0.71
2019,75867,김진성,NC,NC,14,4.29,42,1,2,0,5,0.333,42,39,6,15,2,35,25,20,1.29,0,0,0,2,178,732,0.25,10,1,3,2,1,6,1,0,0,1,8,7,0,4,35,49,0.71,0.282,17.4,17.4,7.5,3.21,2.33,0.32,0.442,0.762
2019,79358,강윤구,NC,NC,15,4.47,67,3,3,0,15,0.5,56 1/3,55,4,24,4,49,29,28,1.4,0,0,0,1,242,924,0.266,4,4,3,4,2,2,0,0,0,3,3,20,0,7,51,56,0.91,0.323,13.8,16.4,7.83,3.83,2.04,0.347,0.382,0.729
2019,63950,장현식,NC,NC,16,4.61,53,5,4,0,9,0.556,54 2/3,58,9,23,4,49,31,28,1.48,0,0,0,2,246,1005,0.269,7,1,3,0,0,6,0,0,0,5,6,10,0,2,53,56,0.95,0.31,19.0,18.4,8.07,3.79,2.13,0.35,0.435,0.785
2019,69934,버틀러,NC,NC,17,4.76,13,3,6,0,0,0.333,73 2/3,78,6,28,2,49,46,39,1.44,0,0,6,0,326,1244,0.268,18,1,2,3,1,4,0,13,3,0,0,0,0,6,102,65,1.57,0.301,95.7,16.9,5.99,3.42,1.75,0.333,0.399,0.732
2019,61329,윤지웅,NC,NC,18,4.97,13,1,0,0,0,1.0,12 2/3,14,3,4,1,9,8,7,1.42,0,0,0,0,55,215,0.28,2,0,0,0,0,1,0,0,0,1,6,0,0,1,16,11,1.45,0.289,16.5,17.0,6.39,2.84,2.25,0.345,0.5,0.845
2019,76757,유원상,NC,NC,19,5.23,15,0,3,1,0,0.0,20 2/3,21,2,9,1,14,15,12,1.45,0,0,0,0,93,319,0.263,5,1,0,3,0,1,0,1,0,0,10,1,0,2,23,25,0.92,0.284,21.3,15.4,6.1,3.92,1.56,0.333,0.425,0.758
2019,68900,김영규,NC,NC,20,5.29,30,5,4,0,1,0.556,66 1/3,82,7,31,6,46,40,39,1.7,1,1,2,0,307,1113,0.308,6,1,0,4,0,4,0,10,5,0,4,3,0,7,60,82,0.73,0.346,37.1,16.8,6.24,4.21,1.48,0.388,0.417,0.805
2019,69974,배민서,NC,NC,21,5.4,4,0,0,0,0,,3 1/3,7,0,0,1,1,2,2,2.1,0,0,0,0,17,75,0.438,1,0,0,0,0,0,0,0,0,0,1,0,0,0,5,3,1.67,0.467,18.8,22.5,2.7,0.0,,0.471,0.5,0.971
2019,65042,홍성무,NC,NC,22,6.28,15,0,0,0,0,,14 1/3,16,3,11,1,10,10,10,1.88,0,0,0,0,71,266,0.276,3,0,1,0,0,0,0,0,0,0,7,0,0,1,19,13,1.46,0.289,17.7,18.6,6.28,6.91,0.91,0.4,0.483,0.883
2019,62929,이민호,NC,NC,23,6.52,11,0,0,0,0,,9 2/3,14,0,9,1,4,7,7,2.38,0,0,0,0,54,207,0.318,1,0,0,0,0,3,0,0,0,0,6,1,0,0,11,15,0.73,0.35,18.8,21.4,3.72,8.38,0.44,0.444,0.341,0.785
2019,63936,윤강민,NC,NC,24,8.22,5,0,1,0,0,0.0,7 2/3,12,1,6,2,5,8,7,2.35,0,0,0,0,42,165,0.364,1,0,1,0,0,0,0,1,0,0,2,0,0,1,13,3,4.33,0.407,33.0,21.5,5.87,7.04,0.83,0.488,0.485,0.973
2019,69962,송명기,NC,NC,25,9.0,2,0,0,0,0,,3,4,1,2,0,1,3,3,2.0,0,0,0,0,14,53,0.333,0,0,0,0,0,0,0,1,0,0,1,0,0,0,2,5,0.4,0.3,26.5,17.7,3.0,6.0,0.5,0.429,0.583,1.012
2019,65964,이우석,NC,NC,26,10.13,6,0,0,0,1,,5 1/3,7,0,5,0,4,6,6,2.25,0,0,0,0,26,118,0.333,2,0,0,0,0,0,0,0,0,0,3,0,0,0,2,8,0.25,0.412,19.7,22.1,6.75,8.44,0.8,0.462,0.429,0.891
2019,78366,민태호,NC,NC,27,11.81,7,0,0,0,0,,5 1/3,12,1,1,0,6,7,7,2.44,0,0,0,0,29,111,0.429,2,0,0,0,0,0,0,0,0,0,0,0,0,0,7,3,2.33,0.524,15.9,20.8,10.13,1.69,6.0,0.448,0.607,1.055
2019,62920,노건우,NC,NC,28,12.27,5,0,0,0,0,,3 2/3,8,1,1,0,1,5,5,2.45,0,0,0,0,21,88,0.421,3,0,0,1,0,1,0,0,0,0,2,1,0,0,6,5,1.2,0.389,17.6,24.0,2.45,2.45,1.0,0.429,0.737,1.166
2019,66960,정수민,NC,NC,29,16.39,7,0,2,0,0,0.0,9 1/3,17,1,10,1,4,17,17,2.89,0,0,0,0,54,214,0.415,5,0,2,0,0,1,0,1,0,0,3,0,0,1,12,8,1.5,0.444,30.6,22.9,3.86,9.64,0.4,0.538,0.61,1.148
2019,68050,강백호,KT,KT,1,0.0,1,0,0,0,0,,1,0,0,1,0,0,0,0,1.0,0,0,0,0,4,14,0.0,0,0,0,0,0,0,0,0,0,0,0,1,0,0,1,2,0.5,0.0,14.0,14.0,0.0,9.0,0.0,0.25,0.0,0.25
2019,68036,최이준,KT,KT,1,0.0,1,0,0,0,0,,1,0,0,2,0,0,1,0,2.0,0,0,0,0,4,18,0.0,0,0,0,0,0,0,0,0,0,0,1,0,0,1,1,1,1.0,0.0,18.0,18.0,0.0,18.0,0.0,0.5,0.0,0.5
2019,78517,하준호,KT,KT,3,1.13,8,0,0,0,0,,8,4,1,4,0,11,1,1,1.0,0,0,0,0,33,147,0.138,0,0,0,0,0,1,0,0,0,0,1,0,0,0,5,9,0.56,0.176,18.4,18.4,12.38,4.5,2.75,0.242,0.241,0.483
2019,67066,이종혁,KT,KT,4,1.69,5,0,0,0,0,,5 1/3,6,0,3,1,4,1,1,1.69,0,0,0,0,25,103,0.286,1,1,0,0,0,0,0,0,0,0,2,0,0,1,5,6,0.83,0.353,20.6,19.3,6.75,5.06,1.33,0.4,0.429,0.829
2019,65062,김재윤,KT,KT,5,2.27,43,2,2,7,9,0.5,47 2/3,27,4,12,1,42,13,12,0.82,0,0,0,2,177,694,0.169,3,0,3,1,2,1,0,0,0,2,13,16,0,1,41,51,0.8,0.2,16.1,14.6,7.93,2.27,3.5,0.23,0.263,0.493
2019,60337,김대유,KT,KT,6,2.33,21,0,0,0,0,,27,21,1,12,4,23,7,7,1.22,0,0,0,0,111,424,0.223,6,0,0,1,1,0,0,0,0,0,10,0,0,5,16,35,0.46,0.282,20.2,15.7,7.67,4.0,1.92,0.333,0.319,0.652
2019,65060,주권,KT,KT,7,2.99,71,6,2,2,25,0.75,75 1/3,64,7,14,2,47,25,25,1.04,0,0,0,1,296,1054,0.233,15,0,3,2,0,1,0,0,0,6,12,29,1,6,74,92,0.8,0.256,14.8,14.0,5.62,1.67,3.36,0.273,0.364,0.637
2019,65827,조한욱,KT,KT,8,3.38,2,0,0,0,0,,2 2/3,4,0,1,0,0,1,1,1.88,0,0,0,0,12,42,0.364,0,0,0,0,0,0,0,0,0,0,2,0,0,1,3,4,0.75,0.364,21.0,15.8,0.0,3.38,0.0,0.417,0.364,0.781
2019,75340,전유수,KT,KT,9,3.39,62,3,1,1,7,0.75,66 1/3,66,2,18,4,46,31,25,1.27,0,0,0,0,280,1026,0.26,16,1,1,3,4,6,0,1,0,3,13,6,1,4,85,60,1.42,0.306,16.5,15.5,6.24,2.44,2.56,0.315,0.354,0.669
2019,64047,조현우,KT,KT,10,3.52,7,0,0,0,0,,7 2/3,6,0,5,1,9,3,3,1.43,0,0,0,0,35,143,0.207,2,0,0,0,0,2,0,0,0,0,3,0,0,0,10,4,2.5,0.3,20.4,18.7,10.57,5.87,1.8,0.343,0.276,0.619
2019,69032,쿠에바스,KT,KT,11,3.62,30,13,10,0,0,0.565,184,153,18,63,12,135,80,74,1.17,0,0,18,0,760,2896,0.227,21,6,7,5,0,4,0,30,13,0,0,0,0,17,172,218,0.79,0.257,96.5,15.7,6.6,3.08,2.14,0.303,0.357,0.66
2019,65516,배제성,KT,KT,12,3.76,28,10,10,0,0,0.5,131 2/3,132,6,56,3,91,58,55,1.43,1,1,7,0,564,2202,0.268,18,3,3,9,0,10,0,21,10,0,4,0,0,18,135,144,0.94,0.311,78.6,16.7,6.22,3.83,1.63,0.34,0.353,0.693
2019,69045,알칸타라,KT,KT,13,4.01,27,11,11,0,0,0.5,172 2/3,189,15,27,8,100,80,77,1.25,1,0,18,0,724,2574,0.278,39,3,8,1,0,2,2,27,11,0,1,0,0,8,185,207,0.89,0.307,95.3,14.9,5.21,1.41,3.7,0.313,0.41,0.723
2019,67008,이대은,KT,KT,14,4.08,44,4,2,17,0,0.667,86,89,10,39,6,59,48,39,1.49,0,0,2,1,391,1469,0.263,17,1,3,4,1,5,0,8,1,3,30,18,1,7,99,96,1.03,0.288,33.4,17.1,6.17,4.08,1.51,0.345,0.407,0.752
2019,69041,손동현,KT,KT,15,4.75,34,2,3,0,5,0.4,47 1/3,51,2,31,0,29,29,25,1.73,0,0,0,0,220,890,0.282,7,0,4,4,3,0,1,3,0,2,7,5,0,4,50,55,0.91,0.318,26.2,18.8,5.51,5.89,0.94,0.38,0.354,0.734
2019,68043,김민,KT,KT,16,4.96,27,6,12,0,0,0.333,150 2/3,175,16,65,4,91,88,83,1.59,0,0,10,0,674,2329,0.292,26,4,5,1,0,4,2,26,6,0,0,0,0,16,205,129,1.59,0.323,86.3,15.5,5.44,3.88,1.4,0.365,0.429,0.794
2019,65048,김민수,KT,KT,17,4.96,28,8,5,2,1,0.615,81 2/3,87,10,30,2,56,46,45,1.43,0,0,2,0,354,1307,0.275,12,3,3,3,2,4,0,11,4,4,3,3,1,8,95,81,1.17,0.304,46.7,16.0,6.17,3.31,1.87,0.339,0.427,0.766
2019,75258,금민철,KT,KT,18,5.05,14,1,4,0,0,0.2,57,66,5,25,7,26,38,32,1.6,0,0,5,0,263,1013,0.291,7,1,2,2,0,4,0,14,1,0,0,0,0,8,73,64,1.14,0.308,72.4,17.8,4.11,3.95,1.04,0.375,0.396,0.771
2019,69068,이선우,KT,KT,19,5.4,3,0,0,0,0,,1 2/3,1,1,1,0,2,1,1,1.2,0,0,0,0,7,25,0.167,0,0,0,0,0,0,0,0,0,0,1,0,0,0,2,1,2.0,0.0,8.3,15.0,10.8,5.4,2.0,0.286,0.667,0.953
2019,65058,정성곤,KT,KT,20,5.53,52,3,3,8,11,0.5,53 2/3,64,7,22,2,40,36,33,1.6,0,0,0,4,248,922,0.288,16,2,2,0,3,2,0,0,0,3,20,24,0,2,46,72,0.64,0.326,17.7,17.2,6.71,3.69,1.82,0.358,0.473,0.831
2019,63104,조근종,KT,KT,21,5.91,10,0,0,0,1,,10 2/3,15,1,5,2,6,7,7,1.88,0,0,0,0,53,186,0.333,2,0,0,1,1,0,0,0,0,0,2,3,0,1,11,14,0.79,0.359,18.6,17.4,5.06,4.22,1.2,0.415,0.444,0.859
2019,66064,김태오,KT,KT,22,6.0,4,0,0,0,0,,3,7,0,3,1,0,3,2,3.33,0,0,0,0,21,71,0.438,0,0,1,0,0,0,1,0,0,0,0,1,0,0,6,3,2.0,0.438,17.8,23.7,0.0,9.0,0.0,0.55,0.438,0.988
2019,65056,엄상백,KT,KT,23,8.04,26,2,3,0,0,0.4,31 1/3,40,6,24,0,20,29,28,2.04,0,0,0,1,154,645,0.313,6,0,1,1,0,1,0,0,0,2,10,2,0,4,33,36,0.92,0.33,24.8,20.6,5.74,6.89,0.83,0.418,0.5,0.918
2019,67048,이정현,KT,KT,24,9.75,9,0,2,0,0,0.0,12,12,3,8,0,9,13,13,1.67,0,0,0,0,55,213,0.261,4,0,0,1,0,0,0,2,0,0,4,0,0,0,7,19,0.37,0.257,23.7,17.8,6.75,6.0,1.13,0.364,0.543,0.907
2019,69054,이상동,KT,KT,25,14.21,6,0,0,0,0,,6 1/3,10,2,2,1,0,10,10,1.89,0,0,0,0,30,97,0.385,4,0,1,0,0,0,0,0,0,0,4,0,0,1,4,12,0.33,0.333,16.2,15.3,0.0,2.84,0.0,0.448,0.769,1.217
2019,69047,전용주,KT,KT,26,15.0,4,0,0,0,0,,3,6,1,6,0,1,6,5,4.0,0,0,0,0,21,97,0.462,1,0,0,2,0,1,0,0,0,0,1,0,0,1,4,4,1.0,0.385,24.3,32.3,3.0,18.0,0.17,0.571,0.769,1.34
2019,64029,류희운,KT,KT,27,23.14,1,0,1,0,0,0.0,2 1/3,8,0,2,0,1,6,6,4.29,0,0,0,0,17,61,0.571,2,0,0,1,0,2,0,1,0,0,0,0,0,0,3,3,1.0,0.571,61.0,26.1,3.86,7.71,0.5,0.588,0.714,1.302
2019,69516,김현수,롯데,LT,1,1.42,6,0,1,0,0,0.0,6 1/3,3,0,1,0,4,2,1,0.63,0,0,0,0,24,90,0.13,1,0,0,0,0,1,0,0,0,0,2,0,0,0,5,11,0.45,0.158,15.0,14.2,5.68,1.42,4.0,0.167,0.174,0.341
2019,65067,조무근,롯데,LT,2,1.86,8,0,0,0,0,,9 2/3,6,0,5,3,5,2,2,1.14,0,0,0,0,43,136,0.188,2,1,1,2,0,0,0,0,0,0,4,0,0,2,8,15,0.53,0.207,17.0,14.1,4.66,4.66,1.0,0.333,0.313,0.646
2019,79545,진명호,롯데,LT,3,3.41,60,3,2,0,9,0.6,63 1/3,56,4,35,1,51,24,24,1.44,0,0,0,2,273,1059,0.245,12,0,5,3,4,3,0,0,0,3,6,10,0,8,70,55,1.27,0.294,17.7,16.7,7.25,4.97,1.46,0.343,0.349,0.692
2019,65509,차재용,롯데,LT,4,3.72,9,0,0,0,0,,9 2/3,9,0,8,0,7,6,4,1.76,0,0,0,0,47,167,0.237,2,0,0,1,1,1,0,0,0,0,4,0,0,0,5,18,0.28,0.281,18.6,17.3,6.52,7.45,0.88,0.362,0.289,0.651
2019,65546,레일리,롯데,LT,5,3.88,30,5,14,0,0,0.263,181,191,10,65,8,140,88,78,1.41,0,0,19,0,791,2933,0.269,32,4,7,1,1,10,1,30,5,0,0,0,0,20,232,148,1.57,0.323,97.8,16.2,6.96,3.23,2.15,0.337,0.368,0.705
2019,75321,손승락,롯데,LT,6,3.93,53,4,3,9,2,0.571,52 2/3,55,3,19,3,44,27,23,1.41,0,0,0,4,233,869,0.264,9,1,1,2,3,2,0,0,0,4,23,19,0,3,60,51,1.18,0.319,16.4,16.5,7.52,3.25,2.32,0.332,0.361,0.693
2019,63512,박진형,롯데,LT,7,4.02,41,2,1,5,5,0.667,40 1/3,40,6,11,0,40,19,18,1.26,0,0,0,4,169,638,0.263,3,0,3,3,3,5,0,0,0,2,19,13,2,2,36,39,0.92,0.312,15.6,15.8,8.93,2.45,3.64,0.307,0.401,0.708
2019,64021,박세웅,롯데,LT,8,4.2,12,3,6,0,0,0.333,60,66,3,23,0,44,33,28,1.48,0,0,3,0,263,996,0.278,12,3,1,2,0,4,0,12,3,0,0,0,0,6,68,61,1.11,0.328,83.0,16.6,6.6,3.45,1.91,0.34,0.392,0.732
2019,60559,박시영,롯데,LT,9,4.23,43,1,1,0,4,0.5,61 2/3,51,5,27,4,60,30,29,1.26,0,0,0,1,262,1022,0.225,10,1,0,4,0,7,0,6,0,1,5,6,0,4,45,75,0.6,0.277,23.8,16.6,8.76,3.94,2.22,0.313,0.344,0.657
2019,62655,홍성민,롯데,LT,10,4.26,12,0,0,0,1,,12 2/3,17,0,0,1,7,6,6,1.34,0,0,0,0,57,235,0.321,4,0,0,3,0,2,0,0,0,0,5,2,0,1,16,16,1.0,0.347,19.6,18.6,4.97,0.0,,0.316,0.396,0.712
2019,69861,다익손,롯데,LT,11,4.34,29,6,10,0,0,0.375,149 1/3,164,15,40,6,117,81,72,1.37,0,0,7,0,649,2569,0.278,23,3,4,9,1,4,1,28,5,1,1,0,0,6,116,202,0.57,0.319,88.6,17.2,7.05,2.41,2.93,0.326,0.403,0.729
2019,77591,송승준,롯데,LT,12,4.4,11,0,1,0,0,0.0,14 1/3,16,2,6,0,13,7,7,1.53,0,0,0,0,64,272,0.281,3,0,0,1,0,0,0,1,0,0,2,0,0,0,15,14,1.07,0.326,24.7,19.0,8.16,3.77,2.17,0.344,0.439,0.783
2019,76225,김건국,롯데,LT,13,4.46,37,3,3,0,3,0.5,66 2/3,73,5,27,6,43,34,33,1.5,0,0,0,0,293,1099,0.292,8,1,5,5,0,3,0,5,1,2,3,3,0,6,85,54,1.57,0.329,29.7,16.5,5.81,3.65,1.59,0.368,0.392,0.76
2019,69550,톰슨,롯데,LT,14,4.74,11,2,3,0,0,0.4,62 2/3,54,4,23,5,60,35,33,1.23,1,1,4,0,267,1060,0.229,8,1,1,2,0,8,0,11,2,0,1,0,0,2,72,52,1.38,0.287,96.4,16.9,8.62,3.3,2.61,0.308,0.322,0.63
2019,72523,고효준,롯데,LT,15,4.76,75,2,7,0,15,0.222,62 1/3,58,6,36,3,72,34,33,1.51,0,0,0,4,280,1083,0.253,13,1,6,6,6,11,0,0,0,2,13,22,0,4,46,59,0.78,0.331,14.4,17.4,10.4,5.2,2.0,0.354,0.397,0.751
2019,77318,장시환,롯데,LT,16,4.95,27,6,13,0,0,0.316,125 1/3,147,12,58,2,109,78,69,1.64,0,0,9,0,570,2186,0.293,29,1,4,5,1,17,0,27,6,0,0,0,0,15,132,118,1.12,0.351,81.0,17.4,7.83,4.16,1.88,0.366,0.427,0.793
2019,79293,오현택,롯데,LT,17,4.97,15,1,0,0,0,1.0,12 2/3,15,6,2,1,8,9,7,1.34,0,0,0,0,56,201,0.288,1,0,1,0,1,0,0,0,0,1,4,0,0,1,16,13,1.23,0.237,13.4,15.9,5.68,1.42,4.0,0.327,0.654,0.981
2019,68556,정성종,롯데,LT,18,5.44,32,1,1,0,0,0.5,49 2/3,64,6,24,4,24,33,30,1.77,0,0,0,0,231,826,0.33,10,1,5,4,3,4,0,0,0,1,14,0,0,7,56,54,1.04,0.345,25.8,16.6,4.35,4.35,1.0,0.407,0.485,0.892
2019,69539,서준원,롯데,LT,19,5.47,33,4,11,0,0,0.267,97,117,10,38,11,60,61,59,1.6,0,0,4,0,443,1771,0.302,25,1,5,1,0,1,1,16,4,0,2,1,0,12,128,84,1.52,0.335,53.7,18.3,5.57,3.53,1.58,0.379,0.448,0.827
2019,62528,김원중,롯데,LT,20,5.63,28,5,10,0,1,0.333,102 1/3,127,13,47,6,93,75,64,1.7,0,0,6,0,485,1894,0.3,21,1,4,5,1,6,0,17,4,1,5,2,0,5,89,119,0.75,0.354,67.6,18.5,8.18,4.13,1.98,0.374,0.447,0.821
2019,74630,박근홍,롯데,LT,21,6.11,24,1,0,0,1,1.0,17 2/3,16,5,17,1,11,13,12,1.87,0,0,0,0,83,341,0.254,0,0,1,1,1,1,0,0,0,1,3,1,0,3,19,18,1.06,0.229,14.2,19.3,5.6,8.66,0.65,0.415,0.492,0.907
2019,63543,구승민,롯데,LT,22,6.25,41,1,4,2,6,0.2,36,45,5,21,3,43,29,25,1.83,0,0,0,2,180,652,0.298,5,0,2,3,6,7,0,0,0,1,16,14,2,2,30,36,0.83,0.377,15.9,18.1,10.75,5.25,2.05,0.388,0.43,0.818
2019,64718,최설우,롯데,LT,23,6.41,15,0,0,0,0,,19 2/3,21,1,9,1,20,15,14,1.53,0,0,0,0,88,349,0.28,8,0,1,2,0,3,1,0,0,0,5,1,0,0,17,19,0.89,0.357,23.3,17.7,9.15,4.12,2.22,0.356,0.427,0.783
2019,69594,박진,롯데,LT,24,9.0,2,0,0,0,0,,1,2,0,1,0,1,1,1,3.0,0,0,0,0,6,27,0.4,2,0,0,0,0,0,0,0,0,0,1,0,0,0,0,2,0.0,0.5,13.5,27.0,9.0,9.0,1.0,0.5,0.8,1.3
2019,72862,윤길현,롯데,LT,25,10.8,6,1,1,0,0,0.5,5,17,2,4,2,5,14,6,4.2,0,0,0,0,39,144,0.548,4,0,2,0,1,2,0,0,0,1,2,0,0,1,5,4,1.25,0.625,24.0,28.8,9.0,7.2,1.25,0.622,0.871,1.493
2019,64565,이인복,롯데,LT,26,11.68,11,0,0,0,0,,12 1/3,29,2,8,0,7,18,16,3.0,0,0,0,0,74,255,0.453,2,1,1,1,0,0,0,0,0,0,4,0,0,1,20,9,2.22,0.482,23.2,20.7,5.11,5.84,0.88,0.507,0.609,1.116
2019,62595,정태승,롯데,LT,27,27.0,1,0,0,0,0,,1,2,0,1,0,2,3,3,3.0,0,0,0,0,6,37,0.4,1,0,0,0,0,1,0,0,0,0,0,0,0,0,1,0,,0.667,37.0,37.0,18.0,9.0,2.0,0.5,0.6,1.1
2019,68501,최하늘,롯데,LT,27,27.0,2,0,1,0,0,0.0,2,4,2,2,1,1,6,6,3.0,0,0,0,0,13,70,0.4,0,0,0,0,0,0,0,1,0,0,0,0,0,0,2,3,0.67,0.286,35.0,35.0,4.5,9.0,0.5,0.538,1.0,1.538
2019,68529,이승헌,롯데,LT,29,31.5,1,0,1,0,0,0.0,2,7,0,3,1,0,7,7,5.0,0,0,0,0,16,54,0.583,5,1,0,0,0,0,0,1,0,0,0,0,0,1,3,2,1.5,0.583,54.0,27.0,0.0,13.5,0.0,0.688,1.167,1.855
2019,67588,윤성빈,롯데,LT,30,81.0,1,0,1,0,0,0.0,1/3,0,0,3,0,0,3,3,9.0,0,0,0,0,4,21,0.0,0,0,0,0,0,1,0,1,0,0,0,0,0,0,1,0,,0.0,21.0,63.0,0.0,81.0,0.0,0.75,0.0,0.75
2019,65643,문경찬,KIA,HT,1,1.31,54,1,2,24,0,0.333,55,45,2,10,0,50,9,8,1.0,0,0,0,4,217,761,0.222,9,1,0,4,1,0,0,0,0,1,43,28,0,2,38,74,0.51,0.277,14.1,13.8,8.18,1.64,5.0,0.253,0.305,0.558
2019,63638,박준표,KIA,HT,2,2.09,49,5,2,0,15,0.714,56,42,4,6,4,30,15,13,0.86,0,0,0,1,210,776,0.211,5,1,1,0,1,1,0,0,0,5,6,12,0,8,86,41,2.1,0.23,15.8,13.9,4.82,0.96,5.0,0.249,0.307,0.556
2019,77637,양현종,KIA,HT,3,2.29,29,16,8,0,0,0.667,184 2/3,165,6,33,2,163,56,47,1.07,2,2,22,0,731,2699,0.241,32,1,3,9,0,1,0,29,16,0,2,0,0,14,164,201,0.82,0.303,93.1,14.6,7.94,1.61,4.94,0.275,0.317,0.592
2019,66609,전상현,KIA,HT,4,3.12,57,1,4,0,15,0.2,60 2/3,45,3,21,2,62,21,21,1.09,0,0,0,3,245,929,0.205,8,1,1,1,2,2,0,0,0,1,15,21,0,3,39,75,0.52,0.269,16.3,15.3,9.2,3.12,2.95,0.279,0.291,0.57
2019,60634,임기준,KIA,HT,5,3.44,52,2,2,0,6,0.5,36 2/3,32,1,16,4,24,17,14,1.31,0,0,0,1,162,569,0.237,5,0,3,4,0,2,0,0,0,2,10,9,0,3,47,36,1.31,0.272,10.9,15.5,5.89,3.93,1.5,0.327,0.296,0.623
2019,63628,고영창,KIA,HT,6,3.5,55,1,3,1,10,0.25,54,63,2,14,8,22,22,21,1.43,0,0,0,1,243,921,0.288,8,3,2,0,2,2,0,0,0,1,8,11,0,9,85,49,1.73,0.313,16.7,17.1,3.67,2.33,1.57,0.353,0.379,0.732
2019,67646,박진태,KIA,HT,7,4.32,2,0,1,0,0,0.0,8 1/3,10,0,6,3,5,4,4,1.92,0,0,0,0,42,183,0.303,1,0,0,0,0,0,0,2,0,0,0,0,0,2,10,8,1.25,0.357,91.5,22.0,5.4,6.48,0.83,0.452,0.333,0.785
2019,64615,차명진,KIA,HT,8,4.36,9,3,1,0,0,0.75,33,35,1,18,2,19,17,16,1.61,0,0,0,0,151,583,0.273,9,0,2,1,0,3,0,6,3,0,1,0,0,3,28,47,0.6,0.312,64.8,17.7,5.18,4.91,1.06,0.369,0.367,0.736
2019,69656,윌랜드,KIA,HT,9,4.75,28,8,10,0,0,0.444,165,191,17,59,5,137,95,87,1.52,0,0,14,0,726,2764,0.295,41,1,7,7,1,4,0,28,8,0,0,0,0,15,164,163,1.01,0.347,98.7,16.8,7.47,3.22,2.32,0.355,0.44,0.795
2019,68639,하준영,KIA,HT,10,4.96,59,6,2,0,15,0.75,52 2/3,59,5,31,0,51,31,29,1.71,0,0,0,2,243,982,0.288,9,1,3,4,2,1,0,0,0,6,8,14,0,2,40,59,0.68,0.353,16.6,18.6,8.72,5.3,1.65,0.375,0.415,0.79
2019,65616,이민우,KIA,HT,11,5.43,32,2,6,1,2,0.25,61 1/3,74,4,26,4,56,42,37,1.63,0,0,1,0,283,1056,0.302,11,2,4,4,1,3,0,6,1,1,13,3,0,3,57,62,0.92,0.37,33.0,17.2,8.22,3.82,2.15,0.373,0.412,0.785
2019,69640,터너,KIA,HT,12,5.46,28,7,13,0,0,0.35,153 1/3,179,12,58,17,121,107,93,1.55,1,0,11,0,714,2692,0.284,34,3,2,6,0,14,0,28,7,0,1,0,0,11,190,147,1.29,0.331,96.1,17.6,7.1,3.4,2.09,0.357,0.404,0.761
2019,69620,김기훈,KIA,HT,13,5.56,19,3,6,0,0,0.333,79 1/3,64,11,65,9,49,55,49,1.63,0,0,3,0,368,1551,0.224,15,2,2,6,0,5,0,16,3,0,0,0,0,5,52,127,0.41,0.228,81.6,19.6,5.56,7.37,0.75,0.377,0.406,0.783
2019,62754,임기영,KIA,HT,14,5.73,12,2,4,0,0,0.333,48 2/3,67,7,19,2,37,33,31,1.77,0,0,3,0,225,845,0.33,14,1,0,1,0,0,0,8,2,0,2,0,0,6,54,46,1.17,0.375,70.4,17.4,6.84,3.51,1.95,0.391,0.512,0.903
2019,76350,김세현,KIA,HT,15,6.23,10,0,2,0,0,0.0,8 2/3,11,0,9,2,5,8,6,2.31,0,0,0,0,48,175,0.314,4,0,0,2,1,0,0,0,0,0,1,0,0,2,8,13,0.62,0.344,17.5,20.2,5.19,9.35,0.56,0.458,0.429,0.887
2019,65665,이준영,KIA,HT,16,6.35,37,1,0,0,1,1.0,51,64,3,26,2,43,42,36,1.76,0,0,0,0,244,932,0.302,7,2,0,4,2,0,1,1,0,1,8,0,0,5,46,63,0.73,0.359,25.2,18.3,7.59,4.59,1.65,0.377,0.396,0.773
2019,65618,황인준,KIA,HT,16,6.35,5,0,0,0,0,,11 1/3,14,2,5,0,11,8,8,1.68,0,0,0,0,53,211,0.304,5,1,0,2,1,2,0,2,0,0,1,0,0,0,12,11,1.09,0.343,42.2,18.6,8.74,3.97,2.2,0.358,0.587,0.945
2019,62648,김윤동,KIA,HT,18,6.55,11,1,2,4,0,0.333,11,12,1,11,0,12,8,8,2.09,0,0,0,1,55,248,0.273,1,1,0,0,2,1,0,0,0,1,8,6,1,1,9,11,0.82,0.355,22.5,22.5,9.82,9.0,1.09,0.418,0.409,0.827
2019,61643,홍건희,KIA,HT,19,7.16,21,2,9,0,0,0.182,81 2/3,112,12,33,3,52,70,65,1.78,0,0,5,0,381,1441,0.333,20,1,4,5,0,7,0,14,1,1,4,0,0,6,70,107,0.65,0.361,68.6,17.6,5.73,3.64,1.58,0.393,0.506,0.899
2019,69645,장유호,KIA,HT,20,7.71,13,0,0,0,0,,16 1/3,23,2,7,2,6,16,14,1.84,0,0,0,0,80,283,0.329,2,1,0,1,0,1,1,0,0,0,6,0,0,3,20,22,0.91,0.333,21.8,17.3,3.31,3.86,0.86,0.4,0.471,0.871
2019,67604,강이준,KIA,HT,21,11.0,3,0,2,0,0,0.0,9,14,1,9,2,3,11,11,2.56,0,0,0,0,53,201,0.333,4,0,0,0,1,0,0,3,0,0,0,0,0,0,9,16,0.56,0.342,67.0,22.3,3.0,9.0,0.33,0.472,0.5,0.972
2019,67640,유승철,KIA,HT,22,11.25,3,0,0,0,0,,4,4,2,2,2,5,5,5,1.5,0,0,0,0,20,79,0.267,0,0,1,0,0,0,0,0,0,0,1,0,0,0,1,5,0.2,0.25,26.3,19.8,11.25,4.5,2.5,0.421,0.667,1.088
2019,69646,양승철,KIA,HT,23,12.12,11,1,1,0,0,0.5,16 1/3,23,3,15,0,11,22,22,2.33,0,0,0,0,85,345,0.329,10,1,0,0,0,2,0,1,0,1,4,0,0,1,21,15,1.4,0.357,31.4,21.1,6.06,8.27,0.73,0.447,0.629,1.076
2019,65639,박정수,KIA,HT,24,12.6,3,0,0,0,0,,5,10,0,4,1,2,7,7,2.8,0,0,0,0,27,105,0.455,2,0,0,0,0,0,0,0,0,0,1,0,0,3,6,4,1.5,0.5,35.0,21.0,3.6,7.2,0.5,0.556,0.545,1.101
2019,68616,김승범,KIA,HT,25,18.0,1,0,0,0,0,,1,4,0,1,0,0,2,2,5.0,0,0,0,0,8,22,0.571,1,0,0,0,0,0,0,0,0,0,1,0,0,0,1,2,0.5,0.571,22.0,22.0,0.0,9.0,0.0,0.625,0.714,1.339
2019,68200,김민규,두산,OB,1,0.0,1,0,0,0,0,,2,2,0,1,0,0,0,0,1.5,0,0,0,0,8,24,0.286,0,0,0,0,0,0,0,0,0,0,1,0,0,2,4,1,4.0,0.286,24.0,12.0,0.0,4.5,0.0,0.375,0.286,0.661
2019,68249,박신지,두산,OB,1,,2,0,0,0,0,,0,1,0,2,0,0,2,2,,0,0,0,0,3,18,1.0,0,0,0,0,0,0,0,0,0,0,0,0,0,0,0,0,,1.0,9.0,,,,0.0,1.0,1.0,2.0
2019,74543,최대성,두산,OB,1,,1,0,0,0,0,,0,0,0,2,0,0,3,2,,0,0,0,0,3,12,0.0,0,0,0,0,0,0,0,0,0,0,0,0,0,0,1,0,,0.0,12.0,,,,0.0,0.667,0.0,0.667
2019,65543,린드블럼,두산,OB,4,2.5,30,20,3,0,0,0.87,194 2/3,165,13,29,6,189,57,54,1.0,0,0,22,0,773,2982,0.226,22,3,1,7,0,7,0,30,20,0,0,0,0,9,156,227,0.69,0.284,99.4,15.3,8.74,1.34,6.52,0.259,0.318,0.577
2019,62242,윤명준,두산,OB,5,2.63,69,6,2,1,14,0.75,68 1/3,63,3,20,3,40,23,20,1.21,0,0,0,2,279,1020,0.252,14,0,2,4,2,7,0,0,0,6,18,18,1,9,85,66,1.29,0.284,14.8,14.9,5.27,2.63,2.0,0.31,0.344,0.654
2019,67263,최원준,두산,OB,6,2.65,34,1,2,1,4,0.333,54 1/3,52,1,16,4,38,17,16,1.25,0,0,0,0,228,944,0.256,12,1,3,2,1,1,0,3,0,1,5,5,0,5,48,67,0.72,0.307,27.8,17.4,6.29,2.65,2.38,0.32,0.34,0.66
2019,62951,이형범,두산,OB,7,2.66,67,6,3,19,10,0.667,61,57,4,19,9,31,25,18,1.25,0,0,0,2,258,927,0.253,6,0,3,2,2,2,0,0,0,6,30,33,0,9,85,54,1.57,0.276,13.8,15.2,4.57,2.8,1.63,0.333,0.333,0.666
2019,76329,이현승,두산,OB,8,3.0,9,0,1,0,2,0.0,6,4,0,0,0,4,2,2,0.67,0,0,0,0,22,81,0.19,1,0,1,0,0,0,0,0,0,0,0,3,0,0,5,8,0.63,0.235,9.0,13.5,6.0,0.0,,0.19,0.238,0.428
2019,73248,김승회,두산,OB,9,3.07,55,3,3,3,7,0.5,58 2/3,57,1,16,2,46,24,20,1.24,0,0,0,2,250,935,0.253,12,3,3,4,1,5,0,0,0,3,10,17,0,2,55,71,0.77,0.308,17.0,15.9,7.06,2.45,2.88,0.304,0.347,0.651
2019,79229,유희관,두산,OB,10,3.25,28,11,8,0,0,0.579,166 1/3,171,8,42,3,64,67,60,1.28,2,0,17,0,692,2584,0.27,37,2,6,7,3,2,0,27,11,0,2,0,0,19,183,223,0.82,0.286,92.3,15.5,3.46,2.27,1.52,0.315,0.372,0.687
2019,63248,함덕주,두산,OB,11,3.46,61,2,5,16,7,0.286,54 2/3,39,6,34,1,48,24,21,1.34,0,0,0,3,236,982,0.202,7,1,3,5,4,2,0,0,0,2,29,29,6,2,54,57,0.95,0.229,16.1,18.0,7.9,5.6,1.41,0.318,0.342,0.66
2019,68240,후랭코프,두산,OB,12,3.61,22,9,8,0,0,0.529,117 1/3,110,5,30,13,111,48,47,1.19,0,0,11,0,495,2075,0.247,20,2,3,3,1,2,1,22,9,0,0,0,0,7,109,119,0.92,0.315,94.3,17.7,8.51,2.3,3.7,0.311,0.334,0.645
2019,66291,이영하,두산,OB,13,3.64,29,17,4,0,0,0.81,163 1/3,148,5,61,10,90,70,66,1.28,1,0,17,0,692,2646,0.242,28,5,3,7,1,4,2,27,15,2,3,0,0,13,182,198,0.92,0.273,91.2,16.2,4.96,3.36,1.48,0.318,0.329,0.647
2019,77211,이용찬,두산,OB,14,4.07,26,7,10,0,0,0.412,148 1/3,168,15,45,6,102,75,67,1.44,0,0,14,0,651,2350,0.285,28,2,5,6,3,3,0,26,7,0,0,0,0,17,171,154,1.11,0.32,90.4,15.8,6.19,2.73,2.27,0.339,0.416,0.755
2019,67266,박치국,두산,OB,15,4.5,61,2,2,3,14,0.5,52,64,5,14,5,35,26,26,1.5,0,0,0,5,229,843,0.312,14,1,3,2,2,3,0,0,0,2,8,24,1,6,62,46,1.35,0.353,13.8,16.2,6.06,2.42,2.5,0.367,0.463,0.83
2019,70425,배영수,두산,OB,16,4.57,37,1,2,0,0,0.333,45 1/3,50,4,11,3,10,25,23,1.35,0,0,0,1,194,638,0.284,11,1,3,1,2,3,1,0,0,1,20,1,0,6,57,60,0.95,0.282,17.2,14.1,1.99,2.18,0.91,0.335,0.426,0.761
2019,78247,홍상삼,두산,OB,17,4.76,3,0,0,0,0,,5 2/3,5,1,4,1,5,3,3,1.59,0,0,0,0,26,93,0.238,0,0,0,0,0,5,0,1,0,0,1,0,0,0,5,6,0.83,0.267,31.0,16.4,7.94,6.35,1.25,0.385,0.381,0.766
2019,72447,권혁,두산,OB,18,4.91,57,2,2,1,11,0.5,36 2/3,36,3,7,2,21,23,20,1.17,0,0,0,1,155,585,0.248,7,0,1,0,0,0,0,0,0,2,9,17,0,1,47,41,1.15,0.273,10.3,16.0,5.15,1.72,3.0,0.292,0.359,0.651
2019,61214,이현호,두산,OB,19,5.13,16,1,0,0,0,1.0,40 1/3,51,2,19,1,22,25,23,1.74,0,0,0,0,191,695,0.305,8,1,1,3,0,2,1,8,1,0,6,1,0,2,42,55,0.76,0.336,43.4,17.2,4.91,4.24,1.16,0.374,0.401,0.775
2019,61295,강동연,두산,OB,20,5.4,5,0,0,0,0,,5,8,2,0,0,3,3,3,1.6,0,0,0,0,22,89,0.364,2,0,0,0,0,0,0,0,0,0,2,0,0,1,6,5,1.2,0.353,17.8,17.8,5.4,0.0,,0.364,0.727,1.091
2019,74513,장원준,두산,OB,21,9.0,6,0,0,0,0,,2,5,0,3,1,1,2,2,4.0,0,0,0,0,14,60,0.5,1,0,0,0,0,0,0,0,0,0,0,3,0,1,4,0,,0.556,10.0,30.0,4.5,13.5,0.33,0.643,0.6,1.243
2019,61396,박정준,두산,OB,22,32.4,2,0,0,0,0,,1 2/3,3,0,5,0,0,6,6,4.8,0,0,0,0,13,47,0.375,1,0,0,0,0,0,0,0,0,0,0,0,0,0,0,5,0.0,0.375,23.5,28.2,0.0,27.0,0.0,0.615,0.5,1.115
2019,65398,임규빈,키움,WO,1,0.0,1,0,0,0,0,,1,1,0,0,0,2,0,0,1.0,0,0,0,0,4,13,0.25,1,0,0,0,0,0,0,0,0,0,0,0,0,0,0,1,0.0,0.5,13.0,13.0,18.0,0.0,,0.25,0.5,0.75
2019,61268,양현,키움,WO,2,1.99,29,1,0,0,1,1.0,40 2/3,31,1,11,1,25,10,9,1.03,0,0,0,0,159,544,0.214,5,1,1,1,0,0,0,3,0,1,9,3,0,3,58,32,1.81,0.25,18.8,13.4,5.53,2.43,2.27,0.272,0.283,0.555
2019,74359,오주원,키움,WO,3,2.32,57,3,3,18,3,0.5,54 1/3,54,1,7,3,41,17,14,1.12,0,0,0,2,223,797,0.261,7,0,3,3,0,1,0,0,0,3,34,25,0,3,50,65,0.77,0.315,14.0,14.7,6.79,1.16,5.86,0.291,0.309,0.6
2019,67828,김성민,키움,WO,4,2.56,50,2,0,0,5,1.0,56 1/3,53,0,11,2,38,17,16,1.14,0,0,0,0,230,821,0.245,13,1,1,0,0,4,0,0,0,2,16,4,0,5,53,72,0.74,0.298,16.4,14.6,6.07,1.76,3.45,0.288,0.315,0.603
2019,63342,조상우,키움,WO,5,2.66,48,2,4,20,8,0.333,47 1/3,45,3,8,2,46,15,14,1.12,0,0,0,2,192,710,0.253,3,0,2,2,0,1,0,0,0,2,28,27,4,4,37,52,0.71,0.321,14.8,15.0,8.75,1.52,5.75,0.289,0.32,0.609
2019,61456,윤영삼,키움,WO,6,2.87,54,3,3,1,3,0.5,62 2/3,60,5,14,1,56,23,20,1.18,0,0,0,1,254,970,0.258,12,2,3,3,1,3,0,0,0,3,14,10,0,4,45,75,0.6,0.314,18.0,15.5,8.04,2.01,4.0,0.299,0.391,0.69
2019,67313,브리검,키움,WO,7,2.96,28,13,5,0,0,0.722,158 1/3,148,5,46,12,130,62,52,1.23,0,0,15,0,669,2521,0.245,32,2,4,4,0,7,1,28,13,0,0,0,0,12,182,147,1.24,0.303,90.0,15.9,7.39,2.61,2.83,0.31,0.33,0.64
2019,64051,이영준,키움,WO,8,2.97,29,1,1,0,1,0.5,33 1/3,39,0,5,0,19,11,11,1.32,0,0,0,1,136,505,0.298,7,2,0,0,0,0,0,0,0,1,9,4,0,4,38,35,1.09,0.348,17.4,15.2,5.13,1.35,3.8,0.324,0.382,0.706
2019,76430,김태혁,키움,WO,9,3.02,67,3,5,0,40,0.375,56 2/3,50,3,28,2,60,19,19,1.38,0,0,0,1,238,1010,0.24,6,0,0,0,1,0,0,0,0,3,1,40,0,8,46,52,0.88,0.324,15.1,17.8,9.53,4.45,2.14,0.336,0.313,0.649
2019,69343,요키시,키움,WO,10,3.13,30,13,9,0,0,0.591,181 1/3,166,9,39,11,141,72,63,1.13,1,1,19,0,746,2762,0.241,33,5,4,3,0,6,0,30,13,0,1,0,0,15,245,140,1.75,0.29,92.1,15.2,7.0,1.94,3.62,0.291,0.343,0.634
2019,65320,최원태,키움,WO,11,3.38,27,11,5,0,0,0.688,157 1/3,165,5,36,5,105,68,59,1.28,0,0,18,0,666,2447,0.268,28,2,5,4,0,5,0,27,11,0,0,0,0,16,193,157,1.23,0.314,90.6,15.6,6.01,2.06,2.92,0.312,0.344,0.656
2019,62363,한현희,키움,WO,12,3.41,61,7,5,0,24,0.583,58,50,1,20,7,49,26,22,1.21,0,0,0,3,251,895,0.24,10,1,11,5,1,2,1,0,0,7,6,22,0,3,54,60,0.9,0.301,14.7,15.4,7.6,3.1,2.45,0.321,0.313,0.634
2019,62937,신재영,키움,WO,13,3.68,12,1,0,0,0,1.0,29 1/3,34,1,9,4,21,14,12,1.47,0,0,0,0,132,510,0.291,14,2,1,1,0,1,0,6,1,0,3,0,0,3,31,32,0.97,0.344,42.5,17.4,6.44,2.76,2.33,0.359,0.47,0.829
2019,66018,김선기,키움,WO,14,4.18,7,3,1,0,0,0.75,28,27,2,9,4,17,13,13,1.29,0,0,2,0,122,452,0.252,5,0,0,2,0,2,0,6,3,0,1,0,0,2,30,35,0.86,0.278,64.6,16.1,5.46,2.89,1.89,0.328,0.355,0.683
2019,67603,이승호,키움,WO,15,4.48,23,8,5,0,0,0.615,122 2/3,134,10,51,1,82,70,61,1.51,1,1,14,0,533,1979,0.284,27,3,3,6,0,5,3,23,8,0,1,0,0,10,134,128,1.05,0.321,86.0,16.1,6.02,3.74,1.61,0.351,0.417,0.768
2019,62360,김태훈,키움,WO,16,4.5,33,8,3,0,3,0.727,70,77,5,23,0,50,36,35,1.43,0,0,1,0,300,1077,0.283,15,0,1,4,0,3,0,5,3,5,4,2,0,7,86,63,1.37,0.326,32.6,15.4,6.43,2.96,2.17,0.334,0.393,0.727
2019,68341,안우진,키움,WO,17,5.2,19,7,5,0,0,0.583,88 1/3,97,8,36,3,80,56,51,1.51,0,0,7,0,395,1482,0.275,19,1,2,1,0,3,1,15,6,1,2,1,0,7,81,96,0.84,0.335,78.0,16.8,8.15,3.67,2.22,0.346,0.402,0.748
2019,63348,조성운,키움,WO,18,7.2,5,0,0,0,0,,5,9,0,2,0,3,4,4,2.2,0,0,0,0,25,90,0.391,1,0,0,0,0,0,0,0,0,0,4,0,0,0,5,6,0.83,0.45,18.0,18.0,5.4,3.6,1.5,0.44,0.435,0.875
2019,69399,윤정현,키움,WO,19,9.0,3,0,0,0,0,,2,2,0,2,0,2,2,2,2.0,0,0,0,0,10,46,0.25,0,0,0,0,0,0,0,0,0,0,2,0,0,0,1,3,0.33,0.333,15.3,23.0,9.0,9.0,1.0,0.4,0.25,0.65
2019,75342,이보근,키움,WO,20,9.72,19,0,2,0,3,0.0,16 2/3,29,1,4,0,12,18,18,1.98,0,0,0,1,80,303,0.387,3,2,1,0,0,0,0,0,0,0,3,3,0,3,15,19,0.79,0.452,15.9,18.2,6.48,2.16,3.0,0.418,0.52,0.938
2019,69328,박주성,키움,WO,21,13.5,4,0,0,0,0,,4,7,1,6,0,1,6,6,3.25,0,0,0,0,25,95,0.368,1,0,0,0,0,1,0,0,0,0,4,0,0,0,2,9,0.22,0.353,23.8,23.8,2.25,13.5,0.17,0.52,0.579,1.099
2019,67365,양지율,키움,WO,22,15.19,4,0,0,0,0,,5 1/3,12,0,1,0,3,10,9,2.44,0,0,0,0,30,92,0.414,2,0,0,0,0,1,0,0,0,0,2,0,0,0,9,5,1.8,0.462,23.0,17.3,5.06,1.69,3.0,0.433,0.483,0.916
2019,69360,조영건,키움,WO,23,81.0,1,0,1,0,0,0.0,1/3,3,0,3,0,1,3,3,18.0,0,0,0,0,7,39,0.75,0,0,0,0,0,0,0,1,0,0,0,0,0,0,0,0,,1.0,39.0,117.0,27.0,81.0,0.33,0.857,0.75,1.607
2020,69159,정우영,LG,LG,1,3.12,65,4,4,5,20,0.5,75,48,3,29,11,59,26,26,1.03,0,0,0,4,305,1129,0.185,5,0,4,1,3,1,0,0,0,4,15,26,1,10,119,35,3.4,0.226,17.4,15.1,7.08,3.48,2.03,0.292,0.238,0.53
2020,69103,켈리,LG,LG,2,3.32,28,15,7,0,0,0.682,173 1/3,160,16,40,11,134,67,64,1.15,1,1,20,0,705,2621,0.247,29,1,3,4,0,4,0,28,15,0,1,0,0,21,190,167,1.14,0.287,93.6,15.1,6.96,2.08,3.35,0.301,0.369,0.67
2020,79140,최동환,LG,LG,3,3.47,54,4,1,0,4,0.8,57,54,6,12,2,42,23,22,1.16,0,0,0,2,228,790,0.261,10,1,1,6,0,3,0,0,0,4,16,9,0,8,36,81,0.44,0.291,14.6,13.9,6.63,1.89,3.5,0.3,0.406,0.706
2020,78148,정찬헌,LG,LG,4,3.51,19,7,4,0,0,0.636,110 1/3,116,10,31,4,85,51,43,1.33,1,1,12,0,470,1757,0.27,22,1,2,4,0,5,0,19,7,0,1,0,0,11,125,107,1.17,0.314,92.5,15.9,6.93,2.53,2.74,0.323,0.396,0.719
2020,62146,최성훈,LG,LG,5,3.51,48,0,0,0,2,,33 1/3,36,1,16,1,24,13,13,1.56,0,0,0,0,145,556,0.286,4,1,2,0,2,1,0,0,0,0,6,7,0,6,47,19,2.47,0.347,11.6,16.7,6.48,4.32,1.5,0.371,0.357,0.728
2020,50126,이민호,LG,LG,6,3.69,20,4,4,0,0,0.5,97 2/3,94,5,44,10,67,46,40,1.41,0,0,7,0,434,1712,0.249,19,0,2,1,1,4,1,16,4,0,0,0,0,7,77,140,0.55,0.291,85.6,17.5,6.17,4.05,1.52,0.343,0.34,0.683
2020,69134,이정용,LG,LG,7,3.71,34,3,0,0,4,1.0,34,32,6,14,2,33,15,14,1.35,0,0,0,1,147,585,0.248,5,0,1,1,0,0,1,0,0,3,3,7,0,2,17,48,0.35,0.286,17.2,17.2,8.74,3.71,2.36,0.329,0.426,0.755
2020,69104,남호,LG,LG,8,3.93,6,0,0,0,0,,18 1/3,13,1,12,1,14,9,8,1.36,0,0,0,0,82,341,0.194,3,1,0,2,0,0,0,3,0,0,3,0,0,0,11,31,0.35,0.222,56.8,18.6,6.87,5.89,1.17,0.317,0.313,0.63
2020,61101,임찬규,LG,LG,9,4.08,27,10,9,0,0,0.526,147 2/3,143,14,65,5,138,76,67,1.41,0,0,10,0,641,2601,0.253,29,2,2,4,0,4,0,26,9,1,0,0,0,11,140,148,0.95,0.309,96.3,17.6,8.41,3.96,2.12,0.333,0.386,0.719
2020,67119,고우석,LG,LG,10,4.1,40,0,4,17,1,0.0,41 2/3,37,2,19,2,51,22,19,1.34,0,0,0,4,183,714,0.234,9,0,2,2,1,5,0,0,0,0,34,22,4,3,38,34,1.12,0.327,17.9,17.1,11.02,4.1,2.68,0.32,0.329,0.649
2020,50109,성재헌,LG,LG,11,4.15,4,0,0,0,0,,4 1/3,6,0,1,1,1,2,2,1.62,0,0,0,0,20,73,0.333,1,0,0,0,0,0,0,0,0,0,0,0,0,0,8,3,2.67,0.353,18.3,16.8,2.08,2.08,1.0,0.4,0.389,0.789
2020,76650,진해수,LG,LG,12,4.32,76,4,2,0,22,0.667,50,54,3,23,4,59,27,24,1.54,0,0,0,5,230,961,0.271,6,0,2,2,2,5,0,0,0,4,0,33,0,3,51,37,1.38,0.367,12.6,19.2,10.62,4.14,2.57,0.355,0.347,0.702
2020,68135,윌슨,LG,LG,13,4.42,25,10,8,0,0,0.556,144 2/3,161,13,39,8,109,81,71,1.38,0,0,14,0,628,2330,0.282,23,2,5,6,0,3,1,25,10,0,0,0,0,13,172,134,1.28,0.326,93.2,16.1,6.78,2.43,2.79,0.334,0.398,0.732
2020,73801,송은범,LG,LG,14,4.5,56,4,2,2,6,0.667,56,66,4,19,3,28,29,28,1.52,0,0,0,0,247,935,0.3,8,1,2,3,1,2,0,1,0,4,15,11,0,9,89,40,2.23,0.325,16.7,16.7,4.5,3.05,1.47,0.359,0.4,0.759
2020,76455,차우찬,LG,LG,15,5.34,13,5,5,0,0,0.5,64,71,8,28,2,51,39,38,1.55,0,0,6,0,287,1159,0.284,14,1,2,5,1,1,0,13,5,0,0,0,0,6,57,76,0.75,0.321,89.2,18.1,7.17,3.94,1.82,0.354,0.444,0.798
2020,67164,이찬혁,LG,LG,16,5.4,4,0,0,0,0,,3 1/3,4,1,3,1,1,2,2,2.1,0,0,0,0,17,73,0.308,0,0,0,0,0,1,0,0,0,0,4,0,0,1,2,6,0.33,0.273,18.3,21.9,2.7,8.1,0.33,0.471,0.538,1.009
2020,66145,김대현,LG,LG,17,5.85,33,4,0,0,3,1.0,32 1/3,37,6,23,1,28,24,21,1.86,0,0,0,2,158,599,0.285,7,2,2,2,1,3,0,0,0,4,8,8,0,3,28,39,0.72,0.316,18.2,18.5,7.79,6.4,1.22,0.391,0.508,0.899
2020,50157,김윤식,LG,LG,18,6.25,23,2,4,0,2,0.333,67 2/3,87,7,24,6,38,50,47,1.64,0,0,1,0,308,1165,0.323,16,1,4,5,0,2,1,11,2,0,3,0,0,7,65,84,0.77,0.349,50.7,17.2,5.05,3.19,1.58,0.385,0.468,0.853
2020,65117,이상규,LG,LG,19,6.68,28,2,3,4,1,0.4,31,45,4,21,1,18,23,23,2.13,0,0,0,1,152,574,0.357,10,1,1,3,0,2,0,0,0,2,12,7,0,8,33,33,1.0,0.383,20.5,18.5,5.23,6.1,0.86,0.444,0.548,0.992
2020,79825,여건욱,LG,LG,20,7.16,25,1,3,1,2,0.25,27 2/3,36,8,4,3,18,24,22,1.45,0,0,0,0,124,447,0.321,8,1,1,4,0,2,0,0,0,1,9,4,0,3,22,40,0.55,0.311,17.9,16.2,5.86,1.3,4.5,0.35,0.625,0.975
2020,60845,문광은,LG,LG,21,11.25,4,0,0,0,0,,4,7,1,2,0,4,5,5,2.25,0,0,0,0,21,76,0.368,3,1,0,0,0,0,0,0,0,0,3,0,0,0,2,6,0.33,0.429,19.0,19.0,9.0,4.5,2.0,0.429,0.789,1.218
2020,63103,류원석,LG,LG,22,11.57,4,0,1,0,0,0.0,4 2/3,8,1,11,4,5,14,6,4.07,0,0,0,0,37,171,0.364,3,0,0,0,0,0,0,1,0,0,1,0,0,0,7,2,3.5,0.438,42.8,36.6,9.64,21.21,0.45,0.622,0.636,1.258
2020,61145,이우찬,LG,LG,22,11.57,4,0,0,0,0,,4 2/3,9,1,7,2,4,6,6,3.43,0,0,0,0,30,133,0.429,2,0,0,0,0,0,0,1,0,0,0,0,0,1,5,3,1.67,0.5,33.3,28.5,7.71,13.5,0.57,0.6,0.667,1.267
2020,60181,김지용,LG,LG,24,14.73,4,0,0,0,0,,3 2/3,5,1,2,0,4,6,6,1.91,0,0,0,0,18,71,0.313,1,0,0,0,0,0,0,0,0,0,4,0,0,0,1,6,0.17,0.364,17.8,19.4,9.82,4.91,2.0,0.389,0.563,0.952
2020,79617,정용운,LG,LG,25,16.2,3,0,0,0,0,,1 2/3,3,0,1,0,3,3,3,2.4,0,0,0,0,9,36,0.375,1,0,0,0,0,0,0,0,0,0,2,0,0,0,1,1,1.0,0.6,12.0,21.6,16.2,5.4,3.0,0.444,0.5,0.944
2020,69111,한선태,LG,LG,26,18.0,1,0,0,0,0,,1,3,0,2,0,0,2,2,5.0,0,0,0,0,7,29,0.6,0,0,0,0,0,1,0,0,0,0,1,0,0,1,1,1,1.0,0.6,29.0,29.0,0.0,18.0,0.0,0.714,0.6,1.314
2020,78819,백청훈,LG,LG,27,20.25,2,0,0,0,0,,1 1/3,4,1,0,0,0,3,3,3.0,0,0,0,0,8,32,0.571,1,0,0,1,0,0,0,0,0,0,2,0,0,0,0,4,0.0,0.429,16.0,24.0,0.0,0.0,,0.5,1.143,1.643
2020,60337,김대유,LG,LG,28,23.14,3,0,0,0,0,,2 1/3,5,0,1,1,1,6,6,2.57,0,0,0,0,14,55,0.417,1,0,0,0,0,0,0,0,0,0,1,0,0,0,2,4,0.5,0.455,18.3,23.6,3.86,3.86,1.0,0.5,0.5,1.0
2020,64759,서균,한화,HH,1,0.0,7,0,0,0,0,,7 1/3,7,0,6,1,1,0,0,1.77,0,0,0,0,34,137,0.292,0,0,1,2,0,0,0,0,0,0,2,1,0,2,9,9,1.0,0.28,19.6,18.7,1.23,7.36,0.17,0.424,0.292,0.716
2020,63464,윤대경,한화,HH,2,1.59,55,5,0,0,7,1.0,51,48,3,25,3,42,16,9,1.43,0,0,0,0,225,869,0.251,7,0,4,2,3,1,0,0,0,5,10,6,0,5,36,67,0.54,0.304,15.8,17.0,7.41,4.41,1.68,0.344,0.335,0.679
2020,50705,강재민,한화,HH,3,2.57,50,1,2,1,14,0.333,49,41,3,18,0,57,16,14,1.2,0,0,0,2,203,871,0.227,5,0,3,1,1,2,1,0,0,1,4,13,0,2,33,51,0.65,0.311,17.4,17.8,10.47,3.31,3.17,0.295,0.304,0.599
2020,67737,김진영,한화,HH,4,3.33,58,3,3,0,8,0.5,54,48,6,22,3,56,26,20,1.3,0,0,0,1,231,949,0.236,4,0,1,2,0,5,0,0,0,3,7,9,0,3,47,54,0.87,0.294,16.4,17.6,9.33,3.67,2.55,0.317,0.345,0.662
2020,50706,장웅정,한화,HH,5,3.52,2,0,1,0,0,0.0,7 2/3,7,0,6,0,5,3,3,1.7,0,0,0,0,35,156,0.241,1,0,0,0,0,1,0,2,0,0,0,0,0,1,8,9,0.89,0.292,78.0,20.3,5.87,7.04,0.83,0.371,0.276,0.647
2020,61156,송윤준,한화,HH,6,4.3,26,0,0,0,1,,23,23,1,13,1,16,11,11,1.57,0,0,0,0,106,434,0.258,7,0,2,1,0,3,0,0,0,0,6,2,0,1,18,33,0.55,0.301,16.7,18.9,6.26,5.09,1.23,0.356,0.371,0.727
2020,65764,김민우,한화,HH,7,4.34,26,5,10,0,0,0.333,132 2/3,121,15,72,7,124,72,64,1.45,0,0,5,0,593,2460,0.24,16,1,5,4,3,10,2,25,5,0,0,0,0,6,123,141,0.87,0.286,94.6,18.5,8.41,4.88,1.72,0.34,0.364,0.704
2020,64554,문동욱,한화,HH,8,4.5,19,0,1,1,1,0.0,18,12,2,17,2,9,10,9,1.61,0,0,0,0,83,294,0.194,2,0,2,0,1,1,0,0,0,0,6,2,0,3,26,15,1.73,0.196,15.5,16.3,4.5,8.5,0.53,0.383,0.323,0.706
2020,67703,박상원,한화,HH,9,4.66,62,1,0,1,10,1.0,58,62,8,20,4,52,35,30,1.41,0,0,0,4,256,981,0.271,14,1,1,2,4,2,1,0,0,1,10,15,0,7,54,63,0.86,0.316,15.8,16.9,8.07,3.1,2.6,0.337,0.445,0.782
2020,74857,정우람,한화,HH,10,4.8,50,3,5,16,0,0.375,54 1/3,58,4,12,5,53,29,29,1.29,0,0,0,3,230,907,0.283,11,1,4,4,1,2,0,0,0,3,40,20,1,5,33,65,0.51,0.355,18.1,16.7,8.78,1.99,4.42,0.332,0.405,0.737
2020,69744,서폴드,한화,HH,11,4.91,28,10,13,0,0,0.435,165,203,19,42,13,97,107,90,1.48,1,1,13,0,734,2742,0.304,30,3,5,6,0,10,0,28,10,0,1,0,0,19,211,163,1.29,0.33,97.9,16.6,5.29,2.29,2.31,0.354,0.443,0.797
2020,77318,장시환,한화,HH,12,5.02,26,4,14,0,0,0.222,132 2/3,139,15,74,8,115,81,74,1.61,0,0,11,0,603,2434,0.271,27,1,2,6,0,10,0,26,4,0,0,0,0,13,147,118,1.25,0.319,93.6,18.3,7.8,5.02,1.55,0.368,0.415,0.783
2020,65769,김범수,한화,HH,13,5.24,24,3,6,0,0,0.333,55,55,9,42,3,55,34,32,1.76,0,0,2,0,259,1091,0.261,11,2,1,2,3,1,0,8,2,1,0,0,0,4,47,56,0.84,0.309,45.5,19.8,9.0,6.87,1.31,0.388,0.46,0.848
2020,68701,김진욱,한화,HH,14,5.64,22,3,4,1,0,0.429,44 2/3,50,9,25,5,29,29,28,1.68,0,0,1,1,206,837,0.287,12,1,2,0,0,3,0,6,2,1,6,2,0,3,36,59,0.61,0.301,38.0,18.7,5.84,5.04,1.16,0.392,0.523,0.915
2020,73738,안영명,한화,HH,15,5.91,39,1,1,0,1,0.5,45 2/3,51,9,18,2,34,32,30,1.51,0,0,0,1,201,753,0.293,8,1,4,3,1,0,0,0,0,1,11,2,0,5,29,63,0.46,0.313,19.3,16.5,6.7,3.55,1.89,0.36,0.506,0.866
2020,63765,김종수,한화,HH,16,5.94,54,1,1,1,7,0.5,50,54,6,26,3,43,34,33,1.6,0,0,0,1,228,941,0.276,11,3,3,0,1,4,0,0,0,1,11,9,1,3,44,55,0.8,0.327,17.4,18.8,7.74,4.68,1.65,0.369,0.454,0.823
2020,69748,채드벨,한화,HH,17,5.96,16,2,8,0,0,0.2,77,85,10,35,5,61,54,51,1.56,0,0,4,0,346,1367,0.284,11,0,4,3,1,3,0,16,2,0,0,0,0,8,75,81,0.93,0.325,85.4,17.8,7.13,4.09,1.74,0.365,0.421,0.786
2020,61214,이현호,한화,HH,18,6.46,16,0,2,0,0,0.0,15 1/3,18,4,10,1,15,12,11,1.83,0,0,0,1,75,267,0.286,0,0,1,0,0,3,1,0,0,0,0,1,0,0,13,17,0.76,0.318,16.7,17.4,8.8,5.87,1.5,0.392,0.476,0.868
2020,79764,장민재,한화,HH,19,6.75,24,2,7,0,0,0.222,57 1/3,86,5,13,2,32,44,43,1.73,0,0,2,0,267,975,0.35,19,2,0,6,0,1,0,10,1,1,6,0,0,3,61,73,0.84,0.377,40.6,17.0,5.02,2.04,2.46,0.378,0.504,0.882
2020,69745,김도현,한화,HH,20,6.82,17,2,7,0,0,0.222,64 2/3,75,9,44,4,41,50,49,1.84,0,0,2,0,312,1295,0.293,13,0,3,5,0,4,0,15,2,0,1,0,0,1,47,98,0.48,0.313,76.2,20.0,5.71,6.12,0.93,0.398,0.449,0.847
2020,73750,윤규진,한화,HH,21,7.36,2,0,0,0,0,,3 2/3,7,1,1,0,4,5,3,2.18,0,0,0,0,19,73,0.438,0,0,0,2,0,0,0,0,0,0,0,0,0,0,5,2,2.5,0.462,36.5,19.9,9.82,2.45,4.0,0.421,0.625,1.046
2020,68703,박성웅,한화,HH,22,8.39,11,0,5,0,0,0.0,24 2/3,30,5,16,0,19,24,23,1.86,0,0,0,0,117,465,0.313,6,0,2,3,0,2,0,5,0,0,5,0,0,2,14,36,0.39,0.333,42.3,18.9,6.93,5.84,1.19,0.4,0.531,0.931
2020,67711,김기탁,한화,HH,23,9.0,5,0,0,0,0,,7,13,1,5,0,3,10,7,2.57,0,0,0,0,40,162,0.382,4,0,0,1,0,0,0,0,0,0,4,0,0,0,10,9,1.11,0.387,32.4,23.1,3.86,6.43,0.6,0.45,0.588,1.038
2020,60140,신정락,한화,HH,23,9.0,16,0,1,0,0,0.0,12,15,2,7,2,14,12,12,1.83,0,0,0,0,57,243,0.313,3,1,0,0,0,2,0,0,0,0,4,1,0,0,8,11,0.73,0.406,15.2,20.3,10.5,5.25,2.0,0.421,0.542,0.963
2020,64760,황영국,한화,HH,25,10.24,21,0,0,0,4,,19 1/3,29,3,14,2,17,22,22,2.22,0,0,0,1,101,420,0.345,4,0,0,1,1,3,0,0,0,0,3,5,0,1,21,18,1.17,0.4,20.0,21.7,7.91,6.52,1.21,0.446,0.5,0.946
2020,63961,윤호솔,한화,HH,26,10.5,6,0,1,0,0,0.0,6,8,2,6,0,4,8,7,2.33,0,0,0,0,32,132,0.32,3,0,1,0,1,1,0,0,0,0,4,0,0,0,4,9,0.44,0.316,22.0,22.0,6.0,9.0,0.67,0.452,0.68,1.132
2020,69703,오동욱,한화,HH,27,13.5,4,0,1,0,0,0.0,10,22,3,7,2,5,19,15,2.9,0,0,0,0,60,230,0.431,4,0,0,0,0,0,0,1,0,0,0,0,0,2,9,15,0.6,0.442,57.5,23.0,4.5,6.3,0.71,0.517,0.686,1.203
2020,62611,임준섭,한화,HH,27,13.5,10,0,2,0,1,0.0,8 2/3,18,1,6,0,6,13,13,2.77,0,0,0,0,49,178,0.419,5,0,0,0,0,1,0,1,0,0,1,2,0,1,10,9,1.11,0.472,17.8,20.5,6.23,6.23,1.0,0.49,0.605,1.095
2020,50726,한승주,한화,HH,29,16.2,1,0,0,0,0,,1 2/3,3,1,2,0,2,3,3,3.0,0,0,0,0,10,36,0.429,0,0,0,1,0,0,0,1,0,0,0,0,0,0,1,2,0.5,0.4,36.0,21.6,10.8,10.8,1.0,0.5,0.857,1.357
2020,69737,노시환,한화,HH,30,18.0,1,0,0,0,0,,1,1,1,0,1,0,2,2,1.0,0,0,0,0,5,21,0.25,0,0,0,0,0,0,0,0,0,0,1,0,0,0,0,3,0.0,0.0,21.0,21.0,0.0,0.0,,0.4,1.0,1.4
2020,66960,정수민,SSG,SK,1,1.15,3,1,0,0,0,1.0,15 2/3,11,0,5,0,11,2,2,1.02,0,0,1,0,61,238,0.2,4,0,0,1,0,0,0,3,1,0,0,0,0,2,8,26,0.31,0.244,79.3,15.2,6.32,2.87,2.2,0.262,0.273,0.535
2020,64893,박민호,SSG,SK,2,2.42,57,2,1,4,11,0.667,52,43,4,19,2,36,16,14,1.19,0,0,0,2,215,808,0.231,9,0,6,2,0,0,0,0,0,2,12,15,1,5,58,51,1.14,0.264,14.2,15.5,6.23,3.29,1.89,0.306,0.344,0.65
2020,74838,윤희상,SSG,SK,3,3.0,4,0,0,0,0,,3,1,0,2,0,2,1,1,1.0,0,0,0,0,11,54,0.111,0,0,0,0,0,0,0,1,0,0,2,0,0,1,2,4,0.5,0.143,13.5,18.0,6.0,6.0,1.0,0.273,0.111,0.384
2020,62869,문승원,SSG,SK,4,3.65,25,6,8,0,0,0.429,145 2/3,136,13,45,6,117,64,59,1.24,1,0,13,0,610,2338,0.248,29,0,5,5,0,2,0,25,6,0,1,0,0,10,134,167,0.8,0.29,93.5,16.1,7.23,2.78,2.6,0.309,0.372,0.681
2020,61895,서진용,SSG,SK,5,4.13,63,2,7,8,12,0.222,61,52,11,34,1,56,33,28,1.41,0,0,0,5,264,1095,0.234,4,1,4,3,1,7,0,0,0,2,24,27,1,7,54,63,0.86,0.259,17.4,18.0,8.26,5.02,1.65,0.335,0.41,0.745
2020,60841,박종훈,SSG,SK,6,4.81,29,13,11,0,0,0.542,157 1/3,146,14,78,22,134,90,84,1.42,0,0,10,0,691,2861,0.249,21,3,2,2,1,5,0,28,12,1,0,0,0,19,160,149,1.07,0.299,98.7,18.2,7.67,4.46,1.72,0.357,0.366,0.723
2020,79130,강지광,SSG,SK,7,4.91,6,0,0,0,0,,3 2/3,7,1,1,0,4,3,2,2.18,0,0,0,0,20,87,0.389,0,0,1,0,0,0,0,0,0,0,0,0,0,0,2,5,0.4,0.462,14.5,23.7,9.82,2.45,4.0,0.421,0.556,0.977
2020,63894,김사윤,SSG,SK,8,5.13,57,1,1,1,10,0.5,47 1/3,37,5,45,8,42,30,27,1.73,0,0,0,1,226,941,0.218,8,1,1,2,1,6,0,0,0,1,4,17,0,3,36,57,0.63,0.256,16.5,19.9,7.99,8.56,0.93,0.4,0.365,0.765
2020,64896,서동민,SSG,SK,9,5.4,9,0,0,0,0,,8 1/3,10,2,4,0,7,5,5,1.68,0,0,0,0,38,172,0.294,2,0,0,0,0,0,0,0,0,0,8,0,0,0,5,12,0.42,0.32,19.1,20.6,7.56,4.32,1.75,0.368,0.529,0.897
2020,60768,이태양,SSG,SK,10,5.46,53,2,1,0,4,0.667,56,68,8,16,1,45,35,34,1.5,0,0,0,0,250,939,0.301,12,1,4,3,2,3,0,0,0,2,8,8,0,5,47,69,0.68,0.341,17.7,16.8,7.23,2.57,2.81,0.346,0.469,0.815
2020,76858,박희수,SSG,SK,11,5.47,28,0,1,0,0,0.0,24 2/3,28,4,10,0,26,16,15,1.54,0,0,0,0,112,450,0.283,6,0,1,2,1,2,0,0,0,0,9,0,0,1,23,24,0.96,0.338,16.1,18.2,9.49,3.65,2.6,0.342,0.465,0.807
2020,50859,오원석,SSG,SK,12,5.59,8,0,1,0,0,0.0,9 2/3,12,1,6,1,9,10,6,1.86,0,0,0,0,50,187,0.279,1,0,0,0,0,1,1,1,0,0,3,0,0,0,13,9,1.44,0.333,23.4,19.3,8.38,5.59,1.5,0.38,0.372,0.752
2020,64861,이건욱,SSG,SK,13,5.68,27,6,12,0,0,0.333,122,105,11,81,6,91,77,77,1.52,0,0,5,0,542,2241,0.234,16,4,1,6,0,6,1,25,6,0,0,0,0,8,91,167,0.54,0.267,83.0,18.4,6.71,5.98,1.12,0.355,0.362,0.717
2020,76350,김세현,SSG,SK,14,5.79,42,2,0,1,7,1.0,42,44,7,22,1,35,28,27,1.57,0,0,0,2,187,751,0.28,7,0,5,2,0,1,0,0,0,2,9,9,0,5,41,39,1.05,0.316,17.9,17.9,7.5,4.71,1.59,0.368,0.459,0.827
2020,64768,조이현,SSG,SK,15,5.96,35,2,4,0,0,0.333,77,96,12,25,2,38,52,51,1.57,0,0,2,0,340,1323,0.311,18,1,1,3,0,4,0,7,1,1,8,0,0,11,75,103,0.73,0.321,37.8,17.2,4.44,2.92,1.52,0.363,0.492,0.855
2020,50835,핀토,SSG,SK,16,6.17,30,6,15,0,0,0.286,162,198,19,90,11,112,121,111,1.78,0,0,12,0,766,2949,0.301,35,1,2,5,3,11,2,30,6,0,0,0,0,18,215,138,1.56,0.336,98.3,18.2,6.22,5.0,1.24,0.391,0.444,0.835
2020,62056,정영일,SSG,SK,17,6.56,29,2,2,2,2,0.5,23 1/3,31,6,11,3,17,20,17,1.8,0,0,0,1,114,452,0.32,5,0,2,1,1,3,1,0,0,2,7,8,1,2,26,24,1.08,0.333,15.6,19.4,6.56,4.24,1.55,0.402,0.557,0.959
2020,50815,킹험,SSG,SK,18,6.75,2,0,2,0,0,0.0,10 2/3,16,1,4,0,6,11,8,1.88,0,0,1,0,52,191,0.34,4,0,1,0,0,1,0,2,0,0,0,0,0,1,15,10,1.5,0.375,95.5,17.9,5.06,3.38,1.5,0.392,0.489,0.881
2020,79847,김태훈,SSG,SK,19,7.4,33,1,6,0,4,0.143,62,61,8,39,4,43,52,51,1.61,0,0,2,1,281,1108,0.26,13,0,0,3,0,10,0,8,1,0,1,6,0,6,67,67,1.0,0.283,33.6,17.9,6.24,5.66,1.1,0.37,0.417,0.787
2020,66859,김주한,SSG,SK,20,7.43,22,1,7,0,0,0.125,46,60,7,20,8,22,43,38,1.74,0,0,1,0,220,858,0.316,7,1,0,2,0,4,0,7,0,1,4,0,0,3,64,46,1.39,0.325,39.0,18.7,4.3,3.91,1.1,0.4,0.474,0.874
2020,67863,이원준,SSG,SK,21,7.45,17,0,1,0,0,0.0,19 1/3,28,3,16,0,17,17,16,2.28,0,0,0,0,100,390,0.333,5,2,0,0,2,7,0,0,0,0,10,0,0,0,14,25,0.56,0.391,22.9,20.2,7.91,7.45,1.06,0.44,0.548,0.988
2020,65411,김주온,SSG,SK,22,7.55,29,0,3,0,0,0.0,31,46,5,22,5,18,27,26,2.19,0,0,0,1,160,619,0.357,7,0,2,2,0,5,0,0,0,0,19,2,0,3,26,41,0.63,0.38,21.3,20.0,5.23,6.39,0.82,0.462,0.527,0.989
2020,69813,하재훈,SSG,SK,23,7.62,15,1,1,4,0,0.5,13,19,2,8,0,10,13,11,2.08,0,0,0,6,66,258,0.333,3,0,1,0,0,1,0,0,0,1,8,10,0,1,14,14,1.0,0.378,17.2,19.8,6.92,5.54,1.25,0.415,0.491,0.906
2020,69839,백승건,SSG,SK,24,7.98,10,0,5,0,0,0.0,29 1/3,37,7,31,2,28,29,26,2.32,0,0,0,0,156,661,0.306,5,0,1,1,0,1,0,7,0,0,1,0,0,4,25,32,0.78,0.345,66.1,22.5,8.59,9.51,0.9,0.452,0.521,0.973
2020,65343,김택형,SSG,SK,25,8.61,31,1,3,0,3,0.25,23,26,5,20,0,22,26,22,2.0,0,0,0,0,114,439,0.28,2,1,1,0,1,6,0,0,0,1,3,3,0,2,23,22,1.05,0.318,14.2,19.1,8.61,7.83,1.1,0.407,0.484,0.891
2020,50813,양선률,SSG,SK,26,9.0,1,0,0,0,0,,1,1,1,2,0,0,1,1,3.0,0,0,0,0,5,23,0.333,0,0,0,0,0,0,0,0,0,0,0,0,0,1,2,0,,0.0,23.0,23.0,0.0,18.0,0.0,0.6,1.333,1.933
2020,75138,신재웅,SSG,SK,27,9.31,24,2,0,0,0,1.0,19 1/3,26,5,14,0,11,20,20,2.07,0,0,0,0,93,378,0.333,3,2,0,1,0,0,0,0,0,2,3,2,0,0,15,27,0.56,0.333,15.8,19.6,5.12,6.52,0.79,0.43,0.615,1.045
2020,66801,김찬호,SSG,SK,28,27.0,3,0,0,0,0,,2,5,1,4,0,1,6,6,4.5,0,0,0,0,14,57,0.5,0,0,0,0,0,0,0,0,0,0,1,0,0,1,3,1,3.0,0.5,19.0,28.5,4.5,18.0,0.25,0.643,0.8,1.443
2020,63936,윤강민,SSG,SK,29,67.5,1,0,0,0,0,,2/3,4,0,1,1,1,5,5,7.5,0,0,0,0,8,23,0.667,1,0,0,0,0,0,0,0,0,0,0,0,0,0,1,0,,0.8,23.0,34.5,13.5,13.5,1.0,0.75,0.833,1.583
2020,50430,홍원표,삼성,SS,1,0.0,1,0,0,0,0,,1,1,0,1,1,0,0,0,2.0,0,0,0,0,6,24,0.25,0,0,0,0,0,1,0,0,0,0,0,0,0,0,2,1,2.0,0.25,24.0,24.0,0.0,9.0,0.0,0.5,0.25,0.75
2020,61457,임현준,삼성,SS,2,1.78,51,1,1,0,5,0.5,25 1/3,24,2,7,6,18,7,5,1.22,0,0,0,0,109,419,0.261,3,0,1,3,1,1,0,0,0,1,5,8,0,1,16,37,0.43,0.293,8.2,16.5,6.39,2.49,2.57,0.343,0.359,0.702
2020,75421,오승환,삼성,SS,3,2.64,45,3,2,18,2,0.6,47 2/3,44,2,15,2,39,14,14,1.24,0,0,0,4,201,790,0.244,10,1,4,0,0,1,0,0,0,3,34,24,3,1,41,56,0.73,0.302,17.6,16.6,7.36,2.83,2.6,0.31,0.344,0.654
2020,68415,양창섭,삼성,SS,4,2.7,7,0,0,0,0,,6 2/3,6,1,3,0,4,2,2,1.35,0,0,0,0,29,105,0.25,1,0,2,0,1,0,0,0,0,0,4,0,0,0,6,8,0.75,0.263,15.0,15.8,5.4,4.05,1.33,0.333,0.417,0.75
2020,50404,뷰캐넌,삼성,SS,5,3.45,27,15,7,0,0,0.682,174 2/3,172,16,50,7,121,71,67,1.27,1,0,18,0,728,2819,0.261,19,2,8,4,0,2,0,27,15,0,1,0,0,35,211,159,1.33,0.297,104.4,16.1,6.23,2.58,2.42,0.318,0.369,0.687
2020,60146,이승현,삼성,SS,6,3.48,65,1,2,0,14,0.333,54 1/3,45,11,25,0,52,22,21,1.29,0,0,0,2,226,924,0.228,7,1,3,1,1,2,0,0,0,1,6,16,0,5,40,61,0.66,0.252,14.2,17.0,8.61,4.14,2.08,0.314,0.442,0.756
2020,68419,최지명,삼성,SS,7,3.58,26,11,6,0,0,0.647,146,131,12,51,7,123,67,58,1.25,1,1,12,0,617,2516,0.237,27,1,2,4,0,3,3,26,11,0,1,0,0,9,131,172,0.76,0.282,96.8,17.2,7.58,3.14,2.41,0.307,0.354,0.661
2020,69439,라이블리,삼성,SS,8,4.26,21,6,7,0,0,0.462,112,98,11,39,12,95,54,53,1.22,0,0,7,0,478,1986,0.233,16,1,2,5,0,2,0,21,6,0,0,0,0,9,101,131,0.77,0.273,94.6,17.7,7.63,3.13,2.44,0.313,0.355,0.668
2020,62920,노건우,삼성,SS,9,4.46,45,2,3,0,10,0.4,36 1/3,28,3,29,2,34,23,18,1.57,0,0,0,0,166,676,0.211,5,0,1,1,1,7,0,0,0,2,7,10,0,3,26,46,0.57,0.258,15.0,18.6,8.42,7.18,1.17,0.358,0.316,0.674
2020,68403,김무신,삼성,SS,10,4.66,61,3,5,0,12,0.375,58,66,6,31,1,41,34,30,1.67,0,0,0,3,266,1006,0.288,9,0,4,1,3,7,0,0,0,3,14,15,0,3,58,65,0.89,0.328,16.5,17.3,6.36,4.81,1.32,0.374,0.406,0.78
2020,50449,허윤동,삼성,SS,11,4.8,11,2,1,0,0,0.667,45,43,4,31,2,18,26,24,1.64,0,0,0,0,204,839,0.254,10,0,1,1,0,0,1,11,2,0,0,0,0,2,31,78,0.4,0.264,76.3,18.6,3.6,6.2,0.58,0.374,0.385,0.759
2020,67421,최지광,삼성,SS,12,4.87,51,1,3,0,15,0.25,44 1/3,34,2,31,3,45,24,24,1.47,0,0,0,6,199,781,0.218,5,0,5,4,4,5,0,0,0,1,2,23,0,4,42,39,1.08,0.283,15.3,17.6,9.14,6.29,1.45,0.351,0.288,0.639
2020,69446,원태인,삼성,SS,13,4.89,27,6,10,0,0,0.375,140,162,19,56,5,78,84,76,1.56,0,0,11,0,626,2372,0.289,32,1,3,1,2,6,0,26,6,0,1,0,0,11,138,184,0.75,0.308,87.9,16.9,5.01,3.6,1.39,0.358,0.451,0.809
2020,61365,김대우,삼성,SS,14,5.1,28,3,7,0,1,0.3,77 2/3,95,9,26,6,37,49,44,1.56,0,0,1,0,350,1346,0.304,17,1,1,4,0,1,1,9,2,1,3,1,0,5,72,113,0.64,0.317,48.1,17.3,4.29,3.01,1.42,0.364,0.45,0.814
2020,77446,백정현,삼성,SS,15,5.19,11,4,4,0,0,0.5,59,67,13,17,1,46,43,34,1.42,0,0,3,0,258,1047,0.285,15,2,1,4,0,1,0,11,4,0,0,0,0,5,60,66,0.91,0.3,95.2,17.7,7.02,2.59,2.71,0.331,0.532,0.863
2020,77927,장필준,삼성,SS,16,5.75,31,0,3,0,4,0.0,36,46,6,16,0,26,24,23,1.72,0,0,0,0,170,666,0.303,9,0,2,0,0,5,0,2,0,0,9,2,0,1,34,46,0.74,0.333,21.5,18.5,6.5,4.0,1.63,0.369,0.48,0.849
2020,74454,윤성환,삼성,SS,17,5.79,5,0,2,0,0,0.0,18 2/3,19,0,11,3,4,14,12,1.61,1,0,0,0,84,331,0.279,4,2,0,2,0,0,0,5,0,0,1,0,0,2,19,28,0.68,0.288,66.2,17.7,1.93,5.3,0.36,0.393,0.397,0.79
2020,73117,우규민,삼성,SS,18,6.19,52,3,3,7,11,0.5,48,61,3,9,1,30,34,33,1.46,0,0,0,2,210,780,0.31,10,1,2,1,1,0,0,0,0,3,17,19,1,4,57,50,1.14,0.352,15.0,16.3,5.63,1.69,3.33,0.341,0.416,0.757
2020,63960,이상민,삼성,SS,19,6.43,17,0,1,0,1,0.0,14,17,4,11,1,13,10,10,2.0,0,0,0,0,69,266,0.309,2,0,2,0,1,2,0,1,0,0,2,1,0,1,13,12,1.08,0.342,15.6,19.0,8.36,7.07,1.18,0.433,0.564,0.997
2020,65496,홍정우,삼성,SS,20,6.6,30,0,0,0,1,,30,37,5,12,1,29,23,22,1.63,0,0,0,0,139,560,0.303,4,1,0,4,0,1,0,0,0,0,13,0,0,1,30,30,1.0,0.348,18.7,18.7,8.7,3.6,2.42,0.36,0.475,0.835
2020,50464,이승민,삼성,SS,21,6.84,7,1,3,0,0,0.25,26 1/3,34,5,19,0,16,21,20,2.01,0,0,1,0,128,497,0.315,5,0,1,0,1,0,0,5,1,0,2,0,0,4,21,37,0.57,0.333,71.0,18.9,5.47,6.49,0.84,0.417,0.5,0.917
2020,61411,심창민,삼성,SS,22,7.52,23,2,2,0,3,0.5,20 1/3,18,3,18,2,21,20,17,1.77,0,0,0,1,98,412,0.24,0,1,2,1,0,3,0,0,0,2,4,3,0,1,10,27,0.37,0.288,17.9,20.3,9.3,7.97,1.17,0.396,0.387,0.783
2020,99445,권오준,삼성,SS,23,8.44,17,0,2,0,1,0.0,16,22,3,3,0,10,18,15,1.56,0,0,0,0,72,293,0.333,3,1,1,2,0,0,0,0,0,0,3,1,0,1,13,23,0.57,0.345,17.2,18.3,5.63,1.69,3.33,0.352,0.545,0.897
2020,79440,정인욱,삼성,SS,23,8.44,5,0,0,0,0,,5 1/3,5,1,4,1,3,5,5,1.69,0,0,0,0,26,104,0.25,0,0,1,0,0,0,0,0,0,0,5,0,0,0,1,11,0.09,0.25,20.8,19.5,5.06,6.75,0.75,0.4,0.4,0.8
2020,67443,장지훈,삼성,SS,25,10.08,29,0,1,0,0,0.0,27 2/3,39,7,21,3,24,37,31,2.17,0,0,0,1,146,606,0.331,4,0,1,3,0,5,0,0,0,0,9,2,0,0,16,42,0.38,0.356,20.9,21.9,7.81,6.83,1.14,0.434,0.542,0.976
2020,50441,황동재,삼성,SS,26,54.0,1,0,0,0,0,,1 1/3,8,1,4,0,3,8,8,9.0,0,0,0,0,16,50,0.727,2,0,0,1,0,0,0,0,0,0,0,0,0,0,0,1,0.0,0.875,50.0,37.5,20.25,27.0,0.75,0.75,1.182,1.932
2020,63492,이재익,삼성,SS,27,135.0,4,0,0,0,0,,2/3,8,2,2,0,1,11,10,15.0,0,0,0,0,13,54,0.727,3,0,0,0,0,0,0,0,0,0,1,0,0,0,1,1,1.0,0.75,13.5,81.0,13.5,27.0,0.5,0.769,1.545,2.314
2020,50992,김태경,NC,NC,1,0.0,1,0,0,0,0,,1,0,0,1,0,1,0,0,1.0,0,0,0,0,5,19,0.0,0,0,0,0,0,0,0,0,0,0,0,0,0,0,1,2,0.5,0.0,19.0,19.0,9.0,9.0,1.0,0.2,0.0,0.2
2020,50901,안인산,NC,NC,1,0.0,1,0,0,0,0,,1,0,0,0,0,0,0,0,0.0,0,0,0,0,3,9,0.0,0,0,0,0,0,0,0,0,0,0,0,0,0,0,2,1,2.0,0.0,9.0,9.0,0.0,0.0,,0.0,0.0,0.0
2020,50900,임형원,NC,NC,1,,1,0,0,0,0,,0,1,0,0,0,0,1,1,,0,0,0,0,1,7,1.0,0,0,0,0,0,0,0,0,0,0,0,0,0,0,0,0,,1.0,7.0,,,,,1.0,1.0,2.0
2020,62655,홍성민,NC,NC,4,1.04,30,1,0,0,8,1.0,26,20,2,6,2,14,4,3,1.0,0,0,0,0,104,401,0.211,4,0,1,0,1,2,0,0,0,1,4,10,0,4,38,23,1.65,0.228,13.4,15.4,4.85,2.08,2.33,0.272,0.316,0.588
2020,65933,구창모,NC,NC,5,1.74,15,9,0,0,1,1.0,93 1/3,58,7,18,0,102,20,18,0.81,0,0,12,0,348,1378,0.177,12,0,2,1,0,2,0,14,9,0,0,0,0,8,91,77,1.18,0.233,91.9,14.8,9.84,1.74,5.67,0.22,0.278,0.498
2020,75867,김진성,NC,NC,6,2.66,48,3,0,0,6,1.0,47 1/3,41,4,10,0,56,16,14,1.08,0,0,0,1,190,727,0.232,8,2,1,2,1,2,0,0,0,3,10,6,0,3,22,60,0.37,0.311,15.1,15.4,10.65,1.9,5.6,0.27,0.367,0.637
2020,69940,루친스키,NC,NC,7,3.05,30,19,5,0,0,0.792,183,173,14,57,11,167,67,62,1.26,0,0,20,0,770,3001,0.25,12,3,10,1,0,11,0,30,19,0,0,0,0,14,183,169,1.08,0.311,100.0,16.4,8.21,2.8,2.93,0.317,0.337,0.654
2020,69962,송명기,NC,NC,8,3.7,36,9,3,0,0,0.75,87 2/3,78,12,39,2,72,37,36,1.33,0,0,2,2,372,1514,0.242,13,0,7,2,1,7,0,12,8,1,5,3,0,6,66,108,0.61,0.275,42.1,17.3,7.39,4.0,1.85,0.326,0.394,0.72
2020,64995,배재환,NC,NC,9,3.98,53,1,3,0,12,0.25,43,38,4,35,9,33,22,19,1.7,0,0,0,5,209,817,0.236,7,2,3,1,3,5,2,0,0,1,7,16,0,3,40,51,0.78,0.272,15.4,19.0,6.91,7.33,0.94,0.398,0.379,0.777
2020,76118,원종현,NC,NC,10,4.26,58,3,5,30,0,0.375,57,56,4,20,2,41,30,27,1.33,0,0,0,6,245,867,0.259,5,1,5,2,1,4,0,0,0,3,45,37,5,6,77,44,1.75,0.301,14.9,15.2,6.47,3.16,2.05,0.325,0.347,0.672
2020,63959,임정호,NC,NC,11,4.61,69,2,2,0,22,0.5,41,32,3,20,7,38,23,21,1.27,0,0,0,0,175,732,0.221,3,0,2,1,0,0,0,0,0,2,1,28,0,6,42,34,1.24,0.276,10.6,17.9,8.34,4.39,1.9,0.341,0.303,0.644
2020,65639,박정수,NC,NC,12,4.64,22,1,1,0,2,0.5,33,25,4,24,6,29,17,17,1.48,0,0,0,0,144,593,0.223,5,1,1,1,0,1,0,3,1,0,4,1,0,4,33,26,1.27,0.263,27.0,18.0,7.91,6.55,1.21,0.385,0.393,0.778
2020,50912,라이트,NC,NC,13,4.68,29,11,9,0,0,0.55,157 2/3,164,12,63,10,125,87,82,1.44,0,0,13,0,696,2789,0.266,27,2,5,1,0,5,2,29,11,0,0,0,0,13,138,191,0.72,0.316,96.2,17.7,7.14,3.6,1.98,0.343,0.374,0.717
2020,60339,김건태,NC,NC,14,4.89,33,1,1,0,4,0.5,35,29,4,25,2,37,19,19,1.54,0,0,0,1,155,674,0.232,6,0,2,1,0,3,0,0,0,1,9,5,0,4,15,45,0.33,0.294,20.4,19.3,9.51,6.43,1.48,0.366,0.376,0.742
2020,65643,문경찬,NC,NC,15,5.02,56,0,5,10,11,0.0,52,51,11,15,2,44,35,29,1.27,0,0,0,3,225,875,0.248,10,1,0,2,0,0,0,0,0,0,23,30,0,2,32,81,0.4,0.261,15.6,16.8,7.62,2.6,2.93,0.302,0.466,0.768
2020,63991,박진우,NC,NC,16,5.23,43,2,2,0,7,0.5,43,47,2,13,6,22,29,25,1.4,0,0,0,1,194,741,0.281,7,0,4,4,1,0,0,1,0,2,8,12,0,4,50,52,0.96,0.306,17.2,17.2,4.6,2.72,1.69,0.347,0.359,0.706
2020,63914,손정욱,NC,NC,17,5.25,16,0,0,0,0,,12,16,1,5,1,5,8,7,1.75,0,0,0,0,58,240,0.32,2,0,2,0,0,0,0,0,0,0,3,1,0,1,14,15,0.93,0.341,15.0,20.0,3.75,3.75,1.0,0.393,0.42,0.813
2020,78352,임창민,NC,NC,18,5.26,44,7,2,0,11,0.778,37 2/3,39,4,23,2,44,26,22,1.65,0,0,0,1,179,692,0.262,10,1,3,2,1,3,0,0,0,7,4,10,0,1,25,43,0.58,0.34,15.7,18.4,10.51,5.5,1.91,0.364,0.423,0.787
2020,68900,김영규,NC,NC,19,5.45,20,2,2,0,1,0.5,67 2/3,83,12,14,2,55,47,41,1.43,0,0,4,0,296,1177,0.302,9,2,1,4,0,5,2,13,2,0,3,0,0,7,68,73,0.93,0.335,58.9,17.4,7.32,1.86,3.93,0.336,0.48,0.816
2020,68902,신민혁,NC,NC,20,5.79,17,2,3,0,0,0.4,42,57,10,13,3,26,27,27,1.67,0,0,1,0,196,715,0.317,7,0,0,0,0,0,0,7,2,0,3,0,0,3,39,58,0.67,0.326,42.1,17.0,5.57,2.79,2.0,0.372,0.522,0.894
2020,61295,강동연,NC,NC,21,6.0,22,1,2,0,1,0.333,24,27,3,11,1,17,17,16,1.58,0,0,0,1,106,410,0.293,6,0,1,1,1,0,0,0,0,1,8,2,0,1,16,33,0.48,0.329,18.6,17.1,6.38,4.13,1.55,0.371,0.457,0.828
2020,65949,류진욱,NC,NC,21,6.0,3,0,0,0,0,,3,4,1,1,0,3,2,2,1.67,0,0,0,0,14,55,0.333,1,0,0,1,0,0,0,0,0,0,0,1,0,0,3,3,1.0,0.333,18.3,18.3,9.0,3.0,3.0,0.357,0.667,1.024
2020,66920,최성영,NC,NC,23,6.08,14,2,4,0,0,0.333,60 2/3,67,13,35,3,27,45,41,1.68,0,0,2,0,278,1089,0.283,14,0,1,2,0,2,0,13,2,0,0,0,0,8,45,100,0.45,0.271,77.8,18.0,4.01,5.19,0.77,0.379,0.506,0.885
2020,65937,이호중,NC,NC,24,6.23,4,0,0,0,0,,4 1/3,7,1,2,1,3,3,3,2.08,0,0,0,0,23,93,0.35,0,0,0,0,0,0,0,0,0,0,0,0,0,0,4,6,0.67,0.375,23.3,21.5,6.23,4.15,1.5,0.435,0.5,0.935
2020,60263,이재학,NC,NC,25,6.55,19,5,6,0,0,0.455,90 2/3,105,14,43,5,61,66,66,1.63,0,0,5,0,410,1578,0.295,21,1,1,5,0,4,1,19,5,0,0,0,0,10,83,112,0.74,0.318,83.1,17.4,6.06,4.27,1.42,0.374,0.478,0.852
2020,67962,소이현,NC,NC,26,6.57,13,0,0,0,0,,12 1/3,8,1,14,1,8,9,9,1.78,0,0,0,0,59,249,0.182,2,0,0,0,0,1,0,0,0,0,4,2,0,0,16,12,1.33,0.2,19.2,20.2,5.84,10.22,0.57,0.39,0.295,0.685
2020,67956,김태현,NC,NC,27,6.75,2,0,0,0,0,,1 1/3,2,0,4,0,1,2,1,4.5,0,0,0,0,10,48,0.333,1,0,0,0,0,1,0,0,0,0,1,0,0,0,1,2,0.5,0.4,24.0,36.0,6.75,27.0,0.25,0.6,0.5,1.1
2020,79358,강윤구,NC,NC,28,6.86,30,1,1,0,3,0.5,21,31,3,11,0,15,16,16,2.0,0,0,0,0,103,379,0.337,7,0,0,0,0,2,0,0,0,1,3,4,0,0,25,21,1.19,0.378,12.6,18.0,6.43,4.71,1.36,0.408,0.511,0.919
2020,69974,배민서,NC,NC,29,7.43,13,0,0,0,0,,13 1/3,17,4,7,0,9,12,11,1.8,0,0,0,0,64,238,0.298,3,0,0,0,0,0,0,0,0,0,11,0,0,1,20,11,1.82,0.295,18.3,17.9,6.08,4.73,1.29,0.375,0.561,0.936
2020,67954,김진호,NC,NC,30,8.71,3,0,1,0,0,0.0,10 1/3,14,5,8,1,7,10,10,2.13,0,0,0,0,54,194,0.311,0,0,0,0,0,1,0,3,0,0,0,0,0,0,6,18,0.33,0.273,64.7,18.8,6.1,6.97,0.88,0.426,0.644,1.07
2020,68910,이승헌,NC,NC,31,9.0,3,0,0,0,0,,2,3,1,1,1,2,2,2,2.0,0,0,0,0,11,45,0.333,0,0,0,0,0,0,0,0,0,0,2,0,0,0,1,3,0.33,0.333,15.0,22.5,9.0,4.5,2.0,0.455,0.667,1.122
2020,65042,홍성무,NC,NC,32,12.6,11,0,0,1,0,,15,21,3,13,1,12,22,21,2.27,0,0,0,0,82,314,0.313,3,0,1,0,0,1,0,0,0,0,6,1,0,0,21,13,1.62,0.346,28.5,20.9,7.2,7.8,0.92,0.432,0.493,0.925
2020,66039,한승지,KT,KT,1,,1,0,0,0,0,,0,4,0,1,1,0,4,4,,0,0,0,0,6,27,1.0,1,0,0,0,0,0,0,0,0,0,0,0,0,0,0,0,,1.0,27.0,,,,0.0,1.0,1.25,2.25
2020,75342,이보근,KT,KT,2,2.51,49,3,1,6,9,0.75,46 2/3,42,2,12,2,27,17,13,1.16,0,0,0,2,192,719,0.241,5,0,2,2,1,3,0,0,0,3,15,19,0,7,49,58,0.84,0.272,14.7,15.4,5.21,2.31,2.25,0.295,0.305,0.6
2020,65060,주권,KT,KT,3,2.7,77,6,2,0,31,0.75,70,54,6,32,1,37,25,21,1.23,0,0,0,6,294,1144,0.213,11,0,5,3,1,0,0,0,0,6,9,36,0,6,83,82,1.01,0.225,14.9,16.3,4.76,4.11,1.16,0.301,0.328,0.629
2020,69098,김성훈,KT,KT,4,3.0,3,0,0,0,0,,3,1,0,4,0,3,1,1,1.67,0,0,0,0,13,55,0.125,0,0,0,1,0,0,0,0,0,0,2,0,0,1,1,4,0.25,0.167,18.3,18.3,9.0,12.0,0.75,0.385,0.125,0.51
2020,64047,조현우,KT,KT,5,3.09,54,5,1,1,9,0.833,46 2/3,38,1,22,1,33,16,16,1.29,0,0,0,1,196,708,0.226,8,1,4,1,1,3,0,0,0,5,5,14,0,3,47,51,0.92,0.274,13.1,15.2,6.36,4.24,1.5,0.318,0.304,0.622
2020,65062,김재윤,KT,KT,6,3.26,56,5,3,21,1,0.625,60 2/3,62,7,15,0,58,23,22,1.27,0,0,0,7,256,1018,0.265,4,2,7,0,3,0,0,0,0,5,39,28,3,2,39,75,0.52,0.325,18.2,16.8,8.6,2.23,3.87,0.309,0.389,0.698
2020,76757,유원상,KT,KT,7,3.8,62,2,1,2,9,0.667,64,52,8,28,1,37,32,27,1.25,0,0,0,1,271,955,0.218,12,0,0,3,1,5,0,0,0,2,12,13,0,6,65,88,0.74,0.223,15.4,14.9,5.2,3.94,1.32,0.299,0.368,0.667
2020,50030,소형준,KT,KT,8,3.86,26,13,6,0,0,0.684,133,141,6,45,6,92,63,57,1.4,0,0,10,0,572,2172,0.274,23,0,3,3,0,2,0,24,13,0,0,0,0,19,178,107,1.66,0.321,83.5,16.3,6.23,3.05,2.04,0.337,0.353,0.69
2020,65516,배제성,KT,KT,9,3.95,26,10,7,0,0,0.588,141 1/3,130,12,76,4,83,67,62,1.46,0,0,10,0,619,2364,0.244,30,1,3,3,0,11,1,26,10,0,0,0,0,14,163,160,1.02,0.268,90.9,16.7,5.29,4.84,1.09,0.341,0.371,0.712
2020,69032,쿠에바스,KT,KT,10,4.1,27,10,8,0,0,0.556,158,152,16,46,9,110,80,72,1.25,0,0,14,0,668,2518,0.253,26,1,5,8,0,4,0,27,10,0,0,0,0,16,176,170,1.04,0.282,93.3,15.9,6.27,2.62,2.39,0.312,0.38,0.692
2020,50040,데스파이네,KT,KT,11,4.33,35,15,8,0,0,0.652,207 2/3,233,18,68,8,152,105,100,1.45,0,0,18,0,906,3525,0.286,36,1,6,8,1,18,0,34,15,0,0,0,0,25,269,170,1.58,0.329,100.7,17.0,6.59,2.95,2.24,0.343,0.398,0.741
2020,75340,전유수,KT,KT,12,5.12,47,5,4,2,3,0.556,45 2/3,46,3,21,3,27,26,26,1.47,0,0,0,1,200,771,0.272,7,1,4,3,5,1,0,0,0,5,11,8,1,3,38,61,0.62,0.303,16.4,16.9,5.32,4.14,1.29,0.357,0.379,0.736
2020,69041,손동현,KT,KT,13,5.31,23,0,0,0,1,,20 1/3,21,5,10,0,12,14,12,1.52,0,0,0,0,91,342,0.266,5,0,2,0,1,3,0,0,0,0,5,1,0,1,10,36,0.28,0.258,14.9,16.8,5.31,4.43,1.2,0.348,0.519,0.867
2020,77563,이상화,KT,KT,14,5.4,18,1,1,0,1,0.5,15,11,2,10,0,7,9,9,1.4,0,0,0,0,65,232,0.204,2,0,1,0,2,1,0,0,0,1,6,1,0,1,8,28,0.29,0.2,12.9,15.5,4.2,6.0,0.7,0.328,0.352,0.68
2020,65057,이창재,KT,KT,15,5.63,10,0,0,0,1,,8,10,0,4,0,7,6,5,1.75,0,0,0,0,38,161,0.294,3,0,0,0,0,0,0,0,0,0,2,1,0,0,6,11,0.55,0.37,16.1,20.1,7.88,4.5,1.75,0.368,0.382,0.75
2020,67008,이대은,KT,KT,16,5.83,20,0,4,1,0,0.0,29 1/3,36,4,13,5,15,23,19,1.67,0,0,0,2,142,514,0.298,6,0,1,2,3,8,0,4,0,0,10,4,0,3,37,35,1.06,0.308,25.7,17.5,4.6,3.99,1.15,0.383,0.446,0.829
2020,78517,하준호,KT,KT,17,6.05,42,0,3,0,5,0.0,41 2/3,38,1,27,2,26,30,28,1.56,0,0,0,1,189,764,0.239,6,0,1,0,1,2,0,1,0,0,7,7,0,4,40,55,0.73,0.28,18.2,18.3,5.62,5.83,0.96,0.356,0.296,0.652
2020,65048,김민수,KT,KT,18,6.1,33,3,8,0,0,0.273,103 1/3,151,14,30,4,63,80,70,1.75,0,0,3,2,482,1726,0.34,22,1,0,4,0,6,0,18,3,0,3,2,0,16,115,119,0.97,0.369,52.3,16.7,5.49,2.61,2.1,0.384,0.489,0.873
2020,50036,이강준,KT,KT,19,6.35,4,0,0,0,0,,5 2/3,9,1,5,3,3,4,4,2.47,0,0,0,0,33,109,0.391,1,1,1,1,0,0,0,0,0,0,1,0,0,0,5,7,0.71,0.4,27.3,19.2,4.76,7.94,0.6,0.531,0.652,1.183
2020,68043,김민,KT,KT,20,6.54,24,3,3,0,1,0.5,42 2/3,46,6,29,5,32,35,31,1.76,0,0,1,0,207,772,0.271,4,0,0,3,0,5,0,6,2,1,2,2,0,3,50,45,1.11,0.296,32.2,18.1,6.75,6.12,1.1,0.386,0.4,0.786
2020,67045,조병욱,KT,KT,21,7.62,9,0,1,0,0,0.0,28 1/3,39,4,13,1,11,24,24,1.84,0,0,0,0,131,497,0.333,4,0,0,0,0,0,0,4,0,0,5,0,0,2,25,42,0.6,0.343,55.2,17.5,3.49,4.13,0.85,0.405,0.47,0.875
2020,69054,이상동,KT,KT,22,9.0,5,0,0,0,0,,6,11,0,3,0,3,6,6,2.33,0,0,0,0,30,113,0.423,5,0,0,1,0,1,0,0,0,0,4,0,0,1,6,7,0.86,0.458,22.6,18.8,4.5,4.5,1.0,0.467,0.615,1.082
2020,64029,류희운,KT,KT,23,10.8,7,0,1,0,0,0.0,8 1/3,14,1,4,0,7,10,10,2.16,0,0,0,0,41,141,0.389,4,0,0,1,0,1,0,0,0,0,4,0,0,1,7,9,0.78,0.448,20.1,16.9,7.56,4.32,1.75,0.439,0.583,1.022
2020,69068,이선우,KT,KT,24,13.5,2,0,0,0,0,,2,6,1,1,0,1,3,3,3.5,0,0,0,0,13,50,0.5,1,0,0,0,0,0,0,0,0,0,1,0,0,0,3,2,1.5,0.5,25.0,25.0,4.5,4.5,1.0,0.538,0.833,1.371
2020,75258,금민철,KT,KT,25,15.43,3,0,0,0,0,,2 1/3,6,0,1,2,2,4,4,3.0,0,0,0,0,15,55,0.545,1,0,0,1,0,0,0,0,0,0,1,0,0,1,3,1,3.0,0.6,18.3,23.6,7.71,3.86,2.0,0.6,0.636,1.236
2020,66047,박세진,KT,KT,26,108.0,1,0,0,0,0,,1/3,2,0,1,1,0,4,4,9.0,0,0,0,0,5,13,0.667,0,0,0,0,0,0,0,0,0,0,0,0,0,0,1,0,,0.667,13.0,39.0,0.0,27.0,0.0,0.8,0.667,1.467
2020,64041,안현준,KT,KT,26,108.0,1,0,0,0,0,,1/3,2,0,2,0,0,4,4,12.0,0,0,0,0,5,31,0.667,0,0,0,0,0,1,0,0,0,0,0,0,0,0,0,1,0.0,0.667,31.0,93.0,0.0,54.0,0.0,0.8,0.667,1.467
2020,50558,스트레일리,롯데,LT,1,2.5,31,15,4,0,0,0.789,194 2/3,148,10,51,7,205,61,54,1.02,0,0,21,0,777,3157,0.209,27,2,6,4,0,4,0,31,15,0,0,0,0,8,153,207,0.74,0.277,101.8,16.2,9.48,2.36,4.02,0.267,0.295,0.562
2020,78536,김대우,롯데,LT,2,3.1,46,0,1,0,0,0.0,49 1/3,48,1,26,2,43,22,17,1.5,0,0,0,0,216,797,0.259,11,0,2,1,1,5,1,1,0,0,16,2,0,7,60,35,1.71,0.331,17.3,16.2,7.84,4.74,1.65,0.355,0.335,0.69
2020,63543,구승민,롯데,LT,3,3.58,57,5,2,0,20,0.714,60 1/3,40,8,26,0,58,25,24,1.09,0,0,0,3,238,974,0.193,9,0,4,1,2,1,0,0,0,5,3,25,0,6,45,65,0.69,0.225,17.1,16.1,8.65,3.88,2.23,0.282,0.353,0.635
2020,79293,오현택,롯데,LT,4,3.75,48,3,1,0,7,0.75,36,37,5,8,2,17,15,15,1.25,0,0,0,1,152,575,0.262,6,1,1,0,1,1,0,0,0,3,10,6,0,3,40,47,0.85,0.269,12.0,16.0,4.25,2.0,2.13,0.311,0.426,0.737
2020,62528,김원중,롯데,LT,5,3.94,58,5,4,25,0,0.556,59 1/3,52,8,23,0,57,29,26,1.26,0,0,0,8,249,966,0.235,14,1,2,3,5,1,0,0,0,5,47,33,2,4,49,66,0.74,0.277,16.7,16.3,8.65,3.49,2.48,0.304,0.416,0.72
2020,64565,이인복,롯데,LT,6,3.97,47,1,4,0,2,0.2,45 1/3,57,2,12,1,21,22,20,1.52,0,0,0,1,199,681,0.315,9,0,4,1,1,2,0,1,0,1,9,3,0,7,69,35,1.97,0.346,14.5,15.0,4.17,2.38,1.75,0.359,0.398,0.757
2020,76225,김건국,롯데,LT,7,3.98,32,3,2,0,1,0.6,31 2/3,30,2,9,3,31,14,14,1.23,0,0,0,1,139,546,0.238,5,2,0,1,0,4,0,0,0,3,5,3,0,2,39,27,1.44,0.298,17.1,17.2,8.81,2.56,3.44,0.302,0.357,0.659
2020,68529,이승헌,롯데,LT,8,4.66,8,3,2,0,0,0.6,36 2/3,34,1,11,2,34,25,19,1.23,0,0,2,0,157,651,0.241,2,1,3,0,1,2,1,8,3,0,0,0,0,1,45,28,1.61,0.311,81.4,17.8,8.35,2.7,3.09,0.305,0.291,0.596
2020,64021,박세웅,롯데,LT,9,4.7,28,8,10,0,0,0.444,147 1/3,177,20,47,8,108,85,77,1.52,0,0,8,0,658,2528,0.298,27,2,3,7,0,13,0,28,8,0,0,0,0,14,168,147,1.14,0.333,90.3,17.2,6.6,2.87,2.3,0.354,0.452,0.806
2020,50556,최준용,롯데,LT,10,4.85,31,0,2,0,8,0.0,29 2/3,31,3,11,2,26,16,16,1.42,0,0,0,0,130,482,0.27,7,1,2,0,4,3,0,0,0,0,9,8,0,2,19,39,0.49,0.326,15.5,16.2,7.89,3.34,2.36,0.344,0.426,0.77
2020,73211,노경은,롯데,LT,11,4.87,25,5,10,0,0,0.333,133,139,19,40,3,77,76,72,1.35,1,0,11,0,574,2138,0.267,31,1,5,6,2,3,0,24,5,0,1,0,0,7,153,157,0.97,0.279,85.5,16.1,5.21,2.71,1.93,0.32,0.44,0.76
2020,64596,김유영,롯데,LT,12,4.91,12,0,0,0,0,,7 1/3,4,0,7,0,5,4,4,1.5,0,0,0,0,31,109,0.167,0,0,0,0,2,1,0,0,0,0,5,0,0,1,12,3,4.0,0.211,9.1,14.9,6.14,8.59,0.71,0.355,0.167,0.522
2020,66557,한승혁,롯데,LT,13,5.14,9,1,0,0,0,1.0,7,8,0,4,0,3,4,4,1.71,0,0,0,0,31,124,0.296,1,0,0,0,0,0,0,0,0,1,1,1,0,1,9,7,1.29,0.333,13.8,17.7,3.86,5.14,0.75,0.387,0.333,0.72
2020,69539,서준원,롯데,LT,14,5.18,31,7,6,0,0,0.538,107 2/3,130,16,31,5,60,71,62,1.5,0,0,6,0,480,1850,0.298,18,0,6,2,1,3,0,20,7,0,1,1,0,12,127,121,1.05,0.315,59.7,17.2,5.02,2.59,1.94,0.35,0.45,0.8
2020,50524,샘슨,롯데,LT,15,5.4,25,9,12,0,0,0.429,130,167,14,36,6,87,87,78,1.56,0,0,10,0,590,2202,0.308,25,1,5,1,0,8,2,25,9,0,0,0,0,13,161,128,1.26,0.346,88.1,16.9,6.02,2.49,2.42,0.357,0.435,0.792
2020,63512,박진형,롯데,LT,16,5.7,53,1,4,0,17,0.2,42 2/3,56,7,13,4,50,27,27,1.62,0,0,0,3,194,802,0.32,15,2,1,1,2,3,0,0,0,1,3,23,0,5,40,30,1.33,0.412,15.1,18.8,10.55,2.74,3.85,0.378,0.549,0.927
2020,72523,고효준,롯데,LT,17,5.74,24,1,0,0,0,1.0,15 2/3,14,3,11,3,11,10,10,1.6,0,0,0,0,77,308,0.226,3,0,0,1,0,1,0,0,0,1,6,2,0,0,20,18,1.11,0.224,12.8,19.7,6.32,6.32,1.0,0.364,0.419,0.783
2020,77591,송승준,롯데,LT,18,6.2,22,2,2,0,1,0.5,24 2/3,30,2,14,3,25,17,17,1.78,0,0,0,0,119,457,0.303,5,2,2,1,2,3,0,1,0,2,4,2,0,2,28,17,1.65,0.384,20.8,18.5,9.12,5.11,1.79,0.402,0.455,0.857
2020,64718,최설우,롯데,LT,19,6.3,6,0,1,0,0,0.0,10,19,4,3,1,7,11,7,2.2,0,0,0,0,53,200,0.396,3,0,0,1,0,1,0,1,0,0,2,0,0,1,12,11,1.09,0.395,33.3,20.0,6.3,2.7,2.33,0.434,0.708,1.142
2020,79545,진명호,롯데,LT,20,7.18,37,0,1,0,2,0.0,31 1/3,29,3,22,2,32,25,25,1.63,0,0,0,1,146,562,0.242,5,1,1,1,0,1,0,0,0,0,7,8,0,2,32,28,1.14,0.302,15.2,17.9,9.19,6.32,1.45,0.366,0.375,0.741
2020,67591,강동호,롯데,LT,21,7.36,7,1,0,0,0,1.0,11,13,3,6,0,8,9,9,1.73,0,0,0,0,51,191,0.295,1,0,0,1,0,0,0,0,0,1,4,0,0,1,10,14,0.71,0.294,27.3,17.4,6.55,4.91,1.33,0.373,0.523,0.896
2020,76355,장원삼,롯데,LT,22,7.68,13,0,3,0,0,0.0,34,49,6,10,3,15,32,29,1.74,0,0,1,0,160,581,0.34,8,0,1,2,1,0,0,4,0,0,4,0,0,3,44,38,1.16,0.344,44.7,17.1,3.97,2.65,1.5,0.39,0.521,0.911
2020,60559,박시영,롯데,LT,23,8.01,36,1,1,0,1,0.5,30 1/3,32,5,23,1,21,27,27,1.81,0,0,0,0,145,560,0.281,7,0,2,5,0,1,0,0,0,1,6,2,0,2,26,40,0.65,0.29,15.6,18.5,6.23,6.82,0.91,0.392,0.474,0.866
2020,62595,정태승,롯데,LT,24,21.6,1,0,0,0,0,,1 2/3,4,1,2,0,1,4,4,3.6,0,0,0,0,11,48,0.5,1,0,1,0,0,0,0,0,0,0,0,0,0,0,2,1,2.0,0.5,48.0,28.8,5.4,10.8,0.5,0.6,1.0,1.6
2020,50592,박명현,롯데,LT,25,27.0,2,0,0,0,0,,2/3,3,0,1,0,0,2,2,6.0,0,0,0,0,6,31,0.6,1,0,0,0,0,1,0,0,0,0,1,0,0,0,1,1,1.0,0.6,15.5,46.5,0.0,13.5,0.0,0.667,0.8,1.467
2020,62908,황윤호,KIA,HT,1,0.0,1,0,0,0,0,,1/3,0,0,0,0,0,0,0,0.0,0,0,0,0,1,4,0.0,0,0,0,0,0,0,0,0,0,0,1,0,0,0,0,1,0.0,0.0,4.0,12.0,0.0,0.0,,0.0,0.0,0.0
2020,63638,박준표,KIA,HT,2,1.57,50,7,1,6,11,0.875,51 2/3,41,3,8,0,44,16,9,0.95,0,0,0,5,205,793,0.211,3,0,2,1,2,2,0,0,0,7,15,27,1,5,72,38,1.89,0.257,15.9,15.3,7.66,1.39,5.5,0.241,0.273,0.514
2020,66609,전상현,KIA,HT,3,2.45,47,2,2,15,13,0.5,47 2/3,35,4,22,0,64,21,13,1.2,0,0,0,2,198,792,0.207,6,1,3,4,0,2,0,0,0,2,24,30,2,5,28,46,0.61,0.295,16.9,16.6,12.08,4.15,2.91,0.292,0.325,0.617
2020,50636,브룩스,KIA,HT,4,2.5,23,11,4,0,0,0.733,151 1/3,131,4,24,3,130,43,42,1.02,1,1,16,0,586,2218,0.238,18,0,5,3,0,3,1,23,11,0,1,0,0,20,217,76,2.86,0.302,96.4,14.7,7.73,1.43,5.42,0.272,0.292,0.564
2020,50662,정해영,KIA,HT,5,3.29,47,5,4,1,11,0.556,38 1/3,41,2,24,2,32,15,14,1.7,0,0,0,3,172,681,0.297,5,1,5,3,2,7,0,0,0,5,14,17,0,2,32,36,0.89,0.364,14.5,17.8,7.51,5.63,1.33,0.401,0.391,0.792
2020,62263,변시원,KIA,HT,6,3.6,4,1,0,0,0,1.0,5,8,0,3,0,1,4,2,2.2,0,0,0,0,25,94,0.381,1,0,0,1,0,0,0,0,0,1,0,0,0,2,10,3,3.33,0.381,23.5,18.8,1.8,5.4,0.33,0.44,0.429,0.869
2020,66660,남하준,KIA,HT,7,4.02,8,0,0,0,0,,15 2/3,20,1,11,1,8,12,7,1.98,0,0,0,0,79,314,0.313,5,1,1,2,0,0,0,0,0,0,5,0,0,3,16,22,0.73,0.333,39.3,20.0,4.6,6.32,0.73,0.41,0.469,0.879
2020,50640,가뇽,KIA,HT,8,4.34,28,11,8,0,0,0.579,159 2/3,162,7,64,9,141,86,77,1.42,0,0,13,0,702,2809,0.264,33,8,6,10,0,13,0,28,11,0,0,0,0,14,162,158,1.03,0.326,100.3,17.6,7.95,3.61,2.2,0.338,0.378,0.716
2020,65618,황인준,KIA,HT,9,4.5,3,0,0,0,0,,4,6,1,2,0,1,2,2,2.0,0,0,0,0,18,68,0.4,1,0,1,0,0,0,0,0,0,0,2,0,0,1,4,4,1.0,0.385,22.7,17.0,2.25,4.5,0.5,0.471,0.667,1.138
2020,77637,양현종,KIA,HT,10,4.7,31,11,10,0,0,0.524,172 1/3,180,13,64,5,149,99,90,1.42,0,0,15,0,746,2950,0.271,40,4,9,3,0,7,0,31,11,0,0,0,0,15,157,182,0.86,0.33,95.2,17.1,7.78,3.34,2.33,0.338,0.402,0.74
2020,78247,홍상삼,KIA,HT,11,5.06,57,4,5,0,17,0.444,48,32,5,54,3,61,27,27,1.79,0,0,0,1,229,963,0.188,11,0,1,1,0,8,0,0,0,4,4,14,0,3,41,37,1.11,0.257,16.9,20.1,11.44,10.13,1.13,0.39,0.341,0.731
2020,62754,임기영,KIA,HT,12,5.15,25,9,10,0,0,0.474,127 2/3,152,12,33,9,106,80,73,1.45,0,0,7,0,559,2224,0.3,26,3,4,6,0,3,1,25,9,0,0,0,0,15,124,131,0.95,0.354,89.0,17.4,7.47,2.33,3.21,0.35,0.434,0.784
2020,65665,이준영,KIA,HT,13,5.32,48,0,2,0,13,0.0,23 2/3,31,1,13,0,22,14,14,1.86,0,0,0,2,113,492,0.313,5,1,1,0,0,3,0,0,0,0,1,18,0,0,21,25,0.84,0.395,10.3,20.8,8.37,4.94,1.69,0.393,0.414,0.807
2020,69620,김기훈,KIA,HT,14,5.37,22,0,4,0,1,0.0,52,58,8,31,2,39,35,31,1.71,0,0,0,0,238,1001,0.293,11,1,4,3,0,3,0,7,0,0,6,0,0,5,42,62,0.68,0.325,45.5,19.3,6.75,5.37,1.26,0.389,0.48,0.869
2020,65696,김명찬,KIA,HT,15,6.23,21,0,1,0,1,0.0,8 2/3,13,2,12,2,11,7,6,2.88,0,0,0,1,54,201,0.333,3,0,1,0,0,4,0,0,0,0,3,7,0,1,8,7,1.14,0.423,9.6,23.2,11.42,12.46,0.92,0.509,0.564,1.073
2020,65616,이민우,KIA,HT,16,6.79,22,6,10,0,0,0.375,106,129,11,47,6,67,87,80,1.66,0,0,6,0,486,1831,0.306,20,4,4,8,0,4,0,22,6,0,0,0,0,12,110,123,0.89,0.336,83.2,17.3,5.69,3.99,1.43,0.378,0.451,0.829
2020,63628,고영창,KIA,HT,17,6.83,48,1,1,1,2,0.5,58,88,3,17,5,23,46,44,1.81,0,0,0,0,275,916,0.355,19,0,4,1,2,5,2,0,0,1,12,2,0,12,88,50,1.76,0.381,19.1,15.8,3.57,2.64,1.35,0.406,0.468,0.874
2020,69516,김현수,KIA,HT,18,7.24,15,1,2,0,0,0.333,32 1/3,41,3,31,2,19,27,26,2.23,0,0,0,0,167,622,0.313,7,3,2,1,0,1,0,4,1,0,3,0,0,4,25,47,0.53,0.345,41.5,19.2,5.29,8.63,0.61,0.448,0.481,0.929
2020,64580,김재열,KIA,HT,19,7.27,14,0,1,0,2,0.0,17 1/3,23,3,12,3,13,16,14,2.02,0,0,0,0,89,348,0.319,6,0,1,1,1,0,0,0,0,0,3,1,0,1,13,24,0.54,0.351,24.9,20.1,6.75,6.23,1.08,0.432,0.528,0.96
2020,69646,양승철,KIA,HT,20,7.85,15,0,0,0,0,,28 2/3,41,4,24,3,13,26,25,2.27,0,0,0,0,144,559,0.36,9,0,1,2,0,3,0,1,0,0,2,0,0,10,33,29,1.14,0.374,37.3,19.5,4.08,7.53,0.54,0.476,0.544,1.02
2020,66663,서덕원,KIA,HT,21,8.53,11,0,0,0,0,,12 2/3,14,5,4,3,6,12,12,1.42,0,0,0,0,59,230,0.275,2,0,0,1,0,1,0,0,0,0,8,0,0,0,11,21,0.52,0.22,20.9,18.2,4.26,2.84,1.5,0.356,0.608,0.964
2020,68616,김승범,KIA,HT,22,9.0,1,0,0,0,0,,1,1,0,2,0,0,1,1,3.0,0,0,0,0,5,17,0.333,0,0,0,0,0,1,0,0,0,0,0,0,0,1,1,1,1.0,0.333,17.0,17.0,0.0,18.0,0.0,0.6,0.333,0.933
2020,63950,장현식,KIA,HT,23,10.76,37,4,4,0,6,0.5,41,64,8,22,3,26,52,49,2.1,0,0,0,2,207,821,0.37,14,2,2,7,0,11,0,3,0,4,5,10,0,4,42,48,0.88,0.384,22.2,20.0,5.71,4.83,1.18,0.434,0.613,1.047
2020,66630,김현준,KIA,HT,24,12.56,15,1,0,0,1,1.0,14 1/3,20,2,13,1,12,20,20,2.3,0,0,0,0,76,293,0.333,5,2,1,1,1,0,0,0,0,1,4,1,0,1,11,18,0.61,0.383,19.5,20.4,7.53,8.16,0.92,0.453,0.583,1.036
2020,67646,박진태,KIA,HT,25,13.02,12,0,0,0,0,,18 2/3,32,9,16,4,14,27,27,2.57,0,0,0,0,105,384,0.381,7,0,0,1,0,0,0,0,0,0,4,2,0,3,17,22,0.77,0.371,32.0,20.6,6.75,7.71,0.88,0.495,0.786,1.281
2020,64615,차명진,KIA,HT,26,135.0,1,0,0,0,0,,1/3,3,0,0,2,0,5,5,9.0,0,0,0,0,6,24,0.75,0,0,0,0,0,0,0,0,0,0,0,0,0,0,0,1,0.0,0.75,24.0,72.0,0.0,0.0,,0.833,0.75,1.583
2020,68207,배창현,두산,OB,1,0.0,1,0,0,0,0,,1/3,0,0,2,0,0,0,0,6.0,0,0,0,0,3,13,0.0,0,0,0,0,0,0,0,0,0,0,0,0,0,0,0,1,0.0,0.0,13.0,39.0,0.0,54.0,0.0,0.667,0.0,0.667
2020,62294,이태오,두산,OB,1,,1,0,0,0,0,,0,0,0,2,0,0,2,2,,0,0,0,0,2,9,,0,0,0,0,0,0,0,0,0,0,0,0,0,0,0,0,,0.0,9.0,,,,0.0,1.0,,1.0
2020,69045,알칸타라,두산,OB,3,2.54,31,20,2,0,0,0.909,198 2/3,174,12,30,9,182,58,56,1.03,1,0,27,0,795,3144,0.232,38,3,2,4,0,3,1,31,20,0,1,0,0,10,186,212,0.88,0.289,101.4,15.8,8.24,1.36,6.07,0.269,0.339,0.608
2020,67266,박치국,두산,OB,4,2.89,63,4,4,0,7,0.5,71 2/3,65,5,34,5,66,34,23,1.38,0,0,0,1,317,1230,0.238,12,2,3,2,4,1,0,0,0,4,9,13,0,8,81,63,1.29,0.294,19.5,17.2,8.29,4.27,1.94,0.331,0.352,0.683
2020,50298,최세창,두산,OB,5,3.0,3,0,0,0,0,,3,5,1,0,0,1,2,1,1.67,0,0,0,0,15,47,0.333,0,0,0,0,0,0,0,0,0,0,2,0,0,0,4,5,0.8,0.308,15.7,15.7,3.0,0.0,,0.333,0.533,0.866
2020,50234,플렉센,두산,OB,6,3.01,21,8,4,0,0,0.667,116 2/3,97,6,30,2,132,43,39,1.09,0,0,12,0,472,1953,0.226,14,0,6,4,2,5,0,21,8,0,0,0,0,7,96,109,0.88,0.307,93.0,16.7,10.18,2.31,4.4,0.277,0.3,0.577
2020,67246,김명신,두산,OB,7,3.52,16,0,1,0,0,0.0,15 1/3,20,3,4,3,11,6,6,1.57,0,0,0,0,72,269,0.317,4,0,2,0,0,0,0,0,0,0,4,0,0,2,19,13,1.46,0.347,16.8,17.5,6.46,2.35,2.75,0.386,0.524,0.91
2020,77263,김강률,두산,OB,8,3.54,30,2,2,0,0,0.5,28,36,1,20,4,28,22,11,2.0,0,0,0,0,141,552,0.31,6,2,0,1,0,0,0,0,0,2,10,2,0,2,30,23,1.3,0.398,18.4,19.7,9.0,6.43,1.4,0.426,0.422,0.848
2020,67263,최원준,두산,OB,9,3.8,42,10,2,0,0,0.833,123,134,15,35,7,94,52,52,1.37,0,0,4,0,532,2148,0.277,23,3,2,4,0,2,1,18,9,1,3,3,0,9,91,169,0.54,0.314,51.1,17.5,6.88,2.56,2.69,0.332,0.43,0.762
2020,63248,함덕주,두산,OB,10,3.9,36,5,1,10,2,0.833,55 1/3,55,2,21,0,55,25,24,1.37,0,0,1,3,240,972,0.255,7,0,0,3,2,7,0,6,2,3,19,16,0,3,52,57,0.91,0.327,27.0,17.6,8.95,3.42,2.62,0.317,0.315,0.632
2020,66291,이영하,두산,OB,11,4.64,42,5,11,6,0,0.313,132,148,9,66,5,85,78,68,1.62,0,0,7,2,605,2235,0.284,26,1,7,6,3,4,1,19,3,2,20,8,0,7,138,156,0.88,0.321,53.2,16.9,5.8,4.5,1.29,0.366,0.39,0.756
2020,62242,윤명준,두산,OB,12,4.83,42,1,0,2,7,1.0,41,51,4,13,1,20,24,22,1.56,0,0,0,0,185,651,0.315,6,1,4,5,1,1,0,0,0,1,13,8,0,3,44,52,0.85,0.329,15.5,15.9,4.39,2.85,1.54,0.359,0.438,0.797
2020,68200,김민규,두산,OB,13,4.89,29,1,2,1,0,0.333,53 1/3,47,3,22,3,54,30,29,1.29,0,0,0,1,231,998,0.23,14,0,2,0,2,1,0,4,1,0,8,3,0,1,37,66,0.56,0.299,34.4,18.7,9.11,3.71,2.45,0.314,0.343,0.657
2020,65241,채원후,두산,OB,14,4.91,37,1,0,0,2,1.0,33,34,3,24,5,34,18,18,1.76,0,0,0,0,158,654,0.266,3,1,1,0,1,11,0,0,0,1,9,5,0,3,27,33,0.82,0.341,17.7,19.8,9.27,6.55,1.42,0.401,0.375,0.776
2020,61643,홍건희,두산,OB,15,4.98,60,3,4,1,8,0.429,68 2/3,74,8,22,5,60,39,38,1.4,0,0,0,3,299,1210,0.276,14,3,3,1,0,3,0,0,0,3,20,13,0,9,61,74,0.82,0.328,20.2,17.6,7.86,2.88,2.73,0.341,0.44,0.781
2020,79229,유희관,두산,OB,16,5.02,27,10,11,0,0,0.476,136 1/3,190,14,39,3,56,91,76,1.68,0,0,9,0,622,2373,0.335,37,5,8,4,4,1,0,27,10,0,0,0,0,16,149,177,0.84,0.351,87.9,17.4,3.7,2.57,1.44,0.378,0.491,0.869
2020,50203,권휘,두산,OB,17,5.27,14,0,1,0,1,0.0,13 2/3,16,1,6,2,10,8,8,1.61,0,0,0,0,63,215,0.291,2,0,0,0,0,2,0,0,0,0,6,2,0,3,15,14,1.07,0.341,15.4,15.7,6.59,3.95,1.67,0.381,0.382,0.763
2020,76329,이현승,두산,OB,18,5.31,62,2,1,2,10,0.667,42 1/3,48,2,21,2,42,27,25,1.63,0,0,0,2,195,783,0.286,9,2,3,1,0,3,1,0,0,2,6,13,0,3,30,49,0.61,0.368,12.6,18.5,8.93,4.46,2.0,0.37,0.399,0.769
2020,63292,박소준,두산,OB,19,5.54,8,1,2,0,0,0.333,26,30,3,14,0,20,16,16,1.69,0,0,1,0,117,477,0.294,6,0,0,1,0,1,0,5,1,0,0,0,0,4,27,26,1.04,0.338,59.6,18.3,6.92,4.85,1.43,0.376,0.441,0.817
2020,64805,이승진,두산,OB,20,5.61,33,2,4,0,5,0.333,51 1/3,55,3,22,2,54,33,32,1.5,0,0,1,1,228,989,0.275,12,2,2,2,1,0,0,5,0,2,2,6,0,6,44,49,0.9,0.359,30.0,19.3,9.47,3.86,2.45,0.35,0.4,0.75
2020,62951,이형범,두산,OB,21,7.71,27,1,2,1,1,0.333,25 2/3,30,5,16,2,13,22,22,1.79,0,0,0,2,122,444,0.291,6,0,1,0,2,1,0,0,0,1,8,4,0,2,27,33,0.82,0.294,16.4,17.3,4.56,5.61,0.81,0.397,0.495,0.892
2020,50262,이주엽,두산,OB,22,8.1,4,0,0,0,0,,3 1/3,3,0,7,0,2,3,3,3.0,0,0,0,0,19,80,0.273,1,0,0,1,0,1,0,0,0,0,2,0,0,1,3,4,0.75,0.3,20.0,24.0,5.4,18.9,0.29,0.526,0.364,0.89
2020,77211,이용찬,두산,OB,23,8.44,5,1,3,0,0,0.25,26 2/3,41,7,6,0,15,25,25,1.76,0,0,1,0,125,467,0.353,8,0,3,0,0,1,0,5,1,0,0,0,0,1,30,30,1.0,0.362,93.4,17.5,5.06,2.03,2.5,0.385,0.603,0.988
2020,72447,권혁,두산,OB,24,9.39,15,2,2,0,2,0.5,7 2/3,11,0,4,0,7,9,8,1.96,0,0,0,0,38,153,0.324,1,1,0,0,0,1,0,0,0,2,1,3,0,2,10,6,1.67,0.407,10.2,20.0,8.22,4.7,1.75,0.395,0.412,0.807
2020,67259,문원,두산,OB,25,9.53,4,0,0,0,0,,5 2/3,12,2,2,0,0,9,6,2.47,0,0,0,0,30,112,0.444,3,0,0,1,0,0,0,0,0,0,2,0,0,1,9,7,1.29,0.385,28.0,19.8,0.0,3.18,0.0,0.467,0.778,1.245
2020,69205,이교훈,두산,OB,26,10.38,5,0,0,0,0,,4 1/3,6,1,4,0,3,6,5,2.31,0,0,0,0,24,88,0.316,2,0,0,1,0,1,0,0,0,0,1,0,0,0,4,7,0.57,0.313,17.6,20.3,6.23,8.31,0.75,0.417,0.579,0.996
2020,50296,조제영,두산,OB,27,10.5,4,0,1,0,0,0.0,6,6,1,7,1,6,7,7,2.17,0,0,0,0,31,136,0.261,1,0,0,0,0,1,0,1,0,0,3,0,0,0,4,7,0.57,0.313,34.0,22.7,9.0,10.5,0.86,0.452,0.435,0.887
2020,74513,장원준,두산,OB,28,12.71,2,0,1,0,0,0.0,5 2/3,9,1,6,0,2,8,8,2.65,0,0,0,0,30,126,0.375,2,0,0,0,0,0,0,2,0,0,0,0,0,2,6,7,0.86,0.381,63.0,22.2,3.18,9.53,0.33,0.5,0.583,1.083
2020,68249,박신지,두산,OB,29,18.0,2,0,0,0,0,,3,9,0,1,0,3,6,6,3.33,0,0,0,0,18,67,0.529,3,1,0,0,0,1,0,0,0,0,2,0,0,0,0,5,0.0,0.643,33.5,22.3,9.0,3.0,3.0,0.556,0.824,1.38
2020,65509,차재용,키움,WO,1,0.0,1,0,0,0,0,,1,0,0,0,0,0,0,0,0.0,0,0,0,0,3,18,0.0,0,0,0,0,0,0,0,0,0,0,1,0,0,0,1,2,0.5,0.0,18.0,18.0,0.0,0.0,,0.0,0.0,0.0
2020,66018,김선기,키움,WO,2,2.05,25,0,0,0,3,,22,17,1,8,4,11,8,5,1.14,0,0,0,0,92,346,0.218,3,0,1,1,0,4,0,0,0,0,2,2,0,3,25,26,0.96,0.239,13.8,15.7,4.5,3.27,1.38,0.319,0.295,0.614
2020,69343,요키시,키움,WO,3,2.14,27,12,7,0,0,0.632,159 2/3,144,6,25,6,115,53,38,1.06,0,0,20,0,640,2417,0.237,26,3,2,0,0,3,1,27,12,0,0,0,0,16,219,129,1.7,0.284,89.5,15.1,6.48,1.41,4.6,0.274,0.32,0.594
2020,63342,조상우,키움,WO,4,2.15,53,5,3,33,0,0.625,54 1/3,50,3,18,2,64,15,13,1.25,0,0,0,3,232,955,0.238,5,0,2,0,2,1,0,0,0,5,46,36,0,1,36,60,0.6,0.329,18.0,17.6,10.6,2.98,3.56,0.304,0.305,0.609
2020,68341,안우진,키움,WO,5,3.0,42,2,3,2,13,0.4,36,20,3,17,0,41,12,12,1.03,0,0,0,5,143,579,0.16,2,0,0,1,1,2,0,0,0,2,4,22,0,1,31,34,0.91,0.207,13.8,16.1,10.25,4.25,2.41,0.259,0.248,0.507
2020,61268,양현,키움,WO,6,3.3,58,8,3,2,11,0.727,60,58,4,17,3,33,23,22,1.25,0,0,0,2,245,889,0.265,9,1,1,5,0,1,0,1,0,8,8,13,0,10,73,60,1.22,0.289,15.3,14.8,4.95,2.55,1.94,0.32,0.37,0.69
2020,67313,브리검,키움,WO,7,3.62,21,9,5,0,0,0.643,107,98,6,42,5,105,45,43,1.31,0,0,7,0,456,1843,0.246,7,2,5,6,1,8,0,21,9,0,0,0,0,7,115,86,1.34,0.314,87.8,17.2,8.83,3.53,2.5,0.322,0.319,0.641
2020,67365,양지율,키움,WO,8,3.86,24,0,1,0,1,0.0,23 1/3,24,3,10,1,12,10,10,1.46,0,0,0,0,99,383,0.282,3,0,3,0,1,2,0,0,0,0,2,2,0,3,21,28,0.75,0.3,16.0,16.4,4.63,3.86,1.2,0.365,0.424,0.789
2020,60336,문성현,키움,WO,9,4.2,10,1,1,0,0,0.5,15,13,1,11,0,13,7,7,1.6,0,0,0,0,63,273,0.25,1,0,0,0,0,0,0,2,0,1,3,0,0,4,9,17,0.53,0.316,27.3,18.2,7.8,6.6,1.18,0.381,0.327,0.708
2020,62360,김태훈,키움,WO,10,4.22,53,7,0,0,10,1.0,64,70,1,22,5,40,34,30,1.44,0,0,0,2,281,1039,0.282,14,1,4,2,1,3,0,2,0,7,2,10,0,6,80,60,1.33,0.33,19.6,16.2,5.63,3.09,1.82,0.35,0.359,0.709
2020,69328,박주성,키움,WO,11,4.5,3,0,0,0,0,,2,2,0,3,0,1,1,1,2.5,0,0,0,0,11,37,0.25,0,0,0,0,0,0,0,0,0,0,1,0,0,0,2,3,0.67,0.286,12.3,18.5,4.5,13.5,0.33,0.455,0.25,0.705
2020,65398,임규빈,키움,WO,12,4.54,33,2,0,0,2,1.0,37 2/3,46,11,10,2,20,20,19,1.49,0,0,0,0,162,603,0.315,7,0,1,3,0,2,0,0,0,2,8,1,0,7,37,46,0.8,0.297,18.3,16.0,4.78,2.39,2.0,0.36,0.589,0.949
2020,67391,김재웅,키움,WO,13,4.68,43,1,4,0,2,0.2,59 2/3,64,7,23,2,51,36,31,1.46,0,0,0,0,258,1040,0.279,18,0,3,1,1,4,0,7,0,1,4,7,0,6,58,57,1.02,0.331,24.2,17.4,7.69,3.47,2.22,0.349,0.45,0.799
2020,64051,이영준,키움,WO,14,4.73,52,2,3,0,25,0.4,40,41,5,19,2,32,21,21,1.5,0,0,0,1,176,695,0.268,3,0,0,2,0,3,1,0,0,2,1,32,0,6,47,35,1.34,0.305,13.4,17.4,7.2,4.28,1.68,0.352,0.386,0.738
2020,76430,김태혁,키움,WO,15,4.73,60,3,3,5,11,0.5,51 1/3,52,3,21,3,48,33,27,1.42,0,0,0,3,226,906,0.265,12,0,3,2,1,1,0,0,0,3,8,20,2,4,41,57,0.72,0.333,15.1,17.6,8.42,3.68,2.29,0.342,0.372,0.714
2020,62363,한현희,키움,WO,16,4.98,25,7,9,0,0,0.438,135 2/3,141,10,37,14,109,77,75,1.31,0,0,9,0,587,2245,0.266,20,1,5,0,2,3,2,25,7,0,0,0,0,10,140,141,0.99,0.318,89.8,16.5,7.23,2.45,2.95,0.33,0.363,0.693
2020,65320,최원태,키움,WO,17,5.07,21,7,6,0,0,0.538,110,115,16,37,7,67,68,62,1.38,0,0,9,0,478,1734,0.269,16,1,4,2,2,6,0,21,7,0,0,0,0,11,142,106,1.34,0.285,82.6,15.8,5.48,3.03,1.81,0.335,0.423,0.758
2020,67603,이승호,키움,WO,18,5.08,24,6,6,0,0,0.5,118 2/3,132,15,40,5,73,71,67,1.45,0,0,8,0,517,1941,0.284,20,1,4,4,0,3,1,23,5,1,0,0,0,11,137,126,1.09,0.308,80.9,16.4,5.54,3.03,1.83,0.345,0.429,0.774
2020,50360,김동혁,키움,WO,19,5.19,8,0,1,0,0,0.0,8 2/3,8,1,1,1,6,5,5,1.04,0,0,0,0,36,150,0.235,1,1,0,0,0,1,0,0,0,0,5,0,0,1,11,9,1.22,0.259,18.8,17.3,6.23,1.04,6.0,0.278,0.412,0.69
2020,69360,조영건,키움,WO,20,5.28,20,3,3,0,0,0.5,44 1/3,47,8,27,4,23,30,26,1.67,0,0,0,0,207,800,0.269,7,1,1,0,1,0,1,10,3,0,6,0,0,4,42,63,0.67,0.271,40.0,18.0,4.67,5.48,0.85,0.379,0.457,0.836
2020,74359,오주원,키움,WO,21,5.4,25,3,1,0,2,0.75,18 1/3,22,6,0,0,13,12,11,1.2,0,0,0,1,78,277,0.297,2,0,3,1,0,0,1,0,0,3,6,4,0,1,23,17,1.35,0.286,11.1,15.1,6.38,0.0,,0.293,0.568,0.861
2020,63348,조성운,키움,WO,21,5.4,42,1,1,0,1,0.5,45,48,6,19,2,29,30,27,1.49,0,0,0,0,201,789,0.277,11,1,3,4,1,2,0,0,0,1,16,1,0,3,35,65,0.54,0.296,18.8,17.5,5.8,3.8,1.53,0.348,0.457,0.805
2020,67828,김성민,키움,WO,23,6.46,25,1,0,0,0,1.0,23 2/3,28,3,12,3,21,19,17,1.69,0,0,0,0,112,423,0.304,6,0,3,2,2,1,0,0,0,1,7,2,0,1,26,19,1.37,0.357,16.9,17.9,7.99,4.56,1.75,0.394,0.467,0.861
2020,69399,윤정현,키움,WO,24,8.89,15,0,1,0,0,0.0,27 1/3,54,3,10,2,11,32,27,2.34,0,0,0,0,146,498,0.409,6,1,0,2,0,1,0,4,0,0,8,0,0,4,40,29,1.38,0.425,33.2,18.2,3.62,3.29,1.1,0.452,0.538,0.99
2020,60264,정대현,키움,WO,25,10.13,1,0,0,0,0,,2 2/3,5,1,0,0,3,3,3,1.88,0,0,0,0,13,61,0.385,1,0,0,0,0,0,0,1,0,0,0,0,0,0,4,1,4.0,0.444,61.0,22.9,10.13,0.0,,0.385,0.692,1.077
2020,61962,김정후,키움,WO,26,12.0,4,0,0,0,0,,3,7,1,4,0,3,4,4,3.67,0,0,0,0,20,95,0.467,0,0,0,1,0,0,0,0,0,0,0,0,0,0,2,4,0.5,0.5,23.8,31.7,9.0,12.0,0.75,0.55,0.667,1.217
2020,62937,신재영,키움,WO,27,12.6,7,0,0,0,0,,5,13,2,4,0,1,8,7,3.4,0,0,0,0,34,121,0.448,4,1,1,0,0,0,0,0,0,0,2,1,0,0,6,9,0.67,0.423,17.3,24.2,1.8,7.2,0.25,0.515,0.862,1.377
2020,66305,박승주,키움,WO,28,19.64,5,0,1,0,0,0.0,3 2/3,10,0,5,0,3,8,8,4.09,0,0,0,1,25,122,0.5,1,0,0,0,0,0,0,0,0,0,3,1,0,1,5,2,2.5,0.588,24.4,33.3,7.36,12.27,0.6,0.6,0.55,1.15
2020,50397,박관진,키움,WO,29,27.0,1,0,1,0,0,0.0,1/3,1,0,1,0,1,1,1,6.0,0,0,0,0,3,22,0.5,0,0,0,0,0,0,0,0,0,0,1,0,0,0,0,0,,1.0,22.0,66.0,27.0,27.0,1.0,0.667,0.5,1.167
2020,65392,김정인,키움,WO,30,54.0,2,0,0,0,0,,1,6,0,3,0,1,6,6,9.0,0,0,0,0,12,48,0.75,3,0,1,0,0,0,0,0,0,0,0,0,0,0,1,0,,0.857,24.0,48.0,9.0,27.0,0.33,0.818,1.125,1.943
2021,60181,김지용,LG,LG,1,0.0,3,0,0,0,0,,4,2,0,1,1,5,0,0,0.75,0,0,0,0,16,67,0.143,2,0,0,0,0,0,0,0,0,0,2,1,0,0,2,5,0.4,0.222,22.3,16.8,11.25,2.25,5.0,0.25,0.286,0.536
2021,60337,김대유,LG,LG,2,2.13,64,4,1,0,24,0.8,50 2/3,32,2,15,9,56,13,12,0.93,0,0,0,2,209,840,0.177,1,0,2,2,0,2,0,0,0,4,3,25,0,2,44,51,0.86,0.24,13.1,16.6,9.95,2.66,3.73,0.271,0.215,0.486
2021,65109,백승현,LG,LG,3,2.16,16,0,0,0,1,,16 2/3,13,0,4,2,10,4,4,1.02,0,0,0,0,66,262,0.22,2,0,1,0,0,0,0,0,0,0,3,1,0,1,18,18,1.0,0.265,16.4,15.7,5.4,2.16,2.5,0.292,0.254,0.546
2021,67119,고우석,LG,LG,4,2.17,63,1,5,30,0,0.167,58,47,3,23,3,68,15,14,1.21,0,0,0,7,240,922,0.224,10,1,4,0,5,1,0,0,0,1,61,37,0,6,53,42,1.26,0.317,14.6,15.9,10.55,3.57,2.96,0.309,0.324,0.633
2021,51136,수아레즈,LG,LG,5,2.18,23,10,2,0,0,0.833,115 1/3,91,4,41,4,126,33,28,1.14,0,0,10,0,473,1904,0.215,16,2,2,3,0,2,0,22,9,1,0,0,0,8,102,107,0.95,0.294,82.8,16.5,9.83,3.2,3.07,0.289,0.291,0.58
2021,69159,정우영,LG,LG,6,2.22,70,7,3,2,27,0.7,65,43,0,26,8,41,16,16,1.06,0,0,0,3,263,1004,0.191,9,0,2,2,1,2,0,0,0,7,6,34,0,9,120,23,5.22,0.231,14.3,15.4,5.68,3.6,1.58,0.295,0.231,0.526
2021,62146,최성훈,LG,LG,7,2.43,46,1,1,0,3,0.5,40 2/3,40,2,19,1,33,14,11,1.45,0,0,0,0,179,666,0.255,7,1,1,1,1,0,0,0,0,1,11,5,0,6,56,29,1.93,0.309,14.5,16.4,7.3,4.2,1.74,0.337,0.35,0.687
2021,76650,진해수,LG,LG,8,2.44,50,1,0,0,5,1.0,44 1/3,41,2,18,3,39,17,12,1.33,0,0,0,1,188,744,0.25,4,0,0,3,1,1,0,0,0,1,9,7,0,3,52,35,1.49,0.31,14.9,16.8,7.92,3.65,2.17,0.33,0.311,0.641
2021,69134,이정용,LG,LG,9,2.97,66,3,3,0,15,0.5,69 2/3,55,4,23,1,74,25,23,1.12,0,0,0,0,284,1132,0.214,13,2,2,1,1,0,0,0,0,3,5,13,0,4,62,67,0.93,0.283,17.2,16.2,9.56,2.97,3.22,0.28,0.327,0.607
2021,65241,채원후,LG,LG,10,3.12,14,0,0,0,0,,17 1/3,15,0,20,0,18,8,6,2.02,0,0,0,0,87,340,0.227,5,0,0,1,0,2,2,0,0,0,7,0,0,2,15,19,0.79,0.306,24.3,19.6,9.35,10.38,0.9,0.402,0.303,0.705
2021,69113,임준형,LG,LG,11,3.13,6,1,0,0,0,1.0,23,24,0,4,3,21,8,8,1.22,0,0,1,0,94,367,0.276,5,0,0,0,0,1,0,4,1,0,1,0,0,4,22,20,1.1,0.364,61.2,16.0,8.22,1.57,5.25,0.33,0.333,0.663
2021,69103,켈리,LG,LG,12,3.15,30,13,8,0,0,0.619,177,160,12,60,11,142,64,62,1.24,0,0,17,0,744,2902,0.241,25,0,4,5,3,7,1,30,13,0,0,0,0,15,197,170,1.16,0.287,96.7,16.4,7.22,3.05,2.37,0.312,0.333,0.645
2021,72523,고효준,LG,LG,13,3.86,3,0,0,0,0,,2 1/3,3,0,0,0,1,1,1,1.29,0,0,0,0,10,45,0.333,0,1,0,1,0,0,0,0,0,0,0,0,0,0,0,6,0.0,0.333,15.0,19.3,3.86,0.0,,0.3,0.556,0.856
2021,51154,김진수,LG,LG,13,3.86,3,0,0,0,0,,2 1/3,2,0,0,0,2,1,1,0.86,0,0,0,0,9,34,0.222,1,0,0,0,0,0,0,0,0,0,2,0,0,0,0,5,0.0,0.286,11.3,14.6,7.71,0.0,,0.222,0.333,0.555
2021,61101,임찬규,LG,LG,15,3.87,17,1,8,0,0,0.111,90 2/3,76,7,41,3,67,45,39,1.29,0,0,7,0,387,1446,0.226,9,3,6,1,1,5,0,17,1,0,0,0,0,5,89,105,0.85,0.262,85.1,15.9,6.65,4.07,1.63,0.315,0.333,0.648
2021,73801,송은범,LG,LG,16,4.1,35,2,2,0,4,0.5,37 1/3,34,1,13,2,19,18,17,1.26,0,0,0,0,155,590,0.25,7,0,0,4,1,4,0,0,0,2,2,8,0,4,56,31,1.81,0.275,16.9,15.8,4.58,3.13,1.46,0.316,0.324,0.64
2021,63145,배재준,LG,LG,17,4.13,15,2,2,0,0,0.5,32 2/3,42,1,13,3,23,17,15,1.68,0,0,1,0,151,610,0.313,10,0,0,1,0,1,0,6,1,1,4,0,0,4,40,30,1.33,0.369,40.7,18.7,6.34,3.58,1.77,0.384,0.41,0.794
2021,63248,함덕주,LG,LG,18,4.29,16,1,2,0,1,0.333,21,20,2,13,3,18,11,10,1.57,0,0,0,0,98,391,0.25,2,1,1,1,1,2,0,3,0,1,3,4,0,3,24,19,1.26,0.295,24.4,18.6,7.71,5.57,1.38,0.371,0.375,0.746
2021,50126,이민호,LG,LG,19,4.3,25,8,9,0,0,0.471,115,89,13,45,14,100,58,55,1.17,0,0,7,0,477,1991,0.22,17,0,11,3,1,6,0,22,8,0,0,0,0,12,102,116,0.88,0.259,79.6,17.3,7.83,3.52,2.22,0.318,0.359,0.677
2021,69168,이상영,LG,LG,20,4.32,21,1,1,0,0,0.5,50,48,7,32,8,30,28,24,1.6,0,0,0,0,228,924,0.259,8,0,2,1,0,3,0,9,0,1,8,0,0,10,58,50,1.16,0.275,44.0,18.5,5.4,5.76,0.94,0.389,0.416,0.805
2021,50157,김윤식,LG,LG,21,4.46,35,7,4,0,1,0.636,66 2/3,65,3,36,6,56,37,33,1.52,0,0,0,1,301,1167,0.258,9,2,5,2,2,0,2,3,0,7,0,4,0,8,73,60,1.22,0.318,33.3,17.5,7.56,4.86,1.56,0.361,0.345,0.706
2021,76455,차우찬,LG,LG,22,5.24,5,2,1,0,0,0.667,22 1/3,16,2,13,3,12,14,13,1.3,0,0,1,0,99,379,0.198,3,0,0,2,0,0,0,5,2,0,0,0,0,1,21,34,0.62,0.203,75.8,17.0,4.84,5.24,0.92,0.323,0.309,0.632
2021,61145,이우찬,LG,LG,23,5.56,15,0,1,0,0,0.0,34,36,3,25,1,27,25,21,1.79,0,0,0,0,161,648,0.271,3,1,0,2,0,0,0,5,0,0,2,0,0,5,43,29,1.48,0.314,43.2,19.1,7.15,6.62,1.08,0.385,0.376,0.761
2021,63103,류원석,LG,LG,24,6.0,6,0,0,0,0,,6,1,0,9,1,8,4,4,1.67,0,0,0,0,28,128,0.056,1,0,0,0,0,0,0,0,0,0,1,0,0,2,4,5,0.8,0.1,21.3,21.3,12.0,13.5,0.89,0.393,0.111,0.504
2021,67116,오석주,LG,LG,25,6.48,9,0,0,0,0,,8 1/3,9,0,6,0,7,6,6,1.8,0,0,0,0,38,153,0.281,1,0,0,0,0,0,0,0,0,0,5,0,0,0,6,10,0.6,0.36,17.0,18.4,7.56,6.48,1.17,0.395,0.313,0.708
2021,67143,손주영,LG,LG,26,8.44,7,1,3,0,0,0.25,26 2/3,31,4,20,1,21,25,25,1.91,0,0,1,0,127,515,0.307,7,2,0,5,0,1,0,6,1,0,1,0,0,3,29,25,1.16,0.333,73.6,19.3,7.09,6.75,1.05,0.409,0.535,0.944
2021,65117,이상규,LG,LG,27,9.0,7,0,0,0,0,,6,8,1,2,1,4,6,6,1.67,0,0,0,0,29,110,0.308,2,0,0,0,0,0,0,0,0,0,4,0,0,1,10,4,2.5,0.333,15.7,18.3,6.0,3.0,2.0,0.379,0.5,0.879
2021,79140,최동환,LG,LG,28,9.53,8,0,0,0,0,,5 2/3,6,0,4,2,2,6,6,1.76,0,0,0,0,28,115,0.273,1,0,0,0,0,0,0,0,0,0,1,1,0,0,3,11,0.27,0.3,14.4,20.3,3.18,6.35,0.5,0.429,0.318,0.747
2021,66145,김대현,LG,LG,29,12.27,4,0,0,0,0,,3 2/3,7,2,3,1,4,8,5,2.73,0,0,0,0,23,80,0.368,4,0,0,0,0,0,0,0,0,0,2,0,0,0,3,5,0.6,0.385,20.0,21.8,9.82,7.36,1.33,0.478,0.895,1.373
2021,67164,이찬혁,LG,LG,30,18.0,1,0,0,0,0,,1,1,0,2,0,2,2,2,3.0,0,0,0,0,6,31,0.333,1,0,0,1,0,1,0,0,0,0,1,0,0,0,0,1,0.0,0.5,31.0,31.0,18.0,18.0,1.0,0.5,0.667,1.167
2021,67122,김태형,LG,LG,31,27.0,2,0,0,0,0,,1,0,0,2,1,1,3,3,2.0,0,0,0,0,6,27,0.0,0,0,1,0,0,0,0,0,0,0,0,0,0,0,1,0,,0.0,13.5,27.0,9.0,18.0,0.5,0.6,0.0,0.6
2021,64554,문동욱,한화,HH,1,0.0,1,0,0,0,0,,1 1/3,1,0,1,0,2,0,0,1.5,0,0,0,0,6,24,0.2,0,0,0,0,0,0,0,0,0,0,0,0,0,0,1,1,1.0,0.333,24.0,18.0,13.5,6.75,2.0,0.333,0.2,0.533
2021,50758,신지후,한화,HH,1,0.0,2,0,0,0,0,,1/3,0,0,1,0,0,2,0,3.0,0,0,0,0,3,14,0.0,0,0,0,0,0,0,0,0,0,0,0,0,0,0,1,1,1.0,0.0,7.0,42.0,0.0,27.0,0.0,0.333,0.0,0.333
2021,61208,정진호,한화,HH,1,0.0,3,0,0,0,0,,1 2/3,1,0,1,0,0,0,0,1.2,0,0,0,0,6,23,0.2,0,0,0,0,0,0,0,0,0,0,3,0,0,1,2,2,1.0,0.2,7.7,13.8,0.0,5.4,0.0,0.333,0.2,0.533
2021,50705,강재민,한화,HH,4,2.13,58,2,1,5,13,0.667,63 1/3,51,2,26,5,55,16,15,1.22,0,0,0,6,269,1159,0.22,13,0,3,3,3,1,1,0,0,2,18,25,1,4,48,81,0.59,0.275,20.0,18.3,7.82,3.69,2.12,0.308,0.302,0.61
2021,79764,장민재,한화,HH,5,2.76,12,0,2,0,0,0.0,29 1/3,34,4,8,0,13,17,9,1.43,0,0,1,0,128,453,0.288,7,0,2,0,1,1,0,6,0,0,3,0,0,3,39,32,1.22,0.297,37.8,15.4,3.99,2.45,1.63,0.333,0.449,0.782
2021,50815,킹험,한화,HH,6,3.19,25,10,8,0,0,0.556,144,117,11,41,5,131,58,51,1.1,0,0,15,0,591,2356,0.219,22,0,5,5,1,4,2,25,10,0,0,0,0,5,151,141,1.07,0.266,94.2,16.4,8.19,2.56,3.2,0.278,0.321,0.599
2021,61156,송윤준,한화,HH,7,3.55,17,0,0,0,2,,12 2/3,12,1,6,2,8,5,5,1.42,0,0,0,0,55,217,0.255,2,0,0,0,1,0,0,0,0,0,3,1,0,3,10,17,0.59,0.289,12.8,17.1,5.68,4.26,1.33,0.364,0.362,0.726
2021,65707,주현상,한화,HH,8,3.58,43,2,2,0,4,0.5,50 1/3,46,6,21,1,33,21,20,1.33,0,0,0,0,218,925,0.241,6,3,3,2,2,6,0,0,0,2,6,5,0,3,39,75,0.52,0.26,21.5,18.4,5.9,3.75,1.57,0.316,0.398,0.714
2021,67737,김진영,한화,HH,9,3.93,20,0,1,0,1,0.0,18 1/3,16,2,14,0,8,8,8,1.64,0,0,0,0,81,309,0.242,3,0,0,1,2,1,0,0,0,0,3,2,0,2,22,21,1.05,0.246,15.5,16.9,3.93,6.87,0.57,0.37,0.379,0.749
2021,63464,윤대경,한화,HH,10,3.94,43,2,5,0,7,0.286,77 2/3,73,8,34,6,54,35,34,1.38,0,0,0,0,337,1291,0.247,13,0,2,0,2,3,0,9,1,1,2,4,0,5,72,96,0.75,0.279,30.0,16.6,6.26,3.94,1.59,0.337,0.373,0.71
2021,51722,카펜터,한화,HH,11,3.97,31,5,12,0,0,0.294,170,150,16,72,19,179,90,75,1.31,0,0,12,0,746,2999,0.234,21,3,8,5,0,7,1,30,5,0,0,0,0,10,163,155,1.05,0.296,96.7,17.6,9.48,3.81,2.49,0.327,0.35,0.677
2021,65764,김민우,한화,HH,12,4.0,29,14,10,0,0,0.583,155 1/3,131,15,76,7,125,71,69,1.33,0,0,11,0,662,2666,0.23,23,1,4,6,1,5,1,28,13,1,0,0,0,14,169,150,1.13,0.267,91.9,17.2,7.24,4.4,1.64,0.325,0.353,0.678
2021,51761,배동현,한화,HH,13,4.5,20,1,3,0,0,0.25,38,34,3,25,4,26,21,19,1.55,0,0,0,0,177,731,0.234,9,1,0,3,0,1,2,4,0,1,2,1,0,0,34,54,0.63,0.261,36.6,19.2,6.16,5.92,1.04,0.356,0.372,0.728
2021,63961,윤호솔,한화,HH,14,4.62,55,3,0,0,8,1.0,48 2/3,41,7,30,3,42,29,25,1.46,0,0,0,0,214,841,0.233,13,2,1,4,1,3,0,0,0,3,13,6,0,5,35,62,0.56,0.26,15.3,17.3,7.77,5.55,1.4,0.347,0.449,0.796
2021,51715,김기중,한화,HH,15,4.7,15,2,4,0,0,0.333,53 2/3,63,4,36,4,36,32,28,1.84,0,0,1,0,260,1040,0.294,10,1,2,4,2,0,2,12,2,0,0,0,0,3,41,78,0.53,0.331,69.3,19.4,6.04,6.04,1.0,0.399,0.407,0.806
2021,63765,김종수,한화,HH,16,4.82,49,1,1,0,6,0.5,46 2/3,34,7,32,3,38,29,25,1.41,0,0,0,0,208,925,0.202,10,0,1,4,0,2,0,0,0,1,11,5,0,1,40,60,0.67,0.213,18.9,19.8,7.33,6.17,1.19,0.333,0.387,0.72
2021,79440,정인욱,한화,HH,16,4.82,8,0,0,0,0,,9 1/3,6,2,10,0,6,6,5,1.71,0,0,0,0,44,212,0.176,1,0,0,0,0,0,0,1,0,0,2,0,0,1,11,11,1.0,0.154,26.5,22.7,5.79,9.64,0.6,0.364,0.382,0.746
2021,65769,김범수,한화,HH,18,5.22,56,4,9,1,9,0.308,70 2/3,68,2,42,2,70,44,41,1.56,0,0,0,5,319,1337,0.253,11,2,2,4,1,8,1,2,0,4,3,14,1,6,63,72,0.88,0.328,23.9,18.9,8.92,5.35,1.67,0.353,0.331,0.684
2021,69703,오동욱,한화,HH,19,5.4,34,0,1,0,2,0.0,25,21,3,16,5,13,17,15,1.48,0,0,0,0,117,455,0.221,9,0,0,1,0,0,0,0,0,0,13,2,0,1,23,39,0.59,0.225,13.4,18.2,4.68,5.76,0.81,0.359,0.411,0.77
2021,64760,황영국,한화,HH,20,5.52,18,0,2,0,2,0.0,14 2/3,16,0,10,1,15,10,9,1.77,0,0,0,2,71,280,0.281,1,0,0,3,0,2,0,0,0,0,4,3,0,0,13,16,0.81,0.356,15.6,19.1,9.2,6.14,1.5,0.38,0.298,0.678
2021,74857,정우람,한화,HH,21,5.64,50,1,4,15,1,0.2,44 2/3,47,5,20,5,32,29,28,1.5,0,0,0,5,199,817,0.28,5,0,4,2,2,0,0,0,0,1,37,22,1,4,33,58,0.57,0.316,16.3,18.3,6.45,4.03,1.6,0.369,0.399,0.768
2021,67711,김기탁,한화,HH,22,5.84,19,0,0,0,4,,12 1/3,14,0,7,1,12,10,8,1.7,0,0,0,1,58,226,0.298,4,1,0,3,0,0,0,0,0,0,4,5,0,2,10,14,0.71,0.368,11.9,18.3,8.76,5.11,1.71,0.379,0.426,0.805
2021,69213,윤산흠,한화,HH,23,6.0,5,0,0,0,0,,3,7,0,2,2,2,2,2,3.0,0,0,0,0,19,75,0.467,0,0,0,0,0,0,0,0,0,0,1,0,0,1,4,2,2.0,0.538,15.0,25.0,6.0,6.0,1.0,0.579,0.467,1.046
2021,77318,장시환,한화,HH,24,7.04,19,0,11,0,1,0.0,69,87,4,48,6,47,62,54,1.96,1,0,1,0,342,1329,0.306,12,1,1,3,2,7,0,16,0,0,2,0,0,4,81,72,1.13,0.352,69.9,19.3,6.13,6.26,0.98,0.413,0.398,0.811
2021,50720,남지민,한화,HH,25,7.36,3,0,1,0,0,0.0,7 1/3,9,1,7,3,3,6,6,2.18,0,0,0,0,41,154,0.29,2,0,0,0,0,0,0,3,0,0,0,0,0,0,7,12,0.58,0.296,51.3,21.0,3.68,8.59,0.43,0.463,0.452,0.915
2021,69745,김도현,한화,HH,26,7.62,14,0,1,0,0,0.0,26,32,2,22,4,13,22,22,2.08,0,0,0,0,132,526,0.308,5,0,1,1,0,1,0,5,0,0,2,0,0,2,20,40,0.5,0.333,37.6,20.2,4.5,7.62,0.59,0.443,0.413,0.856
2021,63749,이충호,한화,HH,27,7.71,17,1,0,0,0,1.0,16 1/3,20,1,13,3,11,17,14,2.02,0,0,0,0,85,332,0.294,2,2,1,0,0,0,0,0,0,1,3,2,0,2,22,15,1.47,0.339,19.5,20.3,6.06,7.16,0.85,0.429,0.426,0.855
2021,60140,신정락,한화,HH,28,8.55,20,0,2,0,2,0.0,20,25,3,15,3,14,24,19,2.0,0,0,0,0,102,384,0.333,6,1,4,5,2,0,0,0,0,0,4,1,0,1,14,27,0.52,0.349,19.2,19.2,6.3,6.75,0.93,0.439,0.56,0.999
2021,50706,장웅정,한화,HH,29,9.82,4,0,0,0,0,,7 1/3,15,4,2,0,4,8,8,2.32,0,0,0,0,38,136,0.417,4,0,0,0,0,1,0,0,0,0,2,0,0,0,6,11,0.55,0.393,34.0,18.5,4.91,2.45,2.0,0.447,0.861,1.308
2021,64759,서균,한화,HH,30,10.8,3,0,0,0,0,,1 2/3,2,0,0,2,0,2,2,1.2,0,0,0,0,10,37,0.333,0,0,1,1,0,0,0,0,0,0,0,0,0,0,2,3,0.67,0.286,12.3,22.2,0.0,0.0,,0.444,0.333,0.777
2021,62611,임준섭,한화,HH,31,10.97,13,0,0,0,0,,10 2/3,19,1,8,4,11,18,13,2.53,0,0,0,0,64,268,0.373,5,0,0,1,0,1,1,0,0,0,2,0,0,2,15,7,2.14,0.45,20.6,25.1,9.28,6.75,1.38,0.484,0.529,1.013
2021,68703,박성웅,한화,HH,32,12.0,2,1,1,0,0,0.5,3,2,0,9,0,3,4,4,3.67,0,0,0,0,18,90,0.25,0,0,0,1,0,1,0,1,0,1,0,0,0,1,1,3,0.33,0.333,45.0,30.0,9.0,27.0,0.33,0.611,0.25,0.861
2021,68797,이승관,한화,HH,33,27.0,8,0,2,0,0,0.0,5 2/3,11,1,16,0,5,20,17,4.76,0,0,0,0,44,193,0.423,3,1,1,1,0,1,0,2,0,0,1,0,0,0,3,8,0.38,0.476,24.1,34.1,7.94,25.41,0.31,0.628,0.731,1.359
2021,65411,김주온,SSG,SK,1,0.0,2,0,0,0,0,,2,1,0,2,1,3,0,0,1.5,0,0,0,0,10,49,0.143,1,0,0,0,0,0,0,0,0,0,2,0,0,0,1,2,0.5,0.25,24.5,24.5,13.5,9.0,1.5,0.4,0.286,0.686
2021,66858,정동윤,SSG,SK,1,0.0,1,0,0,0,0,,2,1,0,1,0,0,0,0,1.0,0,0,0,0,7,32,0.167,0,0,0,0,0,0,0,0,0,0,1,0,0,1,1,4,0.25,0.167,32.0,16.0,0.0,4.5,0.0,0.286,0.167,0.453
2021,65343,김택형,SSG,SK,3,2.39,59,5,1,7,4,0.833,75 1/3,61,3,42,3,62,23,20,1.37,0,0,0,3,316,1277,0.231,11,0,3,4,5,3,0,0,0,5,24,14,0,12,79,66,1.2,0.286,21.6,17.0,7.41,5.02,1.48,0.339,0.307,0.646
2021,60841,박종훈,SSG,SK,4,2.82,9,4,2,0,0,0.667,54 1/3,40,2,17,7,41,19,17,1.05,0,0,6,0,222,867,0.205,7,0,2,1,0,0,2,9,4,0,0,0,0,5,75,40,1.88,0.248,96.3,16.0,6.79,2.82,2.41,0.291,0.272,0.563
2021,62869,문승원,SSG,SK,5,2.86,9,2,2,0,0,0.5,50 1/3,42,1,18,2,32,20,16,1.19,0,0,5,0,212,858,0.22,14,0,1,0,0,1,0,9,2,0,0,0,0,3,59,58,1.02,0.259,95.3,17.0,5.72,3.22,1.78,0.294,0.309,0.603
2021,61895,서진용,SSG,SK,6,3.34,65,7,5,9,3,0.583,67 1/3,57,9,43,0,62,28,25,1.49,0,0,0,5,297,1132,0.232,8,1,4,4,7,3,0,0,0,7,32,18,0,6,57,74,0.77,0.268,17.4,16.8,8.29,5.75,1.44,0.341,0.382,0.723
2021,51863,폰트,SSG,SK,7,3.46,25,8,5,0,0,0.615,145 2/3,114,12,45,6,157,66,56,1.09,0,0,13,0,604,2526,0.211,22,1,8,4,1,2,1,25,8,0,0,0,0,4,120,154,0.78,0.271,101.0,17.3,9.7,2.78,3.49,0.277,0.322,0.599
2021,64893,박민호,SSG,SK,8,3.73,40,4,0,0,5,1.0,41,45,3,11,4,19,18,17,1.37,0,0,0,3,177,703,0.283,5,0,3,0,0,0,0,0,0,4,5,11,0,5,42,53,0.79,0.307,17.6,17.1,4.17,2.41,1.73,0.345,0.371,0.716
2021,51834,르위키,SSG,SK,9,3.77,4,1,0,0,0,1.0,14 1/3,15,2,2,0,9,6,6,1.19,0,0,2,0,56,215,0.278,3,0,0,0,0,0,0,4,1,0,0,0,0,2,13,17,0.76,0.302,53.8,15.0,5.65,1.26,4.5,0.304,0.444,0.748
2021,51895,장지훈,SSG,SK,10,3.92,60,2,5,1,10,0.286,80 1/3,84,6,19,4,51,40,35,1.28,0,0,0,2,342,1239,0.268,12,2,5,1,1,1,1,1,0,2,6,11,0,5,110,69,1.59,0.304,20.7,15.4,5.71,2.13,2.68,0.318,0.377,0.695
2021,69813,하재훈,SSG,SK,11,4.0,18,1,0,0,2,1.0,18,16,1,16,3,8,8,8,1.78,0,0,0,0,88,341,0.239,0,1,2,0,2,2,0,0,0,1,8,2,0,0,14,29,0.48,0.259,18.9,18.9,4.0,8.0,0.5,0.407,0.313,0.72
2021,75138,신재웅,SSG,SK,12,4.32,8,0,0,0,0,,8 1/3,6,0,5,0,9,4,4,1.32,0,0,0,0,37,155,0.2,1,0,1,1,0,0,1,0,0,0,4,0,0,0,7,9,0.78,0.273,19.4,18.6,9.72,5.4,1.8,0.306,0.233,0.539
2021,51867,김건우,SSG,SK,13,4.91,6,0,1,0,0,0.0,11,8,1,12,0,7,7,6,1.82,0,0,0,0,54,239,0.19,1,0,0,0,0,1,0,4,0,0,1,0,0,0,12,15,0.8,0.206,39.8,21.7,5.73,9.82,0.58,0.37,0.286,0.656
2021,79847,김태훈,SSG,SK,14,4.97,65,2,4,1,16,0.333,58,55,7,38,10,49,35,32,1.6,0,0,0,7,269,1012,0.253,5,0,3,1,3,4,1,0,0,2,4,27,1,12,59,55,1.07,0.296,15.6,17.4,7.6,5.9,1.29,0.387,0.373,0.76
2021,76430,김태혁,SSG,SK,15,5.09,50,4,3,6,5,0.571,58 1/3,71,10,30,1,44,33,33,1.73,0,0,0,3,273,1059,0.298,8,0,3,1,3,2,0,0,0,4,20,14,0,1,57,67,0.85,0.33,21.2,18.2,6.79,4.63,1.47,0.378,0.458,0.836
2021,64896,서동민,SSG,SK,16,5.13,20,0,0,0,0,,26 1/3,27,5,17,1,24,15,15,1.67,0,0,0,0,118,501,0.273,4,1,1,0,0,1,0,0,0,0,6,0,0,3,15,33,0.45,0.314,25.1,19.0,8.2,5.81,1.41,0.385,0.485,0.87
2021,64768,조이현,SSG,SK,17,5.67,30,4,8,1,0,0.333,66 2/3,74,10,26,0,48,46,42,1.5,0,0,1,0,291,1110,0.29,10,2,4,6,0,3,0,8,2,2,3,3,0,6,65,74,0.88,0.315,37.0,16.7,6.48,3.51,1.85,0.348,0.463,0.811
2021,62937,신재영,SSG,SK,18,5.72,20,0,0,0,0,,28 1/3,35,3,2,4,27,18,18,1.31,0,0,0,0,124,450,0.302,5,1,1,1,0,1,0,1,0,0,12,0,0,2,28,27,1.04,0.368,22.5,15.9,8.58,0.64,13.5,0.333,0.44,0.773
2021,60768,이태양,SSG,SK,19,5.73,40,5,10,0,4,0.333,103 2/3,123,25,32,1,62,66,66,1.5,0,0,4,0,456,1644,0.298,23,1,5,5,1,2,0,14,2,3,3,6,0,5,94,139,0.68,0.296,41.1,15.9,5.38,2.78,1.94,0.346,0.54,0.886
2021,68856,최민준,SSG,SK,20,5.86,38,3,3,0,4,0.5,86,93,11,50,7,62,56,56,1.66,0,0,1,1,398,1672,0.278,17,0,3,4,0,5,1,12,2,1,3,5,0,4,91,92,0.99,0.309,44.0,19.4,6.49,5.23,1.24,0.38,0.428,0.808
2021,51833,가빌리오,SSG,SK,21,5.86,15,6,4,0,0,0.6,81 1/3,88,7,30,6,70,54,53,1.45,0,0,5,0,351,1286,0.285,18,0,2,4,1,3,0,15,6,0,0,0,0,12,95,60,1.58,0.343,85.7,15.8,7.75,3.32,2.33,0.355,0.411,0.766
2021,50859,오원석,SSG,SK,22,5.89,33,7,6,0,2,0.538,110,125,11,73,10,95,84,72,1.8,0,0,5,0,530,2098,0.283,20,3,1,5,1,2,1,21,5,2,2,0,0,8,110,116,0.95,0.335,63.6,19.1,7.77,5.97,1.3,0.393,0.417,0.81
2021,66960,정수민,SSG,SK,23,6.82,10,1,2,0,0,0.333,30 1/3,34,6,27,1,22,24,23,2.01,0,0,0,0,151,618,0.281,5,1,0,2,1,1,0,7,1,0,2,0,0,3,34,33,1.03,0.295,61.8,20.4,6.53,8.01,0.81,0.411,0.488,0.899
2021,68896,이채호,SSG,SK,24,7.2,3,0,0,0,0,,5,8,2,3,0,3,7,4,2.2,0,0,0,0,27,114,0.348,0,0,0,1,0,1,0,0,0,0,1,0,0,0,8,5,1.6,0.316,38.0,22.8,5.4,5.4,1.0,0.407,0.609,1.016
2021,51809,조요한,SSG,SK,25,7.71,6,0,0,0,1,,7,10,0,9,0,4,6,6,2.71,0,0,0,0,38,157,0.345,3,0,0,0,0,0,0,0,0,0,1,0,0,0,9,6,1.5,0.4,26.2,22.4,5.14,11.57,0.44,0.5,0.448,0.948
2021,51897,조병현,SSG,SK,26,8.1,3,0,0,0,0,,6 2/3,7,1,5,1,8,7,6,1.8,0,0,0,0,33,148,0.259,3,0,0,0,0,1,0,3,0,0,0,0,0,0,9,3,3.0,0.333,49.3,22.2,10.8,6.75,1.6,0.394,0.481,0.875
2021,62056,정영일,SSG,SK,27,9.0,1,0,0,0,0,,2,4,1,0,0,0,2,2,2.0,0,0,0,0,9,39,0.444,1,0,0,0,0,0,0,0,0,0,0,0,0,0,3,2,1.5,0.375,39.0,19.5,0.0,0.0,,0.444,0.889,1.333
2021,63894,김사윤,SSG,SK,28,9.87,6,0,1,0,0,0.0,17 1/3,20,5,20,4,21,20,19,2.31,0,0,0,0,92,406,0.303,1,0,1,1,0,1,0,6,0,0,0,0,0,2,14,12,1.17,0.366,67.7,23.4,10.9,10.38,1.05,0.484,0.545,1.029
2021,76350,김세현,SSG,SK,29,10.38,5,0,0,0,0,,4 1/3,9,0,7,0,5,5,5,3.69,0,0,0,0,28,114,0.429,2,0,0,0,1,0,1,0,0,0,1,0,0,0,6,1,6.0,0.563,22.8,26.3,10.38,14.54,0.71,0.571,0.524,1.095
2021,64861,이건욱,SSG,SK,30,11.37,5,0,1,0,0,0.0,12 2/3,16,4,19,1,5,16,16,2.76,0,0,0,0,72,284,0.333,4,0,1,3,0,0,0,4,0,0,1,0,0,0,7,23,0.3,0.286,56.8,22.4,3.55,13.5,0.26,0.507,0.667,1.174
2021,71837,김강민,SSG,SK,31,13.5,1,0,0,0,0,,2/3,1,1,1,0,1,1,1,3.0,0,0,0,0,4,20,0.333,0,0,0,0,0,0,0,0,0,0,1,0,0,0,0,1,0.0,0.0,20.0,30.0,13.5,13.5,1.0,0.5,1.333,1.833
2021,50813,양선률,SSG,SK,32,27.0,1,0,1,0,0,0.0,1,3,0,3,1,1,3,3,6.0,0,0,0,0,10,52,0.5,0,0,0,0,0,1,0,1,0,0,0,0,0,0,1,1,1.0,0.6,52.0,52.0,9.0,27.0,0.33,0.7,0.5,1.2
2021,79130,강지광,SSG,SK,33,36.0,1,0,0,0,0,,1,3,0,4,0,1,4,4,7.0,0,0,0,0,10,42,0.6,0,0,0,1,0,0,0,0,0,0,1,0,0,0,0,2,0.0,0.6,42.0,42.0,9.0,36.0,0.25,0.7,0.6,1.3
2021,75421,오승환,삼성,SS,1,2.03,64,0,2,44,0,0.0,62,56,3,16,2,57,17,14,1.16,0,0,0,1,252,1003,0.245,15,3,4,1,3,2,0,0,0,0,61,45,4,6,43,74,0.58,0.312,15.7,16.2,8.27,2.32,3.56,0.298,0.376,0.674
2021,77446,백정현,삼성,SS,2,2.63,27,14,5,0,0,0.737,157 2/3,142,15,54,2,109,54,46,1.24,0,0,15,0,648,2503,0.244,25,1,5,4,2,5,0,27,14,0,0,0,0,17,160,176,0.91,0.274,92.7,15.9,6.22,3.08,2.02,0.308,0.367,0.675
2021,69446,원태인,삼성,SS,3,3.06,26,14,7,0,0,0.667,158 2/3,147,11,51,5,129,59,54,1.25,0,0,16,0,655,2522,0.249,32,1,6,2,1,5,1,26,14,0,0,0,0,15,177,140,1.26,0.3,97.0,15.9,7.32,2.89,2.53,0.313,0.362,0.675
2021,50404,뷰캐넌,삼성,SS,4,3.1,30,16,5,0,0,0.762,177,173,13,59,2,162,71,61,1.31,1,1,20,0,758,2967,0.25,25,4,3,3,2,7,0,30,16,0,1,0,0,14,223,136,1.64,0.308,98.9,16.8,8.24,3.0,2.75,0.31,0.355,0.665
2021,73117,우규민,삼성,SS,5,3.31,60,3,3,2,24,0.5,49,58,5,9,2,35,22,18,1.37,0,0,0,4,213,786,0.294,4,1,3,2,1,1,0,0,0,3,8,34,0,2,57,49,1.16,0.333,13.1,16.0,6.43,1.65,3.89,0.329,0.401,0.73
2021,65496,홍정우,삼성,SS,6,3.45,15,2,0,0,0,1.0,15 2/3,14,3,4,0,12,6,6,1.15,0,0,0,1,64,256,0.233,3,1,0,0,0,1,0,0,0,2,4,1,0,1,14,20,0.7,0.244,17.1,16.3,6.89,2.3,3.0,0.281,0.467,0.748
2021,69439,라이블리,삼성,SS,7,4.05,6,0,1,0,0,0.0,33 1/3,23,4,13,5,38,16,15,1.08,0,0,4,0,140,613,0.19,6,0,1,0,0,0,0,6,0,0,0,0,0,0,19,41,0.46,0.241,102.2,18.4,10.26,3.51,2.92,0.295,0.339,0.634
2021,67419,문용익,삼성,SS,8,4.5,22,2,0,0,2,1.0,22,21,3,10,1,19,11,11,1.41,0,0,0,1,98,412,0.247,3,0,2,0,0,4,0,0,0,2,6,3,0,0,18,27,0.67,0.286,18.7,18.7,7.77,4.09,1.9,0.333,0.388,0.721
2021,63492,이재익,삼성,SS,8,4.5,11,2,0,0,0,1.0,10,11,1,12,0,5,6,5,2.3,0,0,0,0,51,222,0.297,0,0,0,2,1,0,0,0,0,2,4,0,0,3,14,9,1.56,0.303,20.2,22.2,4.5,10.8,0.42,0.451,0.378,0.829
2021,68419,최지명,삼성,SS,10,4.56,26,5,9,0,2,0.357,122 1/3,143,16,37,2,82,66,62,1.47,1,0,6,0,538,2092,0.291,21,2,4,3,1,4,1,20,4,1,2,2,0,11,114,156,0.73,0.32,80.5,17.1,6.03,2.72,2.22,0.341,0.439,0.78
2021,62920,노건우,삼성,SS,11,4.74,16,0,2,0,1,0.0,19,10,2,14,1,19,10,10,1.26,0,0,0,0,82,352,0.152,1,0,1,0,0,2,0,0,0,0,4,2,0,0,11,26,0.42,0.178,22.0,18.5,9.0,6.63,1.36,0.309,0.258,0.567
2021,63960,이상민,삼성,SS,12,4.74,30,1,1,0,3,0.5,24 2/3,28,2,14,0,14,15,13,1.7,0,0,0,0,110,447,0.295,6,1,0,1,0,1,0,0,0,1,6,3,0,7,29,25,1.16,0.325,14.9,18.1,5.11,5.11,1.0,0.382,0.442,0.824
2021,67421,최지광,삼성,SS,13,4.91,60,7,1,0,14,0.875,51 1/3,53,5,27,2,49,30,28,1.56,0,0,0,2,231,893,0.276,11,2,5,5,0,2,0,0,0,7,8,20,0,5,36,59,0.61,0.336,14.9,17.4,8.59,4.73,1.81,0.363,0.432,0.795
2021,61411,심창민,삼성,SS,14,5.08,59,3,2,0,16,0.6,51 1/3,47,8,32,6,58,32,29,1.54,0,0,0,2,238,1018,0.237,12,0,1,1,0,2,1,0,0,3,7,18,0,2,33,61,0.54,0.293,17.3,19.8,10.17,5.61,1.81,0.359,0.419,0.778
2021,51454,이승현,삼성,SS,15,5.26,41,1,4,0,7,0.2,39 1/3,35,3,23,3,46,24,23,1.47,0,0,0,1,174,744,0.246,8,0,4,2,0,5,0,0,0,1,5,8,0,5,37,26,1.42,0.337,18.1,18.9,10.53,5.26,2.0,0.359,0.366,0.725
2021,51439,몽고메리,삼성,SS,16,5.37,11,2,5,0,0,0.286,52,46,3,38,4,55,33,31,1.62,0,0,4,0,244,991,0.234,5,1,2,3,0,4,0,11,2,0,0,0,0,2,58,41,1.41,0.303,90.1,19.1,9.52,6.58,1.45,0.364,0.315,0.679
2021,51460,이재희,삼성,SS,17,5.4,5,0,1,0,0,0.0,21 2/3,24,2,10,0,17,13,13,1.57,0,0,0,0,95,390,0.286,3,1,1,0,0,2,0,5,0,0,0,0,0,2,23,20,1.15,0.338,78.0,18.0,7.06,4.15,1.7,0.362,0.417,0.779
2021,61365,김대우,삼성,SS,18,6.35,31,0,2,0,1,0.0,51,68,7,15,2,27,39,36,1.63,0,0,0,0,234,839,0.315,18,0,0,1,1,1,0,5,0,0,6,2,0,6,47,75,0.63,0.333,27.1,16.5,4.76,2.65,1.8,0.363,0.495,0.858
2021,61457,임현준,삼성,SS,19,6.55,27,1,2,0,5,0.333,11,11,0,7,4,8,8,8,1.64,0,0,0,0,52,209,0.275,1,2,1,0,0,0,0,0,0,1,2,9,0,2,11,10,1.1,0.344,7.7,19.0,6.55,5.73,1.14,0.431,0.4,0.831
2021,68415,양창섭,삼성,SS,20,6.6,9,1,1,0,1,0.5,15,21,3,8,0,13,11,11,1.93,0,0,0,0,73,283,0.333,5,0,1,1,0,1,0,0,0,1,1,1,0,2,9,21,0.43,0.375,31.4,18.9,7.8,4.8,1.63,0.403,0.556,0.959
2021,68403,김무신,삼성,SS,21,6.63,20,0,0,0,1,,19,25,2,17,1,25,18,14,2.21,0,0,0,0,101,399,0.305,5,0,1,0,0,4,0,1,0,0,5,3,0,0,15,17,0.88,0.418,20.0,21.0,11.84,8.05,1.47,0.43,0.439,0.869
2021,77927,장필준,삼성,SS,22,7.27,41,0,0,0,2,,34 2/3,46,4,27,1,24,30,28,2.11,0,0,0,1,174,723,0.317,8,1,0,1,1,4,0,0,0,0,10,5,0,2,34,42,0.81,0.356,17.6,20.9,6.23,7.01,0.89,0.425,0.469,0.894
2021,50464,이승민,삼성,SS,23,8.58,11,1,4,0,0,0.2,35 2/3,50,6,18,3,22,34,34,1.91,0,0,1,0,173,732,0.336,6,1,0,3,0,0,0,11,1,0,0,0,0,3,35,45,0.78,0.355,66.5,20.5,5.55,4.54,1.22,0.41,0.51,0.92
2021,65844,박세웅,삼성,SS,24,9.0,4,0,0,0,0,,3,5,1,3,1,2,4,3,2.67,0,0,0,0,18,68,0.385,0,1,0,1,0,0,0,0,0,0,1,0,0,1,3,4,0.75,0.364,17.0,22.7,6.0,9.0,0.67,0.5,0.769,1.269
2021,60146,이승현,삼성,SS,25,9.53,21,1,1,0,1,0.5,17,30,6,8,0,7,18,18,2.24,0,0,0,0,86,346,0.385,5,1,0,0,0,1,0,0,0,1,3,1,0,2,15,26,0.58,0.369,16.5,20.4,3.71,4.24,0.88,0.442,0.705,1.147
2021,50449,허윤동,삼성,SS,26,12.27,1,0,1,0,0,0.0,3 2/3,8,1,1,1,3,6,5,2.45,0,0,0,0,22,73,0.4,2,0,0,0,0,0,0,1,0,0,0,0,0,0,4,5,0.8,0.438,73.0,19.9,7.36,2.45,3.0,0.455,0.65,1.105
2021,64498,구준범,삼성,SS,27,22.5,1,0,0,0,0,,2,2,2,3,1,1,5,5,2.5,0,0,0,0,12,43,0.25,0,0,0,0,0,0,0,1,0,0,0,0,0,0,1,4,0.25,0.0,43.0,21.5,4.5,13.5,0.33,0.5,1.0,1.5
2021,63991,박진우,NC,NC,1,1.64,9,0,0,0,1,,11,6,0,5,1,12,2,2,1.0,0,0,0,0,44,196,0.162,2,0,0,1,0,1,0,0,0,0,5,0,0,1,13,7,1.86,0.231,21.8,17.8,9.82,4.09,2.4,0.273,0.216,0.489
2021,65949,류진욱,NC,NC,2,2.08,44,1,0,1,7,1.0,43 1/3,40,2,22,0,31,15,10,1.43,0,0,0,0,190,769,0.242,6,1,2,1,0,4,0,0,0,1,11,6,0,5,58,37,1.57,0.286,17.5,17.7,6.44,4.57,1.41,0.33,0.327,0.657
2021,77211,이용찬,NC,NC,3,2.19,39,1,3,16,3,0.25,37,27,2,11,1,35,11,9,1.03,0,0,0,4,151,610,0.199,4,0,2,1,3,2,1,0,0,1,30,23,1,2,32,43,0.74,0.25,15.6,16.5,8.51,2.68,3.18,0.262,0.272,0.534
2021,69940,루친스키,NC,NC,4,3.17,30,15,10,0,0,0.6,178 2/3,160,12,55,10,177,76,63,1.2,0,0,19,0,754,2969,0.234,24,1,3,1,0,6,2,30,15,0,0,0,0,12,206,143,1.44,0.298,99.0,16.6,8.92,2.77,3.22,0.3,0.324,0.624
2021,51967,파슨스,NC,NC,5,3.72,24,4,8,0,0,0.333,133,109,9,63,11,148,56,55,1.29,1,0,13,0,577,2370,0.218,16,2,0,2,0,10,1,24,4,0,1,0,0,6,142,104,1.37,0.289,98.8,17.8,10.02,4.26,2.35,0.317,0.311,0.628
2021,78352,임창민,NC,NC,6,3.79,46,0,3,0,17,0.0,40 1/3,35,2,20,4,29,23,17,1.36,0,0,0,3,178,719,0.235,8,0,2,3,1,7,0,0,0,0,4,14,0,2,37,51,0.73,0.273,15.6,17.8,6.47,4.46,1.45,0.335,0.329,0.664
2021,69996,노시훈,NC,NC,7,3.86,5,0,0,0,0,,4 2/3,4,1,4,0,2,2,2,1.71,0,0,0,0,22,92,0.222,1,0,0,0,0,0,0,0,0,0,1,0,0,0,8,4,2.0,0.2,18.4,19.7,3.86,7.71,0.5,0.364,0.444,0.808
2021,62655,홍성민,NC,NC,8,3.92,53,3,4,0,14,0.429,41 1/3,53,3,12,2,26,19,18,1.57,0,0,0,2,185,720,0.317,9,0,3,1,1,2,1,0,0,3,2,17,0,3,49,40,1.23,0.36,13.6,17.4,5.66,2.61,2.17,0.368,0.425,0.793
2021,63959,임정호,NC,NC,9,4.15,60,0,4,0,12,0.0,34 2/3,37,2,25,3,24,20,16,1.79,0,0,0,0,165,660,0.278,4,1,3,1,2,0,0,0,0,0,1,24,0,6,40,33,1.21,0.324,11.0,19.0,6.23,6.49,0.96,0.401,0.368,0.769
2021,76118,원종현,NC,NC,10,4.25,61,2,2,14,6,0.5,53,67,5,23,3,45,27,25,1.7,0,0,0,7,245,904,0.315,9,0,4,2,2,4,0,0,0,2,33,28,1,7,54,49,1.1,0.376,14.8,17.1,7.64,3.91,1.96,0.386,0.427,0.813
2021,68902,신민혁,NC,NC,11,4.41,30,9,6,0,0,0.6,145,155,17,44,5,107,75,71,1.37,0,0,9,0,625,2490,0.271,28,3,2,2,0,2,2,25,9,0,2,0,0,13,130,182,0.71,0.307,83.0,17.2,6.64,2.73,2.43,0.327,0.42,0.747
2021,62966,최금강,NC,NC,12,4.5,20,2,1,1,0,0.667,28,29,4,17,2,25,14,14,1.64,0,0,0,0,129,515,0.274,6,0,1,3,0,3,0,0,0,2,4,2,0,1,28,27,1.04,0.313,25.8,18.4,8.04,5.46,1.47,0.375,0.443,0.818
2021,50992,김태경,NC,NC,13,4.8,7,0,0,0,0,,15,11,1,9,1,10,8,8,1.33,0,0,0,0,63,286,0.208,4,0,0,0,0,1,0,3,0,0,2,1,0,1,15,17,0.88,0.238,40.9,19.1,6.0,5.4,1.11,0.333,0.34,0.673
2021,65643,문경찬,NC,NC,14,4.94,35,0,1,0,4,0.0,31,25,6,20,0,25,20,17,1.45,0,0,0,0,142,531,0.207,6,0,1,0,1,1,0,0,0,0,8,6,0,0,23,48,0.48,0.211,15.2,17.1,7.26,5.81,1.25,0.319,0.405,0.724
2021,69974,배민서,NC,NC,15,4.95,32,1,0,0,0,1.0,40,51,3,17,4,23,26,22,1.7,0,0,0,0,187,718,0.317,6,0,2,3,0,3,0,2,0,1,11,3,0,4,51,39,1.31,0.348,22.4,18.0,5.18,3.83,1.35,0.389,0.41,0.799
2021,60263,이재학,NC,NC,16,5.2,17,6,6,0,0,0.5,83,74,14,52,6,65,50,48,1.52,2,1,4,0,370,1502,0.239,16,1,2,1,0,3,0,17,6,0,2,0,0,5,73,98,0.74,0.26,88.4,18.1,7.05,5.64,1.25,0.359,0.434,0.793
2021,68900,김영규,NC,NC,17,5.37,37,5,3,0,6,0.625,63 2/3,69,10,28,1,42,40,38,1.52,0,0,1,0,286,1088,0.274,8,0,4,1,0,3,0,8,3,2,1,5,0,4,67,75,0.89,0.294,29.4,17.1,5.94,3.96,1.5,0.348,0.425,0.773
2021,60339,김건태,NC,NC,18,5.4,6,0,0,0,0,,6 2/3,2,1,7,0,5,4,4,1.35,0,0,0,0,29,131,0.091,0,0,0,0,0,3,0,0,0,0,2,1,0,0,4,11,0.36,0.063,21.8,19.7,6.75,9.45,0.71,0.31,0.227,0.537
2021,50901,안인산,NC,NC,18,5.4,7,0,0,0,0,,6 2/3,3,0,7,3,9,5,4,1.5,0,0,0,0,34,134,0.136,1,0,0,2,0,3,0,0,0,0,2,0,0,0,6,6,1.0,0.2,19.1,20.1,12.15,9.45,1.29,0.382,0.182,0.564
2021,65964,이우석,NC,NC,20,5.59,10,1,0,0,0,1.0,9 2/3,13,1,7,3,8,6,6,2.07,0,0,0,0,49,193,0.342,4,0,0,1,0,0,0,0,0,1,3,1,0,2,7,11,0.64,0.4,19.3,20.0,7.45,6.52,1.14,0.469,0.526,0.995
2021,50905,강태경,NC,NC,21,5.68,3,0,1,0,0,0.0,12 2/3,13,2,10,2,10,8,8,1.82,0,0,1,0,61,241,0.277,3,0,1,1,0,2,0,3,0,0,0,0,0,1,10,15,0.67,0.306,80.3,19.0,7.11,7.11,1.0,0.417,0.468,0.885
2021,69962,송명기,NC,NC,22,5.91,24,8,9,0,0,0.471,123 1/3,147,12,58,9,102,83,81,1.66,0,0,6,0,574,2254,0.292,39,2,1,3,1,2,1,24,8,0,0,0,0,5,105,152,0.69,0.344,93.9,18.3,7.44,4.23,1.76,0.373,0.449,0.822
2021,63914,손정욱,NC,NC,23,6.57,15,1,0,0,0,1.0,12 1/3,17,1,7,0,8,9,9,1.95,0,0,0,0,61,247,0.333,2,3,0,3,0,1,0,0,0,1,1,1,0,1,10,19,0.53,0.356,16.5,20.0,5.84,5.11,1.14,0.393,0.549,0.942
2021,67962,소이현,NC,NC,24,6.75,10,0,0,0,0,,10 2/3,13,1,12,0,10,12,8,2.34,0,0,0,0,59,238,0.289,3,0,0,2,0,1,0,0,0,0,6,0,0,0,15,9,1.67,0.333,23.8,22.3,8.44,10.13,0.83,0.424,0.422,0.846
2021,68910,이승헌,NC,NC,24,6.75,5,0,0,0,0,,5 1/3,9,0,1,0,7,5,4,1.88,0,0,0,0,27,104,0.346,3,0,0,0,0,0,0,0,0,0,1,0,0,0,3,7,0.43,0.474,20.8,19.5,11.81,1.69,7.0,0.37,0.462,0.832
2021,75867,김진성,NC,NC,26,7.17,42,2,4,1,9,0.333,37 2/3,43,7,18,1,37,34,30,1.62,0,0,0,2,174,663,0.283,10,0,1,2,3,2,0,0,0,2,6,16,0,2,24,50,0.48,0.327,15.8,17.6,8.84,4.3,2.06,0.358,0.487,0.845
2021,61295,강동연,NC,NC,27,7.83,12,3,2,0,1,0.6,23,25,4,14,0,14,21,20,1.7,0,0,0,0,109,435,0.269,4,1,0,2,0,3,0,3,1,2,0,0,0,0,23,33,0.7,0.273,36.3,18.9,5.48,5.48,1.0,0.358,0.462,0.82
2021,67956,김태현,NC,NC,28,11.81,6,0,0,0,0,,5 1/3,5,0,7,4,3,8,7,2.25,0,0,0,0,32,114,0.263,0,0,0,2,0,3,0,0,0,0,4,0,0,1,8,5,1.6,0.278,19.0,21.4,5.06,11.81,0.43,0.5,0.263,0.763
2021,51948,이용준,NC,NC,29,21.6,2,0,0,0,0,,1 2/3,3,0,4,0,1,4,4,4.2,0,0,0,0,12,56,0.375,0,0,0,0,0,2,0,0,0,0,1,0,0,0,1,3,0.33,0.429,28.0,33.6,5.4,21.6,0.25,0.583,0.375,0.958
2021,67954,김진호,NC,NC,30,27.0,1,0,1,0,0,0.0,1,2,0,3,0,1,3,3,5.0,0,0,0,0,7,33,0.5,0,0,0,0,0,1,0,1,0,0,0,0,0,0,0,1,0.0,0.667,33.0,33.0,9.0,27.0,0.33,0.714,0.5,1.214
2021,64504,오윤석,KT,KT,1,0.0,1,0,0,0,0,,2/3,0,0,0,0,0,0,0,0.0,0,0,0,0,2,8,0.0,0,0,0,0,0,0,0,0,0,0,1,0,0,0,0,2,0.0,0.0,8.0,12.0,0.0,0.0,,0.0,0.0,0.0
2021,51060,지명성,KT,KT,1,0.0,3,1,0,0,0,1.0,4,1,0,1,1,4,1,0,0.5,0,0,0,0,16,60,0.077,0,0,0,1,0,0,0,0,0,1,2,0,0,0,4,5,0.8,0.1,20.0,15.0,9.0,2.25,4.0,0.188,0.077,0.265
2021,60559,박시영,KT,KT,3,2.4,48,3,3,0,12,0.5,45,30,4,15,1,51,16,12,1.0,0,0,0,2,180,683,0.189,2,0,1,4,2,5,0,0,0,3,8,16,0,3,47,35,1.34,0.241,14.2,15.2,10.2,3.0,3.4,0.257,0.277,0.534
2021,65062,김재윤,KT,KT,4,2.42,65,4,3,32,0,0.571,67,57,5,24,0,64,19,18,1.21,0,0,0,5,275,1071,0.232,8,0,1,4,4,2,0,0,0,4,60,37,3,5,44,85,0.52,0.287,16.5,16.0,8.6,3.22,2.67,0.296,0.325,0.621
2021,64047,조현우,KT,KT,5,2.61,49,0,0,0,6,,31,26,0,7,1,13,10,9,1.06,0,0,0,0,126,463,0.224,5,1,2,0,1,2,0,0,0,0,3,12,0,1,43,34,1.26,0.252,9.4,14.9,3.77,2.03,1.86,0.274,0.284,0.558
2021,65057,이창재,KT,KT,6,2.7,32,2,0,0,0,1.0,26 2/3,22,0,10,0,19,8,8,1.2,0,0,0,0,108,442,0.227,5,0,0,1,2,0,0,0,0,2,11,2,0,3,25,32,0.78,0.278,13.8,16.6,6.41,3.38,1.9,0.296,0.278,0.574
2021,64017,심재민,KT,KT,7,2.89,28,0,1,0,1,0.0,46 2/3,41,4,11,0,35,15,15,1.11,0,0,0,0,189,744,0.234,4,0,1,2,1,0,0,2,0,0,9,1,0,5,52,49,1.06,0.268,26.6,15.9,6.75,2.12,3.18,0.277,0.326,0.603
2021,64001,고영표,KT,KT,8,2.92,26,11,6,0,1,0.647,166 2/3,147,9,27,14,130,59,54,1.04,1,1,21,0,664,2411,0.238,20,2,2,4,1,1,0,25,11,0,1,0,0,14,224,120,1.87,0.286,92.7,14.5,7.02,1.46,4.81,0.284,0.321,0.605
2021,65048,김민수,KT,KT,9,2.95,56,4,2,0,11,0.667,58,56,2,24,3,55,25,19,1.38,0,0,0,2,253,924,0.256,8,1,4,3,3,3,1,1,0,4,17,14,0,7,64,47,1.36,0.327,16.5,15.9,8.53,3.72,2.29,0.333,0.329,0.662
2021,65060,주권,KT,KT,10,3.31,62,3,4,0,27,0.429,49,48,3,19,1,19,19,18,1.37,0,0,0,4,208,733,0.264,7,1,5,1,2,1,0,0,0,3,2,36,0,5,54,62,0.87,0.28,11.8,15.0,3.49,3.49,1.0,0.335,0.363,0.698
2021,75340,전유수,KT,KT,11,3.38,11,1,0,0,0,1.0,10 2/3,9,1,6,0,9,6,4,1.41,0,0,0,1,46,203,0.225,1,0,0,0,0,0,0,0,0,1,3,2,0,1,12,10,1.2,0.267,18.5,19.0,7.59,5.06,1.5,0.326,0.325,0.651
2021,50040,데스파이네,KT,KT,12,3.39,33,13,10,0,0,0.565,188 2/3,175,10,78,7,165,81,71,1.34,0,0,21,0,819,3405,0.243,30,3,11,3,0,15,0,33,13,0,0,0,0,12,225,158,1.42,0.301,103.2,18.0,7.87,3.72,2.12,0.322,0.335,0.657
2021,67008,이대은,KT,KT,13,3.48,31,3,2,1,9,0.6,31,27,4,11,1,22,15,12,1.23,0,0,0,1,128,479,0.239,6,0,1,2,0,0,0,0,0,3,4,10,0,3,40,26,1.54,0.258,15.5,15.5,6.39,3.19,2.0,0.307,0.398,0.705
2021,65516,배제성,KT,KT,14,3.68,26,9,10,0,0,0.474,141 2/3,126,6,82,1,136,67,58,1.47,0,0,12,0,621,2436,0.239,27,1,4,7,1,9,0,26,9,0,0,0,0,14,138,134,1.03,0.306,93.7,17.2,8.64,5.21,1.66,0.339,0.328,0.667
2021,73738,안영명,KT,KT,15,4.08,35,0,1,0,4,0.0,35 1/3,24,2,11,1,32,17,16,0.99,0,0,0,0,145,557,0.192,3,0,4,4,0,0,0,0,0,0,11,8,0,1,41,32,1.28,0.232,15.9,15.8,8.15,2.8,2.91,0.255,0.264,0.519
2021,65056,엄상백,KT,KT,16,4.1,10,4,1,0,0,0.8,52 2/3,41,7,28,3,45,24,24,1.31,0,0,3,0,228,911,0.21,10,0,1,1,0,0,0,9,4,0,0,0,0,2,43,67,0.64,0.236,91.1,17.3,7.69,4.78,1.61,0.317,0.369,0.686
2021,69032,쿠에바스,KT,KT,17,4.12,23,9,5,0,0,0.643,133 1/3,131,11,51,3,137,68,61,1.37,1,1,11,0,580,2191,0.254,21,3,6,4,0,6,0,23,9,0,1,0,0,7,107,145,0.74,0.323,95.3,16.4,9.25,3.44,2.69,0.322,0.37,0.692
2021,50030,소형준,KT,KT,18,4.16,24,7,7,0,0,0.5,119,123,6,51,4,85,67,55,1.46,0,0,8,0,521,2097,0.268,17,0,2,5,1,5,0,24,7,0,0,0,0,20,174,82,2.12,0.314,87.4,17.6,6.43,3.86,1.67,0.343,0.344,0.687
2021,76757,유원상,KT,KT,19,6.08,11,1,1,0,1,0.5,13 1/3,15,0,7,0,13,10,9,1.65,0,0,0,1,62,238,0.273,2,0,0,0,0,3,0,0,0,1,2,1,0,1,14,13,1.08,0.357,21.6,17.9,8.78,4.73,1.86,0.355,0.309,0.664
2021,78517,하준호,KT,KT,20,6.75,10,0,0,0,0,,12,16,2,6,0,10,10,9,1.83,0,0,0,0,56,198,0.327,1,1,0,1,0,1,0,0,0,0,2,0,0,2,15,9,1.67,0.368,19.8,16.5,7.5,4.5,1.67,0.393,0.51,0.903
2021,69054,이상동,KT,KT,21,8.53,6,0,1,0,1,0.0,6 1/3,7,0,3,0,5,6,6,1.58,0,0,0,0,29,118,0.28,0,0,0,1,0,1,0,0,0,0,2,1,0,1,6,8,0.75,0.333,19.7,18.6,7.11,4.26,1.67,0.345,0.28,0.625
2021,67048,이정현,KT,KT,22,9.35,2,0,1,0,0,0.0,8 2/3,12,3,5,0,1,9,9,1.96,0,0,0,0,38,132,0.364,3,0,0,0,0,0,0,1,0,0,1,0,0,5,14,6,2.33,0.31,66.0,15.2,1.04,5.19,0.2,0.447,0.727,1.174
2021,75342,이보근,KT,KT,23,15.55,16,0,1,0,1,0.0,11,28,4,7,0,9,20,19,3.18,0,0,0,0,68,245,0.467,4,0,1,0,0,2,0,0,0,0,2,2,0,1,7,16,0.44,0.511,15.3,22.3,7.36,5.73,1.29,0.522,0.733,1.255
2021,51058,한차현,KT,KT,24,19.64,3,0,0,0,0,,3 2/3,10,3,2,0,3,8,8,3.27,0,0,0,0,23,90,0.476,0,0,0,0,0,0,0,0,0,0,2,0,0,0,1,7,0.14,0.467,30.0,24.5,7.36,4.91,1.5,0.522,0.905,1.427
2021,65514,강태율,롯데,LT,1,0.0,1,0,0,0,0,,1/3,2,0,0,0,0,0,0,6.0,0,0,0,0,3,9,0.667,1,0,0,0,0,0,0,0,0,0,1,0,0,0,1,0,,0.667,9.0,27.0,0.0,0.0,,0.667,1.0,1.667
2021,67504,김정율,롯데,LT,1,0.0,1,0,0,0,0,,1,0,0,1,0,1,0,0,1.0,0,0,0,0,4,17,0.0,0,0,0,0,0,0,0,0,0,0,0,0,0,0,1,1,1.0,0.0,17.0,17.0,9.0,9.0,1.0,0.25,0.0,0.25
2021,66556,박선우,롯데,LT,1,0.0,1,0,0,0,0,,2,1,0,0,2,1,0,0,0.5,0,0,0,0,9,37,0.143,0,0,0,0,0,0,0,0,0,0,0,0,0,0,3,2,1.5,0.167,37.0,18.5,4.5,0.0,,0.333,0.143,0.476
2021,64501,배성근,롯데,LT,1,0.0,2,0,0,0,0,,2,2,0,1,0,1,0,0,1.5,0,0,0,0,9,28,0.25,0,0,0,0,0,0,0,0,0,0,1,0,0,0,0,5,0.0,0.286,14.0,14.0,4.5,4.5,1.0,0.333,0.25,0.583
2021,67588,윤성빈,롯데,LT,1,0.0,1,0,0,0,0,,1,0,0,1,0,0,0,0,1.0,0,0,0,0,5,23,0.0,0,0,0,0,0,0,0,0,0,0,1,0,0,0,2,2,1.0,0.0,23.0,23.0,0.0,9.0,0.0,0.2,0.0,0.2
2021,68362,추재현,롯데,LT,1,0.0,1,0,0,0,0,,1,0,0,2,0,0,0,0,2.0,0,0,0,0,4,22,0.0,0,0,0,0,0,0,0,0,0,0,0,0,0,1,1,1,1.0,0.0,22.0,22.0,0.0,18.0,0.0,0.5,0.0,0.5
2021,50556,최준용,롯데,LT,7,2.85,44,4,2,1,20,0.667,47 1/3,41,6,16,1,45,16,15,1.2,0,0,0,2,195,764,0.234,7,0,3,0,3,1,0,0,0,4,6,24,0,2,33,56,0.59,0.282,17.4,16.1,8.56,3.04,2.81,0.302,0.377,0.679
2021,62528,김원중,롯데,LT,8,3.59,61,4,4,35,0,0.5,62 2/3,50,6,28,3,64,26,25,1.24,0,0,0,5,268,1028,0.217,8,0,6,1,4,8,0,0,0,4,55,40,2,0,54,63,0.86,0.273,16.9,16.4,9.19,4.02,2.29,0.309,0.33,0.639
2021,64021,박세웅,롯데,LT,9,3.98,28,10,9,0,0,0.526,163,141,20,53,10,125,75,72,1.19,1,1,18,0,685,2609,0.229,24,0,5,1,0,17,0,28,10,0,1,0,0,11,203,148,1.37,0.256,93.2,16.0,6.9,2.93,2.36,0.3,0.365,0.665
2021,50558,스트레일리,롯데,LT,10,4.07,31,10,12,0,0,0.455,165 2/3,162,12,67,7,164,85,75,1.38,0,0,14,0,714,2968,0.259,25,2,6,8,0,8,1,31,10,0,0,0,0,17,137,171,0.8,0.328,95.7,17.9,8.91,3.64,2.45,0.333,0.363,0.696
2021,64565,이인복,롯데,LT,11,4.11,25,3,0,0,1,1.0,61 1/3,75,5,14,5,45,31,28,1.45,0,0,1,0,271,950,0.299,17,3,1,0,1,0,0,8,3,0,9,0,0,8,88,43,2.05,0.348,38.0,15.5,6.6,2.05,3.21,0.348,0.45,0.798
2021,63543,구승민,롯데,LT,12,4.33,68,6,5,0,20,0.545,62 1/3,47,5,31,4,65,30,30,1.25,0,0,0,3,262,1043,0.213,7,2,5,1,0,4,1,0,0,6,7,25,0,6,41,69,0.59,0.276,15.3,16.7,9.39,4.48,2.1,0.319,0.33,0.649
2021,79545,진명호,롯데,LT,13,4.81,33,2,2,0,3,0.5,24 1/3,20,3,14,2,24,14,13,1.4,0,0,0,0,107,471,0.225,5,0,0,2,0,1,0,0,0,2,3,4,0,3,21,26,0.81,0.266,14.3,19.4,8.88,5.18,1.71,0.336,0.382,0.718
2021,78536,김대우,롯데,LT,14,5.09,39,2,2,0,9,0.5,35 1/3,32,4,24,4,31,22,20,1.58,0,0,0,3,160,671,0.26,7,0,5,4,0,5,0,0,0,2,4,11,0,4,36,28,1.29,0.304,17.2,19.0,7.9,6.11,1.29,0.387,0.415,0.802
2021,51567,프랑코,롯데,LT,15,5.4,37,9,8,0,1,0.529,150,147,20,75,20,124,97,90,1.48,0,0,9,0,677,2728,0.257,31,2,2,7,0,6,1,27,9,0,1,2,0,12,137,172,0.8,0.291,73.7,18.2,7.44,4.5,1.65,0.359,0.422,0.781
2021,68529,이승헌,롯데,LT,16,5.77,16,0,3,0,0,0.0,57 2/3,65,2,43,7,31,39,37,1.87,0,0,1,0,278,1051,0.291,10,0,4,1,0,11,1,12,0,0,2,1,0,5,77,51,1.51,0.33,65.7,18.2,4.84,6.71,0.72,0.42,0.363,0.783
2021,68585,김도규,롯데,LT,17,5.79,43,2,1,0,5,0.667,42,41,3,22,0,39,28,27,1.5,0,0,0,0,182,742,0.263,5,1,2,2,1,2,0,0,0,2,7,2,0,4,31,47,0.66,0.328,17.3,17.7,8.36,4.71,1.77,0.35,0.365,0.715
2021,64718,최설우,롯데,LT,18,6.2,20,1,2,0,0,0.333,40 2/3,45,4,24,2,28,30,28,1.7,0,0,1,0,181,767,0.294,10,0,1,1,0,4,0,7,1,0,3,0,0,7,45,36,1.25,0.336,38.4,18.9,6.2,5.31,1.17,0.394,0.438,0.832
2021,51516,김진욱,롯데,LT,19,6.31,39,4,6,0,8,0.4,45 2/3,42,3,49,3,45,32,32,1.99,0,0,0,0,227,994,0.247,9,0,3,2,3,15,0,5,0,4,2,9,0,2,47,38,1.24,0.315,25.5,21.8,8.87,9.66,0.92,0.42,0.353,0.773
2021,67539,나균안,롯데,LT,20,6.41,23,1,2,1,1,0.333,46 1/3,62,4,24,0,27,36,33,1.86,0,0,1,0,223,861,0.315,13,0,1,1,0,1,1,7,1,0,3,1,0,1,51,58,0.88,0.347,37.4,18.6,5.24,4.66,1.13,0.387,0.442,0.829
2021,76225,김건국,롯데,LT,21,6.55,13,0,0,0,0,,22,27,3,14,0,17,16,16,1.86,0,0,0,0,104,420,0.3,8,0,0,0,0,2,0,0,0,0,0,1,0,3,29,17,1.71,0.343,32.3,19.1,6.95,5.73,1.21,0.394,0.489,0.883
2021,79293,오현택,롯데,LT,22,6.61,20,0,1,0,1,0.0,16 1/3,28,2,8,1,8,13,12,2.2,0,0,0,0,87,311,0.368,7,0,0,2,2,0,0,0,0,0,4,2,0,0,20,22,0.91,0.382,15.6,19.0,4.41,4.41,1.0,0.425,0.539,0.964
2021,67591,강동호,롯데,LT,23,6.75,1,0,0,0,0,,1 1/3,1,0,1,1,1,1,1,1.5,0,0,0,0,7,24,0.2,1,0,0,0,0,1,0,0,0,0,1,0,0,0,2,1,2.0,0.25,24.0,18.0,6.75,6.75,1.0,0.429,0.4,0.829
2021,64596,김유영,롯데,LT,24,7.23,26,1,0,0,0,1.0,18 2/3,21,1,14,2,17,16,15,1.88,0,0,0,0,92,351,0.276,4,0,0,0,0,2,0,0,0,1,7,0,0,1,24,14,1.71,0.345,13.5,18.8,8.2,6.75,1.21,0.402,0.368,0.77
2021,69539,서준원,롯데,LT,25,7.33,26,1,3,0,3,0.25,54,72,5,29,2,37,46,44,1.87,0,0,0,0,257,978,0.332,13,2,5,4,3,1,0,8,1,0,3,4,0,3,61,51,1.2,0.374,37.6,18.1,6.17,4.83,1.28,0.409,0.479,0.888
2021,73211,노경은,롯데,LT,26,7.35,14,3,5,0,0,0.375,56 1/3,79,11,24,4,35,50,46,1.83,0,0,1,0,269,1049,0.333,16,1,2,2,0,3,0,11,3,0,0,0,0,6,53,72,0.74,0.352,74.9,18.6,5.59,3.83,1.46,0.401,0.549,0.95
2021,63512,박진형,롯데,LT,27,7.88,22,2,1,0,0,0.667,16,25,1,10,0,23,14,14,2.19,0,0,0,0,81,331,0.352,6,2,0,0,1,0,0,0,0,2,6,1,0,1,15,8,1.88,0.511,15.0,20.7,12.94,5.63,2.3,0.432,0.535,0.967
2021,68556,정성종,롯데,LT,28,8.25,12,0,0,0,0,,12,19,2,8,1,4,12,11,2.25,0,0,0,0,65,224,0.345,1,0,0,1,0,2,0,0,0,0,3,1,0,1,24,9,2.67,0.34,18.7,18.7,3.0,6.0,0.5,0.431,0.473,0.904
2021,79358,강윤구,롯데,LT,29,8.44,22,0,1,0,3,0.0,16,21,3,14,1,15,15,15,2.19,0,0,0,1,79,335,0.328,4,0,0,0,1,0,0,1,0,0,1,3,0,2,14,14,1.0,0.391,15.2,20.9,8.44,7.88,1.07,0.456,0.531,0.987
2021,51546,정우준,롯데,LT,30,9.53,6,0,0,0,0,,5 2/3,6,1,5,2,4,6,6,1.94,0,0,0,0,29,119,0.273,2,0,0,0,0,0,0,0,0,0,2,1,0,1,4,8,0.5,0.294,19.8,21.0,6.35,7.94,0.8,0.448,0.5,0.948
2021,68589,김동우,롯데,LT,31,10.8,5,0,0,0,0,,5,10,1,5,0,3,7,6,3.0,0,0,0,0,30,133,0.417,0,0,1,0,0,2,0,0,0,0,2,0,0,1,7,4,1.75,0.45,26.6,26.6,5.4,9.0,0.6,0.517,0.542,1.059
2021,50036,이강준,롯데,LT,31,10.8,15,1,0,0,0,1.0,8 1/3,11,1,13,2,4,11,10,2.88,0,0,0,0,48,206,0.333,1,0,0,0,0,2,0,0,0,1,1,0,0,1,9,9,1.0,0.357,13.7,24.7,4.32,14.04,0.31,0.542,0.455,0.997
2021,51586,김창훈,롯데,LT,33,11.25,6,0,0,0,0,,8,13,1,6,0,6,10,10,2.38,0,0,0,0,41,152,0.371,4,0,0,0,0,0,0,0,0,0,3,0,0,0,6,10,0.6,0.429,25.3,19.0,6.75,6.75,1.0,0.463,0.571,1.034
2021,67454,나원탁,롯데,LT,34,13.5,2,0,0,0,0,,2,1,0,3,0,3,3,3,2.0,0,0,0,0,10,40,0.143,0,1,0,0,0,1,0,0,0,0,1,0,0,0,2,1,2.0,0.25,20.0,20.0,13.5,13.5,1.0,0.4,0.429,0.829
2021,51594,송재영,롯데,LT,34,13.5,19,0,2,0,1,0.0,14 2/3,24,3,12,1,13,23,22,2.45,0,0,0,1,79,326,0.369,6,0,1,0,0,1,0,0,0,0,1,3,0,1,13,15,0.87,0.429,17.2,22.2,7.98,7.36,1.08,0.474,0.6,1.074
2021,66557,한승혁,롯데,LT,34,13.5,7,0,0,0,0,,4,6,1,5,1,5,6,6,2.75,0,0,0,0,25,102,0.316,1,0,0,0,0,2,0,0,0,0,1,0,0,0,3,5,0.6,0.385,14.6,25.5,11.25,11.25,1.0,0.48,0.526,1.006
2021,50563,박로건,롯데,LT,37,16.88,5,0,0,0,0,,2 2/3,3,1,2,0,2,5,5,1.88,0,0,0,0,13,56,0.273,1,0,0,0,0,0,0,0,0,0,2,0,0,0,3,3,1.0,0.25,11.2,21.0,6.75,6.75,1.0,0.385,0.636,1.021
2021,50596,홍민기,롯데,LT,38,27.0,1,0,0,0,0,,1/3,0,0,2,0,0,1,1,6.0,0,0,0,0,3,14,0.0,0,0,0,0,0,0,0,0,0,0,0,0,0,0,1,0,,0.0,14.0,42.0,0.0,54.0,0.0,0.667,0.0,0.667
2021,51645,박건우,KIA,HT,1,0.0,3,0,0,0,0,,3,2,0,1,1,3,0,0,1.0,0,0,0,0,11,46,0.222,0,0,0,0,0,0,0,0,0,0,2,0,0,1,1,3,0.33,0.333,15.3,15.3,9.0,3.0,3.0,0.364,0.222,0.586
2021,65464,최정용,KIA,HT,1,0.0,1,0,0,0,0,,1/3,1,0,0,0,0,0,0,3.0,0,0,0,0,2,10,0.5,0,1,0,0,0,0,0,0,0,0,1,0,0,0,0,1,0.0,0.5,10.0,30.0,0.0,0.0,,0.5,1.5,2.0
2021,62908,황윤호,KIA,HT,1,0.0,1,0,0,0,0,,2/3,2,0,0,0,0,1,0,3.0,0,0,0,0,4,20,0.5,0,0,0,0,0,0,0,0,0,0,1,0,0,0,0,2,0.0,0.5,20.0,30.0,0.0,0.0,,0.5,0.5,1.0
2021,50662,정해영,KIA,HT,4,2.2,64,5,4,34,0,0.556,65 1/3,49,5,28,4,49,18,16,1.18,0,0,0,4,272,1094,0.21,10,0,4,3,1,1,0,0,0,5,58,38,5,6,61,77,0.79,0.242,17.1,16.7,6.75,3.86,1.75,0.302,0.318,0.62
2021,69645,장유호,KIA,HT,5,3.14,9,0,0,0,0,,14 1/3,9,1,13,3,5,6,5,1.53,0,0,0,0,67,244,0.176,2,0,0,0,0,1,0,0,0,0,5,0,0,1,19,18,1.06,0.178,27.1,17.0,3.14,8.16,0.38,0.373,0.275,0.648
2021,63950,장현식,KIA,HT,6,3.29,69,1,5,1,34,0.167,76 2/3,67,7,42,3,80,28,28,1.42,0,0,0,5,336,1307,0.238,7,1,7,2,1,8,0,0,0,1,5,40,0,3,57,80,0.71,0.305,18.9,17.0,9.39,4.93,1.9,0.34,0.344,0.684
2021,50636,브룩스,KIA,HT,7,3.35,13,3,5,0,0,0.375,78,93,4,16,1,55,34,29,1.4,0,0,8,0,333,1219,0.298,12,1,2,2,0,0,0,13,3,0,0,0,0,13,110,56,1.96,0.349,93.8,15.6,6.35,1.85,3.44,0.332,0.381,0.713
2021,66609,전상현,KIA,HT,8,3.46,15,1,0,0,7,1.0,13,15,1,6,0,8,6,5,1.62,0,0,0,1,59,247,0.288,3,0,1,0,0,1,0,0,0,1,0,9,0,1,6,23,0.26,0.326,16.5,19.0,5.54,4.15,1.33,0.362,0.404,0.766
2021,51665,장민기,KIA,HT,9,3.47,21,2,1,0,2,0.667,23 1/3,13,1,29,4,22,11,9,1.8,0,0,0,1,114,496,0.169,3,1,2,2,0,2,0,0,0,2,7,1,0,1,10,34,0.29,0.214,23.6,21.3,8.49,11.19,0.76,0.411,0.273,0.684
2021,51619,멩덴,KIA,HT,10,3.6,21,8,3,0,0,0.727,120,109,12,35,8,104,53,48,1.2,0,0,10,0,502,1977,0.242,18,2,3,6,0,2,3,21,8,0,0,0,0,7,111,132,0.84,0.285,94.1,16.5,7.8,2.63,2.97,0.305,0.371,0.676
2021,51648,이의리,KIA,HT,11,3.61,19,4,5,0,0,0.444,94 2/3,69,6,56,2,93,42,38,1.32,0,0,4,0,404,1643,0.204,11,0,4,4,0,5,0,19,4,0,0,0,0,6,79,101,0.78,0.259,86.5,17.4,8.84,5.32,1.66,0.318,0.29,0.608
2021,64580,김재열,KIA,HT,12,3.86,24,1,0,0,0,1.0,32 2/3,28,4,18,4,18,18,14,1.41,0,0,0,0,152,568,0.231,4,0,5,4,0,1,2,0,0,1,10,1,0,1,26,53,0.49,0.233,23.7,17.4,4.96,4.96,1.0,0.34,0.364,0.704
2021,68619,윤중현,KIA,HT,13,3.92,30,5,6,0,2,0.455,82 2/3,91,7,31,14,33,44,36,1.48,0,0,1,0,373,1415,0.284,7,1,3,5,0,2,0,13,4,1,6,0,0,15,121,80,1.51,0.295,47.2,17.1,3.59,3.38,1.06,0.368,0.378,0.746
2021,61666,한승혁,KIA,HT,14,4.56,8,0,3,0,0,0.0,23 2/3,25,0,10,2,17,15,12,1.48,0,0,0,0,103,404,0.281,5,1,1,1,0,2,0,5,0,0,2,0,0,6,28,20,1.4,0.342,50.5,17.1,6.46,3.8,1.7,0.363,0.36,0.723
2021,78247,홍상삼,KIA,HT,15,4.75,49,4,1,0,12,0.8,36,33,6,19,3,33,19,19,1.44,0,0,0,0,160,606,0.248,9,0,1,4,2,4,0,0,0,4,3,7,0,2,23,48,0.48,0.276,12.4,16.8,8.25,4.75,1.74,0.346,0.451,0.797
2021,62754,임기영,KIA,HT,16,4.88,28,8,8,0,0,0.5,153,155,15,45,11,129,85,83,1.31,0,0,13,0,662,2522,0.262,29,1,6,8,0,6,2,28,8,0,0,0,0,5,146,170,0.86,0.307,90.1,16.5,7.59,2.65,2.87,0.322,0.39,0.712
2021,51636,다카하시,KIA,HT,17,4.91,7,1,3,0,0,0.25,36 2/3,46,4,12,4,46,22,20,1.58,0,0,2,0,168,661,0.309,4,0,1,2,0,4,0,7,1,0,0,0,0,3,23,36,0.64,0.416,94.4,18.0,11.29,2.95,3.83,0.371,0.416,0.787
2021,66630,김현준,KIA,HT,18,5.49,19,0,1,0,2,0.0,19 2/3,15,4,12,0,19,13,12,1.37,0,0,0,0,83,367,0.221,1,0,3,0,0,0,0,0,0,0,7,2,0,1,6,28,0.21,0.244,19.3,18.7,8.69,5.49,1.58,0.338,0.412,0.75
2021,65665,이준영,KIA,HT,19,5.55,50,3,2,1,9,0.6,35 2/3,30,3,19,0,26,25,22,1.37,0,0,0,1,159,645,0.221,5,0,2,2,1,3,0,1,0,3,4,8,0,2,42,40,1.05,0.248,12.9,18.1,6.56,4.79,1.37,0.312,0.324,0.636
2021,63628,고영창,KIA,HT,20,5.79,24,0,2,0,6,0.0,23 1/3,30,0,10,2,6,19,15,1.71,0,0,0,1,108,412,0.316,6,0,1,0,0,0,0,0,0,0,1,2,0,7,39,20,1.95,0.337,17.2,17.7,2.31,3.86,0.6,0.393,0.379,0.772
2021,63638,박준표,KIA,HT,21,5.91,32,2,4,0,4,0.333,32,42,3,17,9,18,24,21,1.84,0,0,0,2,158,571,0.326,9,1,2,1,0,0,0,0,0,2,2,7,0,5,36,34,1.06,0.358,17.8,17.8,5.06,4.78,1.06,0.436,0.481,0.917
2021,67646,박진태,KIA,HT,22,5.95,59,3,3,0,9,0.5,65,68,6,36,13,45,44,43,1.6,0,0,0,0,305,1261,0.272,10,0,2,4,0,5,0,0,0,3,10,9,0,7,72,69,1.04,0.305,21.4,19.4,6.23,4.98,1.25,0.386,0.384,0.77
2021,66663,서덕원,KIA,HT,23,7.44,24,1,0,0,1,1.0,32 2/3,36,7,14,0,24,28,27,1.53,0,0,0,0,148,620,0.277,8,1,2,2,0,5,0,0,0,1,8,2,0,1,28,44,0.64,0.287,25.8,19.0,6.61,3.86,1.71,0.342,0.515,0.857
2021,51668,이승재,KIA,HT,24,7.5,25,2,1,0,5,0.667,24,26,5,18,3,17,20,20,1.83,0,0,0,1,118,486,0.286,2,0,4,2,0,3,1,0,0,2,1,6,0,0,18,32,0.56,0.296,19.4,20.3,6.38,6.75,0.94,0.412,0.473,0.885
2021,64615,차명진,KIA,HT,25,7.59,4,0,1,0,0,0.0,10 2/3,12,1,13,1,6,9,9,2.34,0,0,0,0,57,218,0.286,3,0,0,1,0,0,0,3,0,0,0,0,0,1,10,15,0.67,0.306,54.5,20.4,5.06,10.97,0.46,0.456,0.429,0.885
2021,68659,김유신,KIA,HT,26,7.62,15,2,6,0,0,0.25,54 1/3,63,11,35,2,29,47,46,1.8,0,0,0,0,249,991,0.3,12,1,0,2,0,0,0,11,2,0,1,0,0,9,57,63,0.9,0.302,66.1,18.2,4.8,5.8,0.83,0.402,0.524,0.926
2021,69516,김현수,KIA,HT,27,7.88,17,1,4,0,0,0.2,45 2/3,57,8,36,3,27,43,40,2.04,0,0,0,0,229,890,0.305,16,0,2,1,0,1,0,8,0,1,7,0,0,3,38,66,0.58,0.32,52.4,19.5,5.32,7.09,0.75,0.423,0.519,0.942
2021,65616,이민우,KIA,HT,28,8.05,16,1,6,0,0,0.143,57,78,8,31,5,28,53,51,1.91,1,0,1,0,275,1039,0.329,12,3,0,2,0,2,1,12,1,0,1,0,0,8,72,61,1.18,0.345,64.9,18.2,4.42,4.89,0.9,0.415,0.506,0.921
2021,50650,최용준,KIA,HT,29,14.21,3,0,1,0,0,0.0,6 1/3,11,3,7,1,6,10,10,2.84,0,0,0,0,39,158,0.355,4,1,0,0,0,0,0,2,0,0,0,0,0,0,2,12,0.17,0.364,52.7,24.9,8.53,9.95,0.86,0.487,0.839,1.326
2021,66660,남하준,KIA,HT,30,14.63,5,0,1,0,1,0.0,8,10,2,10,0,5,13,13,2.5,0,0,0,0,44,203,0.323,2,0,0,3,0,1,0,1,0,0,2,0,0,0,4,15,0.27,0.296,40.6,25.4,5.63,11.25,0.5,0.455,0.581,1.036
2021,62263,변시원,KIA,HT,31,27.0,1,0,0,0,0,,2/3,1,0,3,1,0,2,2,6.0,0,0,0,0,7,35,0.333,0,0,0,0,0,0,0,0,0,0,0,0,0,0,1,1,1.0,0.333,35.0,52.5,0.0,40.5,0.0,0.714,0.333,1.047
2021,61700,강경학,KIA,HT,32,54.0,1,0,0,0,0,,2/3,3,0,2,1,0,4,4,7.5,0,0,0,0,8,28,0.6,1,0,0,0,0,0,0,0,0,0,0,0,0,0,1,1,1.0,0.6,28.0,42.0,0.0,27.0,0.0,0.75,0.8,1.55
2021,51294,김도윤,두산,OB,1,0.0,1,0,0,0,0,,1,0,0,0,0,2,0,0,0.0,0,0,0,0,3,17,0.0,0,0,0,0,0,0,0,0,0,0,0,0,0,0,0,1,0.0,0.0,17.0,17.0,18.0,0.0,,0.0,0.0,0.0
2021,62951,이형범,두산,OB,1,0.0,4,0,0,0,0,,2 2/3,2,0,5,1,2,2,0,2.63,0,0,0,0,16,68,0.2,0,0,0,0,0,0,0,0,0,0,2,0,0,0,5,1,5.0,0.25,17.0,25.5,6.75,16.88,0.4,0.5,0.2,0.7
2021,50298,최세창,두산,OB,1,0.0,1,0,0,0,0,,1 1/3,1,0,1,0,0,0,0,1.5,0,0,0,0,5,17,0.25,0,0,0,0,0,0,0,0,0,0,1,0,0,1,2,1,2.0,0.25,17.0,12.8,0.0,6.75,0.0,0.4,0.25,0.65
2021,76329,이현승,두산,OB,4,1.93,38,5,1,0,7,0.833,23 1/3,16,1,6,0,20,6,5,0.94,0,0,0,1,90,339,0.195,2,0,0,2,1,0,0,0,0,5,1,8,0,2,17,31,0.55,0.238,8.9,14.5,7.71,2.31,3.33,0.244,0.256,0.5
2021,77263,김강률,두산,OB,5,2.09,50,3,0,21,3,1.0,51 2/3,54,2,25,1,41,15,12,1.53,0,0,0,7,230,838,0.271,7,2,2,3,4,4,0,0,0,3,43,30,2,7,53,54,0.98,0.327,16.8,16.2,7.14,4.35,1.64,0.351,0.357,0.708
2021,51257,미란다,두산,OB,6,2.33,28,14,5,0,0,0.737,173 2/3,135,11,63,1,225,49,45,1.14,1,1,21,0,709,2918,0.212,21,1,3,4,0,7,1,28,14,0,1,0,0,6,101,181,0.56,0.305,104.2,16.8,11.66,3.26,3.57,0.282,0.299,0.581
2021,50203,권휘,두산,OB,7,2.66,24,0,0,0,1,,20 1/3,16,0,14,2,15,6,6,1.48,0,0,0,0,92,407,0.219,3,0,1,2,0,3,0,0,0,0,7,2,0,2,19,25,0.76,0.267,17.0,20.0,6.64,6.2,1.07,0.352,0.26,0.612
2021,61643,홍건희,두산,OB,8,2.78,65,6,6,3,17,0.5,74 1/3,65,3,27,0,82,23,23,1.24,0,0,0,5,303,1272,0.239,11,0,2,2,0,7,1,0,0,6,11,29,1,6,69,58,1.19,0.328,19.6,17.1,9.93,3.27,3.04,0.306,0.313,0.619
2021,51234,로켓,두산,OB,9,2.98,21,9,9,0,0,0.5,124,132,5,42,12,112,44,41,1.4,1,0,14,0,540,2019,0.277,20,2,5,4,1,1,1,21,9,0,1,0,0,14,160,77,2.08,0.349,96.1,16.3,8.13,3.05,2.67,0.348,0.358,0.706
2021,67263,최원준,두산,OB,10,3.3,29,12,4,0,0,0.75,158 1/3,160,15,37,10,113,65,58,1.24,0,0,15,0,673,2677,0.26,31,4,6,4,1,0,0,29,12,0,0,0,0,4,117,230,0.51,0.295,92.3,16.9,6.42,2.1,3.05,0.31,0.396,0.706
2021,64805,이승진,두산,OB,11,3.91,47,1,4,2,13,0.2,48 1/3,41,3,31,2,28,24,21,1.49,0,0,0,0,210,834,0.238,3,0,3,2,2,2,2,0,0,1,9,15,1,5,48,57,0.84,0.266,17.7,17.3,5.21,5.77,0.9,0.357,0.308,0.665
2021,51264,최승용,두산,OB,12,3.93,15,0,0,0,2,,18 1/3,20,3,10,1,16,10,8,1.64,0,0,0,0,83,340,0.286,3,1,1,1,0,0,0,2,0,0,1,2,0,3,17,18,0.94,0.327,22.7,18.5,7.85,4.91,1.6,0.378,0.486,0.864
2021,67266,박치국,두산,OB,13,4.09,23,2,1,0,8,0.667,22,21,2,11,1,20,11,10,1.45,0,0,0,1,95,345,0.273,5,0,6,0,3,1,0,0,0,2,3,8,0,2,23,13,1.77,0.345,15.0,15.7,8.18,4.5,1.82,0.371,0.416,0.787
2021,68220,곽빈,두산,OB,14,4.1,21,4,7,0,0,0.364,98 2/3,78,7,79,12,96,50,45,1.59,0,0,1,0,455,1877,0.221,17,3,8,3,0,6,1,21,4,0,0,0,0,4,57,125,0.46,0.281,89.4,19.0,8.76,7.21,1.22,0.378,0.346,0.724
2021,67246,김명신,두산,OB,15,4.3,58,3,2,0,2,0.6,67,72,6,14,6,43,37,32,1.28,0,0,0,1,289,1092,0.279,14,3,5,6,1,1,0,1,0,3,11,8,0,7,79,70,1.13,0.307,18.8,16.3,5.78,1.88,3.07,0.324,0.426,0.75
2021,62242,윤명준,두산,OB,16,4.73,45,1,0,0,1,1.0,45 2/3,53,3,20,4,26,28,24,1.6,0,0,0,0,208,760,0.303,6,0,6,3,2,1,1,0,0,1,14,3,0,6,45,54,0.83,0.336,16.9,16.6,5.12,3.94,1.3,0.381,0.389,0.77
2021,50205,박웅,두산,OB,17,5.4,10,0,0,0,0,,11 2/3,12,0,4,3,7,7,7,1.37,0,0,0,0,49,179,0.286,1,1,0,0,0,0,0,0,0,0,6,0,0,5,17,6,2.83,0.343,17.9,15.3,5.4,3.09,1.75,0.388,0.357,0.745
2021,63292,박소준,두산,OB,18,5.73,22,0,4,0,0,0.0,59 2/3,69,3,29,3,33,42,38,1.64,0,0,0,0,274,1083,0.292,10,1,0,6,0,3,0,5,0,0,4,1,0,3,63,77,0.82,0.32,49.2,18.2,4.98,4.37,1.14,0.369,0.381,0.75
2021,68200,김민규,두산,OB,19,6.07,31,2,3,0,1,0.4,56 1/3,64,9,28,4,39,40,38,1.63,0,0,0,0,262,1009,0.282,10,0,0,3,0,3,0,6,0,2,7,3,0,3,39,88,0.44,0.302,32.5,17.9,6.23,4.47,1.39,0.366,0.445,0.811
2021,66291,이영하,두산,OB,20,6.29,35,5,6,1,2,0.455,78 2/3,81,9,57,1,53,58,55,1.75,0,0,1,0,364,1381,0.273,18,0,5,4,0,7,0,11,1,4,4,4,0,10,91,76,1.2,0.301,39.5,17.6,6.06,6.52,0.93,0.387,0.424,0.811
2021,67259,문원,두산,OB,21,6.75,2,0,0,0,0,,1 1/3,2,1,2,0,1,1,1,3.0,0,0,0,0,9,44,0.286,0,0,0,0,0,0,0,0,0,0,1,0,0,0,1,3,0.33,0.2,22.0,33.0,6.75,13.5,0.5,0.444,0.714,1.158
2021,74513,장원준,두산,OB,21,6.75,32,0,1,1,4,0.0,18 2/3,20,1,18,2,8,15,14,2.04,0,0,0,0,95,390,0.29,3,0,5,1,0,1,0,0,0,0,2,7,0,1,27,15,1.8,0.311,12.2,20.9,3.86,8.68,0.44,0.444,0.377,0.821
2021,65639,박정수,두산,OB,23,7.42,12,3,3,0,0,0.5,30 1/3,38,5,14,3,26,27,25,1.71,0,0,0,0,143,604,0.304,9,0,0,1,0,2,0,5,3,0,5,1,0,4,31,31,1.0,0.347,50.3,19.9,7.71,4.15,1.86,0.385,0.496,0.881
2021,79229,유희관,두산,OB,24,7.71,15,4,7,0,0,0.364,63,107,10,24,3,23,57,54,2.08,0,0,3,0,314,1184,0.384,14,3,3,5,0,0,0,15,4,0,0,0,0,8,66,88,0.75,0.386,78.9,18.8,3.29,3.43,0.96,0.431,0.563,0.994
2021,69104,남호,두산,OB,25,10.13,5,0,1,0,0,0.0,2 2/3,3,0,3,0,2,3,3,2.25,0,0,0,0,13,56,0.3,1,0,0,0,0,0,0,0,0,0,1,0,0,1,3,2,1.5,0.375,11.2,21.0,6.75,10.13,0.67,0.462,0.4,0.862
2021,66160,유재유,두산,OB,26,10.8,4,0,0,0,0,,3 1/3,4,2,5,0,1,4,4,2.7,0,0,0,0,19,80,0.308,0,0,0,1,0,1,0,0,0,0,2,0,0,0,3,6,0.5,0.182,20.0,24.0,2.7,13.5,0.2,0.474,0.769,1.243
2021,69205,이교훈,두산,OB,26,10.8,11,0,0,0,0,,8 1/3,13,2,3,1,8,10,10,1.92,0,0,0,0,43,166,0.351,3,0,0,2,0,0,0,0,0,0,4,0,0,0,8,10,0.8,0.379,15.1,19.9,8.64,3.24,2.67,0.395,0.595,0.99
2021,50296,조제영,두산,OB,28,10.97,6,0,1,0,0,0.0,10 2/3,18,1,10,1,5,13,13,2.63,0,0,0,0,60,228,0.367,3,0,0,0,1,1,0,1,0,0,3,0,0,2,11,15,0.73,0.395,38.0,21.4,4.22,8.44,0.5,0.483,0.49,0.973
2021,68260,현도훈,두산,OB,29,12.46,5,0,0,0,0,,8 2/3,9,1,13,0,9,12,12,2.54,0,0,0,0,46,208,0.29,1,0,0,2,0,1,0,2,0,0,0,0,0,0,6,9,0.67,0.348,41.6,24.0,9.35,13.5,0.69,0.478,0.419,0.897
2021,66201,고봉재,두산,OB,30,27.0,1,0,0,0,0,,1 1/3,5,1,0,0,0,4,4,3.75,0,0,0,0,8,30,0.625,0,0,0,0,0,0,0,0,0,0,0,0,0,1,1,2,0.5,0.571,30.0,22.5,0.0,0.0,,0.625,1.0,1.625
2021,69367,김인범,키움,WO,1,0.0,3,0,0,0,0,,5 1/3,3,0,1,0,5,0,0,0.75,0,0,0,0,20,85,0.158,1,0,0,0,0,0,0,0,0,0,2,0,0,0,3,8,0.38,0.214,28.3,15.9,8.44,1.69,5.0,0.2,0.211,0.411
2021,69360,조영건,키움,WO,1,0.0,1,0,0,0,0,,1,1,0,2,0,3,0,0,3.0,0,0,0,0,6,25,0.25,0,0,0,0,0,0,0,0,0,0,1,0,0,0,0,0,,1.0,25.0,25.0,27.0,18.0,1.5,0.5,0.25,0.75
2021,69399,윤정현,키움,WO,3,1.46,10,0,0,0,1,,12 1/3,11,0,5,1,7,2,2,1.3,0,0,0,0,53,211,0.239,2,0,1,0,0,0,0,0,0,0,3,0,0,1,19,9,2.11,0.282,21.1,17.1,5.11,3.65,1.4,0.327,0.283,0.61
2021,69343,요키시,키움,WO,4,2.93,31,16,9,0,0,0.64,181 1/3,171,12,46,4,131,71,59,1.2,0,0,17,0,739,2840,0.252,24,0,7,4,2,9,0,31,16,0,0,0,0,30,265,115,2.3,0.295,91.6,15.7,6.5,2.28,2.85,0.302,0.341,0.643
2021,67313,브리검,키움,WO,5,2.95,10,7,3,0,0,0.7,61,49,6,26,4,49,25,20,1.23,0,0,6,0,250,942,0.226,8,0,2,1,0,3,0,10,7,0,0,0,0,8,75,45,1.67,0.264,94.2,15.4,7.23,3.84,1.88,0.319,0.346,0.665
2021,51393,김준형,키움,WO,6,3.14,14,0,0,0,0,,14 1/3,15,2,7,3,8,6,5,1.53,0,0,0,0,67,239,0.263,1,0,0,0,0,1,0,0,0,0,2,0,0,2,13,21,0.62,0.277,17.1,16.7,5.02,4.4,1.14,0.373,0.386,0.759
2021,62360,김태훈,키움,WO,7,3.22,66,4,2,11,15,0.667,64 1/3,60,1,33,1,52,26,23,1.45,0,0,0,5,282,1100,0.249,10,0,2,5,2,3,1,0,0,4,20,25,1,7,73,61,1.2,0.306,16.7,17.1,7.27,4.62,1.58,0.336,0.303,0.639
2021,68341,안우진,키움,WO,8,3.26,21,8,8,0,0,0.5,107 2/3,88,13,41,7,110,47,39,1.2,0,0,8,0,450,1867,0.22,15,1,2,0,1,5,1,21,8,0,0,0,0,6,93,109,0.85,0.271,88.9,17.3,9.2,3.43,2.68,0.304,0.36,0.664
2021,67828,김성민,키움,WO,9,3.28,47,2,3,1,11,0.4,46 2/3,43,4,35,6,36,21,17,1.67,0,0,0,4,218,886,0.251,7,0,4,2,2,1,0,0,0,2,6,18,0,9,59,35,1.69,0.293,18.9,19.0,6.94,6.75,1.03,0.393,0.363,0.756
2021,63342,조상우,키움,WO,10,3.48,44,6,5,15,5,0.545,44,30,4,19,2,47,18,17,1.11,0,0,0,0,187,756,0.183,5,0,0,1,2,2,0,0,0,6,26,20,2,1,35,53,0.66,0.228,17.2,17.2,9.61,3.89,2.47,0.274,0.287,0.561
2021,67391,김재웅,키움,WO,11,3.54,51,0,1,1,11,0.0,53 1/3,49,5,33,1,47,24,21,1.54,0,0,0,0,243,1015,0.239,2,0,2,2,3,2,0,0,0,0,9,13,0,3,43,68,0.63,0.284,19.9,19.0,7.93,5.57,1.42,0.344,0.322,0.666
2021,62363,한현희,키움,WO,12,3.89,18,6,2,0,1,0.75,85 2/3,86,4,30,6,61,42,37,1.35,0,0,5,0,372,1400,0.257,20,0,1,1,0,3,0,15,5,1,0,0,0,7,94,94,1.0,0.304,77.8,16.3,6.41,3.15,2.03,0.329,0.353,0.682
2021,78148,정찬헌,키움,WO,13,4.01,23,9,5,0,0,0.643,114 1/3,133,6,27,6,59,55,51,1.4,1,1,11,0,497,1858,0.29,23,2,3,3,0,3,0,23,9,0,1,0,0,11,138,131,1.05,0.321,80.8,16.3,4.64,2.13,2.19,0.336,0.389,0.725
2021,66305,박승주,키움,WO,14,4.15,3,0,0,0,0,,4 1/3,3,0,3,0,1,2,2,1.38,0,0,0,0,18,82,0.2,1,0,0,0,0,0,0,0,0,0,1,0,0,1,3,8,0.38,0.214,27.3,18.9,2.08,6.23,0.33,0.333,0.267,0.6
2021,65320,최원태,키움,WO,15,4.58,28,9,11,0,0,0.45,143 1/3,163,11,53,10,93,89,73,1.51,0,0,11,0,643,2423,0.287,21,3,7,5,2,3,0,28,9,0,0,0,0,13,157,160,0.98,0.324,86.5,16.9,5.84,3.33,1.75,0.355,0.393,0.748
2021,61268,양현,키움,WO,16,4.69,45,1,2,0,5,0.333,48,59,3,26,1,22,31,25,1.77,0,0,0,0,225,887,0.312,11,0,4,5,4,1,0,0,0,1,9,9,0,4,58,55,1.05,0.331,19.7,18.5,4.13,4.88,0.85,0.389,0.418,0.807
2021,69328,박주성,키움,WO,17,4.91,13,0,1,0,0,0.0,18 1/3,24,1,9,2,12,11,10,1.8,0,0,0,0,89,303,0.316,1,0,0,2,0,1,0,0,0,0,7,1,0,1,20,22,0.91,0.354,23.3,16.5,5.89,4.42,1.33,0.393,0.368,0.761
2021,50360,김동혁,키움,WO,18,5.05,40,0,5,1,0,0.0,82,89,5,34,14,30,51,46,1.5,0,0,1,0,367,1331,0.29,21,0,6,6,4,0,1,8,0,0,10,4,0,14,108,86,1.26,0.302,33.3,16.2,3.29,3.73,0.88,0.38,0.407,0.787
2021,51301,김성진,키움,WO,19,5.18,46,1,3,0,2,0.25,41 2/3,40,4,23,0,31,30,24,1.51,0,0,0,2,188,707,0.258,13,0,5,5,2,3,0,0,0,1,11,5,0,4,42,47,0.89,0.288,15.4,17.0,6.7,4.97,1.35,0.344,0.419,0.763
2021,60336,문성현,키움,WO,20,5.4,4,0,0,0,0,,3 1/3,3,0,6,0,3,2,2,2.7,0,0,0,0,18,85,0.25,2,0,0,0,0,1,0,0,0,0,3,0,0,1,3,3,1.0,0.333,21.3,25.5,8.1,16.2,0.5,0.5,0.417,0.917
2021,67603,이승호,키움,WO,21,5.51,38,1,3,0,5,0.25,47 1/3,55,4,31,1,37,39,29,1.82,0,0,0,1,224,830,0.296,7,1,5,1,2,8,0,3,0,1,5,8,0,5,43,52,0.83,0.349,21.8,17.5,7.04,5.89,1.19,0.397,0.409,0.806
2021,51334,스미스,키움,WO,22,6.3,2,1,0,0,0,1.0,10,9,1,5,0,5,7,7,1.4,0,0,1,0,43,180,0.237,2,0,0,0,0,0,0,2,1,0,0,0,0,1,14,10,1.4,0.25,90.0,18.0,4.5,4.5,1.0,0.326,0.368,0.694
2021,66018,김선기,키움,WO,23,6.52,21,3,2,0,0,0.6,48 1/3,53,5,22,7,25,38,35,1.55,0,0,2,1,224,863,0.277,12,0,1,3,0,4,1,7,1,2,5,1,0,4,43,73,0.59,0.293,41.1,17.9,4.66,4.1,1.14,0.368,0.419,0.787
2021,65392,김정인,키움,WO,24,7.11,11,1,2,0,0,0.333,31 2/3,34,6,18,2,21,26,25,1.64,0,0,0,0,151,608,0.264,6,1,1,1,0,2,0,6,1,0,1,1,0,2,33,42,0.79,0.272,55.3,19.2,5.97,5.12,1.17,0.36,0.465,0.825
2021,50393,김동욱,키움,WO,25,9.0,3,0,0,0,0,,3,7,2,1,0,2,3,3,2.67,0,0,0,0,16,55,0.467,0,1,0,0,0,0,0,0,0,0,3,0,0,1,1,5,0.2,0.455,18.3,18.3,6.0,3.0,2.0,0.5,1.0,1.5
2021,51359,장재영,키움,WO,26,9.17,19,0,1,0,0,0.0,17 2/3,15,0,24,3,14,18,18,2.21,0,0,0,1,92,410,0.238,5,0,1,1,0,5,0,2,0,0,3,1,0,2,18,17,1.06,0.3,21.6,23.2,7.13,12.23,0.58,0.462,0.317,0.779
2021,74359,오주원,키움,WO,27,9.31,22,1,1,1,0,0.5,19 1/3,35,3,4,0,11,20,20,2.02,0,0,0,2,94,337,0.398,8,0,2,0,1,1,0,0,0,1,11,3,0,1,15,27,0.56,0.432,15.3,17.4,5.12,1.86,2.75,0.424,0.591,1.015
2021,65398,임규빈,키움,WO,28,10.38,5,0,0,0,0,,8 2/3,13,3,4,0,6,10,10,1.96,0,0,0,0,43,154,0.333,6,0,0,0,0,0,0,0,0,0,4,1,0,0,9,11,0.82,0.333,30.8,17.8,6.23,4.15,1.5,0.395,0.718,1.113
2021,50354,이종민,키움,WO,29,23.14,2,0,0,0,0,,2 1/3,4,1,7,0,3,6,6,4.71,0,0,0,0,17,70,0.444,0,0,0,1,0,0,0,0,0,0,1,0,0,1,1,2,0.5,0.5,35.0,30.0,11.57,27.0,0.43,0.647,0.778,1.425
2021,50397,박관진,키움,WO,30,81.0,2,0,0,0,0,,2/3,5,0,3,1,0,9,6,12.0,0,0,0,0,12,43,0.625,1,0,0,0,0,0,0,0,0,0,0,0,0,0,1,2,0.5,0.625,21.5,64.5,0.0,40.5,0.0,0.75,0.75,1.5
2022,52140,김주완,LG,LG,1,0.0,1,0,0,0,0,,1,1,0,1,0,0,0,0,2.0,0,0,0,0,5,12,0.333,0,0,1,0,0,0,0,0,0,0,1,0,0,0,2,0,,0.333,12.0,12.0,0.0,9.0,0.0,0.5,0.333,0.833
2022,52149,조원태,LG,LG,1,0.0,2,0,0,0,0,,4,1,0,2,1,0,0,0,0.75,0,0,0,0,14,65,0.091,0,0,0,0,0,0,0,0,0,0,1,0,0,2,7,3,2.33,0.091,32.5,16.3,0.0,4.5,0.0,0.286,0.091,0.377
2022,65241,채원후,LG,LG,1,0.0,3,0,0,0,1,,3,1,0,0,1,2,0,0,0.33,0,0,0,0,10,29,0.111,0,0,0,0,0,0,0,0,0,0,1,1,0,2,5,1,5.0,0.143,9.7,9.7,6.0,0.0,,0.2,0.111,0.311
2022,67119,고우석,LG,LG,4,1.48,61,4,2,42,0,0.667,60 2/3,37,6,21,1,80,12,10,0.96,0,0,0,2,240,970,0.173,7,1,3,1,4,5,0,0,0,4,57,44,2,3,50,48,1.04,0.24,15.9,16.0,11.87,3.12,3.81,0.249,0.299,0.548
2022,61145,이우찬,LG,LG,5,1.81,36,5,0,0,2,1.0,44 2/3,29,2,21,1,42,10,9,1.12,0,0,0,0,182,710,0.185,4,0,2,1,1,4,0,0,0,5,4,3,0,4,57,30,1.9,0.237,19.7,15.9,8.46,4.23,2.0,0.283,0.248,0.531
2022,68130,김영준,LG,LG,6,1.86,2,0,0,0,0,,9 2/3,8,1,4,3,7,2,2,1.24,0,0,1,0,43,136,0.229,2,0,1,0,0,1,0,2,0,0,0,0,0,2,10,10,1.0,0.259,68.0,14.1,6.52,3.72,1.75,0.357,0.371,0.728
2022,60337,김대유,LG,LG,7,2.04,59,2,1,0,13,0.667,39 2/3,35,2,15,8,36,11,9,1.26,0,0,0,0,172,694,0.238,6,2,2,0,3,0,0,0,0,2,4,18,0,4,33,43,0.77,0.303,11.8,17.5,8.17,3.4,2.4,0.341,0.347,0.688
2022,63248,함덕주,LG,LG,8,2.13,13,0,0,0,0,,12 2/3,9,0,11,1,13,3,3,1.58,0,0,0,0,58,237,0.214,2,0,2,2,0,0,0,0,0,0,2,2,0,1,10,12,0.83,0.29,18.2,18.7,9.24,7.82,1.18,0.375,0.262,0.637
2022,62146,최성훈,LG,LG,9,2.16,45,0,0,0,6,,33 1/3,23,1,13,3,22,10,8,1.08,0,0,0,0,139,487,0.195,4,2,4,1,2,2,0,0,0,0,5,7,0,2,46,28,1.64,0.229,10.8,14.6,5.94,3.51,1.69,0.289,0.288,0.577
2022,63145,배재준,LG,LG,10,2.3,17,0,1,0,0,0.0,31 1/3,22,0,15,4,23,11,8,1.18,0,0,0,0,129,551,0.202,4,2,0,1,0,0,0,5,0,0,7,1,0,3,26,39,0.67,0.253,32.4,17.6,6.61,4.31,1.53,0.318,0.275,0.593
2022,52145,플럿코,LG,LG,11,2.39,28,15,5,0,0,0.75,162,125,13,38,2,149,53,43,1.01,0,0,18,0,644,2578,0.21,18,2,4,5,2,5,0,28,15,0,0,0,0,14,105,221,0.48,0.256,92.1,15.9,8.28,2.11,3.92,0.258,0.313,0.571
2022,76650,진해수,LG,LG,12,2.4,64,4,0,0,12,1.0,45,39,1,11,1,35,13,12,1.11,0,0,0,1,180,696,0.238,6,3,3,1,0,2,0,0,0,4,7,16,0,3,47,44,1.07,0.295,10.9,15.5,7.0,2.2,3.18,0.288,0.329,0.617
2022,67116,오석주,LG,LG,13,2.45,4,0,0,0,0,,3 2/3,4,1,0,0,2,1,1,1.09,0,0,0,0,15,48,0.267,0,1,0,0,0,0,0,0,0,0,2,0,0,0,5,4,1.25,0.25,12.0,13.1,4.91,0.0,,0.267,0.6,0.867
2022,69103,켈리,LG,LG,14,2.54,27,16,4,0,0,0.8,166 1/3,144,10,35,2,153,50,47,1.08,0,0,19,0,664,2515,0.232,10,4,2,4,0,3,0,27,16,0,0,0,0,14,179,149,1.2,0.29,93.1,15.1,8.28,1.89,4.37,0.273,0.309,0.582
2022,69159,정우영,LG,LG,15,2.64,67,2,3,0,35,0.4,58,48,3,32,6,40,18,17,1.38,0,0,0,4,248,934,0.23,3,2,0,1,5,0,0,0,0,2,3,35,0,14,100,22,4.55,0.269,13.9,16.1,6.21,4.97,1.25,0.347,0.306,0.653
2022,75867,김진성,LG,LG,16,3.1,67,6,3,0,12,0.667,58,44,6,22,1,54,21,20,1.14,0,0,0,2,236,919,0.212,6,1,3,2,3,2,0,0,0,6,12,17,0,2,37,75,0.49,0.253,13.7,15.8,8.38,3.41,2.45,0.288,0.337,0.625
2022,50157,김윤식,LG,LG,17,3.31,23,8,5,0,0,0.615,114 1/3,125,5,27,1,81,46,42,1.33,0,0,11,0,483,1793,0.28,22,1,6,3,2,4,0,23,8,0,0,0,0,14,145,98,1.48,0.331,78.0,15.7,6.38,2.13,3.0,0.321,0.368,0.689
2022,69134,이정용,LG,LG,18,3.34,65,4,4,1,22,0.5,59 1/3,53,3,18,2,40,26,22,1.2,0,0,0,5,250,979,0.239,12,1,4,4,3,3,0,0,0,4,7,28,0,3,41,92,0.45,0.273,15.1,16.5,6.07,2.73,2.22,0.297,0.342,0.639
2022,51143,강효종,LG,LG,19,3.6,1,1,0,0,0,1.0,5,5,0,4,0,4,2,2,1.8,0,0,0,0,22,87,0.294,0,0,1,0,0,0,0,1,1,0,0,0,0,1,5,3,1.67,0.385,87.0,17.4,7.2,7.2,1.0,0.429,0.294,0.723
2022,73801,송은범,LG,LG,20,4.05,25,1,1,0,2,0.5,26 2/3,29,3,10,0,13,13,12,1.46,0,0,0,0,116,452,0.282,3,0,2,1,0,0,0,0,0,1,4,1,0,5,40,22,1.82,0.295,18.1,17.0,4.39,3.38,1.3,0.342,0.398,0.74
2022,79140,최동환,LG,LG,21,4.14,47,0,1,0,0,0.0,50,45,5,17,1,30,23,23,1.24,0,0,0,0,210,792,0.239,7,1,1,3,0,3,0,0,0,0,16,3,0,3,40,76,0.53,0.256,16.9,15.8,5.4,3.06,1.76,0.301,0.367,0.668
2022,69108,이지강,LG,LG,22,4.91,4,0,0,0,0,,11,12,0,13,0,6,6,6,2.27,0,0,0,0,56,220,0.286,2,0,0,1,0,1,0,1,0,0,2,0,0,1,9,16,0.56,0.324,55.0,20.0,4.91,10.64,0.46,0.446,0.333,0.779
2022,67143,손주영,LG,LG,23,4.97,3,0,1,0,0,0.0,12 2/3,10,0,8,3,8,7,7,1.42,0,0,1,0,58,241,0.222,3,1,0,2,0,0,0,3,0,0,0,0,0,1,15,14,1.07,0.256,80.3,19.0,5.68,5.68,1.0,0.362,0.333,0.695
2022,61101,임찬규,LG,LG,24,5.04,23,6,11,0,0,0.353,103 2/3,113,10,39,7,75,60,58,1.47,0,0,3,0,459,1692,0.281,13,3,5,6,0,3,0,23,6,0,0,0,0,6,93,127,0.73,0.319,73.6,16.3,6.51,3.39,1.92,0.35,0.403,0.753
2022,51111,송승기,LG,LG,25,5.4,7,0,1,0,0,0.0,8 1/3,9,1,6,0,10,5,5,1.8,0,0,0,0,40,179,0.265,2,0,0,0,0,1,0,0,0,0,2,0,0,0,8,7,1.14,0.348,25.6,21.5,10.8,6.48,1.67,0.375,0.412,0.787
2022,50126,이민호,LG,LG,26,5.51,26,12,8,0,0,0.6,119 1/3,146,14,43,7,73,77,73,1.58,0,0,5,0,540,2103,0.305,23,5,6,6,0,9,0,26,12,0,0,0,0,11,135,130,1.04,0.332,80.9,17.6,5.51,3.24,1.7,0.367,0.462,0.829
2022,69113,임준형,LG,LG,27,6.0,10,1,3,0,1,0.25,30,36,2,14,3,26,22,20,1.67,0,0,1,0,140,520,0.3,4,0,3,0,0,1,0,5,0,1,1,0,0,3,33,25,1.32,0.37,52.0,17.3,7.8,4.2,1.86,0.387,0.383,0.77
2022,52119,허준혁,LG,LG,28,9.64,6,0,0,0,0,,4 2/3,11,3,2,0,4,6,5,2.79,0,0,0,0,27,95,0.44,1,1,0,0,0,0,0,0,0,0,3,0,0,1,7,3,2.33,0.444,15.8,20.4,7.71,3.86,2.0,0.481,0.92,1.401
2022,65109,백승현,LG,LG,29,10.8,12,0,1,0,1,0.0,10,15,2,9,0,3,13,12,2.4,0,0,0,1,52,184,0.366,2,1,1,1,2,0,0,0,0,0,3,2,0,2,13,11,1.18,0.351,15.3,18.4,2.7,8.1,0.33,0.471,0.61,1.081
2022,67703,박상원,한화,HH,1,2.25,14,0,0,0,4,,12,11,0,6,0,16,4,3,1.42,0,0,0,1,53,217,0.256,1,0,1,3,0,1,0,0,0,0,1,6,0,1,10,9,1.11,0.367,15.5,18.1,12.0,4.5,2.67,0.327,0.279,0.606
2022,62611,임준섭,한화,HH,2,2.45,5,0,0,0,0,,3 2/3,5,0,1,1,0,1,1,1.64,0,0,0,0,18,70,0.357,1,0,0,2,0,2,0,0,0,0,1,0,0,0,2,9,0.22,0.313,14.0,19.1,0.0,2.45,0.0,0.389,0.429,0.818
2022,51722,카펜터,한화,HH,3,2.5,4,0,1,0,0,0.0,18,19,1,6,1,15,6,5,1.39,0,0,0,0,79,330,0.268,5,0,0,1,0,1,0,4,0,0,0,0,0,0,23,15,1.53,0.321,82.5,18.3,7.5,3.0,2.5,0.329,0.38,0.709
2022,69213,윤산흠,한화,HH,4,2.67,37,1,1,0,3,0.5,33 2/3,23,1,30,2,46,12,10,1.57,0,0,0,2,155,683,0.189,7,0,1,0,4,6,0,0,0,1,7,3,0,3,31,22,1.41,0.293,18.5,20.3,12.3,8.02,1.53,0.357,0.27,0.627
2022,50815,킹험,한화,HH,5,2.76,3,1,2,0,0,0.333,16 1/3,15,1,5,1,18,6,5,1.22,0,0,2,0,70,286,0.238,2,1,0,1,0,0,0,3,1,0,0,0,0,0,23,8,2.88,0.311,95.3,17.5,9.92,2.76,3.6,0.3,0.349,0.649
2022,74857,정우람,한화,HH,6,2.95,23,0,1,1,7,0.0,18 1/3,23,1,6,0,20,8,6,1.58,0,0,0,0,84,329,0.307,5,0,2,1,1,0,0,0,0,0,5,6,0,0,13,20,0.65,0.4,14.3,17.9,9.82,2.95,3.33,0.354,0.413,0.767
2022,79764,장민재,한화,HH,7,3.55,32,7,8,0,0,0.467,126 2/3,124,15,39,4,75,54,50,1.29,0,0,3,0,531,2117,0.259,18,2,4,5,1,3,0,25,7,0,1,0,0,7,150,135,1.11,0.277,66.2,16.7,5.33,2.77,1.92,0.317,0.399,0.716
2022,52720,페냐,한화,HH,8,3.72,13,5,4,0,0,0.556,67 2/3,63,4,30,4,72,33,28,1.37,0,0,5,0,293,1211,0.247,10,2,3,1,0,4,0,13,5,0,0,0,0,4,69,52,1.33,0.328,93.2,17.9,9.58,3.99,2.4,0.334,0.349,0.683
2022,60140,신정락,한화,HH,9,4.02,44,2,1,1,4,0.667,47,52,4,16,7,23,25,21,1.45,0,0,0,0,215,750,0.278,10,1,1,4,2,2,0,0,0,2,14,2,0,6,61,55,1.11,0.293,17.0,16.0,4.4,3.06,1.44,0.35,0.406,0.756
2022,63961,윤호솔,한화,HH,10,4.04,52,3,5,0,7,0.375,42 1/3,43,2,28,0,33,26,19,1.68,0,0,0,2,199,801,0.256,6,1,2,1,2,3,0,0,0,3,7,9,0,3,39,54,0.72,0.306,15.4,18.9,7.02,5.95,1.18,0.36,0.339,0.699
2022,52707,라미레즈,한화,HH,11,4.13,13,2,6,0,0,0.25,65 1/3,52,4,37,7,47,33,30,1.36,0,0,6,0,285,1164,0.219,6,0,2,1,0,0,1,13,2,0,0,0,0,7,75,64,1.17,0.257,89.5,17.8,6.47,5.1,1.27,0.34,0.295,0.635
2022,50705,강재민,한화,HH,12,4.21,56,4,8,7,7,0.333,51 1/3,44,7,29,4,39,26,24,1.42,0,0,0,5,232,911,0.228,5,1,5,1,8,1,0,0,0,4,24,18,0,1,57,54,1.06,0.25,16.3,17.7,6.84,5.08,1.34,0.339,0.373,0.712
2022,65764,김민우,한화,HH,13,4.36,29,6,11,0,0,0.353,163,143,16,84,8,129,82,79,1.39,1,0,13,0,711,2752,0.237,40,1,11,4,8,13,0,29,6,0,1,0,0,16,155,181,0.86,0.274,94.9,16.9,7.12,4.64,1.54,0.336,0.386,0.722
2022,65769,김범수,한화,HH,14,4.36,78,3,7,0,27,0.3,66,64,5,35,3,58,36,32,1.5,0,0,0,5,289,1137,0.261,13,0,5,1,5,2,0,0,0,3,5,29,0,4,70,54,1.3,0.322,14.6,17.2,7.91,4.77,1.66,0.359,0.376,0.735
2022,77318,장시환,한화,HH,15,4.38,64,0,5,14,9,0.0,63 2/3,57,4,33,1,67,37,31,1.41,0,0,0,5,280,1182,0.239,14,2,7,1,4,2,0,0,0,0,30,30,1,5,61,54,1.13,0.315,18.5,18.6,9.47,4.66,2.03,0.333,0.366,0.699
2022,63765,김종수,한화,HH,16,4.4,52,3,4,1,6,0.429,45,39,5,21,2,45,30,22,1.33,0,0,0,3,197,823,0.236,15,1,4,5,1,1,1,0,0,3,9,8,0,1,35,51,0.69,0.283,15.8,18.3,9.0,4.2,2.14,0.321,0.43,0.751
2022,69762,박윤철,한화,HH,17,4.59,11,0,3,0,0,0.0,33 1/3,41,5,23,2,16,22,17,1.92,0,0,0,0,164,643,0.301,7,0,1,2,0,2,1,7,0,0,2,0,0,1,40,41,0.98,0.308,58.5,19.3,4.32,6.21,0.7,0.405,0.463,0.868
2022,51713,김규연,한화,HH,18,5.27,12,0,0,0,1,,13 2/3,16,2,12,0,11,11,8,2.05,0,0,0,0,70,296,0.281,5,0,0,1,0,2,0,0,0,0,4,0,0,1,14,17,0.82,0.311,24.7,21.7,7.24,7.9,0.92,0.4,0.474,0.874
2022,66741,김재영,한화,HH,19,5.4,30,0,2,0,1,0.0,30,33,1,12,7,16,25,18,1.5,0,0,0,0,137,533,0.292,13,0,1,4,2,2,0,1,0,0,6,1,0,3,38,30,1.27,0.32,17.8,17.8,4.8,3.6,1.33,0.382,0.434,0.816
2022,52701,문동주,한화,HH,20,5.65,13,1,3,0,2,0.25,28 2/3,28,5,14,1,36,19,18,1.47,0,0,0,0,127,482,0.255,5,1,1,1,0,2,1,4,1,0,1,3,0,5,33,14,2.36,0.329,37.1,16.8,11.3,4.4,2.57,0.341,0.455,0.796
2022,51715,김기중,한화,HH,21,6.0,5,0,2,0,0,0.0,12,14,4,11,1,8,10,8,2.08,0,0,0,0,63,248,0.292,2,0,1,2,0,0,0,3,0,0,0,0,0,0,13,15,0.87,0.263,49.6,20.7,6.0,8.25,0.73,0.419,0.583,1.002
2022,61156,송윤준,한화,HH,22,6.23,3,0,0,0,0,,4 1/3,3,0,2,2,3,3,3,1.15,0,0,0,0,21,72,0.188,0,1,1,0,0,0,0,0,0,0,1,0,0,0,3,7,0.43,0.231,24.0,16.6,6.23,4.15,1.5,0.35,0.313,0.663
2022,65616,이민우,한화,HH,23,6.25,25,1,1,0,0,0.5,44 2/3,60,3,17,3,23,33,31,1.72,0,0,0,0,206,807,0.324,9,2,0,1,0,1,0,5,1,0,1,0,0,4,49,54,0.91,0.356,32.3,18.1,4.63,3.43,1.35,0.388,0.443,0.831
2022,50726,한승주,한화,HH,24,6.32,7,0,0,0,0,,15 2/3,25,0,4,3,12,11,11,1.85,0,0,0,0,76,277,0.368,3,0,0,1,0,0,0,2,0,0,0,0,0,1,19,13,1.46,0.439,39.6,17.7,6.89,2.3,3.0,0.421,0.412,0.833
2022,50720,남지민,한화,HH,25,6.37,22,2,11,0,0,0.154,89,109,9,45,3,41,68,63,1.73,0,0,3,0,418,1554,0.298,19,1,1,3,0,5,0,20,1,1,1,0,0,5,108,111,0.97,0.313,70.6,17.5,4.15,4.55,0.91,0.376,0.429,0.805
2022,65707,주현상,한화,HH,26,6.83,49,0,1,1,3,0.0,55 1/3,69,5,14,5,33,43,42,1.5,0,0,0,1,247,916,0.311,18,3,3,3,1,1,0,0,0,0,9,6,0,4,45,78,0.58,0.342,18.7,16.6,5.37,2.28,2.36,0.361,0.486,0.847
2022,63464,윤대경,한화,HH,27,7.53,25,4,9,0,0,0.308,75 1/3,106,6,17,7,51,63,63,1.63,0,0,5,1,349,1268,0.335,22,2,5,4,0,5,0,14,3,1,4,3,0,4,60,103,0.58,0.38,50.7,16.8,6.09,2.03,3.0,0.378,0.475,0.853
2022,64029,류희운,한화,HH,28,8.49,15,0,1,0,0,0.0,11 2/3,15,2,7,2,10,11,11,1.89,0,0,0,0,56,221,0.326,1,0,0,1,0,2,0,0,0,0,4,0,0,2,7,15,0.47,0.371,14.7,18.9,7.71,5.4,1.43,0.429,0.478,0.907
2022,63749,이충호,한화,HH,29,9.64,5,1,0,0,0,1.0,4 2/3,7,1,5,1,4,5,5,2.57,0,0,0,0,27,101,0.333,1,0,0,0,0,1,0,0,0,1,1,0,0,1,4,6,0.67,0.375,20.2,21.6,7.71,9.64,0.8,0.481,0.524,1.005
2022,68797,이승관,한화,HH,30,10.13,7,0,0,0,0,,5 1/3,8,0,4,1,3,6,6,2.25,0,0,0,0,28,103,0.381,1,0,1,1,0,0,0,0,0,0,2,0,0,1,4,7,0.57,0.421,14.7,19.3,5.06,6.75,0.75,0.481,0.429,0.91
2022,52731,박준영,한화,HH,31,10.64,5,0,1,0,0,0.0,11,13,1,8,0,10,13,13,1.91,0,0,0,0,53,216,0.289,0,0,0,0,0,0,0,2,0,0,2,0,0,1,8,14,0.57,0.353,43.2,19.6,8.18,6.55,1.25,0.396,0.356,0.752
2022,65703,이도윤,한화,HH,32,20.25,2,0,0,0,0,,1 1/3,4,0,0,0,0,3,3,3.0,0,0,0,0,8,22,0.5,3,0,0,0,0,0,0,0,0,0,2,0,0,0,3,1,3.0,0.5,11.0,16.5,0.0,0.0,,0.5,0.875,1.375
2022,52715,이재민,한화,HH,33,36.0,2,0,0,0,0,,2,3,0,5,1,0,8,8,4.0,0,0,0,0,15,55,0.375,1,0,0,1,0,0,0,0,0,0,0,0,0,0,2,4,0.5,0.333,27.5,27.5,0.0,22.5,0.0,0.6,0.5,1.1
2022,52808,모리만도,SSG,SK,1,1.67,12,7,1,0,0,0.875,75 1/3,57,2,23,4,67,19,14,1.06,0,0,10,0,304,1178,0.209,8,0,2,1,0,2,0,12,7,0,0,0,0,4,73,77,0.95,0.268,98.2,15.6,8.0,2.75,2.91,0.279,0.26,0.539
2022,77829,김광현,SSG,SK,2,2.13,28,13,3,0,0,0.813,173 1/3,141,10,45,5,153,48,41,1.07,0,0,19,0,694,2634,0.222,16,2,6,2,2,1,0,28,13,0,0,0,0,22,181,163,1.11,0.276,94.1,15.2,7.94,2.34,3.4,0.278,0.3,0.578
2022,64896,서동민,SSG,SK,3,2.57,20,1,1,0,5,0.5,21,13,3,11,1,19,11,6,1.14,0,0,0,0,86,366,0.176,3,0,0,0,0,3,0,0,0,1,2,6,0,1,14,28,0.5,0.192,18.3,17.4,8.14,4.71,1.73,0.291,0.338,0.629
2022,51863,폰트,SSG,SK,4,2.69,28,13,6,0,0,0.684,184,141,18,34,6,170,63,55,0.95,1,0,20,0,729,2769,0.207,22,3,3,5,1,5,0,28,13,0,1,0,0,5,153,222,0.69,0.247,98.9,15.0,8.32,1.66,5.0,0.249,0.327,0.576
2022,73211,노경은,SSG,SK,5,3.05,41,12,5,1,7,0.706,79 2/3,69,5,23,4,55,28,27,1.15,0,0,2,5,323,1242,0.238,10,0,3,3,0,5,0,8,5,7,7,16,1,11,91,78,1.17,0.275,30.3,15.6,6.21,2.6,2.39,0.3,0.324,0.624
2022,60768,이태양,SSG,SK,6,3.62,30,8,3,0,1,0.727,112,116,15,24,5,61,50,45,1.25,0,0,9,0,472,1712,0.267,18,0,7,1,2,0,0,17,7,1,3,0,0,8,120,139,0.86,0.281,57.1,15.3,4.9,1.93,2.54,0.312,0.411,0.723
2022,72523,고효준,SSG,SK,7,3.72,45,1,0,0,7,1.0,38 2/3,35,1,20,2,35,18,16,1.42,0,0,0,1,174,740,0.235,6,2,2,1,2,7,0,0,0,1,6,11,0,2,43,37,1.16,0.298,16.4,19.1,8.15,4.66,1.75,0.331,0.322,0.653
2022,68856,최민준,SSG,SK,8,3.95,51,5,4,0,5,0.556,68 1/3,51,10,34,2,48,37,30,1.24,0,0,0,2,288,1111,0.207,8,1,4,2,2,7,0,1,0,5,10,9,0,8,86,63,1.37,0.216,21.8,16.3,6.32,4.48,1.41,0.306,0.37,0.676
2022,61895,서진용,SSG,SK,9,4.01,68,7,3,21,12,0.7,67 1/3,64,5,36,3,55,32,30,1.49,0,0,0,4,297,1148,0.255,10,1,5,2,3,6,0,0,0,7,40,40,0,6,70,64,1.09,0.306,16.9,17.0,7.35,4.81,1.53,0.353,0.363,0.716
2022,64893,박민호,SSG,SK,10,4.09,22,1,1,1,4,0.5,22,26,3,11,2,12,10,10,1.68,0,0,0,1,101,414,0.295,2,0,0,0,1,0,0,0,0,1,11,6,0,3,26,24,1.08,0.315,18.8,18.8,4.91,4.5,1.09,0.386,0.42,0.806
2022,51895,장지훈,SSG,SK,11,4.25,40,2,0,0,6,1.0,55,56,6,11,3,33,26,26,1.22,0,0,0,2,231,833,0.269,8,2,5,4,2,4,0,0,0,2,12,7,0,4,69,54,1.28,0.289,20.8,15.1,5.4,1.8,3.0,0.31,0.413,0.723
2022,50859,오원석,SSG,SK,12,4.5,31,6,8,0,0,0.429,144,158,16,58,3,112,79,72,1.5,0,0,11,1,633,2531,0.28,21,2,5,2,1,7,0,24,5,1,0,2,0,17,137,160,0.86,0.323,81.6,17.6,7.0,3.63,1.93,0.349,0.409,0.758
2022,65343,김택형,SSG,SK,13,4.92,64,3,5,17,10,0.375,60 1/3,57,8,22,3,62,33,33,1.31,0,0,0,5,261,1034,0.245,9,0,2,1,1,6,0,0,0,3,24,35,1,3,68,47,1.45,0.299,16.2,17.1,9.25,3.28,2.82,0.317,0.386,0.703
2022,62869,문승원,SSG,SK,14,5.11,23,1,1,3,3,0.5,24 2/3,32,3,7,2,25,15,14,1.58,0,0,0,0,112,450,0.317,6,0,2,0,0,0,0,0,0,1,7,6,0,1,22,22,1.0,0.397,19.6,18.2,9.12,2.55,3.57,0.373,0.465,0.838
2022,60841,박종훈,SSG,SK,15,6.0,11,3,5,0,0,0.375,48,52,6,21,8,40,34,32,1.52,0,0,2,0,220,896,0.28,4,1,3,2,0,3,0,11,3,0,0,0,0,5,59,37,1.59,0.324,81.5,18.7,7.5,3.94,1.9,0.373,0.409,0.782
2022,52833,노바,SSG,SK,16,6.5,12,3,4,0,0,0.429,63 2/3,78,5,25,5,32,50,46,1.62,0,0,5,0,291,1046,0.304,10,2,2,2,0,9,1,12,3,0,0,0,0,13,86,63,1.37,0.329,87.2,16.4,4.52,3.53,1.28,0.374,0.416,0.79
2022,51809,조요한,SSG,SK,17,6.52,23,2,1,0,5,0.667,19 1/3,17,2,13,4,15,15,14,1.55,0,0,0,2,89,326,0.243,1,0,1,1,1,7,0,0,0,2,4,10,0,4,20,19,1.05,0.278,14.2,16.9,6.98,6.05,1.15,0.386,0.343,0.729
2022,52809,전영준,SSG,SK,18,7.2,4,0,0,0,0,,5,7,2,3,1,7,4,4,2.0,0,0,0,0,25,110,0.333,2,0,0,0,0,1,0,1,0,0,1,0,0,1,6,1,6.0,0.417,27.5,22.0,12.6,5.4,2.33,0.44,0.714,1.154
2022,51867,김건우,SSG,SK,19,9.0,2,0,0,0,0,,3,5,1,4,0,1,3,3,3.0,0,0,0,0,17,62,0.385,1,0,0,0,0,0,0,1,0,0,1,0,0,0,2,5,0.4,0.364,31.0,20.7,3.0,12.0,0.25,0.529,0.692,1.221
2022,76430,김태혁,SSG,SK,19,9.0,8,0,0,1,0,,8,9,2,4,1,3,8,8,1.63,0,0,0,0,37,161,0.31,2,1,1,2,0,0,0,0,0,0,2,1,0,0,7,12,0.58,0.269,20.1,20.1,3.38,4.5,0.75,0.389,0.655,1.044
2022,52873,신헌민,SSG,SK,19,9.0,1,0,0,0,0,,1,3,0,0,0,1,2,1,3.0,0,0,0,0,5,20,0.6,0,0,0,0,0,0,0,0,0,0,1,0,0,1,1,0,,0.75,20.0,20.0,9.0,0.0,,0.6,0.6,1.2
2022,52867,윤태현,SSG,SK,19,9.0,3,0,0,0,0,,2,2,0,2,0,2,2,2,2.0,0,0,0,0,10,53,0.25,0,0,0,0,0,0,1,0,0,0,1,1,0,0,3,1,3.0,0.333,17.7,26.5,9.0,9.0,1.0,0.4,0.25,0.65
2022,64861,이건욱,SSG,SK,19,9.0,1,0,1,0,0,0.0,3,2,1,4,0,2,3,3,2.0,0,0,0,0,14,70,0.2,0,0,0,0,0,0,0,1,0,0,0,0,0,1,3,3,1.0,0.143,70.0,23.3,6.0,12.0,0.5,0.429,0.5,0.929
2022,79847,김태훈,SSG,SK,24,10.13,9,0,0,1,3,,5 1/3,6,2,10,0,1,6,6,3.0,0,0,0,0,30,118,0.316,1,0,0,1,0,0,0,0,0,0,1,6,0,0,3,10,0.3,0.235,13.1,22.1,1.69,16.88,0.1,0.533,0.684,1.217
2022,65058,정성곤,SSG,SK,24,10.13,2,0,0,0,0,,2 2/3,1,1,3,1,3,3,3,1.5,0,0,0,0,13,46,0.111,0,0,0,0,0,0,0,0,0,0,0,0,0,0,3,2,1.5,0.0,23.0,17.3,10.13,10.13,1.0,0.385,0.444,0.829
2022,65411,김주온,SSG,SK,26,11.25,5,0,0,0,0,,4,3,1,5,0,4,5,5,2.0,0,0,0,0,20,75,0.2,1,0,0,0,0,0,0,0,0,0,4,0,0,0,6,2,3.0,0.2,15.0,18.8,9.0,11.25,0.8,0.4,0.467,0.867
2022,62937,신재영,SSG,SK,27,12.46,4,0,0,0,0,,4 1/3,9,2,0,0,4,6,6,2.08,0,0,0,0,21,81,0.429,2,0,0,0,0,1,0,0,0,0,2,0,0,1,5,3,1.67,0.467,20.3,18.7,8.31,0.0,,0.429,0.81,1.239
2022,68092,한두솔,SSG,SK,28,16.88,8,0,0,0,0,,5 1/3,10,0,4,0,1,10,10,2.63,0,0,0,0,30,107,0.4,2,0,0,1,0,1,0,0,0,0,3,0,0,0,10,5,2.0,0.4,13.4,20.1,1.69,6.75,0.25,0.467,0.48,0.947
2022,50812,박시후,SSG,SK,29,18.0,2,0,0,0,0,,1,3,0,0,0,0,2,2,3.0,0,0,0,0,6,22,0.5,1,0,0,0,0,0,0,0,0,0,1,0,0,0,3,0,,0.5,11.0,22.0,0.0,0.0,,0.5,0.667,1.167
2022,50411,박주혁,삼성,SS,1,1.35,8,0,0,0,0,,6 2/3,5,1,4,0,3,3,1,1.35,0,0,0,0,29,127,0.208,0,0,1,0,0,1,0,0,0,0,6,0,0,0,7,9,0.78,0.2,15.9,19.1,4.05,5.4,0.75,0.321,0.333,0.654
2022,50464,이승민,삼성,SS,2,1.69,2,0,0,0,0,,5 1/3,2,0,5,0,2,1,1,1.31,0,0,0,0,23,93,0.111,1,0,0,0,0,0,0,0,0,0,0,0,0,0,3,11,0.27,0.125,46.5,17.4,3.38,8.44,0.4,0.304,0.167,0.471
2022,61365,김대우,삼성,SS,3,2.08,4,1,0,0,0,1.0,4 1/3,4,0,0,0,5,1,1,0.92,0,0,0,0,16,59,0.25,0,0,0,0,0,0,0,0,0,1,1,0,0,1,2,5,0.4,0.364,14.8,13.6,10.38,0.0,,0.25,0.25,0.5
2022,52457,수아레즈,삼성,SS,4,2.49,30,6,8,0,0,0.429,173 2/3,151,7,50,4,159,61,48,1.16,0,0,19,0,714,2959,0.232,19,0,6,1,0,6,0,29,6,0,0,0,0,16,194,149,1.3,0.296,98.6,17.0,8.24,2.59,3.18,0.29,0.293,0.583
2022,50404,뷰캐넌,삼성,SS,5,3.04,26,11,8,0,0,0.579,160,176,10,39,8,117,61,54,1.34,1,1,21,0,691,2605,0.279,29,2,9,4,0,2,0,26,11,0,1,0,0,15,220,122,1.8,0.327,100.2,16.3,6.58,2.19,3.0,0.327,0.379,0.706
2022,65496,홍정우,삼성,SS,5,3.04,26,5,2,0,1,0.714,26 2/3,19,3,13,0,20,10,9,1.2,0,0,0,1,111,407,0.2,6,0,3,0,4,0,0,0,0,5,4,3,0,3,23,33,0.7,0.222,15.7,15.3,6.75,4.39,1.54,0.296,0.358,0.654
2022,73117,우규민,삼성,SS,7,3.26,60,4,3,1,16,0.571,47,55,3,6,4,31,21,17,1.3,0,0,0,6,201,778,0.291,11,0,1,1,2,0,1,0,0,4,7,26,1,6,53,51,1.04,0.333,13.0,16.6,5.94,1.15,5.17,0.325,0.397,0.722
2022,75421,오승환,삼성,SS,8,3.32,57,6,2,31,2,0.75,57,59,8,13,1,51,23,21,1.26,0,0,0,7,239,978,0.263,9,1,1,0,0,1,0,0,0,6,47,39,2,4,39,75,0.52,0.309,17.2,17.2,8.05,2.05,3.92,0.307,0.42,0.727
2022,67419,문용익,삼성,SS,9,3.35,39,1,2,1,2,0.333,37 2/3,31,2,22,2,23,20,14,1.41,0,0,0,0,163,656,0.23,5,0,2,2,0,2,0,0,0,1,11,4,0,5,38,45,0.84,0.259,16.8,17.4,5.5,5.26,1.05,0.342,0.311,0.653
2022,63960,이상민,삼성,SS,10,3.68,46,0,0,0,9,,29 1/3,30,5,15,3,23,13,12,1.53,0,0,0,1,138,571,0.254,6,1,1,1,1,2,0,0,0,0,6,11,0,0,31,35,0.89,0.275,12.4,19.5,7.06,4.6,1.53,0.35,0.449,0.799
2022,69446,원태인,삼성,SS,11,3.92,27,10,8,0,0,0.556,165 1/3,175,16,38,4,130,75,72,1.29,0,0,11,0,700,2669,0.27,25,1,5,5,3,3,0,27,10,0,0,0,0,11,170,178,0.96,0.314,98.9,16.1,7.08,2.07,3.42,0.312,0.386,0.698
2022,62920,노건우,삼성,SS,12,4.5,3,0,0,0,0,,2,2,0,3,0,2,1,1,2.5,0,0,0,0,11,46,0.25,0,0,0,0,0,0,0,0,0,0,0,0,0,0,1,3,0.33,0.333,15.3,23.0,9.0,13.5,0.67,0.455,0.25,0.705
2022,51454,이승현,삼성,SS,13,4.53,58,2,4,1,14,0.333,47 2/3,43,5,21,3,57,28,24,1.34,0,0,0,3,212,849,0.235,10,1,4,1,2,6,0,0,0,2,12,17,1,2,48,36,1.33,0.311,14.6,17.8,10.76,3.97,2.71,0.322,0.383,0.705
2022,60146,이승현,삼성,SS,14,4.68,54,0,2,0,13,0.0,50,48,5,22,3,39,26,26,1.4,0,0,0,0,217,894,0.258,14,1,4,2,1,0,0,0,0,0,8,12,0,3,32,69,0.46,0.299,16.6,17.9,7.02,3.96,1.77,0.343,0.425,0.768
2022,66451,최충연,삼성,SS,15,4.7,38,0,1,0,0,0.0,38 1/3,39,3,20,5,29,24,20,1.54,0,0,0,0,177,671,0.265,10,1,3,2,3,3,0,0,0,0,13,2,0,5,36,45,0.8,0.308,17.7,17.5,6.81,4.7,1.45,0.368,0.408,0.776
2022,66493,임대한,삼성,SS,16,5.27,12,2,1,0,1,0.667,13 2/3,12,1,9,1,8,11,8,1.54,0,0,0,0,65,242,0.24,5,0,5,0,2,1,0,0,0,2,0,2,0,1,15,15,1.0,0.268,20.2,17.7,5.27,5.93,0.89,0.367,0.4,0.767
2022,77446,백정현,삼성,SS,17,5.27,24,4,13,0,0,0.235,124 2/3,154,22,37,9,70,76,73,1.53,0,0,7,0,562,2075,0.302,27,2,4,2,1,9,0,24,4,0,0,0,0,10,147,141,1.04,0.314,86.5,16.6,5.05,2.67,1.89,0.358,0.492,0.85
2022,77927,장필준,삼성,SS,18,5.7,19,0,3,0,0,0.0,30,38,1,15,3,17,20,19,1.77,0,0,0,0,139,496,0.322,11,1,3,0,2,1,0,1,0,0,1,2,0,7,36,27,1.33,0.37,26.1,16.5,5.1,4.5,1.13,0.412,0.458,0.87
2022,64464,이수민,삼성,SS,19,5.79,4,0,0,0,0,,4 2/3,3,1,5,1,2,3,3,1.71,0,0,0,0,23,94,0.176,0,0,0,0,0,0,0,0,0,0,0,0,0,1,5,7,0.71,0.143,23.5,20.1,3.86,9.64,0.4,0.391,0.353,0.744
2022,68403,김무신,삼성,SS,20,5.91,37,3,3,0,3,0.5,35,39,2,22,2,32,29,23,1.74,0,0,0,2,168,646,0.279,9,0,1,3,1,6,0,1,0,3,5,5,0,2,35,37,0.95,0.339,17.5,18.5,8.23,5.66,1.45,0.377,0.386,0.763
2022,63492,이재익,삼성,SS,21,5.94,42,3,2,0,7,0.6,33 1/3,41,4,9,1,21,25,22,1.5,0,0,0,1,149,538,0.304,7,0,3,1,0,0,0,0,0,3,9,10,0,4,45,29,1.55,0.333,12.8,16.1,5.67,2.43,2.33,0.349,0.444,0.793
2022,68501,최하늘,삼성,SS,22,6.15,14,1,4,0,1,0.2,33 2/3,42,5,15,2,18,23,23,1.69,0,0,0,0,156,622,0.307,4,1,2,0,0,0,1,5,1,0,4,0,0,2,43,34,1.26,0.325,44.4,18.5,4.81,4.01,1.2,0.383,0.46,0.843
2022,61396,박정준,삼성,SS,23,6.3,8,0,0,0,0,,10,10,2,5,1,4,7,7,1.5,0,0,0,0,45,173,0.256,2,0,0,0,0,0,0,0,0,0,2,0,0,0,15,10,1.5,0.242,21.6,17.3,3.6,4.5,0.8,0.356,0.462,0.818
2022,50449,허윤동,삼성,SS,24,6.55,12,4,3,0,0,0.571,55,64,8,34,6,36,43,40,1.78,0,0,1,0,264,985,0.298,13,0,2,7,0,2,0,12,4,0,0,0,0,4,36,86,0.42,0.315,82.1,17.9,5.89,5.56,1.06,0.397,0.47,0.867
2022,65844,박세웅,삼성,SS,25,6.75,5,0,0,0,0,,2 2/3,1,0,5,1,2,2,2,2.25,0,0,0,0,14,52,0.125,0,0,0,0,0,0,0,0,0,0,2,0,0,1,5,0,,0.167,10.4,19.5,6.75,16.88,0.4,0.5,0.125,0.625
2022,50441,황동재,삼성,SS,26,7.06,16,1,3,0,0,0.25,66 1/3,91,9,31,0,53,58,52,1.84,0,0,2,0,312,1314,0.327,20,2,1,2,0,1,1,13,1,0,2,0,0,5,53,83,0.64,0.376,82.1,19.8,7.19,4.21,1.71,0.392,0.511,0.903
2022,68415,양창섭,삼성,SS,27,8.41,6,2,3,0,0,0.4,20 1/3,24,3,12,1,10,19,19,1.77,0,0,2,0,96,403,0.293,5,1,1,0,0,0,0,6,2,0,0,0,0,2,24,24,1.0,0.304,67.2,19.8,4.43,5.31,0.83,0.389,0.488,0.877
2022,52460,김서준,삼성,SS,28,10.13,3,0,0,0,0,,2 2/3,6,1,4,1,2,4,3,3.75,0,0,0,0,19,66,0.429,2,0,0,0,0,0,0,0,0,0,2,0,0,0,0,6,0.0,0.455,22.0,24.8,6.75,13.5,0.5,0.579,0.786,1.365
2022,66492,김승현,삼성,SS,29,11.25,6,0,1,0,2,0.0,4,6,2,4,0,5,7,5,2.5,0,0,0,0,24,106,0.3,1,0,0,0,0,1,0,0,0,0,1,2,0,0,6,3,2.0,0.308,17.7,26.5,11.25,9.0,1.25,0.417,0.65,1.067
2022,77211,이용찬,NC,NC,1,2.08,59,3,3,22,0,0.5,60 2/3,56,3,13,3,61,16,14,1.14,0,0,0,4,253,952,0.238,6,1,1,1,0,1,0,0,0,3,49,26,2,3,67,52,1.29,0.308,16.1,15.7,9.05,1.93,4.69,0.286,0.311,0.597
2022,65933,구창모,NC,NC,2,2.1,19,11,5,0,0,0.688,111 2/3,92,7,29,4,108,32,26,1.08,0,0,11,0,451,1756,0.224,16,0,6,1,0,7,0,19,11,0,0,0,0,9,108,104,1.04,0.286,92.4,15.7,8.7,2.34,3.72,0.281,0.314,0.595
2022,51994,한재승,NC,NC,3,2.53,12,0,0,0,2,,10 2/3,13,0,10,1,11,4,3,2.16,0,0,0,0,54,244,0.31,2,0,0,1,1,0,0,0,0,0,2,2,0,1,10,9,1.11,0.406,20.3,22.9,9.28,8.44,1.1,0.444,0.357,0.801
2022,69940,루친스키,NC,NC,4,2.97,31,10,12,0,0,0.455,193 2/3,184,14,34,8,194,77,64,1.13,0,0,22,0,797,2974,0.249,34,2,12,4,1,9,0,31,10,0,0,0,0,13,208,157,1.32,0.318,95.9,15.4,9.02,1.58,5.71,0.288,0.357,0.645
2022,76118,원종현,NC,NC,5,2.98,68,5,0,1,13,1.0,63 1/3,55,5,17,1,50,22,21,1.14,0,0,0,3,260,957,0.233,8,0,2,4,0,2,0,0,0,5,11,20,0,7,77,58,1.33,0.27,14.1,15.1,7.11,2.42,2.94,0.283,0.331,0.614
2022,68928,김시훈,NC,NC,6,3.24,59,4,5,0,11,0.444,83 1/3,75,7,43,4,79,35,30,1.42,0,0,1,2,365,1449,0.24,10,0,4,2,0,2,1,7,1,3,8,16,0,8,79,81,0.98,0.298,24.6,17.4,8.53,4.64,1.84,0.338,0.34,0.678
2022,63959,임정호,NC,NC,6,3.24,33,1,2,0,6,0.333,25,21,1,7,2,30,11,9,1.12,0,0,0,0,104,429,0.221,3,1,0,0,0,0,1,0,0,1,1,9,0,1,27,17,1.59,0.313,13.0,17.2,10.8,2.52,4.29,0.288,0.305,0.593
2022,69969,전사민,NC,NC,6,3.24,7,0,0,0,0,,8 1/3,5,1,6,0,2,4,3,1.32,0,0,0,0,34,143,0.179,0,0,0,0,0,0,0,0,0,0,2,0,0,1,10,11,0.91,0.16,20.4,17.2,2.16,6.48,0.33,0.324,0.286,0.61
2022,50992,김태경,NC,NC,9,3.25,16,3,2,0,1,0.6,44 1/3,36,4,21,5,31,16,16,1.29,0,0,0,0,194,791,0.217,6,0,1,1,0,2,0,7,3,0,3,0,0,2,42,58,0.72,0.242,49.4,17.8,6.29,4.26,1.48,0.321,0.325,0.646
2022,68900,김영규,NC,NC,10,3.41,72,2,7,1,13,0.222,66,56,5,22,7,46,26,25,1.18,0,0,0,6,269,985,0.242,8,2,7,2,4,3,0,0,0,2,11,21,1,8,83,48,1.73,0.28,13.7,14.9,6.27,3.0,2.09,0.324,0.359,0.683
2022,51967,파슨스,NC,NC,11,3.56,8,1,2,0,0,0.333,43,34,4,21,1,43,19,17,1.28,0,0,4,0,182,767,0.214,4,2,1,0,0,8,0,8,1,0,0,0,0,3,41,41,1.0,0.268,95.9,17.8,9.0,4.4,2.05,0.309,0.34,0.649
2022,60339,김건태,NC,NC,12,4.42,16,0,0,0,0,,18 1/3,22,2,12,2,16,15,9,1.85,0,0,0,0,86,342,0.314,7,0,2,0,2,1,0,0,0,0,2,0,0,2,9,23,0.39,0.385,21.4,18.7,7.85,5.89,1.33,0.429,0.5,0.929
2022,52903,조민석,NC,NC,13,4.5,18,0,1,0,0,0.0,16,17,2,12,2,14,9,8,1.81,0,0,0,0,76,323,0.288,1,0,2,1,0,2,0,0,0,0,7,1,0,1,20,9,2.22,0.341,17.9,20.2,7.88,6.75,1.17,0.419,0.407,0.826
2022,69962,송명기,NC,NC,14,4.51,25,5,7,0,0,0.417,107 2/3,116,14,54,15,106,67,54,1.58,0,0,5,0,496,2047,0.276,21,4,3,3,0,9,0,22,4,1,2,0,0,8,78,124,0.63,0.336,81.9,19.0,8.86,4.51,1.96,0.375,0.444,0.819
2022,52950,더모디,NC,NC,15,4.54,8,3,5,0,0,0.375,39 2/3,42,3,13,7,37,27,20,1.39,0,0,2,0,179,743,0.269,8,0,2,1,0,1,0,8,3,0,0,0,0,3,34,44,0.77,0.333,92.9,18.7,8.39,2.95,2.85,0.35,0.378,0.728
2022,68902,신민혁,NC,NC,16,4.56,26,4,9,0,0,0.308,118 1/3,128,15,31,10,105,64,60,1.34,0,0,8,0,521,2010,0.275,30,1,5,9,1,5,1,23,4,0,0,0,0,5,99,143,0.69,0.318,77.3,17.0,7.99,2.36,3.39,0.328,0.44,0.768
2022,68639,하준영,NC,NC,17,4.62,47,3,0,0,4,1.0,39,28,3,14,3,44,22,20,1.08,0,0,0,0,164,660,0.194,5,0,3,0,1,2,0,0,0,3,7,4,0,2,33,39,0.85,0.258,14.0,16.9,10.15,3.23,3.14,0.28,0.292,0.572
2022,60263,이재학,NC,NC,18,4.75,26,3,8,0,0,0.273,91,75,5,54,8,72,56,48,1.42,0,0,5,0,406,1615,0.224,14,2,5,4,0,6,1,17,3,0,2,0,0,7,81,111,0.73,0.267,62.1,17.7,7.12,5.34,1.33,0.342,0.322,0.664
2022,65949,류진욱,NC,NC,19,4.86,51,4,2,0,4,0.667,46 1/3,48,2,31,4,37,29,25,1.71,0,0,0,0,214,897,0.274,7,1,0,4,0,3,1,0,0,4,16,5,0,4,47,47,1.0,0.329,17.6,19.4,7.19,6.02,1.19,0.388,0.36,0.748
2022,52994,박동수,NC,NC,20,5.52,10,0,0,0,0,,14 2/3,11,0,21,1,15,10,9,2.18,0,0,0,0,74,319,0.212,3,0,0,0,0,1,0,0,0,0,4,0,0,2,14,12,1.17,0.297,31.9,21.8,9.2,12.89,0.71,0.446,0.269,0.715
2022,69991,하준수,NC,NC,21,6.0,2,0,0,0,0,,3,3,0,3,0,1,2,2,2.0,0,0,0,0,15,46,0.25,1,0,0,0,0,0,0,0,0,0,1,0,0,0,3,5,0.6,0.273,23.0,15.3,3.0,9.0,0.33,0.4,0.333,0.733
2022,67954,김진호,NC,NC,22,6.12,36,4,0,1,0,1.0,42 2/3,53,7,20,1,35,30,29,1.71,0,0,0,0,196,761,0.312,6,0,3,2,0,10,0,0,0,4,8,3,0,2,39,45,0.87,0.354,21.1,17.8,7.38,4.22,1.75,0.383,0.471,0.854
2022,51948,이용준,NC,NC,23,8.59,10,0,1,0,0,0.0,22,33,4,13,3,19,23,21,2.09,0,0,0,0,116,468,0.337,11,1,0,2,0,3,0,2,0,0,2,0,0,1,25,23,1.09,0.377,46.8,21.3,7.77,5.32,1.46,0.422,0.592,1.014
2022,61295,강동연,NC,NC,24,10.38,6,0,0,0,0,,8 2/3,16,2,3,1,3,10,10,2.19,0,0,0,0,44,157,0.4,5,1,0,0,0,1,0,0,0,0,2,0,0,1,16,5,3.2,0.4,26.2,18.1,3.12,3.12,1.0,0.455,0.725,1.18
2022,50995,정구범,NC,NC,25,13.5,2,0,0,0,0,,1 1/3,1,1,1,0,2,2,2,1.5,0,0,0,0,6,24,0.2,0,0,0,0,0,0,0,0,0,0,1,0,0,0,1,1,1.0,0.0,12.0,18.0,13.5,6.75,2.0,0.333,0.8,1.133
2022,61411,심창민,NC,NC,26,14.21,11,1,2,0,0,0.333,6 1/3,9,0,7,3,6,10,10,2.53,0,0,0,0,37,158,0.346,2,0,1,0,0,2,0,0,0,1,2,2,0,0,4,7,0.57,0.45,14.4,24.9,8.53,9.95,0.86,0.528,0.423,0.951
2022,65964,이우석,NC,NC,27,21.6,3,0,1,0,0,0.0,1 2/3,1,0,3,2,1,4,4,2.4,0,0,0,0,11,52,0.167,0,0,0,0,0,0,0,0,0,0,1,0,0,0,4,0,,0.2,17.3,31.2,5.4,16.2,0.33,0.545,0.167,0.712
2022,65048,김민수,KT,KT,1,1.9,76,5,4,3,30,0.556,80 2/3,66,3,15,6,91,19,17,1.0,0,0,0,5,327,1213,0.221,13,1,4,4,3,6,0,0,0,5,13,34,1,6,77,68,1.13,0.303,16.0,15.0,10.15,1.67,6.07,0.269,0.302,0.571
2022,68043,김민,KT,KT,2,2.35,6,0,0,0,2,,7 2/3,4,1,2,1,8,2,2,0.78,0,0,0,0,28,88,0.16,0,0,0,0,0,0,0,0,0,0,0,0,0,1,4,9,0.44,0.188,14.7,11.5,9.39,2.35,4.0,0.25,0.28,0.53
2022,67048,이정현,KT,KT,3,2.45,3,0,0,0,0,,3 2/3,3,1,4,1,1,1,1,1.91,0,0,0,0,18,62,0.231,0,0,0,0,0,0,0,0,0,0,2,0,0,0,1,8,0.13,0.182,20.7,16.9,2.45,9.82,0.25,0.444,0.462,0.906
2022,69032,쿠에바스,KT,KT,3,2.45,2,1,0,0,0,1.0,11,2,1,5,1,8,3,3,0.64,0,0,1,0,40,167,0.059,0,0,0,0,0,2,0,2,1,0,0,0,0,1,9,15,0.6,0.04,83.5,15.2,6.55,4.09,1.6,0.2,0.147,0.347
2022,52043,벤자민,KT,KT,5,2.7,17,5,4,0,0,0.556,96 2/3,75,11,24,4,77,34,29,1.02,0,0,11,0,385,1449,0.216,9,1,4,5,2,3,1,17,5,0,0,0,0,9,91,110,0.83,0.242,85.2,15.0,7.17,2.23,3.21,0.27,0.342,0.612
2022,73738,안영명,KT,KT,5,2.7,4,0,0,0,0,,3 1/3,3,0,0,0,1,1,1,0.9,0,0,0,0,13,49,0.25,1,0,0,1,0,0,0,0,0,0,2,0,0,1,3,6,0.5,0.25,12.3,14.7,2.7,0.0,,0.231,0.333,0.564
2022,52063,이상우,KT,KT,5,2.7,2,0,0,0,0,,3 1/3,3,0,2,0,1,1,1,1.5,0,0,0,0,14,40,0.25,1,0,0,0,0,0,0,0,0,0,0,0,0,0,2,6,0.33,0.273,20.0,12.0,2.7,5.4,0.5,0.357,0.333,0.69
2022,68896,이채호,KT,KT,8,2.95,38,5,0,0,3,1.0,36 2/3,28,0,13,6,32,13,12,1.12,0,0,0,0,156,590,0.211,11,0,3,1,2,2,0,0,0,5,6,6,0,1,41,33,1.24,0.275,15.5,16.1,7.85,3.19,2.46,0.307,0.293,0.6
2022,65056,엄상백,KT,KT,9,2.95,33,11,2,0,0,0.846,140 1/3,125,14,46,4,139,52,46,1.22,0,0,10,0,581,2323,0.239,24,2,1,6,0,1,0,22,10,1,0,2,0,9,96,170,0.56,0.294,70.4,16.6,8.91,2.95,3.02,0.302,0.372,0.674
2022,50030,소형준,KT,KT,10,3.05,27,13,6,0,0,0.684,171 1/3,158,8,39,5,117,68,58,1.15,0,0,18,0,703,2499,0.243,16,6,8,2,1,6,0,27,13,0,0,0,0,19,230,146,1.58,0.285,92.6,14.6,6.15,2.05,3.0,0.291,0.324,0.615
2022,65062,김재윤,KT,KT,11,3.26,61,9,7,33,0,0.563,66 1/3,46,5,21,0,78,26,24,1.01,0,0,0,6,267,1020,0.19,6,0,3,1,6,2,1,0,0,9,55,39,6,1,42,77,0.55,0.256,16.7,15.4,10.58,2.85,3.71,0.254,0.277,0.531
2022,64001,고영표,KT,KT,12,3.26,28,13,8,0,0,0.619,182 1/3,191,7,23,16,156,69,66,1.17,1,1,21,0,758,2617,0.269,31,3,6,4,1,1,0,28,13,0,1,0,0,19,238,128,1.86,0.335,93.5,14.4,7.7,1.14,6.78,0.306,0.351,0.657
2022,52060,박영현,KT,KT,13,3.66,52,0,1,0,2,0.0,51 2/3,46,5,20,0,55,23,21,1.28,0,0,0,1,219,926,0.235,8,0,1,2,1,3,0,0,0,0,17,3,0,2,30,67,0.45,0.297,17.8,17.9,9.58,3.48,2.75,0.303,0.352,0.655
2022,64017,심재민,KT,KT,14,3.74,44,4,1,0,6,0.8,43 1/3,41,4,16,2,21,19,18,1.32,0,0,0,0,184,696,0.25,6,2,1,1,3,0,0,1,0,4,7,3,0,4,60,43,1.4,0.264,15.8,16.1,4.36,3.32,1.31,0.322,0.384,0.706
2022,65060,주권,KT,KT,15,3.91,58,3,3,1,15,0.5,50 2/3,58,3,8,0,31,22,22,1.3,0,0,0,1,203,754,0.304,7,1,3,1,0,0,0,0,0,3,9,17,0,9,54,49,1.1,0.348,13.0,14.9,5.51,1.42,3.88,0.33,0.398,0.728
2022,66064,김태오,KT,KT,16,4.15,5,0,0,0,0,,4 1/3,9,0,0,0,5,2,2,2.08,0,0,0,0,22,79,0.409,0,0,0,0,0,0,0,0,0,0,1,0,0,0,6,2,3.0,0.529,15.8,18.2,10.38,0.0,,0.409,0.409,0.818
2022,65516,배제성,KT,KT,17,4.21,24,3,9,0,0,0.25,107,103,8,46,1,89,56,50,1.39,0,0,9,0,458,1824,0.256,15,2,5,3,0,8,0,18,3,0,4,0,0,5,101,113,0.89,0.307,76.0,17.0,7.49,3.87,1.93,0.331,0.362,0.693
2022,64047,조현우,KT,KT,18,4.5,19,0,0,0,2,,12,14,0,4,4,5,8,6,1.5,0,0,0,0,57,195,0.286,3,1,0,0,0,0,0,0,0,0,3,2,0,1,11,19,0.58,0.318,10.3,16.3,3.75,3.0,1.25,0.386,0.388,0.774
2022,51060,지명성,KT,KT,18,4.5,2,0,0,0,0,,2,3,0,0,1,1,1,1,1.5,0,0,0,0,10,33,0.333,0,0,0,0,0,1,0,0,0,0,2,0,0,0,2,3,0.67,0.375,16.5,16.5,4.5,0.0,,0.4,0.333,0.733
2022,50040,데스파이네,KT,KT,20,4.53,30,8,12,0,0,0.4,163,198,14,48,9,123,94,82,1.51,0,0,11,0,725,2839,0.304,27,0,12,4,2,7,1,29,8,0,0,0,0,22,202,133,1.52,0.355,94.6,17.4,6.79,2.65,2.56,0.358,0.41,0.768
2022,60559,박시영,KT,KT,21,4.6,17,0,2,0,5,0.0,15 2/3,19,2,4,0,11,8,8,1.47,0,0,0,0,68,229,0.311,1,0,2,1,1,0,0,0,0,0,6,7,0,1,15,17,0.88,0.347,13.5,14.6,6.32,2.3,2.75,0.348,0.426,0.774
2022,75340,전유수,KT,KT,22,8.18,8,0,0,0,0,,11,17,1,5,0,2,10,10,2.0,0,0,0,0,54,201,0.347,6,0,0,0,0,0,0,0,0,0,8,0,0,0,16,14,1.14,0.348,25.1,18.3,1.64,4.09,0.4,0.407,0.531,0.938
2022,78517,하준호,KT,KT,23,8.27,20,0,1,0,0,0.0,16 1/3,16,2,16,1,15,16,15,1.96,0,0,0,0,77,319,0.281,2,0,1,2,0,1,0,0,0,0,6,1,0,3,14,14,1.0,0.333,16.0,19.5,8.27,8.82,0.94,0.434,0.421,0.855
2022,65057,이창재,KT,KT,24,33.75,4,0,1,0,0,0.0,1 1/3,5,0,2,1,2,5,5,5.25,0,0,0,0,12,40,0.556,1,0,0,0,0,0,0,0,0,0,1,0,0,0,1,1,1.0,0.714,10.0,30.0,13.5,13.5,1.0,0.667,0.667,1.334
2022,71564,이대호,롯데,LT,1,0.0,1,0,0,0,1,,1/3,0,0,0,0,0,0,0,0.0,0,0,0,0,1,4,0.0,0,0,0,0,0,0,0,0,0,0,0,1,0,0,1,0,,0.0,4.0,12.0,0.0,0.0,,0.0,0.0,0.0
2022,50558,스트레일리,롯데,LT,2,2.31,11,4,2,0,0,0.667,62 1/3,54,5,22,6,55,24,16,1.22,0,0,6,0,260,1042,0.236,8,0,2,1,0,2,0,11,4,0,0,0,0,7,63,58,1.09,0.288,94.7,16.7,7.94,3.18,2.5,0.318,0.336,0.654
2022,63543,구승민,롯데,LT,3,2.9,73,2,4,0,26,0.333,62,46,3,35,1,77,20,20,1.31,0,0,0,1,263,1069,0.205,8,1,3,0,4,7,0,0,0,2,9,28,0,3,53,48,1.1,0.299,14.6,17.2,11.18,5.08,2.2,0.315,0.29,0.605
2022,52528,반즈,롯데,LT,4,3.62,31,12,12,0,0,0.5,186 1/3,176,8,47,18,160,87,75,1.2,0,0,18,0,788,2945,0.249,27,5,9,6,1,7,0,31,12,0,0,0,0,16,198,180,1.1,0.308,95.0,15.8,7.73,2.27,3.4,0.309,0.335,0.644
2022,68585,김도규,롯데,LT,5,3.71,55,4,4,3,8,0.5,51,48,2,19,4,45,26,21,1.31,0,0,0,0,218,875,0.25,8,1,1,2,2,3,0,0,0,4,11,11,1,7,50,51,0.98,0.313,15.9,17.2,7.94,3.35,2.37,0.327,0.333,0.66
2022,64021,박세웅,롯데,LT,6,3.89,28,10,11,0,0,0.476,157 1/3,179,8,32,8,146,80,68,1.34,0,0,13,0,679,2599,0.284,32,4,8,1,1,8,0,28,10,0,0,0,0,16,195,111,1.76,0.358,92.8,16.5,8.35,1.83,4.56,0.326,0.386,0.712
2022,62528,김원중,롯데,LT,7,3.98,43,2,3,17,2,0.4,43,40,4,16,0,60,21,19,1.3,0,0,0,3,187,747,0.24,10,1,4,0,3,3,0,0,0,2,27,24,1,3,39,28,1.39,0.35,17.4,17.4,12.56,3.35,3.75,0.306,0.383,0.689
2022,67539,나균안,롯데,LT,8,3.98,39,3,8,0,2,0.273,117 2/3,125,5,37,3,123,55,52,1.38,0,0,6,3,506,1961,0.273,36,3,5,3,1,6,0,13,3,0,1,5,0,8,108,105,1.03,0.36,50.3,16.7,9.41,2.83,3.32,0.329,0.397,0.726
2022,50556,최준용,롯데,LT,9,4.06,68,3,4,14,6,0.429,71,63,10,20,6,80,35,32,1.17,0,0,0,3,303,1122,0.237,13,0,7,4,3,4,0,0,0,3,30,25,2,1,51,76,0.67,0.294,16.5,15.8,10.14,2.54,4.0,0.301,0.398,0.699
2022,68556,정성종,롯데,LT,10,4.15,5,0,0,0,0,,4 1/3,4,0,4,0,5,4,2,1.85,0,0,0,0,21,89,0.235,1,0,0,0,0,0,0,0,0,0,4,0,0,1,7,1,7.0,0.333,17.8,20.5,10.38,8.31,1.25,0.381,0.294,0.675
2022,64565,이인복,롯데,LT,11,4.19,26,9,9,0,1,0.5,126 2/3,153,6,30,4,71,63,59,1.44,0,0,8,0,547,2027,0.303,22,1,2,6,0,4,0,23,8,1,0,0,0,14,167,120,1.39,0.339,78.0,16.0,5.04,2.13,2.37,0.343,0.386,0.729
2022,78536,김대우,롯데,LT,12,4.5,10,0,0,0,1,,10,6,0,8,0,8,5,5,1.4,0,0,0,0,43,176,0.176,2,1,1,0,0,4,0,0,0,0,3,1,0,0,7,13,0.54,0.231,17.6,17.6,7.2,7.2,1.0,0.333,0.294,0.627
2022,65067,조무근,롯데,LT,12,4.5,2,0,0,0,0,,2,2,0,1,0,1,1,1,1.5,0,0,0,0,9,30,0.286,1,0,0,1,0,0,0,0,0,0,2,0,0,0,3,2,1.5,0.286,15.0,15.0,4.5,4.5,1.0,0.333,0.429,0.762
2022,69539,서준원,롯데,LT,14,4.8,33,3,3,0,2,0.5,60,65,3,23,5,45,32,32,1.47,0,0,0,0,265,1040,0.278,10,1,3,0,0,2,0,4,2,1,6,2,0,6,74,50,1.48,0.333,31.5,17.3,6.75,3.45,1.96,0.355,0.368,0.723
2022,52557,스파크맨,롯데,LT,15,5.31,19,2,4,0,0,0.333,84 2/3,97,6,43,4,89,55,50,1.65,0,0,5,0,386,1552,0.291,14,1,4,2,1,5,0,19,2,0,0,0,0,9,83,66,1.26,0.379,81.7,18.3,9.46,4.57,2.07,0.377,0.393,0.77
2022,51586,김창훈,롯데,LT,16,5.4,1,0,0,0,0,,1 2/3,3,0,0,0,2,1,1,1.8,0,0,0,0,8,30,0.375,1,0,0,0,0,0,0,0,0,0,0,0,0,0,1,2,0.5,0.5,30.0,18.0,10.8,0.0,,0.375,0.5,0.875
2022,79358,강윤구,롯데,LT,17,5.48,29,0,0,0,0,,21 1/3,25,0,6,1,27,17,13,1.45,0,0,0,0,97,365,0.281,6,1,1,0,0,0,0,0,0,0,6,0,0,0,19,18,1.06,0.403,12.6,17.1,11.39,2.53,4.5,0.333,0.371,0.704
2022,64596,김유영,롯데,LT,18,5.65,68,6,2,0,13,0.75,51,73,4,30,3,44,34,32,2.02,0,0,0,2,254,986,0.333,15,1,1,1,2,4,0,0,0,6,7,18,0,5,64,39,1.64,0.401,14.5,19.3,7.76,5.29,1.47,0.419,0.466,0.885
2022,65643,문경찬,롯데,LT,19,5.8,38,1,2,0,1,0.333,40 1/3,51,7,13,1,31,27,26,1.59,0,0,0,1,184,646,0.311,11,0,3,3,1,2,1,0,0,1,18,3,0,2,25,60,0.42,0.341,17.0,16.0,6.92,2.9,2.38,0.359,0.506,0.865
2022,52530,이민석,롯데,LT,20,5.88,27,1,1,0,5,0.5,33 2/3,43,4,19,2,37,27,22,1.84,0,0,0,0,167,645,0.305,8,0,4,1,1,3,0,1,0,1,1,7,0,1,35,27,1.3,0.386,23.9,19.2,9.89,5.08,1.95,0.393,0.447,0.84
2022,79545,진명호,롯데,LT,21,6.06,16,0,0,0,0,,16 1/3,23,1,9,2,11,12,11,1.96,0,0,0,0,80,294,0.343,4,0,2,0,0,1,0,0,0,0,4,0,0,2,16,17,0.94,0.4,18.4,18.0,6.06,4.96,1.22,0.436,0.448,0.884
2022,51516,김진욱,롯데,LT,22,6.36,14,2,5,0,0,0.286,46 2/3,43,3,35,8,52,36,33,1.67,0,0,2,0,227,904,0.244,8,1,4,4,1,4,0,12,2,0,1,0,0,0,45,40,1.13,0.32,64.6,19.4,10.03,6.75,1.49,0.386,0.352,0.738
2022,67454,나원탁,롯데,LT,23,9.0,7,0,0,0,0,,6,9,1,5,2,8,7,6,2.33,0,0,0,0,34,132,0.333,1,0,0,0,0,0,0,0,0,0,6,0,0,0,2,8,0.25,0.444,18.9,22.0,12.0,7.5,1.6,0.471,0.481,0.952
2022,52558,진승현,롯데,LT,23,9.0,10,0,0,0,0,,9,12,2,7,1,11,9,9,2.11,0,0,0,0,48,202,0.3,2,0,0,0,0,1,0,0,0,0,3,1,0,0,8,9,0.89,0.37,20.2,22.4,11.0,7.0,1.57,0.417,0.5,0.917
2022,50036,이강준,롯데,LT,25,10.24,13,0,0,0,1,,9 2/3,9,1,20,0,6,11,11,3.0,0,0,0,0,57,252,0.243,0,0,0,0,0,1,0,0,0,0,4,1,0,1,17,5,3.4,0.267,19.4,26.1,5.59,18.62,0.3,0.509,0.324,0.833
2022,64718,최설우,롯데,LT,26,20.25,1,0,1,0,0,0.0,2 2/3,8,0,1,1,1,6,6,3.38,0,0,0,0,18,60,0.533,2,0,0,1,0,0,0,1,0,0,0,0,0,0,4,3,1.33,0.533,60.0,22.5,3.38,3.38,1.0,0.556,0.667,1.223
2022,68036,최이준,롯데,LT,27,23.14,5,0,0,0,0,,2 1/3,7,0,6,0,3,8,6,5.57,0,0,0,0,20,81,0.5,3,0,0,0,0,0,0,0,0,0,1,1,0,0,2,2,1.0,0.636,16.2,34.7,11.57,23.14,0.5,0.65,0.714,1.364
2022,68529,이승헌,롯데,LT,28,54.0,1,0,1,0,0,0.0,2/3,3,0,3,0,1,4,4,9.0,0,0,0,0,8,34,0.75,2,0,0,1,0,1,0,1,0,0,0,0,0,0,0,1,0.0,0.75,34.0,51.0,13.5,40.5,0.33,0.75,1.25,2.0
2022,50573,김민기,롯데,LT,29,67.5,1,0,0,0,0,,2/3,6,1,1,0,0,5,5,10.5,0,0,0,0,8,23,0.857,2,0,0,0,0,0,0,0,0,0,0,0,0,1,1,0,,0.833,23.0,34.5,0.0,13.5,0.0,0.875,1.571,2.446
2022,51668,이승재,KIA,HT,1,0.0,1,0,0,0,0,,1,0,0,0,1,1,0,0,0.0,0,0,0,0,4,18,0.0,0,0,0,0,0,0,0,0,0,0,0,0,0,0,0,2,0.0,0.0,18.0,18.0,9.0,0.0,,0.25,0.0,0.25
2022,69645,장유호,KIA,HT,1,0.0,1,0,0,0,0,,2,2,0,1,0,1,0,0,1.5,0,0,0,0,9,29,0.25,0,0,0,0,0,1,0,0,0,0,0,0,0,0,0,5,0.0,0.286,29.0,14.5,4.5,4.5,1.0,0.333,0.25,0.583
2022,69620,김기훈,KIA,HT,3,1.04,5,0,0,0,0,,8 2/3,4,0,7,0,9,1,1,1.27,0,0,0,0,36,172,0.138,0,0,0,0,0,0,0,0,0,0,0,0,0,1,4,12,0.33,0.2,34.4,19.8,9.35,7.27,1.29,0.306,0.138,0.444
2022,63628,고영창,KIA,HT,4,1.88,27,0,1,0,0,0.0,24,24,2,10,3,9,5,5,1.42,0,0,0,0,104,373,0.276,3,0,2,2,0,0,0,0,0,0,10,0,0,1,34,22,1.55,0.282,13.8,15.5,3.38,3.75,0.9,0.363,0.379,0.742
2022,52637,놀린,KIA,HT,5,2.47,21,8,8,0,0,0.5,124,115,7,24,8,108,41,34,1.12,0,0,13,0,512,1987,0.244,19,2,5,4,1,4,1,21,8,0,0,0,0,10,131,121,1.08,0.3,94.6,16.0,7.84,1.74,4.5,0.29,0.338,0.628
2022,52606,파노니,KIA,HT,6,2.72,14,3,4,0,0,0.429,82 2/3,78,5,24,2,73,33,25,1.23,0,0,8,0,348,1404,0.248,6,1,7,1,0,5,0,14,3,0,0,0,0,7,77,87,0.89,0.308,100.3,17.0,7.95,2.61,3.04,0.305,0.322,0.627
2022,65665,이준영,KIA,HT,7,2.91,75,1,1,1,17,0.5,46 1/3,41,3,26,0,42,17,15,1.45,0,0,0,1,202,797,0.238,8,0,4,0,3,0,0,0,0,1,8,14,0,3,51,38,1.34,0.299,10.6,17.2,8.16,5.05,1.62,0.338,0.337,0.675
2022,63950,장현식,KIA,HT,8,3.12,54,2,3,1,19,0.4,52,54,4,26,1,40,20,18,1.54,0,0,0,5,233,909,0.266,11,2,1,2,3,4,0,0,0,2,5,29,1,5,53,58,0.91,0.311,16.8,17.5,6.92,4.5,1.54,0.349,0.399,0.748
2022,66609,전상현,KIA,HT,9,3.3,50,5,5,2,16,0.5,46 1/3,42,2,16,0,53,20,17,1.25,0,0,0,3,195,712,0.244,10,0,5,2,2,2,0,0,0,5,6,26,1,3,38,41,0.93,0.336,14.2,15.4,10.29,3.11,3.31,0.305,0.337,0.642
2022,50662,정해영,KIA,HT,10,3.38,55,3,7,32,0,0.3,56,54,3,18,0,43,21,21,1.29,0,0,0,4,238,914,0.252,12,1,4,2,1,0,0,0,0,3,47,37,3,4,54,65,0.83,0.3,16.6,16.3,6.91,2.89,2.39,0.308,0.36,0.668
2022,77637,양현종,KIA,HT,11,3.85,30,12,7,0,0,0.632,175 1/3,170,14,50,3,141,86,75,1.25,0,0,16,0,743,2856,0.253,33,3,9,9,1,3,0,30,12,0,0,0,0,12,181,189,0.96,0.297,95.2,16.3,7.24,2.57,2.82,0.304,0.374,0.678
2022,51648,이의리,KIA,HT,12,3.86,29,10,10,0,0,0.5,154,128,18,74,9,161,79,66,1.31,0,0,12,0,671,2649,0.221,26,4,4,6,0,7,0,28,10,0,0,0,0,7,131,164,0.8,0.272,91.3,17.2,9.41,4.32,2.18,0.316,0.374,0.69
2022,62754,임기영,KIA,HT,13,4.24,26,4,13,1,0,0.235,129 1/3,137,18,36,5,82,63,61,1.34,0,0,10,0,555,2083,0.273,25,1,9,4,1,2,0,23,3,1,1,1,0,5,120,166,0.72,0.294,80.1,16.1,5.71,2.51,2.28,0.326,0.435,0.761
2022,69516,김현수,KIA,HT,14,4.5,1,0,0,0,0,,2,3,0,1,0,1,1,1,2.0,0,0,0,0,9,30,0.375,1,0,0,0,0,0,0,0,0,0,1,0,0,1,3,1,3.0,0.429,30.0,15.0,4.5,4.5,1.0,0.444,0.5,0.944
2022,68619,윤중현,KIA,HT,15,5.03,47,3,1,0,5,0.75,53 2/3,63,4,14,5,27,32,30,1.43,0,0,0,1,240,878,0.294,8,0,6,1,0,1,0,0,0,3,4,5,0,3,73,52,1.4,0.321,18.7,16.4,4.53,2.35,1.93,0.35,0.388,0.738
2022,61666,한승혁,KIA,HT,16,5.27,24,4,3,0,0,0.571,80 1/3,100,4,40,6,69,52,47,1.74,0,0,4,1,376,1415,0.308,13,3,3,2,0,6,0,16,2,2,2,1,0,13,90,68,1.32,0.378,59.0,17.6,7.73,4.48,1.73,0.391,0.403,0.794
2022,63638,박준표,KIA,HT,17,5.4,34,1,0,0,8,1.0,23 1/3,27,4,10,8,11,15,14,1.59,0,0,0,1,112,375,0.297,4,0,1,2,3,0,0,0,0,1,6,10,0,2,28,27,1.04,0.295,11.0,16.1,4.24,3.86,1.1,0.405,0.473,0.878
2022,66630,김현준,KIA,HT,18,5.52,12,0,1,0,0,0.0,14 2/3,19,0,5,2,9,14,9,1.64,0,0,0,0,72,256,0.297,7,0,1,0,2,0,0,0,0,0,7,0,0,0,14,22,0.64,0.345,21.3,17.5,5.52,3.07,1.8,0.366,0.406,0.772
2022,78247,홍상삼,KIA,HT,19,5.82,24,2,1,0,1,0.667,21 2/3,19,3,15,1,19,16,14,1.57,0,0,0,0,100,417,0.232,7,0,2,0,0,1,0,0,0,2,6,1,0,1,19,25,0.76,0.267,17.4,19.2,7.89,6.23,1.27,0.357,0.427,0.784
2022,52645,로니,KIA,HT,20,5.89,10,3,3,0,0,0.5,44 1/3,47,7,28,3,32,36,29,1.69,0,0,1,0,208,825,0.273,7,1,3,2,0,2,1,9,3,0,0,0,0,5,60,35,1.71,0.296,82.5,18.6,6.5,5.68,1.14,0.38,0.448,0.828
2022,50641,장재혁,KIA,HT,21,6.0,3,0,0,0,0,,3,3,0,3,0,4,2,2,2.0,0,0,0,0,15,65,0.273,0,0,1,0,0,2,0,0,0,0,2,0,0,0,2,2,1.0,0.429,21.7,21.7,12.0,9.0,1.33,0.429,0.273,0.702
2022,64580,김재열,KIA,HT,22,6.07,47,1,2,1,5,0.333,43,45,5,22,1,36,33,29,1.56,0,0,0,1,193,758,0.269,10,2,1,2,2,3,0,0,0,1,15,7,0,7,37,51,0.73,0.313,16.1,17.6,7.53,4.6,1.64,0.354,0.443,0.797
2022,68659,김유신,KIA,HT,23,6.14,10,1,0,0,0,1.0,14 2/3,9,3,16,0,9,11,10,1.7,0,0,0,0,70,293,0.173,4,0,1,1,0,0,0,0,0,1,1,0,0,0,9,26,0.35,0.146,29.3,20.0,5.52,9.82,0.56,0.362,0.423,0.785
2022,63894,김사윤,KIA,HT,24,7.0,31,3,0,0,2,1.0,27,23,2,24,4,23,21,21,1.74,0,0,0,1,128,532,0.245,5,2,4,2,0,3,0,0,0,3,7,3,0,3,33,17,1.94,0.296,17.2,19.7,7.67,8.0,0.96,0.411,0.404,0.815
2022,67640,유승철,KIA,HT,25,7.58,21,3,0,0,0,1.0,19,21,5,16,0,14,20,16,1.95,0,0,0,0,93,384,0.28,5,0,1,1,1,8,0,0,0,3,6,0,0,0,17,24,0.71,0.281,18.3,20.2,6.63,7.58,0.88,0.402,0.547,0.949
2022,69745,김도현,KIA,HT,26,7.59,5,0,1,0,0,0.0,10 2/3,17,2,5,1,11,9,9,2.06,0,0,0,0,52,209,0.37,2,0,0,0,0,1,0,2,0,0,1,0,0,3,10,8,1.25,0.455,41.8,19.6,9.28,4.22,2.2,0.442,0.543,0.985
2022,66660,남하준,KIA,HT,27,8.71,11,1,1,0,1,0.5,10 1/3,18,4,6,1,6,11,10,2.32,0,0,0,0,55,228,0.383,4,0,1,0,0,1,0,0,0,1,6,1,0,1,9,14,0.64,0.378,20.7,22.1,5.23,5.23,1.0,0.463,0.723,1.186
2022,52639,최지민,KIA,HT,28,13.5,6,0,0,0,0,,6,12,1,5,1,7,9,9,2.83,0,0,0,0,36,142,0.4,2,0,0,0,0,1,0,0,0,0,3,0,0,0,7,4,1.75,0.5,23.7,23.7,10.5,7.5,1.4,0.5,0.567,1.067
2022,67606,송후섭,KIA,HT,29,162.0,1,0,0,0,0,,1/3,4,0,1,1,0,6,6,15.0,0,0,0,0,7,32,0.8,1,0,0,0,0,0,0,0,0,0,0,0,0,0,1,0,,0.8,32.0,96.0,0.0,27.0,0.0,0.857,1.0,1.857
2022,50205,박웅,두산,OB,1,3.0,8,0,0,0,0,,6,7,0,7,0,3,3,2,2.33,0,0,0,0,33,126,0.269,0,0,0,0,0,0,0,0,0,0,4,0,0,0,5,11,0.45,0.304,15.8,21.0,4.5,10.5,0.43,0.424,0.269,0.693
2022,68242,정철원,두산,OB,2,3.1,58,4,3,3,23,0.571,72 2/3,60,4,26,2,47,26,25,1.18,0,0,0,3,294,1162,0.232,12,2,5,2,2,7,0,0,0,4,9,29,1,8,88,66,1.33,0.267,20.0,16.0,5.82,3.22,1.81,0.304,0.34,0.644
2022,65639,박정수,두산,OB,3,3.2,13,1,1,0,0,0.5,19 2/3,17,1,9,1,18,7,7,1.32,0,0,0,0,83,337,0.233,2,0,0,0,0,1,0,0,0,1,2,1,0,2,20,18,1.11,0.296,25.9,17.1,8.24,4.12,2.0,0.325,0.301,0.626
2022,61643,홍건희,두산,OB,4,3.48,58,2,9,18,9,0.182,62,58,5,21,2,60,30,24,1.27,0,0,0,4,265,1009,0.25,9,0,6,4,3,4,0,0,0,2,38,31,1,1,68,50,1.36,0.31,17.4,16.3,8.71,3.05,2.86,0.313,0.353,0.666
2022,52257,브랜든,두산,OB,5,3.6,11,5,3,0,0,0.625,65,56,5,24,1,40,29,26,1.23,0,0,5,0,276,1103,0.228,10,0,3,2,0,2,1,11,5,0,0,0,0,5,91,61,1.49,0.251,100.3,17.0,5.54,3.32,1.67,0.297,0.329,0.626
2022,52234,스탁,두산,OB,5,3.6,29,9,10,0,0,0.474,165,162,9,83,10,138,87,66,1.48,0,0,15,0,722,2876,0.26,24,2,3,2,0,12,0,29,9,0,0,0,0,25,196,130,1.51,0.319,99.2,17.4,7.53,4.53,1.66,0.355,0.348,0.703
2022,52204,이병헌,두산,OB,5,3.6,9,0,0,0,0,,5,5,0,7,1,5,2,2,2.4,0,0,0,0,28,124,0.25,1,0,0,0,0,2,0,0,0,0,0,0,0,0,4,6,0.67,0.333,13.8,24.8,9.0,12.6,0.71,0.464,0.3,0.764
2022,67263,최원준,두산,OB,5,3.6,30,8,13,0,0,0.381,165,183,21,37,7,113,80,66,1.33,0,0,16,0,713,2755,0.279,31,2,6,6,0,1,1,30,8,0,0,0,0,11,124,243,0.51,0.306,91.8,16.7,6.16,2.02,3.05,0.321,0.428,0.749
2022,67246,김명신,두산,OB,9,3.62,68,3,3,0,10,0.5,79 2/3,75,5,25,3,61,33,32,1.26,0,0,0,0,333,1274,0.253,9,2,3,6,0,4,0,0,0,3,11,8,0,8,86,80,1.08,0.297,18.7,16.0,6.89,2.82,2.44,0.312,0.348,0.66
2022,74513,장원준,두산,OB,10,3.71,27,0,1,0,6,0.0,17,23,0,7,1,7,8,7,1.76,0,0,0,0,78,290,0.338,3,0,1,1,0,0,0,0,0,0,3,4,0,4,22,17,1.29,0.371,10.7,17.1,3.71,3.71,1.0,0.403,0.382,0.785
2022,68220,곽빈,두산,OB,11,3.78,27,8,9,0,0,0.471,147 2/3,143,13,60,11,138,69,62,1.37,0,0,10,0,645,2565,0.253,30,0,7,2,1,9,1,27,8,0,0,0,0,8,118,168,0.7,0.313,95.0,17.4,8.41,3.66,2.3,0.335,0.375,0.71
2022,78352,임창민,두산,OB,12,3.95,32,0,0,2,6,,27 1/3,26,3,10,3,21,15,12,1.32,0,0,0,3,124,492,0.234,1,0,0,0,0,1,0,0,0,0,10,10,0,1,35,29,1.21,0.264,15.4,18.0,6.91,3.29,2.1,0.315,0.324,0.639
2022,62951,이형범,두산,OB,13,4.35,31,0,1,0,0,0.0,31,34,1,11,4,17,17,15,1.45,0,0,0,1,142,550,0.27,7,0,0,1,0,2,0,0,0,0,14,1,0,4,46,30,1.53,0.303,17.7,17.7,4.94,3.19,1.55,0.345,0.349,0.694
2022,77263,김강률,두산,OB,14,4.38,26,3,4,9,1,0.429,24 2/3,28,2,8,2,15,13,12,1.46,0,0,0,4,110,395,0.295,6,0,1,4,2,1,0,0,0,3,17,14,0,2,25,31,0.81,0.317,15.2,16.0,5.47,2.92,1.88,0.349,0.421,0.77
2022,66291,이영하,두산,OB,15,4.93,21,6,8,0,0,0.429,98 2/3,109,5,57,6,83,65,54,1.68,0,0,6,0,462,1838,0.283,14,1,7,7,1,8,0,20,6,0,0,0,0,10,100,100,1.0,0.342,87.5,18.6,7.57,5.2,1.46,0.378,0.364,0.742
2022,51264,최승용,두산,OB,16,5.3,48,3,7,0,5,0.3,93 1/3,104,8,43,2,64,59,55,1.58,0,0,2,0,423,1763,0.278,15,4,4,0,0,1,1,15,1,2,2,4,0,8,93,113,0.82,0.318,36.7,18.9,6.17,4.15,1.49,0.356,0.404,0.76
2022,67266,박치국,두산,OB,17,5.4,15,1,2,0,3,0.333,11 2/3,6,0,9,3,12,8,7,1.29,0,0,0,0,51,199,0.158,0,0,1,0,1,1,0,0,0,1,2,2,0,1,9,11,0.82,0.231,13.3,17.1,9.26,6.94,1.33,0.36,0.158,0.518
2022,50203,권휘,두산,OB,18,5.79,10,0,0,0,1,,9 1/3,8,1,5,1,5,6,6,1.39,0,0,0,0,40,187,0.242,0,0,0,1,0,2,0,0,0,0,1,2,0,2,10,11,0.91,0.25,18.7,20.0,4.82,4.82,1.0,0.35,0.333,0.683
2022,60181,김지용,두산,OB,19,6.05,18,1,0,0,0,1.0,19 1/3,19,5,5,1,13,14,13,1.24,0,0,0,1,82,321,0.25,3,0,0,0,0,1,0,0,0,1,9,1,0,1,17,27,0.63,0.241,17.8,16.6,6.05,2.33,2.6,0.305,0.487,0.792
2022,76329,이현승,두산,OB,20,6.23,23,1,0,0,2,1.0,8 2/3,13,2,4,1,9,6,6,1.96,0,0,0,1,43,160,0.351,1,2,0,1,0,0,0,0,0,1,0,4,0,0,7,9,0.78,0.407,7.0,18.5,9.35,4.15,2.25,0.419,0.649,1.068
2022,64805,이승진,두산,OB,21,6.61,35,3,1,0,2,0.75,31 1/3,35,5,12,1,29,25,23,1.5,0,0,0,1,140,564,0.28,2,0,0,2,0,0,1,0,0,3,8,3,0,2,25,38,0.66,0.323,16.1,18.0,8.33,3.45,2.42,0.343,0.416,0.759
2022,68249,박신지,두산,OB,22,6.71,29,1,6,0,0,0.143,61 2/3,84,7,40,5,38,50,46,2.01,0,0,0,0,313,1199,0.326,12,1,6,4,0,4,0,9,1,0,2,1,0,6,66,74,0.89,0.355,41.3,19.4,5.55,5.84,0.95,0.42,0.461,0.881
2022,51230,김동주,두산,OB,23,7.56,10,0,0,0,0,,16 2/3,23,5,9,0,13,14,14,1.92,0,0,0,0,85,328,0.303,1,0,0,0,0,2,0,0,0,0,4,0,0,1,20,20,1.0,0.31,32.8,19.7,7.02,4.86,1.44,0.376,0.513,0.889
2022,51257,미란다,두산,OB,24,8.22,3,0,0,0,0,,7 2/3,2,0,18,1,8,7,7,2.61,0,0,0,0,43,175,0.087,2,0,1,0,0,1,0,3,0,0,0,0,0,1,4,9,0.44,0.133,58.3,22.8,9.39,21.13,0.44,0.5,0.174,0.674
2022,62242,윤명준,두산,OB,25,8.46,20,1,1,0,0,0.5,22 1/3,33,8,8,1,15,24,21,1.84,0,0,0,0,109,399,0.347,6,2,3,2,1,2,0,0,0,1,5,0,0,0,24,25,0.96,0.338,20.0,17.9,6.04,3.22,1.88,0.396,0.705,1.101
2022,69204,전루건,두산,OB,26,19.29,9,0,0,0,0,,9 1/3,17,2,8,0,3,20,20,2.68,0,0,0,0,52,190,0.395,4,1,0,1,0,0,0,0,0,0,2,0,0,1,14,10,1.4,0.385,21.1,20.4,2.89,7.71,0.38,0.481,0.674,1.155
2022,52206,최지강,두산,OB,27,21.6,2,0,0,0,0,,1 2/3,6,0,2,0,2,4,4,4.8,0,0,0,0,11,56,0.667,1,0,0,0,0,1,0,0,0,0,1,0,0,0,0,1,0.0,0.857,28.0,33.6,10.8,10.8,1.0,0.727,0.778,1.505
2022,67391,김재웅,키움,WO,1,2.01,65,3,2,13,27,0.6,62 2/3,39,4,29,4,56,14,14,1.09,0,0,0,2,254,1043,0.179,8,1,3,0,2,4,0,0,0,3,18,42,0,5,46,77,0.6,0.222,16.0,16.6,8.04,4.16,1.93,0.287,0.28,0.567
2022,51393,김준형,키움,WO,2,2.03,12,0,1,0,0,0.0,13 1/3,9,0,13,2,6,3,3,1.65,0,0,0,0,61,267,0.205,1,0,1,1,0,3,0,0,0,0,2,1,0,3,14,16,0.88,0.231,22.3,20.0,4.05,8.78,0.46,0.4,0.227,0.627
2022,68341,안우진,키움,WO,3,2.11,30,15,8,0,0,0.652,196,131,4,55,4,224,51,46,0.95,1,0,24,0,766,3003,0.188,36,4,5,4,1,7,1,30,15,0,1,0,0,10,160,187,0.86,0.268,100.1,15.3,10.29,2.53,4.07,0.25,0.268,0.518
2022,69343,요키시,키움,WO,4,2.57,30,10,8,0,0,0.556,185 1/3,169,8,33,5,154,61,53,1.09,0,0,22,0,746,2912,0.244,31,3,12,2,0,2,0,30,10,0,0,0,0,14,238,135,1.76,0.301,97.1,15.7,7.48,1.6,4.67,0.282,0.331,0.613
2022,62360,김태훈,키움,WO,5,3.14,43,3,2,9,10,0.6,43,40,3,20,2,34,18,15,1.4,0,0,0,4,188,694,0.255,7,0,5,4,2,2,0,0,0,3,12,21,0,4,52,35,1.49,0.298,16.1,16.1,7.12,4.19,1.7,0.339,0.357,0.696
2022,60336,문성현,키움,WO,6,3.27,45,0,1,13,9,0.0,41 1/3,34,3,14,1,32,16,15,1.16,0,0,0,4,168,692,0.224,5,0,1,0,0,2,0,0,0,0,15,28,0,3,49,37,1.32,0.265,15.4,16.7,6.97,3.05,2.29,0.293,0.316,0.609
2022,64350,하영민,키움,WO,7,3.43,41,5,3,0,2,0.625,39 1/3,35,4,21,0,23,27,15,1.42,0,0,0,0,178,667,0.235,8,2,4,4,0,2,0,0,0,5,17,1,0,2,56,39,1.44,0.246,16.3,17.0,5.26,4.81,1.1,0.322,0.396,0.718
2022,67603,이승호,키움,WO,8,3.58,53,3,2,10,10,0.6,50 1/3,44,7,27,3,44,20,20,1.41,0,0,0,3,215,820,0.249,9,0,6,2,1,6,0,0,0,3,15,24,0,8,42,49,0.86,0.289,15.5,16.3,7.87,4.83,1.63,0.354,0.418,0.772
2022,65320,최원태,키움,WO,9,3.75,26,7,5,0,0,0.583,105 2/3,93,5,40,5,63,50,44,1.26,0,0,6,1,446,1746,0.234,25,0,1,2,0,5,0,20,7,0,0,1,0,9,120,124,0.97,0.265,67.2,16.5,5.37,3.41,1.58,0.31,0.334,0.644
2022,64051,이영준,키움,WO,10,4.29,26,2,2,0,4,0.5,21,27,0,13,2,16,12,10,1.9,0,0,0,1,102,415,0.325,2,0,3,1,1,1,0,0,0,2,6,4,0,4,21,20,1.05,0.397,16.0,19.8,6.86,5.57,1.23,0.424,0.349,0.773
2022,52308,애플러,키움,WO,11,4.3,33,6,8,0,0,0.429,140 1/3,172,13,40,6,86,69,67,1.51,1,1,8,0,622,2369,0.304,34,1,8,3,1,4,0,25,6,0,2,0,0,15,179,131,1.37,0.339,71.8,16.9,5.52,2.57,2.15,0.355,0.437,0.792
2022,66305,박승주,키움,WO,12,4.32,27,1,0,0,0,1.0,25,20,3,21,3,22,12,12,1.64,0,0,0,0,116,515,0.22,4,1,1,0,0,2,0,0,0,1,11,1,0,2,17,32,0.53,0.258,19.1,20.6,7.92,7.56,1.05,0.383,0.385,0.768
2022,50360,김동혁,키움,WO,13,4.73,24,2,1,0,3,0.667,26 2/3,28,0,11,1,18,14,14,1.46,0,0,0,1,115,420,0.28,12,2,1,2,2,1,0,0,0,2,6,4,0,3,33,23,1.43,0.333,17.5,15.8,6.08,3.71,1.64,0.351,0.44,0.791
2022,62363,한현희,키움,WO,14,4.75,21,6,4,0,0,0.6,77 2/3,83,9,24,8,59,44,41,1.38,0,0,6,0,346,1338,0.268,20,1,2,2,0,2,0,14,6,0,0,1,0,3,82,88,0.93,0.303,63.7,17.2,6.84,2.78,2.46,0.334,0.426,0.76
2022,66018,김선기,키움,WO,15,5.15,26,3,1,1,4,0.75,36 2/3,39,1,19,2,30,24,21,1.58,0,0,0,1,167,640,0.277,9,0,0,4,1,1,0,2,0,3,4,7,0,5,46,30,1.53,0.333,24.6,17.5,7.36,4.66,1.58,0.361,0.362,0.723
2022,61268,양현,키움,WO,15,5.15,25,3,2,2,5,0.6,36 2/3,39,4,17,1,14,23,21,1.53,0,0,0,1,167,611,0.273,5,0,3,3,2,1,0,0,0,3,7,8,0,3,55,38,1.45,0.273,24.4,16.7,3.44,4.17,0.82,0.348,0.392,0.74
2022,52397,이명종,키움,WO,17,5.27,27,4,1,0,4,0.8,27 1/3,28,3,16,2,20,17,16,1.61,0,0,0,0,126,480,0.277,4,0,5,2,1,1,0,0,0,4,6,3,0,3,35,20,1.75,0.313,17.8,17.6,6.59,5.27,1.25,0.38,0.406,0.786
2022,78148,정찬헌,키움,WO,18,5.36,20,5,6,0,0,0.455,87 1/3,106,13,28,6,42,55,52,1.53,0,0,5,0,390,1395,0.302,21,0,1,4,2,3,0,20,5,0,0,0,0,10,117,90,1.3,0.31,69.8,16.0,4.33,2.89,1.5,0.36,0.473,0.833
2022,69328,박주성,키움,WO,19,5.54,11,1,1,0,0,0.5,13,11,4,7,3,8,9,8,1.38,0,0,0,0,61,216,0.224,5,0,1,1,1,0,0,0,0,1,7,1,0,0,15,16,0.94,0.184,19.6,16.6,5.54,4.85,1.14,0.35,0.571,0.921
2022,69399,윤정현,키움,WO,20,6.35,17,1,1,0,4,0.5,22 2/3,27,2,12,5,17,17,16,1.72,0,0,0,0,106,422,0.303,3,0,0,0,1,0,0,2,0,1,2,3,0,3,31,14,2.21,0.357,24.8,18.6,6.75,4.76,1.42,0.415,0.404,0.819
2022,51359,장재영,키움,WO,21,7.71,14,0,0,0,0,,14,23,2,7,1,19,12,12,2.14,0,0,0,0,70,285,0.371,4,0,0,0,0,1,0,0,0,0,3,0,0,1,10,10,1.0,0.512,20.4,20.4,12.21,4.5,2.71,0.443,0.532,0.975
2022,51301,김성진,키움,WO,22,7.89,23,0,2,0,2,0.0,21 2/3,31,3,10,3,16,25,19,1.89,0,0,0,0,105,378,0.348,3,0,2,1,0,0,0,0,0,0,8,2,0,3,20,23,0.87,0.394,16.4,17.4,6.65,4.15,1.6,0.427,0.483,0.91
2022,52330,주승우,키움,WO,23,10.8,4,0,0,0,0,,3 1/3,5,1,7,0,4,5,4,3.6,0,0,0,0,23,101,0.333,0,0,1,0,0,0,0,1,0,0,1,0,0,0,2,4,0.5,0.4,25.3,30.3,10.8,18.9,0.57,0.545,0.533,1.078
2022,52394,노운현,키움,WO,24,11.25,5,0,1,0,0,0.0,4,10,0,3,1,3,7,5,3.25,0,0,0,0,28,89,0.417,1,0,0,0,0,1,0,0,0,0,1,0,0,0,9,2,4.5,0.476,17.8,22.3,6.75,6.75,1.0,0.5,0.458,0.958
2022,52391,송정인,키움,WO,25,22.5,1,0,0,0,0,,2,4,0,3,0,0,5,5,3.5,0,0,0,0,13,50,0.4,2,0,0,0,0,0,0,0,0,0,0,0,0,0,6,0,,0.4,50.0,25.0,0.0,13.5,0.0,0.538,0.6,1.138
2023,51111,송승기,LG,LG,1,0.0,1,0,0,0,0,,1,1,0,1,0,0,0,0,2.0,0,0,0,0,5,18,0.25,0,0,0,0,0,0,0,0,0,0,1,0,0,0,1,2,0.5,0.25,18.0,18.0,0.0,9.0,0.0,0.4,0.25,0.65
2023,65109,백승현,LG,LG,2,1.58,42,2,0,3,11,1.0,40,28,2,18,0,30,7,7,1.15,0,0,0,1,162,648,0.197,4,0,2,0,1,1,0,0,0,2,5,15,2,4,47,37,1.27,0.236,15.4,16.2,6.75,4.05,1.67,0.288,0.268,0.556
2023,63248,함덕주,LG,LG,3,1.62,57,4,0,4,16,1.0,55 2/3,32,1,22,2,59,12,10,0.97,0,0,0,0,222,910,0.165,9,1,4,0,1,0,0,0,0,4,9,22,1,1,42,61,0.69,0.231,16.0,16.3,9.54,3.56,2.68,0.257,0.237,0.494
2023,75867,김진성,LG,LG,4,2.18,80,5,1,4,21,0.833,70 1/3,41,8,26,0,69,17,17,0.95,0,0,0,2,270,1105,0.174,5,1,6,3,0,0,0,0,0,5,14,27,1,6,36,92,0.39,0.205,13.8,15.7,8.83,3.33,2.65,0.254,0.306,0.56
2023,65117,이상규,LG,LG,5,2.35,8,0,0,0,0,,7 2/3,7,0,5,0,6,2,2,1.57,0,0,0,0,34,152,0.241,0,0,0,0,0,1,0,0,0,0,4,0,0,2,10,6,1.67,0.304,19.0,19.8,7.04,5.87,1.2,0.353,0.241,0.594
2023,52145,플럿코,LG,LG,6,2.41,21,11,3,0,0,0.786,123 1/3,115,5,31,3,101,37,33,1.18,0,0,15,0,510,1972,0.244,21,3,5,0,1,2,0,21,11,0,0,0,0,8,87,168,0.52,0.301,93.9,16.0,7.37,2.26,3.26,0.295,0.333,0.628
2023,73801,송은범,LG,LG,7,2.45,4,0,0,0,0,,3 2/3,6,0,3,0,2,1,1,2.45,0,0,0,0,17,54,0.429,0,0,0,0,0,0,0,0,0,0,1,0,0,2,4,2,2.0,0.5,13.5,14.7,4.91,7.36,0.67,0.529,0.429,0.958
2023,63961,윤호솔,LG,LG,7,2.45,4,0,0,0,0,,3 2/3,3,0,3,0,4,1,1,1.64,0,0,0,0,17,91,0.214,1,0,0,0,0,0,0,0,0,0,1,0,0,0,2,5,0.4,0.3,22.8,24.8,9.82,7.36,1.33,0.353,0.286,0.639
2023,79140,최동환,LG,LG,9,3.19,45,0,0,1,1,,42 1/3,42,1,17,3,20,18,15,1.39,0,0,0,0,189,715,0.255,11,0,4,0,2,0,0,0,0,0,15,5,1,4,40,63,0.63,0.285,15.9,16.9,4.25,3.61,1.18,0.335,0.339,0.674
2023,69168,이상영,LG,LG,10,3.27,6,0,1,0,0,0.0,11,12,0,8,3,4,5,4,1.82,0,0,0,0,54,208,0.293,3,0,2,0,0,0,0,2,0,0,1,0,0,2,10,15,0.67,0.324,34.7,18.9,3.27,6.55,0.5,0.442,0.366,0.808
2023,61101,임찬규,LG,LG,11,3.42,30,14,3,0,1,0.824,144 2/3,142,10,54,5,103,63,55,1.35,0,0,7,0,632,2458,0.252,22,2,7,3,1,1,1,26,14,0,1,0,0,9,165,156,1.06,0.291,81.9,17.0,6.41,3.36,1.91,0.322,0.352,0.674
2023,50106,유영찬,LG,LG,12,3.44,67,6,3,1,12,0.667,68,55,4,40,7,55,27,26,1.4,0,0,0,2,305,1134,0.22,14,1,4,4,2,8,0,0,0,6,10,20,0,4,67,77,0.87,0.262,16.9,16.7,7.28,5.29,1.38,0.339,0.332,0.671
2023,61145,이우찬,LG,LG,13,3.52,38,1,3,0,5,0.25,38 1/3,35,1,18,2,30,15,15,1.38,0,0,0,0,157,608,0.261,4,0,1,2,0,2,1,0,0,1,6,3,0,9,42,29,1.45,0.324,16.0,15.9,7.04,4.23,1.67,0.353,0.313,0.666
2023,67119,고우석,LG,LG,14,3.68,44,3,8,15,0,0.273,44,38,2,22,4,59,19,18,1.36,0,0,0,2,190,799,0.235,6,0,2,0,1,5,0,0,0,3,35,17,5,5,34,31,1.1,0.356,18.2,18.2,12.07,4.5,2.68,0.34,0.309,0.649
2023,76650,진해수,LG,LG,14,3.68,19,0,0,0,2,,14 2/3,18,2,10,0,12,8,6,1.91,0,0,0,1,72,297,0.295,3,0,0,1,0,3,0,0,0,0,3,4,0,1,17,15,1.13,0.333,15.6,20.3,7.36,6.14,1.2,0.389,0.443,0.832
2023,69103,켈리,LG,LG,16,3.83,30,10,7,0,0,0.588,178 2/3,183,10,39,6,129,87,76,1.24,0,0,18,0,746,2743,0.266,31,3,6,7,1,6,0,30,10,0,0,0,0,17,172,211,0.82,0.311,91.4,15.4,6.5,1.96,3.31,0.308,0.363,0.671
2023,69108,이지강,LG,LG,17,3.97,22,2,5,0,2,0.286,68,60,4,28,9,38,45,30,1.29,0,0,1,0,299,1196,0.233,9,0,2,2,0,3,0,12,2,0,5,1,0,7,72,90,0.8,0.257,54.4,17.6,5.03,3.71,1.36,0.327,0.314,0.641
2023,69134,이정용,LG,LG,18,4.15,37,7,2,3,1,0.778,86 2/3,100,5,19,2,50,45,40,1.37,0,0,5,5,382,1420,0.284,20,1,5,4,0,3,0,13,4,3,9,10,0,5,93,113,0.82,0.316,38.4,16.4,5.19,1.97,2.63,0.321,0.389,0.71
2023,50157,김윤식,LG,LG,19,4.22,17,6,4,0,0,0.6,74 2/3,86,4,25,3,42,35,35,1.49,0,0,2,0,320,1192,0.301,13,2,3,3,0,4,0,16,6,0,0,0,0,10,74,87,0.85,0.337,70.1,16.0,5.06,3.01,1.68,0.36,0.402,0.762
2023,65320,최원태,LG,LG,20,4.3,26,9,7,0,0,0.563,146 2/3,149,12,46,7,118,73,70,1.33,0,0,13,0,632,2352,0.265,17,1,10,7,2,6,0,26,9,0,0,0,0,6,142,160,0.89,0.312,90.5,16.0,7.24,2.82,2.57,0.325,0.363,0.688
2023,69159,정우영,LG,LG,21,4.7,60,5,6,0,11,0.455,51 2/3,63,1,17,15,41,39,27,1.55,0,0,0,2,245,936,0.297,11,0,1,0,1,2,1,0,0,5,3,16,0,9,80,28,2.86,0.365,15.6,18.1,7.14,2.96,2.41,0.389,0.363,0.752
2023,50126,이민호,LG,LG,22,5.03,5,0,2,0,0,0.0,19 2/3,22,1,10,0,7,13,11,1.63,0,0,0,0,91,369,0.289,4,0,3,2,0,0,0,5,0,0,0,0,0,2,24,25,0.96,0.3,73.8,18.8,3.2,4.58,0.7,0.364,0.382,0.746
2023,53139,박명근,LG,LG,23,5.08,57,4,3,5,9,0.571,51 1/3,49,4,28,6,40,31,29,1.5,0,0,0,3,236,952,0.249,9,1,1,4,2,1,0,1,0,4,12,14,0,5,50,62,0.81,0.287,16.7,18.5,7.01,4.91,1.43,0.353,0.365,0.718
2023,67143,손주영,LG,LG,24,5.19,3,1,0,0,0,1.0,8 2/3,12,0,6,0,5,7,5,2.08,0,0,0,0,46,189,0.3,0,0,0,0,0,0,1,2,1,0,0,0,0,0,14,9,1.56,0.343,63.0,21.8,5.19,6.23,0.83,0.391,0.3,0.691
2023,51143,강효종,LG,LG,25,6.23,7,1,2,0,0,0.333,21 2/3,25,1,12,2,14,18,15,1.71,0,0,0,0,103,446,0.298,3,0,3,2,0,0,1,7,1,0,0,0,0,3,27,20,1.35,0.338,63.7,20.6,5.82,4.98,1.17,0.39,0.369,0.759
2023,67116,오석주,LG,LG,26,6.3,9,0,0,0,0,,10,12,2,3,0,11,7,7,1.5,0,0,0,0,44,176,0.293,2,0,0,0,0,2,0,0,0,0,4,0,0,0,6,12,0.5,0.357,19.6,17.6,9.9,2.7,3.67,0.341,0.488,0.829
2023,68159,성동현,LG,LG,27,9.0,1,0,0,0,0,,1,2,0,1,0,1,1,1,3.0,0,0,0,0,6,20,0.4,0,0,0,0,0,0,0,0,0,0,1,0,0,0,1,1,1.0,0.5,20.0,20.0,9.0,9.0,1.0,0.5,0.4,0.9
2023,66145,김대현,LG,LG,28,10.8,5,0,0,0,0,,3 1/3,8,1,2,1,3,5,4,3.0,0,0,0,0,22,89,0.421,2,0,0,0,0,1,0,0,0,0,2,1,0,0,3,5,0.6,0.467,17.8,26.7,8.1,5.4,1.5,0.5,0.684,1.184
2023,62146,최성훈,LG,LG,29,15.0,5,0,0,1,0,,3,7,0,1,0,2,5,5,2.67,0,0,0,0,17,66,0.438,2,0,0,0,0,0,0,0,0,0,1,1,1,0,3,4,0.75,0.5,13.2,22.0,6.0,3.0,2.0,0.471,0.563,1.034
2023,63145,배재준,LG,LG,30,18.0,1,0,0,0,0,,1,2,0,1,0,0,2,2,3.0,0,0,0,0,6,23,0.4,0,1,0,0,0,1,0,0,0,0,0,0,0,0,1,2,0.5,0.4,23.0,23.0,0.0,9.0,0.0,0.5,0.8,1.3
2023,68130,김영준,LG,LG,31,27.0,1,1,0,0,0,1.0,1/3,1,0,1,0,0,1,1,6.0,0,0,0,0,3,16,0.5,0,0,0,0,0,0,0,0,0,1,0,0,0,0,0,1,0.0,0.5,16.0,48.0,0.0,27.0,0.0,0.667,0.5,1.167
2023,65707,주현상,한화,HH,1,1.96,55,2,2,0,12,0.5,59 2/3,35,2,15,3,45,13,13,0.84,0,0,0,1,228,897,0.172,6,1,5,1,1,0,0,0,0,2,9,7,0,2,39,86,0.45,0.209,16.3,15.0,6.79,2.26,3.0,0.238,0.24,0.478
2023,63464,윤대경,한화,HH,2,2.45,47,5,1,0,2,0.833,47 2/3,36,4,19,6,28,18,13,1.15,0,0,0,1,199,795,0.209,9,1,1,1,0,2,0,0,0,5,10,6,0,2,29,80,0.36,0.227,16.9,16.7,5.29,3.59,1.47,0.308,0.343,0.651
2023,65616,이민우,한화,HH,3,2.63,17,2,1,0,2,0.667,13 2/3,8,2,6,0,11,6,4,1.02,0,0,0,0,57,239,0.167,0,0,1,2,0,1,0,0,0,2,0,3,0,0,13,18,0.72,0.162,14.1,17.5,7.24,3.95,1.83,0.25,0.292,0.542
2023,51713,김규연,한화,HH,4,2.75,23,0,1,1,0,0.0,19 2/3,16,0,10,2,20,7,6,1.32,0,0,0,0,85,344,0.222,2,1,1,0,0,2,0,0,0,0,14,1,0,3,19,17,1.12,0.308,15.0,17.5,9.15,4.58,2.0,0.333,0.278,0.611
2023,60768,이태양,한화,HH,5,3.23,50,3,3,0,2,0.5,100 1/3,100,7,21,3,72,44,36,1.21,0,0,1,0,422,1560,0.26,25,6,7,6,2,1,0,12,2,1,6,3,0,5,84,135,0.62,0.298,31.2,15.5,6.46,1.88,3.43,0.299,0.41,0.709
2023,77318,장시환,한화,HH,6,3.38,39,2,2,1,7,0.5,34 2/3,32,1,21,4,24,13,13,1.53,0,0,0,4,153,598,0.26,4,0,3,2,1,3,0,0,0,2,8,14,0,5,37,32,1.16,0.31,15.3,17.3,6.23,5.45,1.14,0.38,0.317,0.697
2023,52720,페냐,한화,HH,7,3.6,32,11,11,0,0,0.5,177 1/3,149,14,59,18,147,82,71,1.17,0,0,19,0,751,2886,0.225,28,5,10,2,1,16,4,32,11,0,0,0,0,11,189,179,1.06,0.268,90.2,16.3,7.46,2.99,2.49,0.305,0.346,0.651
2023,67703,박상원,한화,HH,8,3.65,55,5,3,16,0,0.625,61 2/3,63,2,29,3,57,35,25,1.49,0,0,0,6,277,1103,0.267,9,3,4,4,4,2,0,0,0,5,40,22,2,6,66,54,1.22,0.337,20.1,17.9,8.32,4.23,1.97,0.349,0.356,0.705
2023,52701,문동주,한화,HH,9,3.72,23,8,8,0,0,0.5,118 2/3,113,6,42,4,95,52,49,1.31,0,0,7,0,503,2067,0.249,20,2,2,1,0,5,1,23,8,0,0,0,0,6,136,111,1.23,0.302,89.9,17.4,7.21,3.19,2.26,0.317,0.341,0.658
2023,53714,산체스,한화,HH,10,3.79,24,7,8,0,0,0.467,126,136,13,28,6,99,62,53,1.3,0,0,8,0,540,2125,0.273,23,0,5,3,2,3,0,24,7,0,0,0,0,11,145,121,1.2,0.316,88.5,16.9,7.07,2.0,3.54,0.318,0.398,0.716
2023,50726,한승주,한화,HH,11,3.95,47,1,4,0,2,0.2,70 2/3,81,6,31,4,55,34,31,1.58,0,0,0,0,320,1267,0.287,16,2,2,1,2,5,0,6,0,1,12,2,0,5,77,70,1.1,0.338,27.0,17.9,7.0,3.95,1.77,0.365,0.422,0.787
2023,65769,김범수,한화,HH,12,4.19,76,5,5,1,18,0.5,62 1/3,64,3,33,3,52,33,29,1.56,0,0,0,7,283,1097,0.263,10,0,2,2,5,4,0,0,0,5,4,25,0,4,68,61,1.11,0.321,14.4,17.6,7.51,4.76,1.58,0.356,0.342,0.698
2023,63103,류원석,한화,HH,13,4.5,1,0,0,0,0,,2,1,0,0,1,1,1,1,0.5,0,0,0,0,8,34,0.143,0,0,0,0,0,1,0,0,0,0,1,0,0,0,2,3,0.67,0.167,34.0,17.0,4.5,0.0,,0.25,0.143,0.393
2023,51715,김기중,한화,HH,14,4.63,37,1,3,0,1,0.25,56 1/3,58,4,29,9,46,33,29,1.54,0,0,0,0,253,1022,0.278,9,3,5,1,1,2,0,6,1,0,6,1,0,6,41,65,0.63,0.338,27.6,18.1,7.35,4.63,1.59,0.387,0.407,0.794
2023,79764,장민재,한화,HH,15,4.83,25,3,8,0,1,0.273,69,79,12,22,5,61,46,37,1.46,0,0,2,0,308,1177,0.288,13,2,4,3,2,5,0,13,2,1,6,2,0,2,63,74,0.85,0.328,47.1,17.1,7.96,2.87,2.77,0.349,0.482,0.831
2023,74857,정우람,한화,HH,16,5.36,52,0,1,0,8,0.0,40 1/3,45,3,17,2,30,24,24,1.54,0,0,0,1,183,766,0.278,8,2,0,2,0,3,0,0,0,0,7,10,0,1,37,52,0.71,0.321,14.7,19.0,6.69,3.79,1.76,0.35,0.407,0.757
2023,69213,윤산흠,한화,HH,17,6.0,5,0,0,0,0,,3,3,0,6,0,3,2,2,3.0,0,0,0,1,18,83,0.273,1,0,1,0,0,0,0,0,0,0,0,2,0,0,1,4,0.25,0.375,16.6,27.7,9.0,18.0,0.5,0.529,0.364,0.893
2023,50705,강재민,한화,HH,18,6.44,43,1,3,0,12,0.25,43 1/3,35,5,19,8,42,31,31,1.25,0,0,0,3,189,785,0.224,10,1,1,5,0,0,0,0,0,1,2,15,0,1,31,53,0.58,0.263,18.3,18.1,8.72,3.95,2.21,0.33,0.397,0.727
2023,61666,한승혁,한화,HH,19,6.44,21,0,3,0,1,0.0,36 1/3,48,3,21,3,28,27,26,1.9,0,0,0,0,176,684,0.324,9,0,0,4,0,4,0,7,0,0,4,1,0,1,34,42,0.81,0.372,32.6,18.8,6.94,5.2,1.33,0.409,0.446,0.855
2023,50720,남지민,한화,HH,20,6.45,16,1,7,0,0,0.125,37 2/3,54,0,13,6,23,31,27,1.78,0,0,1,0,186,678,0.333,12,0,1,4,1,3,0,7,0,1,5,0,0,3,42,47,0.89,0.378,42.4,18.0,5.5,3.11,1.77,0.395,0.407,0.802
2023,53734,스미스,한화,HH,21,6.75,1,0,0,0,0,,2 2/3,3,0,0,1,2,2,2,1.13,0,0,0,0,12,60,0.273,0,0,0,0,0,0,0,1,0,0,0,0,0,0,2,4,0.5,0.333,60.0,22.5,6.75,0.0,,0.333,0.273,0.606
2023,65764,김민우,한화,HH,22,6.97,12,1,6,0,0,0.143,51 2/3,65,6,28,2,43,43,40,1.8,0,0,2,0,243,959,0.313,16,2,3,2,0,5,0,12,1,0,0,0,0,5,47,55,0.85,0.366,79.9,18.6,7.49,4.88,1.54,0.396,0.495,0.891
2023,53754,김서현,한화,HH,23,7.25,20,0,0,1,0,,22 1/3,22,1,23,7,26,20,18,2.01,0,0,0,0,114,476,0.265,4,2,1,0,1,3,1,1,0,0,1,5,0,3,26,9,2.89,0.375,23.8,21.3,10.48,9.27,1.13,0.46,0.398,0.858
2023,61156,송윤준,한화,HH,24,8.31,4,0,0,0,0,,4 1/3,4,0,2,0,3,4,4,1.38,0,0,0,0,19,69,0.25,2,0,0,1,0,0,1,0,0,0,1,0,0,0,5,5,1.0,0.286,17.3,15.9,6.23,4.15,1.5,0.316,0.375,0.691
2023,63749,이충호,한화,HH,25,9.35,11,0,0,0,0,,8 2/3,12,2,5,1,7,9,9,1.96,0,0,0,0,41,145,0.353,0,0,1,0,0,0,0,0,0,0,2,0,0,2,7,8,0.88,0.4,13.2,16.7,7.27,5.19,1.4,0.45,0.529,0.979
2023,66741,김재영,한화,HH,26,10.13,6,0,0,0,0,,8,13,2,2,2,5,9,9,1.88,0,0,0,0,40,145,0.361,2,1,0,0,0,0,0,0,0,0,3,0,0,1,10,8,1.25,0.379,24.2,18.1,5.63,2.25,2.5,0.425,0.639,1.064
2023,64029,류희운,한화,HH,27,11.25,3,0,0,0,0,,4,6,1,2,0,4,5,5,2.0,0,0,0,0,20,68,0.333,1,0,0,0,0,0,0,0,0,0,1,0,0,0,2,6,0.33,0.385,22.7,17.0,9.0,4.5,2.0,0.4,0.556,0.956
2023,69645,장유호,한화,HH,28,18.0,1,0,0,0,0,,2,4,0,2,0,0,5,4,3.0,0,0,0,0,11,44,0.444,0,0,0,0,0,1,0,0,0,0,0,0,0,1,4,1,4.0,0.444,44.0,22.0,0.0,9.0,0.0,0.545,0.444,0.989
2023,52731,박준영,한화,HH,29,18.69,4,0,0,0,0,,4 1/3,2,0,8,0,7,9,9,2.31,0,0,0,0,23,101,0.143,0,0,0,1,0,1,0,0,0,0,1,0,0,0,2,4,0.5,0.25,25.3,23.3,14.54,16.62,0.88,0.435,0.143,0.578
2023,69762,박윤철,한화,HH,30,21.6,3,0,0,0,0,,3 1/3,5,2,5,0,1,8,8,3.0,0,0,0,0,20,81,0.333,2,0,0,0,0,1,0,0,0,0,1,0,0,0,5,4,1.25,0.25,27.0,24.3,2.7,13.5,0.2,0.5,0.867,1.367
2023,66859,김주한,SSG,SK,1,,1,0,0,0,0,,0,2,1,1,0,0,3,3,,0,0,0,0,3,16,1.0,0,0,0,0,0,0,0,0,0,0,0,0,0,0,0,0,,1.0,16.0,,,,0.0,1.0,2.5,3.5
2023,64896,서동민,SSG,SK,1,0.0,2,0,0,0,0,,1,0,0,3,0,1,0,0,3.0,0,0,0,0,6,23,0.0,0,0,0,0,0,0,0,0,0,0,1,0,0,0,0,2,0.0,0.0,11.5,23.0,9.0,27.0,0.33,0.5,0.0,0.5
2023,69803,서상준,SSG,SK,1,0.0,2,0,0,0,0,,2,1,0,5,0,3,3,0,3.0,0,0,0,0,13,55,0.125,0,0,0,0,0,1,0,0,0,0,1,0,0,0,2,2,1.0,0.2,27.5,27.5,13.5,22.5,0.6,0.462,0.125,0.587
2023,64893,박민호,SSG,SK,4,0.9,10,0,0,0,0,,10,14,0,1,2,4,3,1,1.5,0,0,0,0,47,167,0.318,1,0,0,0,0,0,0,0,0,0,1,0,0,0,9,17,0.53,0.35,16.7,16.7,3.6,0.9,4.0,0.362,0.341,0.703
2023,64861,이건욱,SSG,SK,5,2.09,27,1,0,0,0,1.0,38 2/3,31,0,25,2,31,13,9,1.45,0,0,0,0,169,716,0.228,7,0,3,3,2,2,0,1,0,1,10,1,0,0,29,48,0.6,0.287,26.5,18.5,7.22,5.82,1.24,0.349,0.279,0.628
2023,61895,서진용,SSG,SK,6,2.59,69,5,4,42,0,0.556,73,63,3,49,4,64,22,21,1.53,0,0,0,6,325,1259,0.239,6,0,4,4,6,5,0,0,0,5,61,48,2,11,71,70,1.01,0.299,18.2,17.2,7.89,6.04,1.31,0.361,0.295,0.656
2023,53833,맥카티,SSG,SK,7,3.39,24,9,5,0,0,0.643,130,124,10,45,1,116,58,49,1.3,0,0,13,0,543,2246,0.252,19,2,3,2,0,4,1,24,9,0,0,0,0,13,123,131,0.94,0.31,93.6,17.3,8.03,3.12,2.58,0.315,0.36,0.675
2023,77829,김광현,SSG,SK,8,3.53,30,9,8,0,0,0.529,168 1/3,163,11,70,2,119,75,66,1.38,0,0,16,0,713,2798,0.261,30,0,6,10,0,5,0,30,9,0,0,0,0,19,179,174,1.03,0.301,93.3,16.6,6.36,3.74,1.7,0.332,0.362,0.694
2023,73211,노경은,SSG,SK,9,3.58,76,9,5,2,30,0.643,83,78,4,36,4,65,33,33,1.37,0,0,0,7,357,1396,0.253,13,2,7,2,5,8,0,0,0,9,6,38,0,11,83,84,0.99,0.307,18.4,16.8,7.05,3.9,1.81,0.337,0.347,0.684
2023,53825,엘리아스,SSG,SK,10,3.7,22,8,6,0,0,0.571,131 1/3,140,12,33,6,93,58,54,1.32,0,0,12,0,548,2123,0.278,22,1,2,3,1,0,0,21,8,0,1,0,0,11,129,145,0.89,0.318,96.5,16.2,6.37,2.26,2.82,0.328,0.397,0.725
2023,68856,최민준,SSG,SK,11,4.2,53,5,3,1,7,0.625,60,75,7,19,1,37,29,28,1.57,0,0,0,3,262,1025,0.319,10,2,5,2,1,2,0,0,0,5,6,12,0,8,68,57,1.19,0.352,19.3,17.1,5.55,2.85,1.95,0.37,0.468,0.838
2023,72523,고효준,SSG,SK,12,4.5,73,4,1,0,13,0.8,58,49,3,42,3,66,31,29,1.57,0,0,0,2,262,1214,0.232,3,0,3,3,0,4,0,0,0,4,7,19,0,5,39,60,0.65,0.317,16.6,20.9,10.24,6.52,1.57,0.363,0.289,0.652
2023,69839,백승건,SSG,SK,13,4.97,25,2,2,0,3,0.5,38,41,7,17,0,29,24,21,1.53,0,0,0,0,170,656,0.273,5,0,2,1,0,0,0,2,0,2,3,3,0,0,31,50,0.62,0.296,26.2,17.3,6.87,4.03,1.71,0.345,0.447,0.792
2023,50859,오원석,SSG,SK,14,5.23,28,8,10,0,0,0.444,144 2/3,158,11,69,9,88,92,84,1.57,1,0,7,0,648,2564,0.283,22,2,5,7,0,11,0,27,7,1,1,0,0,17,159,160,0.99,0.315,91.6,17.7,5.47,4.29,1.28,0.367,0.389,0.756
2023,62869,문승원,SSG,SK,15,5.23,50,5,8,1,9,0.385,105,138,12,35,6,65,67,61,1.65,0,0,4,2,479,1793,0.319,27,1,4,2,1,3,0,12,3,2,4,13,0,17,134,97,1.38,0.353,35.9,17.1,5.57,3.0,1.86,0.377,0.47,0.847
2023,53892,이로운,SSG,SK,16,5.62,50,6,1,0,5,0.857,57 2/3,67,7,29,1,52,39,36,1.66,0,0,0,1,268,1107,0.289,13,1,3,3,2,3,0,0,0,6,14,6,0,1,49,67,0.73,0.341,22.1,19.2,8.12,4.53,1.79,0.366,0.444,0.81
2023,53898,송영진,SSG,SK,17,5.7,17,3,3,0,0,0.5,47 1/3,46,3,31,2,38,35,30,1.63,0,0,1,0,220,871,0.257,9,1,4,4,0,8,2,9,3,0,1,1,0,3,57,42,1.36,0.303,51.2,18.4,7.23,5.89,1.23,0.366,0.369,0.735
2023,62611,임준섭,SSG,SK,18,5.79,41,0,2,0,4,0.0,32 2/3,44,1,19,1,26,25,21,1.93,0,0,0,0,155,666,0.336,6,0,3,1,1,2,0,0,0,0,11,3,0,7,39,23,1.7,0.41,16.2,20.4,7.16,5.23,1.37,0.421,0.405,0.826
2023,52873,신헌민,SSG,SK,19,6.0,11,0,0,0,0,,12,19,1,6,0,8,10,8,2.08,0,0,0,0,62,237,0.345,6,0,1,0,1,0,0,0,0,0,11,0,0,1,13,15,0.87,0.391,21.5,19.8,6.0,4.5,1.33,0.41,0.509,0.919
2023,60841,박종훈,SSG,SK,20,6.19,18,2,6,0,0,0.25,80,77,8,60,19,56,57,55,1.71,0,0,4,0,382,1587,0.26,13,1,3,4,0,2,0,16,2,0,0,0,0,9,102,65,1.57,0.292,88.2,19.8,6.3,6.75,0.93,0.412,0.392,0.804
2023,68848,조성훈,SSG,SK,21,6.43,2,0,1,0,0,0.0,7,10,0,4,2,4,5,5,2.0,0,0,0,0,34,137,0.357,1,0,0,0,0,0,0,2,0,0,0,0,0,1,4,10,0.4,0.417,68.5,19.6,5.14,5.14,1.0,0.471,0.393,0.864
2023,52868,이기순,SSG,SK,22,9.0,2,0,0,0,0,,3,3,1,4,0,3,3,3,2.33,0,0,0,0,16,63,0.273,0,0,0,1,0,0,0,0,0,0,1,0,0,0,2,4,0.5,0.25,31.5,21.0,9.0,12.0,0.75,0.438,0.545,0.983
2023,68092,한두솔,SSG,SK,22,9.0,1,0,0,0,0,,1,1,0,1,1,2,1,1,2.0,0,0,0,0,6,26,0.25,0,1,0,0,0,0,0,0,0,0,1,0,0,0,0,1,0.0,0.5,26.0,26.0,18.0,9.0,2.0,0.5,0.75,1.25
2023,65058,정성곤,SSG,SK,24,10.38,6,0,0,0,0,,4 1/3,8,2,7,0,3,9,5,3.46,0,0,0,0,29,122,0.381,3,0,1,0,0,0,0,0,0,0,3,0,0,1,5,5,1.0,0.375,20.3,28.2,6.23,14.54,0.43,0.536,0.81,1.346
2023,65411,김주온,SSG,SK,25,81.0,1,0,0,0,0,,1/3,2,0,1,1,1,3,3,9.0,0,0,0,0,5,14,0.667,0,0,0,0,0,1,0,0,0,0,0,0,0,0,0,0,,1.0,14.0,42.0,27.0,27.0,1.0,0.8,0.667,1.467
2023,50430,홍원표,삼성,SS,1,2.45,3,0,0,0,0,,3 2/3,2,0,2,0,1,1,1,1.09,0,0,0,0,15,56,0.154,0,0,0,0,0,0,0,0,0,0,0,0,0,0,4,6,0.67,0.167,18.7,15.3,2.45,4.91,0.5,0.267,0.154,0.421
2023,50404,뷰캐넌,삼성,SS,2,2.54,30,12,8,0,0,0.6,188,174,4,43,6,139,71,53,1.15,1,0,21,0,784,2984,0.241,25,2,8,6,1,7,1,30,12,0,1,0,0,12,252,162,1.56,0.291,99.5,15.9,6.65,2.06,3.23,0.287,0.298,0.585
2023,53455,이호성,삼성,SS,3,2.65,5,1,0,0,0,1.0,17,11,1,10,0,11,5,5,1.24,0,0,0,0,71,272,0.19,4,1,2,1,0,1,0,2,1,0,1,0,0,0,14,23,0.61,0.213,54.4,16.0,5.82,5.29,1.1,0.304,0.345,0.649
2023,69446,원태인,삼성,SS,4,3.24,26,7,7,0,0,0.5,150,157,15,34,6,102,61,54,1.27,0,0,17,0,634,2521,0.268,26,1,5,4,2,6,2,26,7,0,0,0,0,10,147,183,0.8,0.301,97.0,16.8,6.12,2.04,3.0,0.313,0.393,0.706
2023,53469,박권후,삼성,SS,5,3.38,4,0,0,0,0,,2 2/3,4,1,1,0,0,2,1,1.88,0,0,0,0,13,55,0.333,0,0,0,0,0,0,1,0,0,0,2,0,0,0,3,5,0.6,0.273,13.8,20.6,0.0,3.38,0.0,0.385,0.583,0.968
2023,51460,이재희,삼성,SS,5,3.38,2,0,0,0,0,,8,4,1,5,0,5,3,3,1.13,0,0,0,0,33,140,0.143,1,0,0,0,0,1,0,1,0,0,0,0,0,0,11,8,1.38,0.136,70.0,17.5,5.63,5.63,1.0,0.273,0.286,0.559
2023,75421,오승환,삼성,SS,7,3.45,58,4,5,30,2,0.444,62 2/3,57,9,15,2,44,26,24,1.15,0,0,0,4,264,1027,0.238,11,1,5,2,1,0,0,1,0,4,49,37,3,2,72,69,1.04,0.254,17.7,16.4,6.32,2.15,2.93,0.286,0.404,0.69
2023,60146,이승현,삼성,SS,8,3.6,60,4,4,0,14,0.5,60,68,5,15,0,42,29,24,1.38,0,0,0,1,264,1077,0.278,12,1,3,1,1,2,0,0,0,4,8,17,0,2,47,89,0.53,0.317,18.0,18.0,6.3,2.25,2.8,0.318,0.396,0.714
2023,77446,백정현,삼성,SS,9,3.67,18,7,5,0,0,0.583,100 2/3,100,6,30,0,61,44,41,1.29,0,0,8,0,419,1589,0.264,19,2,7,3,2,5,1,18,7,0,0,0,0,6,113,108,1.05,0.298,88.3,15.8,5.45,2.68,2.03,0.316,0.372,0.688
2023,52457,수아레즈,삼성,SS,10,3.92,19,4,7,0,0,0.364,108,129,3,32,2,88,54,47,1.49,0,0,10,0,479,1881,0.299,19,1,6,7,0,6,0,19,4,0,0,0,0,10,123,99,1.24,0.362,99.0,17.4,7.33,2.67,2.75,0.345,0.368,0.713
2023,63492,이재익,삼성,SS,11,3.95,51,1,3,0,11,0.25,41,46,3,17,0,26,19,18,1.54,0,0,0,1,181,696,0.288,5,1,3,1,3,3,0,0,0,1,5,10,0,5,60,29,2.07,0.326,13.6,17.0,5.71,3.73,1.53,0.354,0.388,0.742
2023,67419,문용익,삼성,SS,12,4.15,14,1,0,0,0,1.0,13,8,0,12,2,12,6,6,1.54,0,0,0,0,59,222,0.182,1,0,1,0,0,5,0,0,0,1,7,0,0,1,16,8,2.0,0.25,15.9,17.1,8.31,8.31,1.0,0.379,0.205,0.584
2023,61365,김대우,삼성,SS,13,4.5,44,0,2,0,4,0.0,64,66,7,22,3,49,37,32,1.38,0,0,0,0,277,1083,0.273,9,1,5,5,1,1,0,5,0,0,5,3,0,2,55,77,0.71,0.309,24.6,16.9,6.89,3.09,2.23,0.335,0.405,0.74
2023,53927,와이드너,삼성,SS,14,4.54,21,7,5,0,0,0.583,115,112,7,40,6,99,65,58,1.32,0,0,11,0,495,1956,0.254,22,0,4,4,1,3,0,20,6,1,0,0,0,11,115,119,0.97,0.31,93.1,17.0,7.75,3.13,2.48,0.322,0.351,0.673
2023,73117,우규민,삼성,SS,15,4.81,56,3,1,0,13,0.75,43,55,3,5,3,28,25,23,1.4,0,0,0,2,188,733,0.316,9,0,2,4,0,0,0,0,0,3,4,17,0,1,32,63,0.51,0.354,13.1,17.0,5.86,1.05,5.6,0.339,0.42,0.759
2023,66451,최충연,삼성,SS,16,4.82,7,0,0,0,0,,9 1/3,10,3,7,3,8,8,5,1.82,0,0,0,0,47,174,0.278,1,0,1,0,0,0,1,0,0,0,3,0,0,2,10,8,1.25,0.28,24.9,18.6,7.71,6.75,1.14,0.435,0.556,0.991
2023,51454,이승현,삼성,SS,17,4.98,48,1,5,5,7,0.167,43 1/3,41,6,29,2,37,26,24,1.62,0,0,0,4,199,789,0.252,6,0,4,1,1,2,0,0,0,1,12,19,1,4,45,41,1.1,0.289,16.4,18.2,7.68,6.02,1.28,0.369,0.399,0.768
2023,67421,최지광,삼성,SS,18,5.19,22,2,0,0,1,1.0,17 1/3,17,4,9,1,18,10,10,1.5,0,0,0,0,82,332,0.239,2,0,0,1,0,0,0,0,0,2,4,4,0,0,14,23,0.61,0.26,15.1,19.2,9.35,4.67,2.0,0.329,0.437,0.766
2023,68419,최지명,삼성,SS,19,6.68,15,1,7,0,0,0.125,63 1/3,90,9,16,3,33,52,47,1.67,0,0,2,0,295,1167,0.33,13,3,0,3,1,1,1,14,1,0,0,0,0,8,62,91,0.68,0.346,77.8,18.4,4.69,2.27,2.06,0.369,0.498,0.867
2023,52460,김서준,삼성,SS,20,7.04,8,0,1,0,1,0.0,7 2/3,9,0,6,2,2,6,6,1.96,0,0,0,0,39,142,0.29,2,0,0,0,0,3,0,1,0,0,5,0,0,0,5,15,0.33,0.31,17.8,18.5,2.35,7.04,0.33,0.436,0.355,0.791
2023,62360,김태훈,삼성,SS,21,7.11,71,6,7,3,11,0.462,63 1/3,74,8,43,3,40,54,50,1.85,0,0,0,6,306,1161,0.296,18,2,8,2,4,1,0,0,0,6,18,22,1,4,66,72,0.92,0.324,16.4,18.3,5.68,6.11,0.93,0.403,0.48,0.883
2023,50441,황동재,삼성,SS,21,7.11,7,0,5,0,0,0.0,31 2/3,40,6,21,2,27,27,25,1.93,0,0,0,0,155,639,0.305,14,1,1,0,0,0,0,7,0,0,0,0,0,2,24,40,0.6,0.347,91.3,20.2,7.67,5.97,1.29,0.409,0.565,0.974
2023,62920,노건우,삼성,SS,23,7.3,16,0,1,0,1,0.0,12 1/3,22,3,5,1,12,11,10,2.19,0,0,0,0,65,263,0.373,3,0,0,0,0,1,0,0,0,0,1,2,0,1,7,18,0.39,0.432,16.4,21.3,8.76,3.65,2.4,0.431,0.576,1.007
2023,65496,홍정우,삼성,SS,24,7.5,36,2,3,0,3,0.4,36,36,5,21,3,22,31,30,1.58,0,0,0,0,166,620,0.259,3,1,3,0,2,2,0,1,0,2,5,3,0,3,38,43,0.88,0.277,17.2,17.2,5.5,5.25,1.05,0.368,0.403,0.771
2023,77927,장필준,삼성,SS,25,7.91,17,1,1,0,1,0.5,19 1/3,28,2,12,2,11,17,17,2.07,0,0,0,0,96,388,0.35,5,3,0,2,0,0,0,3,0,1,5,2,0,2,15,28,0.54,0.377,22.8,20.1,5.12,5.59,0.92,0.438,0.563,1.001
2023,63960,이상민,삼성,SS,26,8.5,23,2,1,0,1,0.667,18,32,2,3,0,17,17,17,1.94,0,0,0,0,83,327,0.405,3,1,0,1,0,0,0,0,0,2,4,1,0,4,19,12,1.58,0.492,14.2,18.2,8.5,1.5,5.67,0.422,0.544,0.966
2023,68415,양창섭,삼성,SS,27,9.1,15,0,3,0,2,0.0,28 2/3,45,7,16,1,12,29,29,2.13,0,0,0,0,141,549,0.366,5,1,0,1,1,2,0,4,0,0,1,3,0,5,25,42,0.6,0.362,36.6,19.2,3.77,5.02,0.75,0.44,0.593,1.033
2023,50449,허윤동,삼성,SS,28,10.13,7,0,1,0,0,0.0,10 2/3,16,0,12,0,8,12,12,2.63,0,0,0,0,60,228,0.356,7,0,0,3,0,0,0,1,0,0,3,1,0,0,7,17,0.41,0.4,32.6,21.4,6.75,10.13,0.67,0.467,0.511,0.978
2023,67467,김시현,삼성,SS,29,12.0,2,0,0,0,0,,3,6,2,2,0,2,5,4,2.67,0,0,0,0,17,79,0.4,1,0,0,0,0,0,0,0,0,0,2,0,0,1,5,2,2.5,0.364,39.5,26.3,6.0,6.0,1.0,0.471,0.867,1.338
2023,68501,최하늘,삼성,SS,30,19.89,3,0,2,0,0,0.0,6 1/3,14,2,5,2,3,14,14,3.0,0,0,0,0,40,150,0.438,6,0,1,0,0,0,0,2,0,0,1,0,0,0,5,10,0.5,0.444,50.0,23.7,4.26,7.11,0.6,0.538,0.813,1.351
2023,65844,박세웅,삼성,SS,31,27.0,2,0,0,0,0,,2/3,1,1,3,0,1,2,2,6.0,0,0,0,0,6,28,0.333,0,0,0,0,0,0,0,0,0,0,0,0,0,0,1,0,,0.0,14.0,42.0,13.5,40.5,0.33,0.667,1.333,2.0
2023,65964,이우석,NC,NC,1,0.0,1,0,0,0,0,,2/3,0,0,1,0,0,0,0,1.5,0,0,0,0,2,5,0.0,0,0,0,0,0,0,0,0,0,0,0,0,0,1,1,0,,0.0,5.0,7.5,0.0,13.5,0.0,0.5,0.0,0.5
2023,69991,하준수,NC,NC,1,0.0,1,0,0,0,0,,1,0,0,2,0,1,0,0,2.0,0,0,0,0,5,33,0.0,0,0,0,0,0,0,0,0,0,0,1,0,0,0,0,2,0.0,0.0,33.0,33.0,9.0,18.0,0.5,0.4,0.0,0.4
2023,53913,페디,NC,NC,3,2.0,30,20,6,0,0,0.769,180 1/3,137,9,35,4,209,46,40,0.95,0,0,21,0,708,2904,0.207,16,0,5,3,0,5,0,30,20,0,0,0,0,11,200,118,1.69,0.287,96.8,16.1,10.43,1.75,5.97,0.25,0.272,0.522
2023,65949,류진욱,NC,NC,4,2.15,70,1,4,0,22,0.2,67,41,1,32,1,62,19,16,1.09,0,0,0,1,268,1083,0.18,2,2,4,3,1,5,0,0,0,1,9,28,0,7,77,51,1.51,0.238,15.5,16.2,8.33,4.3,1.94,0.28,0.219,0.499
2023,61411,심창민,NC,NC,5,2.7,5,0,1,0,0,0.0,3 1/3,2,0,5,1,5,2,1,2.1,0,0,0,0,18,79,0.167,0,0,0,0,0,0,0,0,0,0,1,0,0,0,0,5,0.0,0.286,15.8,23.7,13.5,13.5,1.0,0.444,0.167,0.611
2023,67954,김진호,NC,NC,6,2.76,19,2,1,0,9,0.667,16 1/3,15,0,10,1,22,5,5,1.53,0,0,0,1,73,314,0.242,2,0,0,0,0,3,0,0,0,2,1,6,0,2,18,7,2.57,0.375,16.5,19.2,12.12,5.51,2.2,0.356,0.274,0.63
2023,53909,태너,NC,NC,7,2.92,11,5,2,0,0,0.714,64 2/3,58,6,13,1,47,26,21,1.1,0,0,8,0,265,1012,0.236,8,0,5,0,0,0,0,11,5,0,0,0,0,3,62,79,0.78,0.269,92.0,15.6,6.54,1.81,3.62,0.277,0.341,0.618
2023,65933,구창모,NC,NC,8,2.96,11,1,3,0,0,0.25,51 2/3,38,4,16,0,56,19,17,1.05,0,0,3,0,205,845,0.203,3,0,0,2,0,0,0,9,1,0,0,0,0,7,52,43,1.21,0.264,76.8,16.4,9.75,2.79,3.5,0.263,0.283,0.546
2023,68900,김영규,NC,NC,9,3.06,63,2,4,0,24,0.333,61 2/3,45,2,23,1,48,22,21,1.1,0,0,0,2,247,916,0.205,6,5,2,1,1,5,2,0,0,2,5,16,0,6,76,52,1.46,0.251,14.5,14.9,7.01,3.36,2.09,0.282,0.305,0.587
2023,68902,신민혁,NC,NC,10,3.98,29,5,5,0,0,0.5,122,122,14,25,6,97,63,54,1.2,0,0,5,0,519,2140,0.256,27,2,5,6,0,3,0,24,5,0,2,1,0,7,95,169,0.56,0.29,73.8,17.5,7.16,1.84,3.88,0.298,0.409,0.707
2023,52903,조민석,NC,NC,11,4.06,35,1,0,0,4,1.0,31,33,2,14,3,28,15,14,1.52,0,0,0,0,137,544,0.284,9,0,3,1,0,1,0,0,0,1,8,2,0,5,29,27,1.07,0.356,15.5,17.5,8.13,4.06,2.0,0.373,0.414,0.787
2023,77211,이용찬,NC,NC,12,4.13,60,4,4,29,0,0.5,61,53,5,19,3,51,28,28,1.18,0,0,0,6,254,959,0.233,6,1,4,1,1,4,0,0,0,4,50,35,2,3,64,60,1.07,0.279,16.0,15.7,7.52,2.8,2.68,0.3,0.335,0.635
2023,51948,이용준,NC,NC,13,4.3,24,3,4,0,0,0.429,67,60,5,44,2,50,39,32,1.55,0,0,1,0,304,1278,0.239,11,0,2,5,0,1,0,12,3,0,3,0,0,7,78,68,1.15,0.274,53.3,19.1,6.72,5.91,1.14,0.351,0.343,0.694
2023,67956,김태현,NC,NC,14,4.43,16,1,0,0,0,1.0,20 1/3,17,4,13,1,14,13,10,1.48,0,0,0,0,90,337,0.224,1,1,0,0,0,0,0,0,0,1,9,0,0,2,28,17,1.65,0.224,21.1,16.6,6.2,5.75,1.08,0.344,0.421,0.765
2023,68928,김시훈,NC,NC,15,4.44,61,4,3,3,12,0.571,52 2/3,57,3,34,1,49,32,26,1.73,0,0,0,3,245,981,0.278,10,1,4,1,0,3,0,0,0,4,13,19,0,6,59,41,1.44,0.351,16.1,18.6,8.37,5.81,1.44,0.382,0.38,0.762
2023,60263,이재학,NC,NC,16,4.54,15,5,5,0,0,0.5,67 1/3,55,6,33,5,43,36,34,1.31,0,0,5,0,293,1142,0.223,5,2,5,3,0,7,0,13,3,2,0,0,0,1,47,105,0.45,0.244,76.1,17.0,5.75,4.41,1.3,0.323,0.332,0.655
2023,68639,하준영,NC,NC,17,4.59,57,1,0,0,2,1.0,49,52,4,19,2,49,25,25,1.45,0,0,0,0,215,880,0.274,6,1,2,2,1,0,0,0,0,1,13,6,0,2,46,45,1.02,0.345,15.4,18.0,9.0,3.49,2.58,0.343,0.379,0.722
2023,51994,한재승,NC,NC,18,4.66,11,0,1,0,0,0.0,9 2/3,9,2,5,0,10,5,5,1.45,0,0,0,0,44,183,0.231,1,0,0,0,0,1,0,0,0,0,5,1,0,1,12,8,1.5,0.259,16.6,18.9,9.31,4.66,2.0,0.318,0.41,0.728
2023,63959,임정호,NC,NC,19,4.68,65,4,4,0,15,0.5,50,51,3,17,4,49,30,26,1.36,0,0,0,4,216,840,0.264,9,1,2,0,0,4,1,0,0,4,7,23,0,11,56,37,1.51,0.34,12.9,16.8,8.82,3.06,2.88,0.336,0.368,0.704
2023,69969,전사민,NC,NC,20,4.76,9,0,2,1,0,0.0,17,17,1,14,2,6,10,9,1.82,0,0,0,0,81,283,0.288,1,0,5,1,1,1,0,0,0,0,4,1,0,4,19,18,1.06,0.302,31.4,16.6,3.18,7.41,0.43,0.434,0.356,0.79
2023,69962,송명기,NC,NC,21,4.83,35,4,9,0,0,0.308,104 1/3,106,12,47,11,65,64,56,1.47,0,0,3,0,474,1871,0.26,15,2,6,2,0,6,0,17,3,1,4,2,0,4,90,149,0.6,0.282,53.5,17.9,5.61,4.05,1.38,0.35,0.395,0.745
2023,53996,이준호,NC,NC,22,4.83,17,3,2,0,0,0.6,31 2/3,32,3,15,4,19,22,17,1.48,0,0,0,0,144,614,0.26,4,1,0,2,0,2,0,2,0,3,5,0,0,4,32,42,0.76,0.282,36.1,19.4,5.4,4.26,1.27,0.354,0.382,0.736
2023,66920,최성영,NC,NC,23,4.86,18,5,4,0,0,0.556,66 2/3,77,6,32,5,38,37,36,1.64,0,0,1,0,303,1133,0.304,15,2,7,6,0,1,0,13,3,2,0,0,0,5,67,77,0.87,0.33,62.9,17.0,5.13,4.32,1.19,0.385,0.451,0.836
2023,69974,배민서,NC,NC,24,6.75,6,0,0,0,0,,6 2/3,10,0,2,1,4,8,5,1.8,0,0,0,0,34,127,0.333,5,2,0,1,0,2,0,0,0,0,4,0,0,0,6,11,0.55,0.37,21.2,19.1,5.4,2.7,2.0,0.382,0.633,1.015
2023,50995,정구범,NC,NC,25,7.82,4,0,1,0,0,0.0,12 2/3,16,3,12,0,6,11,11,2.21,0,0,0,0,64,286,0.308,3,0,0,0,0,0,0,2,0,0,0,0,0,1,11,19,0.58,0.302,71.5,22.6,4.26,8.53,0.5,0.438,0.538,0.976
2023,65241,채원후,NC,NC,26,8.1,3,0,0,0,0,,3 1/3,4,0,4,0,2,3,3,2.4,0,0,0,0,17,60,0.333,1,1,0,1,0,1,0,0,0,0,1,0,0,1,3,4,0.75,0.364,20.0,18.0,5.4,10.8,0.5,0.471,0.583,1.054
2023,52902,임지민,NC,NC,27,13.5,2,0,0,0,0,,1 1/3,2,0,4,0,3,2,2,4.5,0,0,0,0,10,48,0.333,0,0,0,0,0,2,0,0,0,0,0,0,0,0,1,0,,0.667,24.0,36.0,20.25,27.0,0.75,0.6,0.333,0.933
2023,53006,강건,KT,KT,1,1.35,4,0,0,1,0,,6 2/3,4,0,3,0,8,1,1,1.05,0,0,0,0,28,108,0.167,2,0,1,0,0,1,0,0,0,0,3,1,0,0,7,5,1.4,0.25,27.0,16.2,10.8,4.05,2.67,0.259,0.25,0.509
2023,69032,쿠에바스,KT,KT,2,2.6,18,12,0,0,0,1.0,114 1/3,95,4,24,2,100,33,33,1.04,0,0,14,0,460,1666,0.224,10,2,5,5,1,5,0,18,12,0,0,0,0,4,98,136,0.72,0.28,92.6,14.6,7.87,1.89,4.17,0.266,0.285,0.551
2023,65062,김재윤,KT,KT,3,2.6,59,5,5,32,0,0.5,65 2/3,54,2,13,1,60,21,19,1.02,0,0,0,4,262,1005,0.227,5,2,8,2,5,3,0,0,0,5,47,36,2,3,46,80,0.58,0.292,17.0,15.3,8.22,1.78,4.62,0.268,0.29,0.558
2023,52060,박영현,KT,KT,4,2.75,68,3,3,4,32,0.5,75 1/3,63,3,23,2,79,25,23,1.14,0,0,0,6,308,1220,0.23,11,2,7,2,4,1,2,0,0,3,11,41,1,3,43,91,0.47,0.309,17.9,16.2,9.44,2.75,3.43,0.292,0.318,0.61
2023,64001,고영표,KT,KT,5,2.78,28,12,7,0,0,0.632,174 2/3,181,7,19,9,114,57,54,1.15,0,0,21,0,706,2453,0.269,27,5,2,3,1,6,0,27,12,0,1,0,0,16,227,154,1.47,0.314,87.6,14.0,5.87,0.98,6.0,0.297,0.355,0.652
2023,69041,손동현,KT,KT,6,3.42,64,8,5,1,15,0.615,73 2/3,68,5,20,2,40,31,28,1.19,0,0,0,4,301,1100,0.256,11,0,9,4,1,2,0,0,0,8,11,21,0,7,66,96,0.69,0.28,17.2,14.9,4.89,2.44,2.0,0.308,0.353,0.661
2023,52043,벤자민,KT,KT,7,3.54,29,15,6,0,0,0.714,160,149,12,45,3,157,79,63,1.21,0,0,11,0,684,2636,0.24,23,1,9,5,1,11,0,29,15,0,0,0,0,4,158,163,0.97,0.299,90.9,16.5,8.83,2.53,3.49,0.292,0.338,0.63
2023,65056,엄상백,KT,KT,8,3.63,20,7,6,0,0,0.538,111 2/3,100,6,29,2,89,46,45,1.16,0,0,9,0,454,1790,0.241,16,4,4,4,0,1,0,19,7,0,0,0,0,7,100,130,0.77,0.29,89.5,16.0,7.17,2.34,3.07,0.291,0.342,0.633
2023,53029,김정운,KT,KT,9,3.86,5,0,0,0,0,,7,6,0,6,2,3,4,3,1.71,0,0,0,0,35,138,0.222,2,0,0,0,0,0,0,0,0,0,4,0,0,1,9,9,1.0,0.25,27.6,19.7,3.86,7.71,0.5,0.4,0.296,0.696
2023,66047,박세진,KT,KT,9,3.86,16,0,1,0,1,0.0,11 2/3,15,1,14,0,10,8,5,2.49,0,0,0,0,66,272,0.288,2,0,0,0,0,2,0,0,0,0,3,0,0,1,16,11,1.45,0.341,17.0,23.3,7.71,10.8,0.71,0.439,0.385,0.824
2023,69054,이상동,KT,KT,11,3.98,36,4,1,0,1,0.8,40 2/3,45,4,15,0,43,19,18,1.48,0,0,0,0,179,672,0.28,10,0,3,0,2,1,0,0,0,4,9,0,0,1,28,45,0.62,0.36,18.7,16.5,9.52,3.32,2.87,0.341,0.416,0.757
2023,78517,하준호,KT,KT,12,4.15,12,0,1,0,0,0.0,13,14,0,10,5,6,9,6,1.85,0,0,0,0,65,230,0.304,1,0,4,0,2,4,0,0,0,0,5,0,0,4,14,12,1.17,0.35,19.2,17.7,4.15,6.92,0.6,0.475,0.326,0.801
2023,69068,이선우,KT,KT,13,4.34,22,0,2,0,0,0.0,37 1/3,47,5,9,4,24,20,18,1.5,0,0,0,0,169,589,0.305,6,0,0,2,0,0,0,4,0,0,8,2,0,5,51,34,1.5,0.331,26.8,15.8,5.79,2.17,2.67,0.355,0.442,0.797
2023,69047,전용주,KT,KT,14,4.35,15,0,1,0,1,0.0,10 1/3,6,0,6,1,9,5,5,1.16,0,0,0,0,43,173,0.167,4,0,0,0,0,4,0,0,0,0,4,1,0,1,14,7,2.0,0.222,11.5,16.7,7.84,5.23,1.5,0.302,0.278,0.58
2023,65060,주권,KT,KT,15,4.4,42,1,2,0,5,0.333,47,49,4,19,2,17,23,23,1.45,0,0,0,0,205,714,0.278,7,1,5,3,2,0,0,3,0,1,8,5,0,2,55,58,0.95,0.285,17.0,15.2,3.26,3.64,0.89,0.35,0.398,0.748
2023,65516,배제성,KT,KT,16,4.49,26,8,10,0,0,0.444,130 1/3,144,6,77,2,79,72,65,1.7,0,0,6,0,596,2331,0.289,20,1,9,9,0,9,1,24,8,0,0,0,0,16,144,141,1.02,0.326,89.7,17.9,5.46,5.32,1.03,0.38,0.369,0.749
2023,51097,김영현,KT,KT,17,5.45,31,0,0,1,1,,33,30,4,20,1,35,22,20,1.52,0,0,0,0,150,563,0.238,7,0,2,1,1,2,0,0,0,0,7,4,0,0,31,31,1.0,0.295,18.2,17.1,9.55,5.45,1.75,0.345,0.389,0.734
2023,53040,슐서,KT,KT,18,5.62,9,1,7,0,0,0.125,49 2/3,66,6,14,0,35,32,31,1.61,0,0,3,0,221,815,0.333,9,1,6,3,1,2,0,9,1,0,0,0,0,4,36,64,0.56,0.375,90.6,16.4,6.34,2.54,2.5,0.372,0.48,0.852
2023,64047,조현우,KT,KT,19,6.0,5,0,0,0,0,,3,6,0,2,0,1,2,2,2.67,0,0,0,0,17,63,0.4,1,0,0,0,0,1,0,0,0,0,1,0,0,0,3,5,0.6,0.429,12.6,21.0,3.0,6.0,0.5,0.471,0.467,0.938
2023,64768,조이현,KT,KT,20,6.69,18,2,1,0,1,0.667,35,61,3,6,2,17,27,26,1.91,0,0,0,0,170,585,0.389,14,1,1,4,0,1,1,4,1,1,4,1,0,2,33,50,0.66,0.411,32.5,16.7,4.37,1.54,2.83,0.408,0.548,0.956
2023,68043,김민,KT,KT,21,6.83,16,1,2,0,0,0.333,29,40,3,16,4,22,26,22,1.93,0,0,0,0,145,520,0.325,6,0,1,1,0,4,0,4,1,0,5,0,0,4,40,22,1.82,0.374,32.5,17.9,6.83,4.97,1.38,0.417,0.447,0.864
2023,65048,김민수,KT,KT,22,6.92,14,0,1,0,3,0.0,13,17,1,5,0,4,10,10,1.69,0,0,0,0,58,203,0.354,5,2,3,2,0,0,0,0,0,0,5,1,0,2,12,17,0.71,0.356,14.5,15.6,2.77,3.46,0.8,0.4,0.604,1.004
2023,68896,이채호,KT,KT,23,6.93,25,0,1,0,1,0.0,24 2/3,26,6,9,3,8,19,19,1.42,0,0,0,0,110,390,0.274,6,0,1,2,0,1,0,0,0,0,5,2,0,1,28,35,0.8,0.241,15.6,15.8,2.92,3.28,0.89,0.349,0.526,0.875
2023,66064,김태오,KT,KT,24,7.36,5,0,0,0,0,,7 1/3,10,0,4,0,3,6,6,1.91,0,0,0,0,35,142,0.345,3,0,0,2,1,0,0,0,0,0,2,0,0,1,10,8,1.25,0.357,28.4,19.4,3.68,4.91,0.75,0.4,0.448,0.848
2023,50030,소형준,KT,KT,25,11.45,3,0,0,0,0,,11,22,1,3,3,4,14,14,2.27,0,0,0,0,59,230,0.423,4,0,1,0,0,2,0,3,0,0,0,0,0,3,15,11,1.36,0.447,76.7,20.9,3.27,2.45,1.33,0.483,0.558,1.041
2023,67768,김태욱,롯데,LT,1,0.0,1,0,0,0,0,,1,0,0,0,0,0,0,0,0.0,0,0,0,0,3,17,0.0,0,0,0,0,0,0,0,0,0,0,1,0,0,0,0,3,0.0,0.0,17.0,17.0,0.0,0.0,,0.0,0.0,0.0
2023,69507,박영완,롯데,LT,1,0.0,1,0,0,0,0,,1,0,0,1,0,1,0,0,1.0,0,0,0,0,3,13,0.0,0,0,0,0,0,0,0,0,0,0,1,0,0,1,1,0,,0.0,13.0,13.0,9.0,9.0,1.0,0.333,0.0,0.333
2023,53560,석상호,롯데,LT,1,0.0,5,0,0,0,0,,5 1/3,4,0,2,0,6,0,0,1.13,0,0,0,0,22,82,0.211,1,0,1,0,0,1,0,0,0,0,2,0,0,1,3,6,0.5,0.308,16.4,15.4,10.13,3.38,3.0,0.286,0.263,0.549
2023,52530,이민석,롯데,LT,1,0.0,1,0,0,0,0,,1 1/3,0,0,1,0,1,0,0,0.75,0,0,0,0,5,27,0.0,0,0,0,0,0,0,0,0,0,0,0,0,0,0,0,3,0.0,0.0,27.0,20.3,6.75,6.75,1.0,0.2,0.0,0.2
2023,51586,김창훈,롯데,LT,5,2.08,3,0,0,0,0,,4 1/3,5,0,1,0,1,1,1,1.38,0,0,0,0,17,56,0.313,0,1,0,0,0,0,0,0,0,0,1,0,0,2,5,5,1.0,0.333,18.7,12.9,2.08,2.08,1.0,0.353,0.438,0.791
2023,53546,윌커슨,롯데,LT,6,2.26,13,7,2,0,0,0.778,79 2/3,67,3,20,2,81,28,20,1.09,0,0,11,0,327,1296,0.223,15,2,5,0,0,3,1,13,7,0,0,0,0,4,65,87,0.75,0.296,99.7,16.3,9.15,2.26,4.05,0.276,0.317,0.593
2023,50556,최준용,롯데,LT,7,2.45,47,2,3,0,14,0.4,47 2/3,50,2,18,1,40,15,13,1.43,0,0,0,4,210,841,0.266,6,0,2,1,1,1,0,0,0,2,4,21,0,1,41,58,0.71,0.327,17.9,17.6,7.55,3.4,2.22,0.332,0.33,0.662
2023,62528,김원중,롯데,LT,8,2.97,63,5,6,30,0,0.455,63 2/3,51,2,25,5,82,24,21,1.19,0,0,0,5,265,1084,0.22,5,3,1,2,3,3,0,0,0,5,47,35,2,2,61,40,1.53,0.327,17.2,17.0,11.59,3.53,3.28,0.307,0.293,0.6
2023,65522,김강현,롯데,LT,9,3.0,2,0,0,0,0,,3,1,0,2,1,0,1,1,1.0,0,0,0,0,13,61,0.111,0,0,1,0,0,0,0,0,0,0,1,0,0,0,4,4,1.0,0.111,30.5,20.3,0.0,6.0,0.0,0.333,0.111,0.444
2023,76430,김태혁,롯데,LT,10,3.12,67,4,2,1,18,0.667,52,45,1,21,3,36,22,18,1.27,0,0,0,3,218,905,0.238,7,1,3,2,0,1,0,0,0,4,8,23,0,7,51,59,0.86,0.286,13.5,17.4,6.23,3.63,1.71,0.321,0.302,0.623
2023,52528,반즈,롯데,LT,11,3.28,30,11,10,0,0,0.524,170 1/3,171,6,56,15,147,68,62,1.33,0,0,18,0,734,2757,0.263,34,1,9,5,1,7,0,30,11,0,0,0,0,13,176,160,1.1,0.329,91.9,16.2,7.77,2.96,2.63,0.334,0.347,0.681
2023,53562,이진하,롯데,LT,12,3.38,9,0,0,0,0,,8,4,0,3,1,2,3,3,0.88,0,0,0,0,31,126,0.154,3,0,0,1,0,1,0,0,0,0,1,1,0,1,8,13,0.62,0.16,14.0,15.8,2.25,3.38,0.67,0.258,0.269,0.527
2023,64021,박세웅,롯데,LT,13,3.45,27,9,7,0,0,0.563,154,145,8,59,4,129,70,59,1.32,0,0,16,0,657,2630,0.248,24,0,6,4,1,10,0,27,9,0,0,0,0,9,177,137,1.29,0.304,97.4,17.1,7.54,3.45,2.19,0.32,0.33,0.65
2023,64017,심재민,롯데,LT,14,3.78,33,3,1,0,6,0.75,47 2/3,57,2,18,1,29,23,20,1.57,1,0,0,0,218,801,0.297,6,0,4,3,1,1,0,6,2,1,6,5,0,5,68,41,1.66,0.335,24.3,16.8,5.48,3.4,1.61,0.355,0.359,0.714
2023,67539,나균안,롯데,LT,15,3.8,23,6,8,0,0,0.429,130 1/3,140,8,42,5,114,61,55,1.4,0,0,12,0,569,2208,0.276,27,3,6,9,1,6,0,23,6,0,0,0,0,9,114,148,0.77,0.335,96.0,16.9,7.87,2.9,2.71,0.332,0.389,0.721
2023,63543,구승민,롯데,LT,16,3.96,67,2,6,3,22,0.25,63 2/3,65,4,29,5,66,32,28,1.48,0,0,0,5,289,1169,0.264,8,0,8,1,0,2,0,0,0,2,8,33,0,0,52,64,0.81,0.345,17.4,18.4,9.33,4.1,2.28,0.352,0.346,0.698
2023,50558,스트레일리,롯데,LT,17,4.37,16,3,5,0,0,0.375,80 1/3,82,6,37,10,70,43,39,1.48,0,0,4,0,364,1465,0.264,8,1,2,4,0,4,0,16,3,0,0,0,0,4,67,96,0.7,0.318,91.6,18.2,7.84,4.15,1.89,0.356,0.354,0.71
2023,68585,김도규,롯데,LT,18,4.55,36,0,3,1,1,0.0,29 2/3,29,1,13,1,26,16,15,1.42,0,0,0,0,132,534,0.257,5,0,3,2,0,6,0,0,0,0,14,6,0,2,28,32,0.88,0.318,14.8,18.0,7.89,3.94,2.0,0.333,0.327,0.66
2023,60140,신정락,롯데,LT,19,4.66,34,4,0,0,1,1.0,29,32,4,11,3,28,15,15,1.48,0,0,0,1,128,476,0.288,6,0,1,2,3,0,0,0,0,4,9,4,0,5,23,30,0.77,0.346,14.0,16.4,8.69,3.41,2.55,0.362,0.45,0.812
2023,68556,정성종,롯데,LT,20,5.32,12,0,1,0,1,0.0,22,21,1,15,1,10,14,13,1.64,0,0,0,0,98,343,0.266,5,0,3,0,1,1,0,3,0,0,2,1,0,4,27,21,1.29,0.294,28.6,15.6,4.09,6.14,0.67,0.389,0.367,0.756
2023,62363,한현희,롯데,LT,21,5.45,38,6,12,0,3,0.333,104,123,11,44,11,74,69,63,1.61,0,0,5,1,476,1927,0.297,20,4,2,5,1,6,0,18,4,2,3,3,0,7,88,134,0.66,0.335,50.7,18.5,6.4,3.81,1.68,0.376,0.444,0.82
2023,52558,진승현,롯데,LT,22,5.86,24,2,2,0,1,0.5,27 2/3,34,2,16,0,25,20,18,1.81,0,0,0,0,129,533,0.309,3,0,0,3,3,1,0,0,0,2,8,1,0,3,23,31,0.74,0.372,22.2,19.3,8.13,5.2,1.56,0.388,0.391,0.779
2023,51526,우강훈,롯데,LT,23,6.0,3,0,0,0,0,,6,6,0,4,1,5,5,4,1.67,0,0,0,0,29,117,0.261,1,0,1,0,0,0,0,1,0,0,2,0,0,1,6,6,1.0,0.333,39.0,19.5,7.5,6.0,1.25,0.393,0.304,0.697
2023,51516,김진욱,롯데,LT,24,6.44,50,2,1,0,8,0.667,36 1/3,37,4,29,2,35,27,26,1.82,0,0,0,0,177,746,0.262,6,1,3,2,0,3,0,0,0,2,2,8,0,0,29,42,0.69,0.317,14.9,20.5,8.67,7.18,1.21,0.391,0.404,0.795
2023,64565,이인복,롯데,LT,25,6.48,10,1,4,0,0,0.2,33 1/3,54,3,10,5,15,32,24,1.92,0,0,0,0,168,636,0.38,7,3,5,6,1,4,0,7,0,1,0,0,0,4,49,30,1.63,0.392,63.6,19.1,4.05,2.7,1.5,0.423,0.535,0.958
2023,62242,윤명준,롯데,LT,26,6.52,21,0,1,0,5,0.0,19 1/3,31,4,10,4,11,14,14,2.12,0,0,0,1,98,353,0.383,3,1,2,1,2,5,0,0,0,0,8,2,0,2,24,16,1.5,0.403,16.8,18.3,5.12,4.66,1.1,0.469,0.593,1.062
2023,68036,최이준,롯데,LT,27,6.83,28,1,0,0,1,1.0,29,37,1,21,0,20,22,22,2.0,0,0,0,0,143,546,0.306,11,3,1,0,1,4,0,0,0,1,9,2,0,0,21,43,0.49,0.36,19.5,18.8,6.21,6.52,0.95,0.408,0.471,0.879
2023,69594,박진,롯데,LT,28,9.0,4,0,0,0,0,,5,7,1,7,0,2,5,5,2.8,0,0,0,0,29,113,0.333,2,0,1,0,0,1,1,0,0,0,1,0,0,0,2,10,0.2,0.333,28.3,22.6,3.6,12.6,0.29,0.5,0.571,1.071
2023,64718,최설우,롯데,LT,29,9.9,8,0,1,0,0,0.0,10,15,0,7,1,7,14,11,2.2,0,0,0,0,54,226,0.341,8,0,1,1,0,0,0,0,0,0,4,0,0,1,13,10,1.3,0.395,28.3,22.6,6.3,6.3,1.0,0.434,0.523,0.957
2023,53596,장세진,롯데,LT,30,13.5,2,0,0,0,0,,1 1/3,2,1,2,0,1,2,2,3.0,0,0,0,0,8,37,0.4,0,0,1,0,0,0,0,0,0,0,0,0,0,0,1,1,1.0,0.333,18.5,27.8,6.75,13.5,0.5,0.571,1.0,1.571
2023,53594,이태연,롯데,LT,31,15.88,15,0,0,0,1,,5 2/3,12,1,9,0,4,10,10,3.71,0,0,0,0,37,162,0.444,3,0,0,1,0,0,0,0,0,0,2,3,0,1,6,6,1.0,0.478,10.8,28.6,6.35,14.29,0.44,0.568,0.667,1.235
2023,65643,문경찬,롯데,LT,32,27.0,2,0,1,0,0,0.0,2,6,3,0,0,2,6,6,3.0,0,0,0,1,12,36,0.5,0,0,0,0,0,0,0,0,0,0,1,2,0,0,4,0,,0.429,18.0,18.0,9.0,0.0,,0.5,1.25,1.75
2023,67454,나원탁,롯데,LT,33,40.5,1,0,0,0,0,,2/3,3,1,1,0,1,3,3,6.0,0,0,0,0,6,27,0.6,0,0,0,0,0,0,0,0,0,0,0,0,0,0,1,0,,0.667,27.0,40.5,13.5,13.5,1.0,0.667,1.2,1.867
2023,67640,유승철,KIA,HT,1,0.0,1,0,0,0,0,,1,0,0,1,0,0,0,0,1.0,0,0,0,0,4,19,0.0,0,0,0,0,0,0,0,0,0,0,1,0,0,0,3,0,,0.0,19.0,19.0,0.0,9.0,0.0,0.25,0.0,0.25
2023,52639,최지민,KIA,HT,2,2.12,58,6,3,3,12,0.667,59 1/3,45,4,26,4,44,17,14,1.2,0,0,0,2,244,985,0.216,4,2,2,4,1,5,0,0,0,6,15,16,1,10,57,66,0.86,0.25,17.0,16.6,6.67,3.94,1.69,0.31,0.313,0.623
2023,66609,전상현,KIA,HT,3,2.15,64,8,3,1,13,0.727,58 2/3,50,1,26,1,50,20,14,1.3,0,0,0,2,250,945,0.233,8,0,6,2,4,3,0,0,0,8,8,20,0,4,43,74,0.58,0.295,14.8,16.1,7.67,3.99,1.92,0.316,0.284,0.6
2023,50662,정해영,KIA,HT,4,2.92,52,3,4,23,1,0.429,49 1/3,53,3,20,1,30,18,16,1.48,0,0,0,3,218,780,0.277,9,1,6,0,3,0,0,0,0,3,40,26,1,1,45,63,0.71,0.316,15.0,15.8,5.47,3.65,1.5,0.349,0.382,0.731
2023,62754,임기영,KIA,HT,5,2.96,64,4,4,3,16,0.5,82,56,6,19,6,57,29,27,0.91,0,0,0,1,324,1248,0.193,8,3,4,5,1,1,0,0,0,4,9,16,1,5,77,105,0.73,0.216,19.5,15.2,6.26,2.09,3.0,0.253,0.303,0.556
2023,65665,이준영,KIA,HT,6,3.21,64,1,0,0,10,1.0,33 2/3,26,0,23,2,30,12,12,1.46,0,0,0,0,149,620,0.211,3,1,0,1,2,1,0,0,0,1,4,15,0,2,23,45,0.51,0.277,9.7,18.4,8.02,6.15,1.3,0.342,0.252,0.594
2023,77637,양현종,KIA,HT,7,3.58,29,9,11,0,0,0.45,171,181,13,48,1,133,78,68,1.34,0,0,14,0,729,2751,0.272,33,1,12,3,1,5,0,29,9,0,0,0,0,11,172,182,0.95,0.322,94.9,16.1,7.0,2.53,2.77,0.321,0.383,0.704
2023,53664,앤더슨,KIA,HT,8,3.76,14,4,7,0,0,0.364,79,76,6,26,2,64,42,33,1.29,0,0,8,0,336,1312,0.252,12,3,3,3,0,10,0,14,4,0,0,0,0,10,84,81,1.04,0.298,93.7,16.6,7.29,2.96,2.46,0.312,0.371,0.683
2023,68619,윤중현,KIA,HT,9,3.86,31,2,1,0,0,0.667,28,29,2,10,1,8,13,12,1.39,0,0,0,0,115,407,0.287,3,0,2,1,1,0,0,0,0,2,10,1,0,8,39,26,1.5,0.293,13.1,14.5,2.57,3.21,0.8,0.354,0.376,0.73
2023,51648,이의리,KIA,HT,10,3.96,28,11,7,0,0,0.611,131 2/3,103,4,93,8,156,64,58,1.49,0,0,6,0,598,2546,0.213,18,0,7,6,1,10,0,28,11,0,0,0,0,9,113,118,0.96,0.3,90.9,19.3,10.66,6.36,1.68,0.345,0.275,0.62
2023,53613,윤영철,KIA,HT,11,4.04,25,8,7,0,0,0.533,122 2/3,124,10,48,1,74,59,55,1.4,0,0,7,0,528,2047,0.263,27,3,3,4,1,4,1,24,7,1,0,0,0,9,128,150,0.85,0.291,81.9,16.7,5.43,3.52,1.54,0.33,0.396,0.726
2023,63950,장현식,KIA,HT,12,4.06,56,2,2,3,5,0.5,51,58,6,26,1,44,26,23,1.65,0,0,0,2,226,876,0.296,8,0,1,2,1,1,0,0,0,2,17,12,1,8,43,53,0.81,0.351,15.6,17.2,7.76,4.59,1.69,0.378,0.429,0.807
2023,66492,김승현,KIA,HT,13,4.26,10,0,0,0,0,,12 2/3,11,1,10,1,7,6,6,1.66,0,0,0,0,57,234,0.244,2,0,1,0,0,1,0,0,0,0,5,0,0,4,12,15,0.8,0.27,23.4,18.5,4.97,7.11,0.7,0.393,0.356,0.749
2023,52606,파노니,KIA,HT,13,4.26,16,6,3,0,0,0.667,82 1/3,86,6,23,2,66,41,39,1.32,0,0,5,0,351,1416,0.267,14,1,4,0,0,0,0,15,6,0,0,0,0,4,86,84,1.02,0.32,88.5,17.2,7.21,2.51,2.87,0.32,0.373,0.693
2023,63638,박준표,KIA,HT,15,4.5,33,1,0,0,3,1.0,28,28,3,9,0,13,16,14,1.32,0,0,0,0,118,413,0.259,3,1,1,0,1,1,0,0,0,1,3,6,0,5,42,25,1.68,0.272,12.5,14.8,4.18,2.89,1.44,0.316,0.389,0.705
2023,69620,김기훈,KIA,HT,16,4.6,29,2,0,0,0,1.0,31 1/3,28,0,37,2,26,22,16,2.07,0,0,0,0,156,671,0.243,6,1,0,2,1,5,1,0,0,2,12,0,0,2,20,43,0.47,0.308,23.1,21.4,7.47,10.63,0.7,0.429,0.313,0.742
2023,60337,김대유,KIA,HT,17,5.11,41,0,2,0,4,0.0,24 2/3,26,2,8,6,20,15,14,1.38,0,0,0,0,110,458,0.28,1,1,2,1,1,0,0,0,0,0,4,4,0,2,28,20,1.4,0.333,11.2,18.6,7.3,2.92,2.5,0.37,0.376,0.746
2023,68659,김유신,KIA,HT,18,5.64,27,0,1,0,2,0.0,30 1/3,34,2,19,3,12,19,19,1.75,0,0,0,0,141,541,0.296,8,0,1,3,0,0,0,0,0,0,9,2,0,5,38,34,1.12,0.308,20.0,17.8,3.56,5.64,0.63,0.4,0.417,0.817
2023,53665,산체스,KIA,HT,19,5.94,12,4,4,0,0,0.5,63 2/3,79,7,15,4,59,46,42,1.48,1,0,3,0,285,1071,0.3,19,1,1,2,1,1,1,11,4,0,1,0,0,4,55,72,0.76,0.362,89.3,16.8,8.34,2.12,3.93,0.345,0.46,0.805
2023,53645,메디나,KIA,HT,20,6.05,12,2,6,0,0,0.25,58,64,6,29,9,36,42,39,1.6,0,0,3,0,269,1003,0.283,16,1,3,2,0,5,1,12,2,0,0,0,0,6,78,50,1.56,0.312,83.6,17.3,5.59,4.5,1.24,0.383,0.442,0.825
2023,52641,황동하,KIA,HT,21,6.61,13,0,3,0,0,0.0,31 1/3,35,5,21,1,19,25,23,1.79,0,0,0,0,149,576,0.285,6,3,3,1,0,1,0,6,0,0,1,1,0,2,30,40,0.75,0.3,44.3,18.4,5.46,6.03,0.9,0.39,0.504,0.894
2023,76225,김건국,KIA,HT,22,6.75,6,0,1,0,0,0.0,16,18,0,4,1,9,12,12,1.38,0,0,0,0,70,257,0.286,6,1,1,1,0,0,0,5,0,0,1,0,0,1,17,20,0.85,0.327,42.8,16.1,5.06,2.25,2.25,0.333,0.413,0.746
2023,53609,곽도규,KIA,HT,23,8.49,14,0,0,0,0,,11 2/3,14,0,10,2,14,11,11,2.06,0,0,0,0,61,230,0.311,2,0,4,0,0,1,0,0,0,0,2,0,0,0,9,8,1.13,0.452,16.4,19.7,10.8,7.71,1.4,0.456,0.356,0.812
2023,64580,김재열,KIA,HT,24,13.11,9,0,0,0,0,,11 2/3,20,2,13,0,9,17,17,2.83,0,0,0,0,70,304,0.364,4,1,0,2,0,0,0,0,0,0,2,0,0,1,13,15,0.87,0.391,33.8,26.1,6.94,10.03,0.69,0.471,0.582,1.053
2023,53298,백승우,두산,OB,1,0.0,6,0,0,0,0,,4,3,0,3,1,1,0,0,1.5,0,0,0,0,18,78,0.214,0,0,0,0,0,0,0,0,0,0,2,0,0,1,6,4,1.5,0.231,13.0,19.5,2.25,6.75,0.33,0.389,0.214,0.603
2023,64805,이승진,두산,OB,1,0.0,1,0,0,0,0,,2/3,1,0,1,1,1,4,0,3.0,0,0,0,0,6,24,0.25,0,0,0,0,0,0,0,0,0,0,0,0,0,0,2,0,,0.333,24.0,36.0,13.5,13.5,1.0,0.5,0.25,0.75
2023,52257,브랜든,두산,OB,3,2.49,18,11,3,0,0,0.786,104 2/3,80,4,30,12,100,34,29,1.05,0,0,13,0,427,1729,0.213,13,0,8,2,0,3,0,18,11,0,0,0,0,5,115,82,1.4,0.278,96.1,16.5,8.6,2.58,3.33,0.291,0.28,0.571
2023,69045,알칸타라,두산,OB,4,2.67,31,13,9,0,0,0.591,192,171,16,35,5,162,67,57,1.07,0,0,22,0,777,2988,0.236,33,0,10,2,1,3,0,31,13,0,0,0,0,8,194,200,0.97,0.282,96.4,15.6,7.59,1.64,4.63,0.275,0.348,0.623
2023,68220,곽빈,두산,OB,5,2.9,23,12,7,0,0,0.632,127 1/3,96,7,58,5,106,44,41,1.21,0,0,13,0,526,2229,0.212,18,1,7,4,0,4,1,23,12,0,0,0,0,6,92,162,0.57,0.259,96.9,17.5,7.49,4.1,1.83,0.306,0.303,0.609
2023,61643,홍건희,두산,OB,6,3.06,64,1,5,22,5,0.167,61 2/3,67,4,24,0,62,28,21,1.48,0,0,0,3,277,1092,0.272,10,3,6,1,3,8,0,0,0,1,40,36,1,3,52,66,0.79,0.348,17.1,17.7,9.05,3.5,2.58,0.336,0.386,0.722
2023,67266,박치국,두산,OB,7,3.59,62,5,3,2,11,0.625,52 2/3,54,3,21,5,48,22,21,1.42,0,0,0,2,236,923,0.258,9,2,1,0,1,2,0,0,0,5,9,16,1,2,42,65,0.65,0.323,14.9,17.5,8.2,3.59,2.29,0.34,0.364,0.704
2023,67246,김명신,두산,OB,8,3.65,70,3,3,1,24,0.5,79,72,3,27,6,65,34,32,1.25,0,0,0,1,334,1445,0.245,18,0,4,3,3,3,0,0,0,3,5,21,1,5,76,84,0.9,0.301,20.6,18.3,7.41,3.08,2.41,0.318,0.337,0.655
2023,68242,정철원,두산,OB,9,3.96,67,7,6,13,11,0.538,72 2/3,66,8,32,2,55,36,32,1.35,0,0,0,9,315,1254,0.242,6,0,5,3,2,6,1,0,0,7,24,34,2,9,76,79,0.96,0.272,18.7,17.3,6.81,3.96,1.72,0.323,0.352,0.675
2023,51264,최승용,두산,OB,10,3.97,34,3,6,1,0,0.333,111,116,9,34,4,82,54,49,1.35,0,0,4,0,479,1853,0.269,11,1,7,3,0,3,0,20,3,0,4,1,0,10,102,134,0.76,0.312,54.5,16.7,6.65,2.76,2.41,0.326,0.362,0.688
2023,51230,김동주,두산,OB,11,4.14,18,3,6,0,0,0.333,78 1/3,73,5,35,4,59,37,36,1.38,0,0,4,0,334,1390,0.255,14,4,5,4,0,4,1,17,3,0,1,0,0,5,75,83,0.9,0.301,77.2,17.7,6.78,4.02,1.69,0.34,0.385,0.725
2023,65639,박정수,두산,OB,12,4.17,25,1,0,1,0,1.0,36 2/3,37,1,18,6,28,22,17,1.5,0,0,0,0,165,596,0.268,12,0,3,0,1,2,0,0,0,1,11,1,0,3,37,36,1.03,0.33,23.8,16.3,6.87,4.42,1.56,0.377,0.377,0.754
2023,77263,김강률,두산,OB,13,4.21,32,1,0,1,7,1.0,25 2/3,23,2,12,2,21,14,12,1.36,0,0,0,0,115,489,0.232,3,0,1,1,0,2,0,0,0,1,4,12,0,1,30,26,1.15,0.273,15.3,19.1,7.36,4.21,1.75,0.325,0.323,0.648
2023,68200,김민규,두산,OB,14,4.32,6,0,0,0,0,,8 1/3,6,0,4,2,5,5,4,1.2,0,0,0,0,37,153,0.207,2,1,1,1,0,2,0,1,0,0,1,1,0,0,7,12,0.58,0.24,25.5,18.4,5.4,4.32,1.25,0.333,0.345,0.678
2023,52204,이병헌,두산,OB,15,4.67,36,0,0,0,5,,27,25,2,22,1,28,16,14,1.74,0,0,0,2,126,516,0.248,7,0,1,1,0,3,0,0,0,0,4,10,0,2,18,31,0.58,0.319,14.3,19.1,9.33,7.33,1.27,0.384,0.376,0.76
2023,67263,최원준,두산,OB,16,4.93,26,3,10,0,0,0.231,107 2/3,119,11,28,12,71,60,59,1.37,0,0,7,0,465,1763,0.287,33,1,8,2,0,1,0,20,3,0,1,0,0,6,68,159,0.43,0.322,67.8,16.4,5.93,2.34,2.54,0.348,0.451,0.799
2023,74513,장원준,두산,OB,17,5.27,11,3,5,0,0,0.375,41,53,4,11,2,24,27,24,1.56,0,0,1,0,183,689,0.325,8,2,5,2,0,2,0,10,3,0,0,0,0,7,51,37,1.38,0.358,62.6,16.8,5.27,2.41,2.18,0.371,0.472,0.843
2023,52206,최지강,두산,OB,18,5.32,25,2,1,0,2,0.667,22,16,0,20,1,14,13,13,1.64,0,0,0,0,102,399,0.205,4,0,1,2,0,0,0,0,0,2,4,4,0,2,25,25,1.0,0.242,16.0,18.1,5.73,8.18,0.7,0.366,0.256,0.622
2023,66291,이영하,두산,OB,19,5.49,36,5,3,0,4,0.625,39 1/3,40,2,21,4,28,27,24,1.55,0,0,0,0,184,739,0.256,9,1,3,0,1,2,0,0,0,5,5,6,0,1,46,42,1.1,0.302,20.5,18.8,6.41,4.81,1.33,0.359,0.365,0.724
2023,68249,박신지,두산,OB,20,5.54,15,0,0,0,0,,26,39,1,11,3,15,16,16,1.92,0,0,0,0,129,459,0.342,13,0,0,1,0,2,0,1,0,0,7,1,0,0,16,45,0.36,0.384,30.6,17.7,5.19,3.81,1.36,0.411,0.482,0.893
2023,66201,고봉재,두산,OB,21,6.35,10,0,0,0,0,,11 1/3,12,0,7,1,7,8,8,1.68,0,0,0,0,53,217,0.286,2,1,1,2,0,0,0,0,0,0,5,0,0,1,15,10,1.5,0.324,21.7,19.1,5.56,5.56,1.0,0.385,0.381,0.766
2023,62951,이형범,두산,OB,22,6.51,23,1,0,0,1,1.0,27 2/3,40,2,12,3,13,23,20,1.88,0,0,0,0,134,476,0.348,10,0,2,2,0,2,0,0,0,1,4,0,0,6,39,25,1.56,0.373,20.7,17.2,4.23,3.9,1.08,0.417,0.487,0.904
2023,53233,딜런,두산,OB,23,8.0,2,0,1,0,0,0.0,9,10,2,5,0,2,9,8,1.67,0,0,0,0,45,175,0.25,1,0,0,0,0,1,0,2,0,0,0,0,0,0,13,15,0.87,0.222,87.5,19.4,2.0,5.0,0.4,0.333,0.425,0.758
2023,68830,김정우,두산,OB,24,9.45,7,0,0,0,0,,6 2/3,11,1,7,0,6,7,7,2.7,0,0,0,0,38,148,0.355,2,0,0,0,0,0,0,0,0,0,5,0,0,0,4,10,0.4,0.417,21.1,22.2,8.1,9.45,0.86,0.474,0.516,0.99
2023,53262,김유성,두산,OB,25,9.95,7,0,0,0,0,,6 1/3,6,2,12,0,6,7,7,2.84,0,0,0,0,38,172,0.25,0,0,0,2,0,3,0,0,0,0,5,0,0,0,6,8,0.75,0.222,24.6,27.2,8.53,17.05,0.5,0.474,0.5,0.974
2023,68269,김호준,두산,OB,26,12.0,3,0,0,0,0,,3,3,1,4,0,2,4,4,2.33,0,0,0,0,16,59,0.273,0,0,0,1,0,1,0,0,0,0,3,0,0,0,1,6,0.17,0.222,19.7,19.7,6.0,12.0,0.5,0.438,0.545,0.983
2023,50211,제환유,두산,OB,27,13.5,1,0,0,0,0,,2,3,0,4,0,2,4,3,3.5,0,0,0,0,14,53,0.3,0,0,0,0,0,1,0,0,0,0,0,0,0,0,2,3,0.67,0.375,53.0,26.5,9.0,18.0,0.5,0.5,0.3,0.8
2023,52295,이원재,두산,OB,28,27.0,1,0,0,0,0,,1,3,0,3,0,0,3,3,6.0,0,0,0,0,9,34,0.5,1,0,0,0,0,0,0,1,0,0,0,0,0,0,1,2,0.5,0.5,34.0,34.0,0.0,27.0,0.0,0.667,0.667,1.334
2023,69360,조영건,키움,WO,1,0.0,6,0,0,0,1,,7 2/3,5,0,2,0,7,0,0,0.91,0,0,0,0,27,101,0.2,1,0,0,0,0,0,0,0,0,0,0,1,0,1,7,6,1.17,0.278,16.8,13.2,8.22,2.35,3.5,0.259,0.24,0.499
2023,69399,윤정현,키움,WO,2,1.5,5,0,0,0,0,,6,5,0,6,0,2,2,1,1.83,0,0,0,0,26,103,0.25,0,0,0,0,0,1,0,0,0,0,2,1,0,4,10,3,3.33,0.278,20.6,17.2,3.0,9.0,0.33,0.423,0.25,0.673
2023,68341,안우진,키움,WO,3,2.39,24,9,7,0,0,0.563,150 2/3,121,5,38,1,164,44,40,1.06,0,0,16,0,608,2342,0.217,25,1,5,6,1,8,0,24,9,0,0,0,0,8,127,152,0.84,0.294,97.6,15.5,9.8,2.27,4.32,0.265,0.292,0.557
2023,78352,임창민,키움,WO,4,2.51,51,2,2,26,1,0.5,46 2/3,51,3,17,2,40,16,13,1.46,0,0,0,4,209,826,0.276,6,0,2,3,3,0,0,0,0,2,33,32,1,2,32,65,0.49,0.331,16.2,17.7,7.71,3.28,2.35,0.338,0.357,0.695
2023,53375,후라도,키움,WO,5,2.65,30,11,8,0,0,0.579,183 2/3,164,7,41,9,147,64,54,1.12,0,0,20,0,763,2797,0.234,19,0,4,8,0,5,0,30,11,0,0,0,0,9,216,182,1.19,0.283,93.2,15.2,7.2,2.01,3.59,0.282,0.291,0.573
2023,66305,박승주,키움,WO,6,3.5,18,0,3,0,0,0.0,18,19,2,13,2,15,11,7,1.78,0,0,0,0,91,368,0.257,3,2,1,1,0,5,0,0,0,0,6,1,0,0,13,28,0.46,0.293,20.4,20.4,7.5,6.5,1.15,0.378,0.432,0.81
2023,51301,김성진,키움,WO,7,3.64,55,3,3,0,7,0.5,47,44,5,25,1,38,19,19,1.47,0,0,0,3,208,824,0.247,7,0,3,1,2,0,0,0,0,3,16,12,0,2,45,52,0.87,0.287,15.0,17.5,7.28,4.79,1.52,0.341,0.371,0.712
2023,67391,김재웅,키움,WO,8,4.22,67,2,3,6,18,0.4,59 2/3,56,2,24,0,46,29,28,1.34,0,0,0,3,250,962,0.252,11,0,2,2,1,0,0,0,0,2,11,30,0,6,54,68,0.79,0.307,14.4,16.1,6.94,3.62,1.92,0.323,0.329,0.652
2023,69343,요키시,키움,WO,9,4.39,12,5,3,0,0,0.625,65 2/3,82,3,14,3,51,37,32,1.46,0,0,6,0,286,1100,0.309,14,1,1,3,1,1,0,12,5,0,0,0,0,10,80,55,1.45,0.369,91.7,16.8,6.99,1.92,3.64,0.347,0.404,0.751
2023,60336,문성현,키움,WO,10,4.45,32,2,2,0,2,0.5,28 1/3,26,2,20,2,21,16,14,1.62,0,0,0,1,134,487,0.243,3,0,5,0,2,2,0,0,0,2,7,6,0,1,28,32,0.88,0.286,15.2,17.2,6.67,6.35,1.05,0.372,0.327,0.699
2023,52395,윤석원,키움,WO,11,4.5,21,2,0,0,2,1.0,24,29,2,8,0,8,17,12,1.54,0,0,0,0,110,418,0.302,5,0,4,2,1,1,0,0,0,2,3,2,0,2,32,29,1.1,0.307,19.9,17.4,3.0,3.0,1.0,0.349,0.417,0.766
2023,64350,하영민,키움,WO,12,4.64,57,3,1,0,5,0.75,52 1/3,67,4,25,1,51,36,27,1.76,0,0,0,2,247,933,0.309,8,4,3,1,3,6,0,0,0,3,7,7,0,6,52,48,1.08,0.387,16.4,17.8,8.77,4.3,2.04,0.381,0.438,0.819
2023,78148,정찬헌,키움,WO,13,4.75,14,2,8,0,0,0.2,72,71,4,13,2,35,40,38,1.17,1,0,8,0,295,1061,0.261,12,3,3,5,1,0,0,14,2,0,1,0,0,2,88,83,1.06,0.282,75.8,14.7,4.38,1.63,2.69,0.295,0.371,0.666
2023,61268,양현,키움,WO,14,5.05,54,0,5,0,8,0.0,57,83,5,21,0,16,38,32,1.82,0,0,0,1,262,943,0.356,9,2,3,5,1,0,1,0,0,0,12,5,0,11,82,57,1.44,0.359,17.5,16.5,2.53,3.32,0.76,0.402,0.476,0.878
2023,52397,이명종,키움,WO,15,5.21,45,5,5,0,1,0.5,57,66,5,24,6,26,34,33,1.58,0,0,0,4,260,1022,0.3,13,0,5,5,0,0,0,2,0,5,7,4,0,6,63,70,0.9,0.314,22.7,17.9,4.11,3.79,1.08,0.376,0.427,0.803
2023,67603,이승호,키움,WO,16,5.4,4,0,0,0,1,,5,5,1,4,0,1,3,3,1.8,0,0,0,0,24,96,0.25,3,0,0,0,0,0,0,1,0,0,0,0,0,0,3,11,0.27,0.222,24.0,19.2,1.8,7.2,0.25,0.375,0.55,0.925
2023,51359,장재영,키움,WO,17,5.53,23,1,5,0,0,0.167,71 2/3,63,4,66,8,67,46,44,1.8,0,0,2,0,339,1438,0.243,15,0,2,4,0,8,2,17,1,0,0,0,0,11,69,64,1.08,0.307,62.5,20.1,8.41,8.29,1.02,0.407,0.347,0.754
2023,76118,원종현,키움,WO,18,5.79,20,1,1,0,6,0.5,18 2/3,24,3,5,1,17,16,12,1.55,0,0,0,4,87,322,0.304,8,1,1,1,1,2,0,0,0,1,1,13,0,1,16,23,0.7,0.35,16.1,17.3,8.2,2.41,3.4,0.349,0.544,0.893
2023,66018,김선기,키움,WO,19,5.98,17,1,3,1,0,0.25,43 2/3,56,2,15,1,29,37,29,1.63,0,0,1,0,200,753,0.309,16,2,2,1,0,0,1,7,1,0,6,1,1,2,52,45,1.16,0.358,44.3,17.2,5.98,3.09,1.93,0.364,0.453,0.817
2023,53322,맥키니,키움,WO,20,6.52,12,1,9,0,0,0.1,59 1/3,61,10,36,1,39,46,43,1.63,0,0,4,0,268,1089,0.269,14,1,1,3,0,3,1,12,1,0,0,0,0,3,55,75,0.73,0.282,90.8,18.4,5.92,5.46,1.08,0.367,0.471,0.838
2023,53300,오상원,키움,WO,21,6.6,11,0,0,0,0,,15,18,0,9,3,7,11,11,1.8,0,0,0,0,74,298,0.29,5,1,0,0,0,0,0,1,0,0,7,0,0,2,17,20,0.85,0.327,27.1,19.9,4.2,5.4,0.78,0.405,0.403,0.808
2023,51393,김준형,키움,WO,22,7.04,8,0,0,0,0,,7 2/3,4,0,6,3,5,6,6,1.3,0,0,0,0,36,146,0.154,3,0,1,0,0,0,0,0,0,0,3,0,0,0,4,13,0.31,0.19,18.3,19.0,5.87,7.04,0.83,0.371,0.269,0.64
2023,50354,이종민,키움,WO,23,7.24,11,0,1,0,0,0.0,13 2/3,22,0,6,1,10,13,11,2.05,0,0,0,0,72,306,0.349,7,0,0,2,0,0,0,2,0,0,4,0,0,1,14,19,0.74,0.4,27.8,22.4,6.59,3.95,1.67,0.403,0.46,0.863
2023,50360,김동혁,키움,WO,24,7.32,35,1,7,0,6,0.125,39 1/3,51,1,18,6,24,34,32,1.75,0,0,0,1,192,718,0.313,9,3,4,1,0,0,2,2,0,1,11,7,0,4,63,26,2.42,0.36,20.5,18.3,5.49,4.12,1.33,0.399,0.423,0.822
2023,62655,홍성민,키움,WO,25,9.0,2,0,0,0,0,,2,5,1,1,0,1,2,2,3.0,0,0,0,0,12,49,0.455,0,1,0,0,0,1,0,0,0,0,2,0,0,0,3,2,1.5,0.444,24.5,24.5,4.5,4.5,1.0,0.5,0.909,1.409
2023,52330,주승우,키움,WO,26,9.56,11,0,1,0,0,0.0,16,20,1,21,2,8,18,17,2.56,0,0,0,0,90,382,0.308,7,0,2,0,0,3,0,2,0,0,1,0,0,1,17,20,0.85,0.339,34.7,23.9,4.5,11.81,0.38,0.489,0.462,0.951
2023,67365,양지율,키움,WO,27,13.5,1,0,0,0,0,,2/3,1,0,3,0,2,1,1,6.0,0,0,0,0,6,28,0.333,0,0,0,0,0,0,0,0,0,0,0,0,0,0,0,0,,1.0,28.0,42.0,27.0,40.5,0.67,0.667,0.333,1.0
2023,64051,이영준,키움,WO,28,21.6,2,0,1,0,0,0.0,1 2/3,4,0,1,0,0,4,4,3.0,0,0,0,0,10,34,0.444,0,0,0,0,0,1,0,0,0,0,0,0,0,0,2,3,0.67,0.444,17.0,20.4,0.0,5.4,0.0,0.5,0.444,0.944
2023,53312,김건희,키움,WO,29,22.5,3,0,0,0,0,,2,6,2,2,0,0,5,5,4.0,0,0,0,0,14,57,0.5,0,0,0,0,0,0,0,0,0,0,2,0,0,0,1,5,0.2,0.4,19.0,28.5,0.0,9.0,0.0,0.571,1.0,1.571
2023,53164,김동규,키움,WO,30,22.85,4,0,1,0,0,0.0,4 1/3,6,1,12,2,1,12,11,4.15,0,0,0,0,31,143,0.375,0,0,0,1,0,4,0,1,0,0,0,0,0,2,3,7,0.43,0.333,35.8,33.0,2.08,24.92,0.08,0.645,0.563,1.208
2023,62263,변시원,키움,WO,31,42.43,4,0,0,0,0,,2 1/3,6,1,4,2,2,11,11,4.29,0,0,0,0,19,68,0.462,2,0,0,0,0,0,0,0,0,0,0,0,0,0,2,3,0.67,0.5,17.0,29.1,7.71,15.43,0.5,0.632,0.846,1.478
2024,68159,성동현,LG,LG,1,0.0,2,0,0,0,0,,2,0,0,3,0,1,0,0,1.5,0,0,0,0,8,36,0.0,0,0,0,0,0,0,0,0,0,0,1,0,0,1,4,0,,0.0,18.0,18.0,4.5,13.5,0.33,0.375,0.0,0.375
2024,50106,유영찬,LG,LG,2,2.97,62,7,5,26,1,0.583,63 2/3,61,2,30,3,77,24,21,1.43,0,0,0,6,286,1105,0.246,15,0,2,3,3,5,2,0,0,7,50,33,6,1,51,62,0.82,0.343,17.8,17.4,10.88,4.24,2.57,0.331,0.331,0.662
2024,51526,우강훈,LG,LG,3,3.09,14,1,0,0,0,1.0,11 2/3,11,0,8,6,10,6,4,1.63,0,0,0,0,57,225,0.256,1,0,0,0,0,2,0,0,0,1,4,0,0,4,14,8,1.75,0.333,16.1,19.3,7.71,6.17,1.25,0.439,0.279,0.718
2024,69168,이상영,LG,LG,4,3.31,8,0,1,0,1,0.0,16 1/3,15,1,8,4,8,6,6,1.41,0,0,0,0,75,302,0.242,0,0,0,1,0,2,0,3,0,0,0,1,0,1,27,13,2.08,0.259,37.8,18.5,4.41,4.41,1.0,0.36,0.29,0.65
2024,64596,김유영,LG,LG,5,3.78,53,1,2,1,6,0.333,47 2/3,50,2,16,4,42,27,20,1.38,0,0,0,0,212,847,0.269,7,0,3,3,0,3,1,2,0,1,6,14,0,6,51,46,1.11,0.331,16.0,17.8,7.93,3.02,2.63,0.335,0.339,0.674
2024,67143,손주영,LG,LG,6,3.79,28,9,10,0,1,0.474,144 2/3,157,11,54,10,112,71,61,1.46,0,0,11,0,637,2532,0.279,16,0,6,5,0,6,0,27,9,0,0,0,0,16,173,125,1.38,0.329,90.4,17.5,6.97,3.36,2.07,0.35,0.367,0.717
2024,61101,임찬규,LG,LG,7,3.83,25,10,6,0,1,0.625,134,144,12,42,5,136,58,57,1.39,0,0,11,0,577,2225,0.276,29,1,3,5,1,1,0,24,10,0,0,0,0,11,121,126,0.96,0.348,89.0,16.6,9.13,2.82,3.24,0.333,0.404,0.737
2024,75867,김진성,LG,LG,8,3.97,71,3,3,1,27,0.5,70 1/3,62,11,23,7,61,34,31,1.21,0,0,0,7,294,1144,0.239,11,1,3,2,3,2,0,0,0,3,6,35,1,4,39,99,0.39,0.27,16.1,16.3,7.81,2.94,2.65,0.316,0.417,0.733
2024,54119,에르난데스,LG,LG,9,4.02,11,3,2,1,1,0.6,47,41,5,16,2,55,21,21,1.21,0,0,2,0,195,792,0.233,6,1,0,1,0,1,0,9,3,0,1,2,0,3,29,52,0.56,0.308,72.0,16.9,10.53,3.06,3.44,0.303,0.364,0.667
2024,63961,윤호솔,LG,LG,10,4.15,7,0,0,0,0,,4 1/3,4,0,8,0,5,2,2,2.77,0,0,0,0,24,109,0.25,0,0,0,0,0,0,0,0,0,0,2,0,0,0,2,5,0.4,0.364,15.6,25.2,10.38,16.62,0.63,0.5,0.25,0.75
2024,50904,이종준,LG,LG,10,4.15,27,1,2,0,1,0.333,26,26,4,16,0,28,13,12,1.62,0,0,0,0,119,489,0.255,5,0,1,0,0,1,0,0,0,1,13,1,0,0,27,21,1.29,0.314,18.1,18.8,9.69,5.54,1.75,0.356,0.422,0.778
2024,54134,엔스,LG,LG,12,4.19,30,13,6,0,0,0.684,167 2/3,169,16,50,6,157,84,78,1.31,0,0,13,0,714,2906,0.263,29,3,9,6,0,4,0,30,13,0,0,0,0,12,167,156,1.07,0.321,96.9,17.3,8.43,2.68,3.14,0.319,0.392,0.711
2024,65320,최원태,LG,LG,13,4.26,24,9,7,0,0,0.563,126 2/3,126,10,57,5,103,66,60,1.44,0,0,10,0,554,2117,0.263,20,1,4,8,0,5,0,23,8,1,0,0,0,11,125,134,0.93,0.309,88.2,16.7,7.32,4.05,1.81,0.342,0.371,0.713
2024,69103,켈리,LG,LG,14,4.51,19,5,8,0,0,0.385,113 2/3,131,13,25,6,69,65,57,1.37,2,1,11,0,495,1813,0.29,18,1,5,8,0,9,0,19,5,0,2,0,0,7,112,147,0.76,0.313,95.4,16.0,5.46,1.98,2.76,0.331,0.421,0.752
2024,69108,이지강,LG,LG,15,4.53,46,2,3,1,1,0.4,53 2/3,61,5,26,2,39,35,27,1.62,0,0,0,1,250,973,0.28,9,0,1,3,0,5,0,2,0,2,6,8,0,2,61,60,1.02,0.316,21.2,18.1,6.54,4.36,1.5,0.357,0.39,0.747
2024,54148,진우영,LG,LG,16,4.7,6,0,0,0,0,,7 2/3,8,1,4,0,6,4,4,1.57,0,0,0,0,35,142,0.267,3,0,0,1,0,2,0,0,0,0,6,0,0,0,2,15,0.13,0.292,23.7,18.5,7.04,4.7,1.5,0.343,0.467,0.81
2024,69159,정우영,LG,LG,17,4.76,27,2,1,0,3,0.667,22 2/3,31,0,11,6,17,15,12,1.85,0,0,0,2,108,389,0.344,6,0,1,0,0,3,0,0,0,2,2,6,0,4,32,10,3.2,0.425,14.4,17.2,6.75,4.37,1.55,0.449,0.411,0.86
2024,66145,김대현,LG,LG,18,5.4,37,2,0,1,1,1.0,35,33,6,18,2,30,21,21,1.46,0,0,0,2,155,560,0.248,6,1,0,2,0,5,0,0,0,2,8,3,0,1,23,49,0.47,0.273,15.1,16.0,7.71,4.63,1.67,0.342,0.444,0.786
2024,63248,함덕주,LG,LG,18,5.4,15,0,1,0,3,0.0,11 2/3,13,2,7,1,8,7,7,1.71,0,0,0,0,54,205,0.302,0,1,3,0,0,0,0,0,0,0,1,4,0,1,7,15,0.47,0.333,13.7,17.6,6.17,5.4,1.14,0.412,0.488,0.9
2024,53139,박명근,LG,LG,20,6.39,33,2,2,1,8,0.5,25 1/3,29,6,12,3,13,20,18,1.62,0,0,0,0,120,446,0.287,4,0,2,2,0,0,0,0,0,2,3,10,0,3,22,39,0.56,0.274,13.5,17.6,4.62,4.26,1.08,0.373,0.505,0.878
2024,69113,임준형,LG,LG,21,6.59,18,0,0,0,0,,13 2/3,16,2,4,3,13,10,10,1.46,0,0,0,0,62,240,0.302,4,0,1,1,0,0,0,1,0,0,3,3,0,2,13,12,1.08,0.359,13.3,17.6,8.56,2.63,3.25,0.377,0.491,0.868
2024,51154,김진수,LG,LG,22,6.75,8,0,1,0,0,0.0,13 1/3,17,3,4,0,6,10,10,1.58,0,0,0,0,58,220,0.315,2,0,0,0,0,0,0,0,0,0,4,1,0,2,17,14,1.21,0.311,27.5,16.5,4.05,2.7,1.5,0.362,0.519,0.881
2024,79140,최동환,LG,LG,23,6.95,26,0,1,0,2,0.0,22,35,4,9,0,14,18,17,2.0,0,0,0,0,105,392,0.372,6,0,0,2,0,0,0,0,0,0,7,6,0,2,17,30,0.57,0.397,15.1,17.8,5.73,3.68,1.56,0.419,0.564,0.983
2024,68130,김영준,LG,LG,24,8.22,14,1,1,0,0,0.5,15 1/3,21,2,9,0,11,17,14,1.96,0,0,0,1,76,325,0.318,3,0,1,0,1,2,0,0,0,1,5,1,0,1,18,16,1.13,0.358,23.2,21.2,6.46,5.28,1.22,0.4,0.455,0.855
2024,61145,이우찬,LG,LG,25,8.82,42,3,2,0,6,0.6,33 2/3,42,2,30,1,31,35,33,2.14,0,0,0,0,172,678,0.3,6,1,1,0,0,6,1,1,0,3,3,8,0,7,37,30,1.23,0.374,16.1,20.1,8.29,8.02,1.03,0.427,0.4,0.827
2024,65109,백승현,LG,LG,26,9.11,36,2,1,2,1,0.667,26 2/3,33,3,22,2,14,28,27,2.06,0,0,0,1,135,536,0.314,7,0,3,3,2,1,0,0,0,2,7,6,0,2,25,36,0.69,0.33,14.9,20.1,4.73,7.43,0.64,0.432,0.467,0.899
2024,54149,정지헌,LG,LG,27,11.68,17,0,0,0,1,,12 1/3,19,2,11,3,11,18,16,2.43,0,0,0,0,69,272,0.352,2,0,0,1,0,3,0,0,0,0,4,2,0,2,14,11,1.27,0.405,16.0,22.1,8.03,8.03,1.0,0.478,0.5,0.978
2024,50157,김윤식,LG,LG,28,12.0,1,0,0,0,0,,3,7,0,1,0,1,4,4,2.67,0,0,0,0,17,61,0.438,2,0,0,0,0,0,0,1,0,0,0,0,0,1,5,3,1.67,0.467,61.0,20.3,3.0,3.0,1.0,0.471,0.563,1.034
2024,65411,김주온,LG,LG,29,15.43,2,0,0,0,0,,4 2/3,8,2,3,0,4,8,8,2.36,0,0,0,0,25,98,0.381,1,0,0,1,0,0,0,0,0,0,2,0,0,0,4,6,0.67,0.375,49.0,21.0,7.71,5.79,1.33,0.44,0.714,1.154
2024,51110,이믿음,LG,LG,30,15.75,1,0,1,0,0,0.0,4,11,0,4,0,2,7,7,3.75,0,0,0,0,27,96,0.478,2,0,0,0,0,0,0,1,0,0,0,0,0,0,3,7,0.43,0.524,96.0,24.0,4.5,9.0,0.5,0.556,0.565,1.121
2024,51143,강효종,LG,LG,31,20.25,1,0,0,0,0,,1 1/3,2,1,3,0,2,3,3,3.75,0,0,0,0,9,33,0.333,0,0,0,0,0,0,0,1,0,0,0,0,0,0,1,1,1.0,0.333,33.0,24.8,13.5,20.25,0.67,0.556,0.833,1.389
2024,50720,남지민,한화,HH,1,0.0,2,0,0,0,0,,4,2,0,2,1,3,0,0,1.0,0,0,0,0,17,70,0.143,1,0,0,0,0,1,0,0,0,0,1,0,0,0,2,7,0.29,0.182,35.0,17.5,6.75,4.5,1.5,0.294,0.214,0.508
2024,74857,정우람,한화,HH,1,,1,0,0,0,0,,0,1,0,0,0,0,0,0,,0,0,0,0,1,4,1.0,0,0,0,0,0,0,0,1,0,0,0,0,0,0,0,0,,1.0,4.0,,,,,1.0,1.0,2.0
2024,65764,김민우,한화,HH,3,2.19,3,1,0,0,0,1.0,12 1/3,7,2,6,0,13,3,3,1.05,0,0,1,0,49,186,0.163,0,0,0,0,0,0,0,3,1,0,0,0,0,1,7,16,0.44,0.179,62.0,15.1,9.49,4.38,2.17,0.265,0.302,0.567
2024,65707,주현상,한화,HH,4,2.65,65,8,4,23,2,0.667,71 1/3,52,9,8,1,64,22,21,0.84,0,0,0,6,267,1074,0.206,8,2,4,1,0,1,0,0,0,8,51,30,2,4,41,97,0.42,0.238,16.5,15.1,8.07,1.01,8.0,0.232,0.36,0.592
2024,50711,김승일,한화,HH,5,3.0,3,0,0,0,0,,3,4,0,0,1,2,1,1,1.33,0,0,0,0,13,54,0.333,1,0,0,0,0,1,0,0,0,0,1,0,0,0,1,5,0.2,0.4,18.0,18.0,6.0,0.0,,0.385,0.417,0.802
2024,79764,장민재,한화,HH,6,3.1,26,1,1,0,0,0.5,29,46,2,7,1,17,10,10,1.83,0,0,0,0,138,509,0.362,7,0,2,1,0,5,0,0,0,1,9,0,0,2,27,38,0.71,0.404,19.6,17.6,5.28,2.17,2.43,0.397,0.465,0.862
2024,54755,와이스,한화,HH,7,3.73,16,5,5,0,0,0.5,91 2/3,77,8,29,3,98,43,38,1.16,0,0,11,0,384,1463,0.223,13,5,3,3,0,6,0,16,5,0,0,0,0,4,94,80,1.18,0.284,91.4,16.0,9.62,2.85,3.38,0.286,0.358,0.644
2024,53754,김서현,한화,HH,8,3.76,37,1,2,0,10,0.333,38 1/3,31,0,32,4,43,20,16,1.64,0,0,0,1,178,699,0.22,6,2,1,0,0,3,0,0,0,1,5,8,0,4,35,32,1.09,0.316,18.9,18.2,10.1,7.51,1.34,0.379,0.291,0.67
2024,65616,이민우,한화,HH,9,3.76,64,2,1,1,10,0.667,55,56,5,23,1,49,25,23,1.44,0,0,0,2,235,989,0.277,10,2,4,5,0,1,0,0,0,2,7,19,1,3,48,54,0.89,0.333,15.5,18.0,8.02,3.76,2.13,0.346,0.421,0.767
2024,63749,이충호,한화,HH,10,3.86,3,0,0,0,0,,2 1/3,4,0,3,0,3,1,1,3.0,0,0,0,0,13,45,0.4,1,0,0,0,0,0,0,0,0,0,0,0,0,1,2,1,2.0,0.571,15.0,19.3,11.57,11.57,1.0,0.538,0.5,1.038
2024,76715,류현진,한화,HH,11,3.87,28,10,8,0,0,0.556,158 1/3,182,12,33,3,135,78,68,1.36,0,0,16,0,679,2599,0.287,22,1,4,4,0,1,0,28,10,0,0,0,0,18,182,140,1.3,0.346,92.8,16.4,7.67,1.88,4.09,0.323,0.381,0.704
2024,53714,산체스,한화,HH,12,4.22,11,2,3,0,0,0.4,53 1/3,60,2,21,10,56,28,25,1.52,0,0,2,0,245,960,0.283,9,1,1,1,1,2,1,11,2,0,0,0,0,7,55,42,1.31,0.374,87.3,18.0,9.45,3.54,2.67,0.373,0.363,0.736
2024,67703,박상원,한화,HH,13,4.59,65,3,3,2,16,0.5,66 2/3,57,2,22,7,65,38,34,1.19,0,0,0,2,278,1115,0.232,18,0,1,2,0,8,0,0,0,3,9,19,0,5,70,56,1.25,0.304,17.2,16.7,8.78,2.97,2.95,0.31,0.329,0.639
2024,61666,한승혁,한화,HH,14,5.03,70,5,5,0,19,0.5,62 2/3,63,2,38,6,64,39,35,1.61,0,0,0,5,289,1210,0.264,7,1,3,3,2,6,0,0,0,5,4,25,0,2,60,55,1.09,0.347,17.3,19.3,9.19,5.46,1.68,0.374,0.326,0.7
2024,77318,장시환,한화,HH,15,5.13,30,2,2,0,2,0.5,33 1/3,34,3,22,1,28,27,19,1.68,0,0,0,0,156,640,0.266,6,1,3,2,0,0,0,0,0,2,2,3,0,5,43,25,1.72,0.313,21.3,19.2,7.56,5.94,1.27,0.373,0.398,0.771
2024,54720,바리아,한화,HH,16,5.15,20,6,7,0,0,0.462,92 2/3,114,10,18,0,83,58,53,1.42,0,0,3,0,405,1602,0.299,20,1,2,3,0,6,0,19,6,0,0,0,0,11,98,89,1.1,0.357,80.1,17.3,8.06,1.75,4.61,0.328,0.436,0.764
2024,52701,문동주,한화,HH,17,5.17,21,7,7,0,0,0.5,111 1/3,148,14,38,4,96,71,64,1.67,0,0,7,0,502,1899,0.327,25,3,5,2,1,8,1,21,7,0,0,0,0,14,106,105,1.01,0.388,90.4,17.1,7.76,3.07,2.53,0.382,0.488,0.87
2024,65769,김범수,한화,HH,18,5.29,39,0,0,0,4,,34,33,11,20,5,38,20,20,1.56,0,0,0,1,157,669,0.254,2,0,1,1,1,3,0,0,0,0,6,7,0,2,34,26,1.31,0.268,17.2,19.7,10.06,5.29,1.9,0.372,0.523,0.895
2024,54729,황준서,한화,HH,19,5.38,36,2,8,0,1,0.2,72,80,9,51,5,70,44,43,1.82,0,0,1,0,341,1412,0.287,16,0,2,4,0,3,1,11,2,0,6,2,0,6,56,77,0.73,0.348,39.2,19.6,8.75,6.38,1.37,0.401,0.441,0.842
2024,65117,이상규,한화,HH,20,5.63,21,1,4,0,0,0.2,32,39,5,15,1,27,20,20,1.69,0,0,0,1,149,614,0.298,7,1,2,0,1,1,0,3,0,1,4,1,0,1,22,43,0.51,0.343,29.2,19.2,7.59,4.22,1.8,0.374,0.481,0.855
2024,52720,페냐,한화,HH,21,6.27,9,3,5,0,0,0.375,37 1/3,41,6,20,0,29,28,26,1.63,0,0,2,0,171,702,0.275,6,0,0,2,0,1,0,9,3,0,0,0,0,1,30,51,0.59,0.302,78.0,18.8,6.99,4.82,1.45,0.357,0.436,0.793
2024,54768,조동욱,한화,HH,22,6.37,21,1,2,0,0,0.333,41,57,5,14,6,32,34,29,1.73,0,0,1,0,198,754,0.331,10,0,2,4,0,1,1,8,1,0,6,0,0,0,35,52,0.67,0.374,35.9,18.4,7.02,3.07,2.29,0.393,0.477,0.87
2024,51715,김기중,한화,HH,23,6.56,27,5,4,0,0,0.556,59,83,8,27,6,39,44,43,1.86,0,0,1,0,286,1090,0.333,12,1,1,3,0,2,0,11,3,2,4,0,0,3,57,73,0.78,0.366,40.4,18.5,5.95,4.12,1.44,0.407,0.486,0.893
2024,51713,김규연,한화,HH,24,7.02,58,1,0,0,4,1.0,59,66,6,28,4,40,50,46,1.59,0,0,0,1,270,1029,0.287,10,1,5,3,1,3,0,1,0,1,12,5,0,4,65,62,1.05,0.321,17.7,17.4,6.1,4.27,1.43,0.37,0.417,0.787
2024,63464,윤대경,한화,HH,25,10.57,7,0,0,0,0,,7 2/3,10,1,6,1,7,9,9,2.09,0,0,0,0,40,149,0.345,3,0,0,4,1,0,0,0,0,0,1,2,0,0,4,12,0.33,0.36,21.3,19.4,8.22,7.04,1.17,0.425,0.552,0.977
2024,69645,장유호,한화,HH,26,10.93,13,0,0,0,0,,14,23,0,10,2,11,18,17,2.36,0,0,0,0,75,284,0.365,5,2,0,0,2,2,0,0,0,0,7,0,0,1,14,15,0.93,0.442,21.8,20.3,7.07,6.43,1.1,0.467,0.508,0.975
2024,50726,한승주,한화,HH,27,11.45,18,0,2,0,0,0.0,22,45,2,10,3,14,31,28,2.5,0,0,0,0,120,457,0.433,6,1,2,1,0,1,0,0,0,0,6,0,0,5,28,18,1.56,0.483,25.4,20.8,5.73,4.09,1.4,0.492,0.567,1.059
2024,60768,이태양,한화,HH,28,11.57,10,0,2,0,0,0.0,9 1/3,17,4,2,0,2,13,12,2.04,0,0,0,0,48,180,0.37,3,0,0,0,0,0,0,1,0,0,3,1,0,0,11,16,0.69,0.325,18.0,19.3,1.93,1.93,1.0,0.396,0.696,1.092
2024,69974,배민서,한화,HH,29,16.2,1,0,0,0,0,,1 2/3,4,0,3,0,1,3,3,4.2,0,0,0,0,11,41,0.5,1,0,0,0,0,0,0,0,0,0,0,0,0,1,2,1,2.0,0.571,41.0,24.6,5.4,16.2,0.33,0.636,0.625,1.261
2024,54705,김도빈,한화,HH,30,54.0,1,0,1,0,0,0.0,1/3,1,0,3,0,1,2,2,12.0,0,0,0,0,5,20,0.5,0,0,0,0,0,0,0,1,0,0,0,0,0,0,0,0,,1.0,20.0,60.0,27.0,81.0,0.33,0.8,0.5,1.3
2024,54807,박성빈,SSG,SK,1,0.0,3,0,0,0,0,,2 1/3,1,0,0,1,2,0,0,0.43,0,0,0,0,9,28,0.125,0,0,0,0,0,0,0,0,0,0,3,0,0,0,1,4,0.25,0.167,9.3,12.0,7.71,0.0,,0.222,0.125,0.347
2024,66858,정동윤,SSG,SK,1,0.0,3,0,0,0,0,,1 2/3,1,0,1,0,2,0,0,1.2,0,0,0,0,7,32,0.167,0,0,0,0,0,0,0,0,0,0,1,0,0,0,1,2,0.5,0.25,10.7,19.2,10.8,5.4,2.0,0.286,0.167,0.453
2024,73211,노경은,SSG,SK,3,2.9,77,8,5,0,38,0.615,83 2/3,71,10,32,4,71,30,27,1.23,0,0,0,4,350,1338,0.232,10,1,3,5,4,3,0,0,0,8,7,37,0,5,83,86,0.97,0.265,17.4,16.0,7.64,3.44,2.22,0.308,0.369,0.677
2024,51897,조병현,SSG,SK,4,3.58,76,4,6,12,12,0.4,73,52,8,31,2,96,34,29,1.14,0,0,0,6,302,1294,0.197,10,0,2,3,3,5,0,0,0,4,26,33,2,3,53,66,0.8,0.27,17.0,17.7,11.84,3.82,3.1,0.283,0.326,0.609
2024,52868,이기순,SSG,SK,5,3.66,10,1,1,0,0,0.5,19 2/3,12,2,23,1,24,10,8,1.78,0,0,0,0,94,423,0.174,1,0,1,0,0,1,0,2,0,1,2,0,0,1,12,21,0.57,0.233,42.3,21.5,10.98,10.53,1.04,0.387,0.275,0.662
2024,54833,앤더슨,SSG,SK,6,3.89,24,11,3,0,0,0.786,115 2/3,98,11,53,8,158,55,50,1.31,0,0,9,0,496,2029,0.227,13,1,2,1,0,5,1,23,11,0,0,0,0,6,89,88,1.01,0.33,84.5,17.5,12.29,4.12,2.98,0.322,0.338,0.66
2024,53825,엘리아스,SSG,SK,7,4.08,22,7,7,0,0,0.5,123 2/3,126,13,30,6,104,59,56,1.26,0,0,10,0,525,1947,0.265,14,0,10,2,0,3,0,21,7,0,0,0,0,12,124,124,1.0,0.313,88.5,15.7,7.57,2.18,3.47,0.315,0.376,0.691
2024,62869,문승원,SSG,SK,8,4.5,62,6,1,20,6,0.857,60,67,10,24,1,53,33,30,1.52,0,0,0,7,265,1056,0.283,7,0,1,2,3,2,0,0,0,6,37,33,2,8,51,68,0.75,0.324,17.0,17.6,7.95,3.6,2.21,0.348,0.439,0.787
2024,64893,박민호,SSG,SK,9,4.76,19,2,0,0,0,1.0,22 2/3,25,4,7,2,10,14,12,1.41,0,0,0,0,98,352,0.287,3,0,0,2,1,0,0,0,0,2,8,0,0,2,20,34,0.59,0.28,18.5,15.5,3.97,2.78,1.43,0.347,0.46,0.807
2024,77829,김광현,SSG,SK,10,4.93,31,12,10,0,0,0.545,162 1/3,162,24,73,6,154,95,89,1.45,0,0,13,0,709,2757,0.26,29,0,5,3,1,8,0,31,12,0,0,0,0,18,157,152,1.03,0.309,88.9,17.0,8.54,4.05,2.11,0.342,0.423,0.765
2024,68092,한두솔,SSG,SK,11,5.01,69,2,1,0,3,0.667,59 1/3,62,3,31,3,68,40,33,1.57,0,0,0,0,273,1071,0.267,10,2,4,3,2,1,0,0,0,2,8,2,0,3,56,49,1.14,0.36,15.5,18.1,10.31,4.7,2.19,0.357,0.366,0.723
2024,50859,오원석,SSG,SK,12,5.03,29,6,9,0,1,0.4,121 2/3,122,17,65,13,112,72,68,1.54,0,0,2,0,550,2208,0.261,14,1,2,2,1,3,0,25,6,0,1,0,0,11,118,118,1.0,0.308,76.1,18.1,8.28,4.81,1.72,0.365,0.404,0.769
2024,61895,서진용,SSG,SK,13,5.55,51,0,1,0,6,0.0,47,52,5,26,0,38,34,29,1.66,0,0,0,0,211,800,0.291,11,1,5,1,2,4,0,0,0,0,3,10,0,6,51,39,1.31,0.343,15.7,17.0,7.28,4.98,1.46,0.379,0.447,0.826
2024,53898,송영진,SSG,SK,14,5.8,26,5,10,0,0,0.333,99 1/3,112,10,51,1,67,74,64,1.64,0,0,3,0,456,1815,0.283,19,2,5,3,0,8,2,20,5,0,2,0,0,8,123,97,1.27,0.317,69.8,18.3,6.07,4.62,1.31,0.364,0.417,0.781
2024,53892,이로운,SSG,SK,15,5.95,63,1,3,1,9,0.25,56,67,4,43,3,41,43,37,1.96,0,0,0,1,277,1138,0.3,9,2,3,5,4,3,0,0,0,1,15,7,0,4,58,62,0.94,0.344,18.1,20.3,6.59,6.91,0.95,0.412,0.413,0.825
2024,50812,박시후,SSG,SK,16,6.75,11,0,0,0,0,,14 2/3,18,1,7,2,11,11,11,1.7,0,0,0,0,70,259,0.295,1,0,0,0,0,0,0,0,0,0,5,0,0,1,18,14,1.29,0.347,23.5,17.7,6.75,4.3,1.57,0.386,0.361,0.747
2024,51895,장지훈,SSG,SK,16,6.75,18,0,0,0,0,,21 1/3,29,3,10,1,10,16,16,1.83,0,0,0,0,101,372,0.33,6,0,1,1,0,0,0,0,0,0,7,0,0,3,25,25,1.0,0.342,20.7,17.4,4.22,4.22,1.0,0.4,0.5,0.9
2024,60841,박종훈,SSG,SK,18,6.94,10,1,4,0,0,0.2,35,37,7,21,8,34,28,27,1.66,0,0,1,0,164,662,0.276,7,0,0,1,0,3,0,9,1,0,1,0,0,2,35,29,1.21,0.319,66.2,18.9,8.74,5.4,1.62,0.402,0.485,0.887
2024,69839,백승건,SSG,SK,19,7.71,10,0,0,0,0,,9 1/3,13,2,9,0,5,9,8,2.36,0,0,0,0,51,203,0.317,2,0,0,1,0,1,0,0,0,0,7,0,0,1,11,13,0.85,0.314,20.3,21.8,4.82,8.68,0.56,0.431,0.512,0.943
2024,68856,최민준,SSG,SK,20,7.78,32,1,0,0,0,1.0,39 1/3,61,9,24,3,40,36,34,2.16,0,0,0,0,202,782,0.353,9,1,2,0,1,1,0,0,0,1,3,3,0,3,39,33,1.18,0.419,24.4,19.9,9.15,5.49,1.67,0.44,0.572,1.012
2024,72523,고효준,SSG,SK,21,8.18,26,2,1,0,5,0.667,22,23,4,20,1,27,21,20,1.95,0,0,0,1,109,482,0.271,4,0,1,2,1,2,0,0,0,2,2,10,0,1,17,20,0.85,0.339,18.5,21.9,11.05,8.18,1.35,0.407,0.459,0.866
2024,65343,김택형,SSG,SK,22,9.0,6,0,1,0,0,0.0,7,10,1,6,1,1,7,7,2.29,0,0,0,0,37,130,0.333,1,0,0,0,1,1,1,0,0,0,0,0,0,1,11,8,1.38,0.321,21.7,18.6,1.29,7.71,0.17,0.459,0.467,0.926
2024,64861,이건욱,SSG,SK,23,11.37,10,1,2,0,0,0.333,19,34,5,15,2,17,25,24,2.58,0,0,0,0,106,445,0.386,4,0,0,1,0,3,0,2,0,1,1,0,0,2,12,26,0.46,0.433,44.5,23.4,8.05,7.11,1.13,0.481,0.602,1.083
2024,54804,더거,SSG,SK,24,12.71,6,0,3,0,0,0.0,22 2/3,37,2,10,3,18,33,32,2.07,0,0,1,0,116,457,0.366,7,3,0,2,0,0,0,6,0,0,0,0,0,0,27,21,1.29,0.422,76.2,20.2,7.15,3.97,1.8,0.431,0.554,0.985
2024,52873,신헌민,SSG,SK,25,18.0,3,0,0,0,0,,3,7,2,3,1,0,7,6,3.33,0,0,0,0,18,53,0.538,2,0,0,1,0,0,0,0,0,0,3,0,0,0,5,2,2.5,0.417,17.7,17.7,0.0,9.0,0.0,0.611,1.154,1.765
2024,54803,최현석,SSG,SK,26,54.0,2,0,0,0,0,,2/3,5,1,3,0,1,4,4,12.0,0,0,0,0,10,48,0.714,0,0,0,0,0,0,0,0,0,0,0,0,0,0,0,1,0.0,0.8,24.0,72.0,13.5,40.5,0.33,0.8,1.143,1.943
2024,73801,송은범,삼성,SS,1,1.08,9,0,0,0,2,,8 1/3,8,0,1,0,2,1,1,1.08,0,0,0,0,32,114,0.258,2,0,0,0,0,0,0,0,0,0,3,3,0,1,7,14,0.5,0.276,12.7,13.7,2.16,1.08,2.0,0.281,0.323,0.604
2024,67421,최지광,삼성,SS,2,2.23,35,3,2,0,7,0.6,36 1/3,22,1,21,4,38,9,9,1.18,0,0,0,3,154,674,0.176,6,1,1,3,2,2,1,0,0,3,1,12,0,2,25,43,0.58,0.236,19.3,18.6,9.41,5.2,1.81,0.307,0.264,0.571
2024,54452,코너,삼성,SS,3,3.43,28,11,6,0,0,0.647,160,135,21,40,19,158,67,61,1.09,1,1,13,0,663,2604,0.226,17,3,2,4,0,9,0,28,11,0,1,0,0,7,123,186,0.66,0.27,93.0,16.3,8.89,2.25,3.95,0.293,0.37,0.663
2024,69446,원태인,삼성,SS,4,3.66,28,15,6,0,0,0.714,159 2/3,150,17,42,7,119,68,65,1.2,1,0,13,0,670,2693,0.245,29,3,6,2,1,3,0,28,15,0,1,0,0,6,160,186,0.86,0.278,96.2,16.9,6.71,2.37,2.83,0.3,0.385,0.685
2024,54443,레예스,삼성,SS,5,3.81,26,11,4,0,0,0.733,144,159,15,30,7,114,65,61,1.31,0,0,12,0,617,2429,0.278,21,3,5,3,0,4,0,26,11,0,0,0,0,7,144,158,0.91,0.323,93.4,16.9,7.13,1.88,3.8,0.32,0.404,0.724
2024,63960,이상민,삼성,SS,6,3.9,37,2,1,1,8,0.667,30,31,2,6,4,12,13,13,1.23,0,0,0,0,121,416,0.282,5,0,1,0,0,2,0,0,0,2,6,9,0,5,31,36,0.86,0.302,11.2,13.9,3.6,1.8,2.0,0.342,0.382,0.724
2024,62360,김태훈,삼성,SS,7,3.96,56,3,2,0,23,0.6,52 1/3,49,6,19,4,37,24,23,1.3,0,0,0,1,225,870,0.243,8,1,0,0,1,2,1,0,0,3,8,20,0,2,50,66,0.76,0.27,15.5,16.6,6.36,3.27,1.95,0.32,0.381,0.701
2024,78352,임창민,삼성,SS,8,3.98,60,2,1,1,28,0.667,54 1/3,60,4,30,2,50,26,24,1.66,0,0,0,3,253,1031,0.279,10,0,2,4,2,5,0,0,0,2,6,30,0,3,36,73,0.49,0.339,17.2,19.0,8.28,4.97,1.67,0.367,0.381,0.748
2024,50441,황동재,삼성,SS,9,4.07,15,1,2,0,0,0.333,42,38,2,18,4,30,20,19,1.33,0,0,0,1,180,707,0.248,9,1,2,3,0,5,0,6,1,0,2,2,0,6,53,35,1.51,0.29,47.1,16.8,6.43,3.86,1.67,0.337,0.359,0.696
2024,65062,김재윤,삼성,SS,10,4.09,65,4,8,11,25,0.333,66,58,13,25,1,51,37,30,1.26,0,0,0,5,284,1092,0.232,9,1,5,3,5,2,0,0,0,4,21,43,0,1,45,99,0.45,0.238,16.8,16.5,6.95,3.41,2.04,0.301,0.432,0.733
2024,51454,이승현,삼성,SS,11,4.23,17,6,4,0,0,0.6,87 1/3,88,9,37,6,68,44,41,1.43,0,0,5,0,384,1528,0.264,11,1,4,4,0,4,0,17,6,0,0,0,0,7,90,91,0.99,0.304,89.9,17.5,7.01,3.81,1.84,0.345,0.384,0.729
2024,50430,홍원표,삼성,SS,12,4.26,4,0,0,0,0,,6 1/3,4,1,6,0,5,3,3,1.58,0,0,0,0,28,112,0.2,1,0,0,2,0,0,0,0,0,0,4,0,0,1,7,6,1.17,0.188,28.0,17.7,7.11,8.53,0.83,0.357,0.4,0.757
2024,60146,이승현,삼성,SS,13,4.48,60,6,2,1,9,0.75,60 1/3,68,6,23,3,51,31,30,1.51,0,0,0,2,265,1107,0.292,14,2,1,5,0,2,0,0,0,6,9,11,1,5,46,73,0.63,0.343,18.5,18.3,7.61,3.43,2.22,0.356,0.446,0.802
2024,75421,오승환,삼성,SS,14,4.91,58,3,9,27,2,0.25,55,75,9,18,3,42,36,30,1.69,0,0,0,8,262,1002,0.321,17,2,4,3,3,5,0,0,0,3,42,36,4,3,50,70,0.71,0.355,17.3,18.2,6.87,2.95,2.33,0.372,0.526,0.898
2024,54404,육선엽,삼성,SS,15,5.29,11,0,0,0,0,,17,19,3,17,2,11,11,10,2.12,0,0,0,0,87,355,0.284,2,0,0,1,0,1,0,1,0,0,5,1,0,3,15,23,0.65,0.296,32.3,20.9,5.82,9.0,0.65,0.437,0.448,0.885
2024,68501,최하늘,삼성,SS,16,5.34,27,1,1,0,1,0.5,32,26,2,16,4,18,20,19,1.31,0,0,0,1,139,579,0.234,4,0,3,5,0,2,0,0,0,1,4,3,0,1,25,47,0.53,0.25,21.4,18.1,5.06,4.5,1.13,0.338,0.324,0.662
2024,61365,김대우,삼성,SS,17,5.5,32,0,0,0,5,,34 1/3,42,4,9,3,23,24,21,1.49,0,0,0,0,157,529,0.296,9,0,1,2,2,1,0,1,0,0,13,4,0,1,36,43,0.84,0.325,16.5,15.4,6.03,2.36,2.56,0.346,0.444,0.79
2024,77446,백정현,삼성,SS,18,5.95,17,6,5,0,0,0.545,78 2/3,104,13,27,1,56,56,52,1.67,0,0,4,0,360,1288,0.319,15,2,3,3,1,0,0,15,6,0,1,0,0,6,82,87,0.94,0.35,75.8,16.4,6.41,3.09,2.07,0.37,0.497,0.867
2024,68419,최지명,삼성,SS,19,6.3,14,0,0,0,1,,20,24,4,12,0,14,15,14,1.8,0,0,0,0,96,359,0.3,5,1,2,2,0,1,0,1,0,0,3,1,0,1,19,25,0.76,0.313,25.6,18.0,6.3,5.4,1.17,0.383,0.538,0.921
2024,62146,최성훈,삼성,SS,20,6.92,28,0,1,0,3,0.0,13,14,1,9,1,10,10,10,1.77,0,0,0,1,61,270,0.292,1,0,0,3,1,2,0,0,0,0,0,4,0,1,11,16,0.69,0.325,9.6,20.8,6.92,6.23,1.11,0.393,0.375,0.768
2024,53455,이호성,삼성,SS,21,7.4,16,2,4,0,0,0.333,45,66,9,26,2,28,39,37,2.04,0,0,0,0,224,952,0.351,13,1,3,5,0,3,0,12,2,0,0,0,0,2,32,67,0.48,0.365,59.5,21.2,5.6,5.2,1.08,0.425,0.574,0.999
2024,61268,양현,삼성,SS,22,7.62,18,0,1,0,2,0.0,13,21,4,5,1,10,11,11,2.0,0,0,0,0,64,242,0.375,2,0,1,1,0,0,0,0,0,0,4,3,0,1,14,12,1.17,0.395,13.4,18.6,6.92,3.46,2.0,0.429,0.625,1.054
2024,50464,이승민,삼성,SS,23,8.56,25,1,4,0,0,0.2,47 1/3,71,14,26,3,23,48,45,2.05,0,0,0,0,237,920,0.343,8,1,0,1,0,1,0,8,0,1,6,1,0,6,51,63,0.81,0.333,36.8,19.4,4.37,4.94,0.88,0.422,0.594,1.016
2024,68403,김무신,삼성,SS,24,10.13,4,0,0,0,0,,5 1/3,6,0,7,0,2,6,6,2.44,0,0,0,0,26,105,0.375,0,0,1,2,0,1,0,0,0,0,2,0,0,2,4,6,0.67,0.375,26.3,19.7,3.38,11.81,0.29,0.52,0.375,0.895
2024,54401,김대호,삼성,SS,25,11.25,1,0,1,0,0,0.0,4,7,1,2,0,1,6,5,2.25,0,0,0,0,22,87,0.35,2,0,0,0,0,0,0,1,0,0,0,0,0,0,7,5,1.4,0.333,87.0,21.8,2.25,4.5,0.5,0.409,0.6,1.009
2024,63492,이재익,삼성,SS,26,17.69,9,1,0,0,0,1.0,9 2/3,29,2,4,0,6,19,19,3.41,0,0,0,0,58,222,0.537,3,0,0,0,0,0,0,0,0,1,1,0,0,3,13,6,2.17,0.587,24.7,23.0,5.59,3.72,1.5,0.569,0.704,1.273
2024,65496,홍정우,삼성,SS,27,45.0,1,0,0,0,0,,1,5,1,1,0,1,5,5,6.0,0,0,0,0,9,28,0.714,1,0,0,1,0,0,0,0,0,0,1,0,0,0,0,2,0.0,0.667,28.0,28.0,9.0,9.0,1.0,0.667,1.286,1.953
2024,77927,장필준,삼성,SS,28,135.0,1,0,0,0,0,,1/3,5,0,0,0,0,5,5,15.0,0,0,0,0,6,27,0.833,1,0,0,0,0,1,0,0,0,0,0,0,0,0,0,1,0.0,0.833,27.0,81.0,0.0,0.0,,0.833,1.0,1.833
2024,64580,김재열,NC,NC,1,2.49,69,1,5,2,12,0.167,68 2/3,58,4,29,0,67,20,19,1.27,0,0,0,4,284,1097,0.233,15,1,4,2,3,1,1,0,0,1,16,19,0,3,55,71,0.77,0.3,15.9,16.0,8.78,3.8,2.31,0.311,0.349,0.66
2024,54930,하트,NC,NC,2,2.69,26,13,3,0,0,0.813,157,124,11,38,11,182,51,47,1.03,0,0,17,0,631,2465,0.215,16,1,3,1,0,2,0,26,13,0,0,0,0,7,142,131,1.08,0.293,94.8,15.7,10.43,2.18,4.79,0.275,0.303,0.578
2024,54903,최우석,NC,NC,3,3.12,9,0,0,0,0,,8 2/3,7,2,6,0,8,3,3,1.5,0,0,0,0,37,139,0.226,2,0,0,0,0,1,0,0,0,0,3,0,0,0,8,8,1.0,0.238,15.4,16.0,8.31,6.23,1.33,0.351,0.484,0.835
2024,68900,김영규,NC,NC,4,3.15,42,4,2,1,14,0.667,45 2/3,40,3,14,1,48,19,16,1.18,0,0,0,1,183,734,0.244,4,0,2,2,0,1,0,0,0,4,4,16,0,5,46,32,1.44,0.322,17.5,16.1,9.46,2.76,3.43,0.304,0.323,0.627
2024,51994,한재승,NC,NC,5,3.97,51,1,2,0,6,0.333,45 1/3,37,2,27,3,44,21,20,1.41,0,0,0,3,201,815,0.222,7,1,1,3,0,6,0,0,0,1,12,9,0,3,44,45,0.98,0.282,16.0,18.0,8.74,5.36,1.63,0.335,0.311,0.646
2024,68902,신민혁,NC,NC,6,4.31,25,8,9,0,0,0.471,121,140,20,16,7,74,67,58,1.29,0,0,10,0,524,2003,0.284,24,3,2,6,0,2,1,24,7,1,1,0,0,4,96,189,0.51,0.296,80.1,16.6,5.5,1.19,4.63,0.312,0.467,0.779
2024,54920,카스타노,NC,NC,7,4.35,19,8,6,0,0,0.571,111 2/3,117,11,25,7,89,65,54,1.27,0,0,12,0,476,1783,0.269,23,4,4,5,0,0,1,19,8,0,0,0,0,4,133,101,1.32,0.312,93.8,16.0,7.17,2.01,3.56,0.316,0.416,0.732
2024,63959,임정호,NC,NC,8,4.42,65,1,6,2,9,0.143,55,54,3,25,3,46,32,27,1.44,0,0,0,2,243,981,0.263,8,1,7,3,3,0,0,0,0,1,10,14,2,3,52,56,0.93,0.321,15.1,17.8,7.53,4.09,1.84,0.347,0.356,0.703
2024,68928,김시훈,NC,NC,9,4.53,39,3,4,0,5,0.429,107 1/3,110,7,59,3,74,60,54,1.57,0,0,3,0,477,1887,0.269,25,1,1,5,0,1,1,18,3,0,0,6,0,12,115,115,1.0,0.309,48.4,17.6,6.2,4.95,1.25,0.361,0.386,0.747
2024,60263,이재학,NC,NC,10,5.52,21,3,12,0,0,0.2,104 1/3,108,17,42,4,97,68,64,1.44,0,0,7,0,462,1814,0.266,27,3,8,2,0,2,0,21,3,0,0,0,0,5,80,123,0.65,0.31,86.4,17.4,8.37,3.62,2.31,0.339,0.473,0.812
2024,54913,김민규,NC,NC,11,5.68,7,0,0,0,0,,6 1/3,8,0,3,0,2,4,4,1.74,0,0,0,0,30,112,0.32,1,0,1,1,0,1,0,0,0,0,3,0,0,0,9,7,1.29,0.333,16.0,17.7,2.84,4.26,0.67,0.379,0.36,0.739
2024,69343,요키시,NC,NC,12,5.72,8,3,4,0,0,0.429,39 1/3,51,5,20,2,32,29,25,1.81,0,0,2,0,189,756,0.313,11,2,3,1,0,2,0,8,3,0,0,0,0,3,47,34,1.38,0.362,94.5,19.2,7.32,4.58,1.6,0.392,0.497,0.889
2024,65949,류진욱,NC,NC,13,5.74,50,2,1,0,10,0.667,42 1/3,52,4,19,2,37,30,27,1.68,0,0,0,1,194,760,0.308,8,0,2,2,0,3,0,0,0,2,4,12,0,3,45,37,1.22,0.369,15.2,18.0,7.87,4.04,1.95,0.38,0.426,0.806
2024,66920,최성영,NC,NC,14,5.79,24,2,0,1,1,1.0,46 2/3,65,7,17,0,29,37,30,1.76,0,0,1,0,218,809,0.33,10,0,0,4,0,0,0,4,2,0,7,2,1,6,49,58,0.84,0.352,33.7,17.3,5.59,3.28,1.71,0.376,0.487,0.863
2024,69962,송명기,NC,NC,15,5.87,33,2,1,0,4,0.667,38 1/3,40,4,17,3,31,27,25,1.49,0,0,0,0,173,694,0.268,7,1,1,3,1,7,0,0,0,2,5,3,0,1,25,56,0.45,0.308,21.0,18.1,7.28,3.99,1.82,0.349,0.409,0.758
2024,68097,박주현,NC,NC,16,6.0,3,0,0,0,0,,3,3,1,1,0,4,2,2,1.33,0,0,0,0,13,51,0.25,0,0,0,0,0,0,0,0,0,0,1,0,0,0,2,3,0.67,0.286,17.0,17.0,12.0,3.0,4.0,0.308,0.5,0.808
2024,77211,이용찬,NC,NC,17,6.13,57,3,9,16,2,0.25,54 1/3,82,6,21,2,49,48,37,1.9,0,0,0,4,262,1042,0.353,20,3,5,2,1,6,0,0,0,3,37,22,2,6,52,51,1.02,0.425,18.3,19.2,8.12,3.48,2.33,0.409,0.543,0.952
2024,54900,임상현,NC,NC,18,6.47,12,1,5,0,0,0.167,40 1/3,46,5,23,2,21,35,29,1.71,0,0,1,0,181,667,0.303,13,0,0,4,0,1,0,7,1,0,1,0,0,4,32,57,0.56,0.315,55.6,16.5,4.69,5.13,0.91,0.392,0.487,0.879
2024,51948,이용준,NC,NC,19,6.68,9,2,3,0,0,0.4,33 2/3,42,5,14,1,26,28,25,1.66,0,0,1,0,157,603,0.302,6,2,2,1,0,1,0,9,2,0,0,0,0,1,30,42,0.71,0.339,67.0,17.9,6.95,3.74,1.86,0.368,0.482,0.85
2024,67956,김태현,NC,NC,20,7.2,11,0,0,0,0,,10,14,3,7,0,3,10,8,2.1,0,0,0,0,50,187,0.35,4,0,2,1,0,1,0,0,0,0,2,0,0,1,11,13,0.85,0.314,17.0,18.7,2.7,6.3,0.43,0.438,0.675,1.113
2024,64995,배재환,NC,NC,21,7.32,20,0,1,0,0,0.0,19 2/3,20,5,15,0,13,17,16,1.78,0,0,0,0,91,388,0.274,2,0,2,1,1,0,0,0,0,0,5,1,0,2,17,24,0.71,0.268,19.4,19.7,5.95,6.86,0.87,0.393,0.507,0.9
2024,53996,이준호,NC,NC,22,7.48,38,3,5,0,2,0.375,49 1/3,71,7,26,3,42,41,41,1.97,0,0,0,0,243,1019,0.34,11,0,2,3,0,0,0,2,0,3,12,2,0,4,44,55,0.8,0.393,26.8,20.7,7.66,4.74,1.62,0.415,0.493,0.908
2024,67954,김진호,NC,NC,23,7.71,2,0,0,0,0,,2 1/3,3,0,2,0,3,2,2,2.14,0,0,0,0,12,52,0.333,0,0,1,0,0,0,0,0,0,0,1,0,0,0,1,2,0.5,0.5,26.0,22.3,11.57,7.71,1.5,0.455,0.333,0.788
2024,66068,서의태,NC,NC,24,9.39,11,1,0,0,0,1.0,7 2/3,5,1,8,0,7,8,8,1.7,0,0,0,0,34,149,0.192,1,0,0,0,0,1,0,0,0,1,2,2,0,2,10,4,2.5,0.222,13.5,19.4,8.22,9.39,0.88,0.382,0.346,0.728
2024,69969,전사민,NC,NC,25,9.51,17,0,0,0,0,,23 2/3,39,3,17,3,17,25,25,2.37,0,0,0,0,128,479,0.371,6,1,1,2,0,4,2,0,0,0,9,0,0,2,27,24,1.13,0.414,28.2,20.2,6.46,6.46,1.0,0.465,0.533,0.998
2024,54904,손주환,NC,NC,26,9.82,4,0,1,0,0,0.0,3 2/3,2,0,2,1,4,4,4,1.09,0,0,0,0,16,65,0.154,0,0,0,0,0,0,0,1,0,0,2,0,0,0,3,4,0.75,0.222,16.3,17.7,9.82,4.91,2.0,0.313,0.154,0.467
2024,53919,신영우,NC,NC,27,10.61,4,0,1,0,0,0.0,9 1/3,9,0,15,2,6,11,11,2.57,0,0,0,0,52,200,0.29,3,0,2,2,0,1,0,2,0,0,2,0,0,1,7,11,0.64,0.333,50.0,21.4,5.79,14.46,0.4,0.52,0.387,0.907
2024,53973,목지훈,NC,NC,28,12.0,3,0,1,0,0,0.0,9,15,1,10,2,3,12,12,2.78,0,0,0,0,52,215,0.375,6,0,0,0,0,1,0,3,0,0,0,0,0,1,12,10,1.2,0.389,71.7,23.9,3.0,10.0,0.3,0.519,0.6,1.119
2024,65241,채원후,NC,NC,28,12.0,3,0,0,0,0,,3,6,0,3,0,2,4,4,3.0,0,0,0,0,18,73,0.4,2,0,0,0,0,2,0,0,0,0,1,0,0,0,4,3,1.33,0.462,24.3,24.3,6.0,9.0,0.67,0.5,0.533,1.033
2024,67962,소이현,NC,NC,30,13.5,4,0,0,0,0,,3 1/3,6,0,1,1,1,7,5,2.1,0,0,0,0,19,64,0.353,3,0,0,0,0,0,0,0,0,0,3,0,0,0,4,6,0.67,0.375,16.0,19.2,2.7,2.7,1.0,0.421,0.529,0.95
2024,69204,전루건,NC,NC,31,22.24,6,0,0,0,0,,5 2/3,15,0,9,4,0,14,14,4.24,0,0,0,0,44,174,0.556,3,0,2,2,0,0,0,0,0,0,1,0,0,1,7,7,1.0,0.517,29.0,30.7,0.0,14.29,0.0,0.667,0.667,1.334
2024,73117,우규민,KT,KT,1,2.49,45,4,1,1,4,0.8,43 1/3,47,1,2,2,39,14,12,1.13,0,0,0,1,181,695,0.272,7,2,1,3,0,0,0,0,0,4,15,6,0,3,39,51,0.76,0.338,15.4,16.0,8.1,0.42,19.5,0.283,0.353,0.636
2024,50030,소형준,KT,KT,2,3.24,6,2,0,0,0,1.0,8 1/3,7,1,1,1,3,3,3,0.96,0,0,0,0,30,120,0.25,2,0,0,0,0,0,0,0,0,2,1,0,0,2,11,7,1.57,0.25,20.0,14.4,3.24,1.08,3.0,0.3,0.429,0.729
2024,66047,박세진,KT,KT,3,3.38,6,0,0,0,0,,5 1/3,7,0,4,0,2,4,2,2.06,0,0,0,0,25,107,0.333,1,0,0,0,0,0,0,0,0,0,3,0,0,2,5,7,0.71,0.368,17.8,20.1,3.38,6.75,0.5,0.44,0.381,0.821
2024,52060,박영현,KT,KT,4,3.52,66,10,2,25,0,0.833,76 2/3,63,12,22,0,87,31,30,1.11,0,0,0,5,310,1222,0.22,7,1,1,1,2,1,0,0,0,10,52,30,3,5,48,89,0.54,0.271,18.5,15.9,10.21,2.58,3.95,0.275,0.378,0.653
2024,69032,쿠에바스,KT,KT,5,4.1,31,7,12,0,0,0.368,173 1/3,158,17,59,7,154,86,79,1.25,0,0,19,0,737,2856,0.24,36,3,5,8,4,11,1,31,7,0,0,0,0,9,155,199,0.78,0.285,92.1,16.5,8.0,3.06,2.61,0.306,0.381,0.687
2024,68043,김민,KT,KT,6,4.31,71,8,4,0,21,0.667,77 1/3,84,5,27,2,77,38,37,1.44,0,0,0,4,336,1205,0.277,13,0,4,0,3,5,0,1,0,8,5,27,0,8,99,43,2.3,0.357,17.0,15.6,8.96,3.14,2.85,0.34,0.37,0.71
2024,60559,박시영,KT,KT,7,4.62,26,0,1,1,4,0.0,25 1/3,27,4,7,1,23,13,13,1.34,0,0,0,0,110,417,0.27,8,1,2,0,1,3,0,0,0,0,5,4,0,1,21,29,0.72,0.315,16.0,16.5,8.17,2.49,3.29,0.324,0.49,0.814
2024,52043,벤자민,KT,KT,8,4.63,28,11,8,0,0,0.579,149 2/3,141,28,48,4,156,90,77,1.26,0,0,10,0,639,2507,0.244,25,4,6,4,2,4,0,28,11,0,0,0,0,8,143,141,1.01,0.285,89.5,16.8,9.38,2.89,3.25,0.305,0.447,0.752
2024,65056,엄상백,KT,KT,9,4.88,29,13,10,0,0,0.565,156 2/3,164,26,42,7,159,88,85,1.31,0,0,9,0,675,2716,0.266,26,3,5,5,0,2,0,29,13,0,0,0,0,4,105,193,0.54,0.317,93.7,17.3,9.13,2.41,3.79,0.318,0.445,0.763
2024,51097,김영현,KT,KT,10,4.91,8,0,0,0,0,,7 1/3,9,1,7,1,8,6,4,2.18,0,0,0,0,39,140,0.29,2,0,0,0,0,1,0,0,0,0,4,0,0,0,8,6,1.33,0.364,17.5,19.1,9.82,8.59,1.14,0.436,0.452,0.888
2024,64001,고영표,KT,KT,11,4.95,18,6,8,0,0,0.429,100,141,6,14,11,79,61,55,1.55,0,0,9,0,456,1591,0.333,27,4,3,5,0,2,1,17,5,1,0,0,0,8,119,89,1.34,0.394,88.4,15.9,7.11,1.26,5.64,0.366,0.459,0.825
2024,65048,김민수,KT,KT,12,5.2,75,5,3,0,12,0.625,81 1/3,84,8,33,1,75,56,47,1.44,0,0,0,2,358,1350,0.264,13,5,3,3,2,3,0,0,0,5,6,13,0,7,93,69,1.35,0.319,18.0,16.6,8.3,3.65,2.27,0.332,0.412,0.744
2024,69041,손동현,KT,KT,13,5.32,42,1,2,1,4,0.333,47 1/3,50,5,20,1,27,31,28,1.48,0,0,0,4,214,767,0.267,6,1,3,3,2,3,0,0,0,1,10,8,0,2,38,75,0.51,0.285,18.3,16.2,5.13,3.8,1.35,0.336,0.39,0.726
2024,69054,이상동,KT,KT,14,5.34,29,0,1,0,3,0.0,32,42,3,14,3,30,20,19,1.75,0,0,0,0,152,568,0.328,9,0,1,6,1,4,1,0,0,0,8,4,0,2,23,39,0.59,0.386,19.6,17.8,8.44,3.94,2.14,0.391,0.469,0.86
2024,69068,이선우,KT,KT,15,5.4,6,0,0,0,0,,10,10,0,4,2,4,6,6,1.4,0,0,0,0,45,183,0.263,0,0,0,1,0,0,0,1,0,0,3,0,0,0,15,10,1.5,0.286,30.5,18.3,3.6,3.6,1.0,0.356,0.263,0.619
2024,54064,육청명,KT,KT,16,5.44,13,1,5,0,0,0.167,44 2/3,52,6,20,6,20,31,27,1.61,0,0,0,0,208,766,0.297,13,1,2,5,2,3,0,10,1,0,1,0,0,3,44,64,0.69,0.299,58.9,17.1,4.03,4.03,1.0,0.379,0.486,0.865
2024,64768,조이현,KT,KT,17,6.3,16,1,2,0,0,0.333,40,53,9,10,1,19,29,28,1.58,0,0,0,0,184,636,0.314,11,1,2,2,1,1,0,9,1,0,2,1,0,1,36,63,0.57,0.308,39.8,15.9,4.28,2.25,1.9,0.352,0.55,0.902
2024,65060,주권,KT,KT,18,6.67,48,1,1,0,0,0.5,58,78,7,11,3,31,48,43,1.53,0,0,0,2,254,919,0.342,14,2,6,6,0,0,0,1,0,1,13,2,0,6,71,54,1.31,0.362,19.1,15.8,4.81,1.71,2.82,0.371,0.513,0.884
2024,54063,원상현,KT,KT,19,7.03,22,2,5,0,1,0.286,65 1/3,105,6,31,2,59,54,51,2.08,0,0,1,0,324,1248,0.37,18,2,1,6,0,7,1,10,2,0,3,1,0,9,76,50,1.52,0.44,56.7,19.1,8.13,4.27,1.9,0.427,0.511,0.938
2024,50109,성재헌,KT,KT,20,7.31,30,0,0,0,1,,32,46,1,16,5,20,29,26,1.94,0,0,0,0,159,564,0.351,13,2,3,4,2,2,1,1,0,0,3,1,0,4,38,31,1.23,0.395,18.8,17.6,5.63,4.5,1.25,0.429,0.504,0.933
2024,78517,하준호,KT,KT,21,9.0,2,0,0,0,0,,2,5,0,1,0,0,2,2,3.0,0,0,0,0,11,40,0.5,0,0,0,0,0,0,0,0,0,0,1,0,0,1,3,2,1.5,0.5,20.0,20.0,0.0,4.5,0.0,0.545,0.5,1.045
2024,68896,이채호,KT,KT,22,9.45,9,0,0,0,0,,6 2/3,13,2,3,1,5,7,7,2.4,0,0,0,0,37,151,0.406,0,1,0,1,0,1,0,0,0,0,1,0,0,0,6,9,0.67,0.423,16.8,22.7,6.75,4.05,1.67,0.459,0.656,1.115
2024,51058,한차현,KT,KT,23,9.95,10,0,4,0,0,0.0,19,29,4,18,0,17,22,21,2.47,0,0,0,0,103,429,0.345,4,1,0,1,0,2,0,5,0,0,2,0,0,1,17,22,0.77,0.391,42.9,22.6,8.05,8.53,0.94,0.456,0.56,1.016
2024,69047,전용주,KT,KT,24,10.8,4,0,0,0,0,,1 2/3,2,0,3,1,4,3,2,3.0,0,0,0,0,11,50,0.286,0,0,0,0,0,0,0,0,0,0,0,0,0,0,1,0,,0.667,12.5,30.0,21.6,16.2,1.33,0.545,0.286,0.831
2024,53006,강건,KT,KT,25,11.25,4,0,1,0,0,0.0,4,8,1,4,1,3,5,5,3.0,0,0,0,0,24,99,0.421,0,1,0,0,0,0,0,1,0,0,2,0,0,1,5,3,1.67,0.467,24.8,24.8,6.75,9.0,0.75,0.542,0.684,1.226
2024,67419,문용익,KT,KT,26,12.18,12,0,0,0,0,,17,23,2,22,2,17,27,23,2.65,0,0,0,0,99,377,0.315,4,0,1,1,0,2,0,0,0,0,4,0,0,1,17,17,1.0,0.382,31.4,22.2,9.0,11.65,0.77,0.48,0.452,0.932
2024,52528,반즈,롯데,LT,1,3.35,25,9,6,0,0,0.6,150 2/3,140,18,46,5,171,59,56,1.23,0,0,17,0,624,2396,0.248,17,4,5,4,0,6,0,25,9,0,0,0,0,18,154,103,1.5,0.322,95.8,15.9,10.21,2.75,3.72,0.309,0.388,0.697
2024,65522,김강현,롯데,LT,2,3.55,26,0,0,0,0,,25 1/3,28,2,18,2,24,13,10,1.82,0,0,0,1,123,497,0.275,4,0,1,0,1,3,0,0,0,0,10,2,0,2,28,22,1.27,0.342,19.1,19.6,8.53,6.39,1.33,0.393,0.373,0.766
2024,62528,김원중,롯데,LT,2,3.55,56,3,6,25,0,0.333,63 1/3,59,4,31,1,68,27,25,1.42,0,0,0,6,277,1136,0.25,8,0,3,6,7,5,0,0,0,3,42,31,1,4,59,56,1.05,0.324,20.3,17.9,9.66,4.41,2.19,0.332,0.335,0.667
2024,53546,윌커슨,롯데,LT,4,3.84,32,12,8,0,0,0.6,196 2/3,210,18,27,2,167,90,84,1.21,1,1,18,0,816,3124,0.27,37,3,3,5,0,3,0,32,12,0,1,0,0,11,175,232,0.75,0.321,97.6,15.9,7.64,1.24,6.19,0.294,0.394,0.688
2024,76430,김태혁,롯데,LT,5,4.15,74,8,4,2,17,0.667,73 2/3,71,5,26,5,56,40,34,1.32,0,0,0,3,322,1186,0.255,11,1,8,5,2,6,1,0,0,8,10,20,0,7,86,70,1.23,0.297,16.0,16.1,6.84,3.18,2.15,0.325,0.356,0.681
2024,63512,박진형,롯데,LT,6,4.26,7,0,0,0,0,,6 1/3,6,0,1,1,4,3,3,1.11,0,0,0,0,24,95,0.286,1,0,1,0,0,1,0,0,0,0,0,1,0,2,6,5,1.2,0.353,13.6,15.0,5.68,1.42,4.0,0.348,0.333,0.681
2024,51546,정우준,롯데,LT,7,4.32,8,0,0,0,0,,8 1/3,10,2,7,0,5,4,4,2.04,0,0,0,0,40,145,0.303,2,0,0,0,0,0,0,0,0,0,5,0,0,1,8,10,0.8,0.308,18.1,17.4,5.4,7.56,0.71,0.425,0.545,0.97
2024,69594,박진,롯데,LT,8,4.38,38,2,4,1,0,0.333,49 1/3,60,4,11,2,35,28,24,1.44,0,0,1,0,214,802,0.311,9,1,3,5,0,4,0,3,1,1,11,1,0,4,37,66,0.56,0.352,21.1,16.3,6.39,2.01,3.18,0.346,0.43,0.776
2024,54537,정현수,롯데,LT,9,4.56,18,1,1,0,1,0.5,23 2/3,20,0,12,2,25,12,12,1.35,0,0,0,1,104,425,0.235,7,0,4,1,0,0,0,4,1,0,0,2,0,1,19,22,0.86,0.328,23.6,18.0,9.51,4.56,2.08,0.34,0.318,0.658
2024,64021,박세웅,롯데,LT,10,4.78,30,6,11,0,0,0.353,173 1/3,188,13,56,11,124,103,92,1.41,0,0,14,0,759,2926,0.275,33,0,3,5,0,10,0,30,6,0,0,0,0,18,205,172,1.19,0.317,97.5,16.9,6.44,2.91,2.21,0.337,0.38,0.717
2024,63543,구승민,롯데,LT,11,4.84,66,5,3,0,13,0.625,57 2/3,68,6,35,6,62,37,31,1.79,0,0,0,2,279,1138,0.293,10,0,3,3,1,7,0,0,0,5,7,17,0,4,52,53,0.98,0.371,17.2,19.7,9.68,5.46,1.77,0.395,0.414,0.809
2024,62363,한현희,롯데,LT,12,5.19,57,5,3,0,8,0.625,76 1/3,92,7,24,10,70,45,44,1.52,0,0,1,1,342,1321,0.305,18,1,2,4,1,4,0,5,2,3,5,9,0,13,77,67,1.15,0.371,23.2,17.3,8.25,2.83,2.92,0.371,0.44,0.811
2024,51516,김진욱,롯데,LT,13,5.31,19,4,3,0,0,0.571,84 2/3,89,13,44,3,87,54,50,1.57,0,0,3,0,388,1630,0.264,21,3,3,1,0,5,0,18,4,0,0,0,0,7,76,86,0.88,0.319,85.8,19.3,9.25,4.68,1.98,0.353,0.46,0.813
2024,50556,최준용,롯데,LT,14,5.4,27,1,2,0,3,0.333,21 2/3,28,2,14,1,12,13,13,1.94,0,0,0,4,105,431,0.322,2,1,2,1,1,1,0,0,0,1,4,7,0,3,19,29,0.66,0.351,16.0,19.9,4.98,5.82,0.86,0.417,0.437,0.854
2024,54561,전미르,롯데,LT,15,5.88,36,1,5,1,5,0.167,33 2/3,33,4,21,1,34,28,22,1.6,0,0,0,5,155,619,0.256,10,0,3,1,2,3,0,0,0,1,6,11,0,4,35,28,1.25,0.315,17.2,18.4,9.09,5.61,1.62,0.362,0.426,0.788
2024,76650,진해수,롯데,LT,16,6.18,54,2,1,0,5,0.667,27 2/3,36,5,10,3,22,21,19,1.66,0,0,0,2,128,471,0.316,3,0,0,1,1,2,0,0,0,2,3,14,0,3,35,22,1.59,0.352,8.7,17.0,7.16,3.25,2.2,0.383,0.474,0.857
2024,52530,이민석,롯데,LT,17,7.26,18,0,2,0,1,0.0,31,38,3,25,2,20,27,25,2.03,0,0,0,0,153,627,0.302,5,3,0,0,0,1,0,5,0,0,5,1,0,3,37,31,1.19,0.34,34.8,20.2,5.81,7.26,0.8,0.425,0.46,0.885
2024,68036,최이준,롯데,LT,18,7.3,23,3,0,0,0,1.0,24 2/3,40,3,16,1,17,22,20,2.27,0,0,0,0,126,479,0.385,6,1,2,3,1,1,0,0,0,3,11,0,0,2,20,30,0.67,0.425,20.8,19.4,6.2,5.84,1.06,0.46,0.548,1.008
2024,62611,임준섭,롯데,LT,19,7.94,24,0,0,0,2,,11 1/3,12,0,11,3,3,11,10,2.03,0,0,0,0,56,233,0.286,2,1,0,0,0,0,0,0,0,0,2,2,0,0,16,11,1.45,0.308,9.7,20.6,2.38,8.74,0.27,0.464,0.381,0.845
2024,67539,나균안,롯데,LT,20,8.51,26,4,7,0,0,0.364,73,114,15,47,5,74,73,69,2.21,0,0,2,0,380,1491,0.353,19,0,3,2,0,10,0,14,2,2,4,1,0,4,62,75,0.83,0.419,57.3,20.4,9.12,5.79,1.57,0.44,0.551,0.991
2024,52558,진승현,롯데,LT,21,8.53,7,0,1,0,0,0.0,6 1/3,7,0,5,0,5,6,6,1.89,0,0,0,0,32,109,0.259,3,0,0,0,0,0,0,0,0,0,3,2,0,1,7,8,0.88,0.318,15.6,17.2,7.11,7.11,1.0,0.375,0.37,0.745
2024,68585,김도규,롯데,LT,22,9.0,5,0,1,0,0,0.0,4,5,0,6,2,5,4,4,2.75,0,0,0,0,25,92,0.333,1,0,0,2,1,0,1,0,0,0,3,0,0,0,1,6,0.17,0.417,18.4,23.0,11.25,13.5,0.83,0.52,0.4,0.92
2024,54503,박준우,롯데,LT,22,9.0,2,0,0,0,0,,2,3,0,1,0,1,2,2,2.0,0,0,0,0,10,32,0.333,1,0,0,0,0,0,0,0,0,0,2,0,0,0,4,1,4.0,0.375,16.0,16.0,4.5,4.5,1.0,0.4,0.444,0.844
2024,68260,현도훈,롯데,LT,22,9.0,8,0,1,0,0,0.0,10,15,2,6,0,8,11,10,2.1,0,0,0,1,50,193,0.341,3,1,0,0,0,1,0,0,0,0,5,1,0,2,14,7,2.0,0.382,24.1,19.3,7.2,5.4,1.33,0.42,0.591,1.011
2024,64565,이인복,롯데,LT,25,9.55,8,0,3,0,0,0.0,33,49,10,13,3,20,35,35,1.88,0,0,1,0,159,580,0.358,14,0,1,5,0,4,0,6,0,0,1,0,0,3,41,32,1.28,0.348,72.5,17.6,5.45,3.55,1.54,0.411,0.679,1.09
2024,51594,송재영,롯데,LT,26,10.8,19,0,1,1,3,0.0,8 1/3,9,2,5,1,9,10,10,1.68,0,0,0,1,40,162,0.29,3,0,2,1,0,1,1,0,0,0,4,5,1,1,5,9,0.56,0.333,8.5,19.4,9.72,5.4,1.8,0.395,0.581,0.976
2024,50596,홍민기,롯데,LT,27,12.27,3,0,0,0,0,,3 2/3,8,0,1,2,2,7,5,2.45,0,0,0,0,24,99,0.381,3,0,0,0,0,3,0,1,0,0,0,0,0,0,5,6,0.83,0.421,33.0,27.0,4.91,2.45,2.0,0.458,0.524,0.982
2024,67588,윤성빈,롯데,LT,28,45.0,1,0,1,0,0,0.0,1,4,1,2,0,1,5,5,6.0,0,0,0,0,9,35,0.571,1,0,0,0,0,0,0,1,0,0,0,0,0,0,0,2,0.0,0.6,35.0,35.0,9.0,18.0,0.5,0.667,1.143,1.81
2024,67609,박정우,KIA,HT,1,0.0,1,0,0,0,0,,1,0,0,0,0,2,0,0,0.0,0,0,0,0,3,13,0.0,0,0,0,0,0,0,0,0,0,0,1,0,0,0,1,0,,0.0,13.0,13.0,18.0,0.0,,0.0,0.0,0.0
2024,50641,장재혁,KIA,HT,1,0.0,1,0,0,0,0,,1 1/3,2,0,1,0,0,0,0,2.25,0,0,0,0,7,27,0.333,0,0,0,0,0,0,0,0,0,0,0,0,0,0,2,2,1.0,0.333,27.0,20.3,0.0,6.75,0.0,0.429,0.333,0.762
2024,50662,정해영,KIA,HT,3,2.49,53,2,3,31,1,0.4,50 2/3,47,8,16,1,50,14,14,1.24,0,0,0,3,210,840,0.244,5,1,0,0,2,0,0,0,0,2,44,34,1,5,44,52,0.85,0.289,15.8,16.6,8.88,2.84,3.13,0.305,0.404,0.709
2024,54640,네일,KIA,HT,4,2.53,26,12,5,0,0,0.706,149 1/3,154,11,35,9,138,69,42,1.27,0,0,13,0,642,2398,0.259,27,1,3,1,0,3,1,26,12,0,0,0,0,16,188,115,1.63,0.321,92.2,16.1,8.32,2.11,3.94,0.31,0.364,0.674
2024,53609,곽도규,KIA,HT,5,3.56,71,4,2,2,16,0.667,55 2/3,43,4,34,4,64,24,22,1.38,0,0,0,4,248,1068,0.207,7,0,2,0,1,7,0,0,0,4,3,19,0,3,62,39,1.59,0.279,15.0,19.2,10.35,5.5,1.88,0.329,0.298,0.627
2024,54612,크로우,KIA,HT,6,3.57,8,5,1,0,0,0.833,40 1/3,41,2,12,1,43,19,16,1.31,0,0,1,0,172,710,0.259,7,0,0,1,1,0,0,8,5,0,0,0,0,3,48,27,1.78,0.342,88.8,17.6,9.6,2.68,3.58,0.314,0.342,0.656
2024,65665,이준영,KIA,HT,7,3.86,56,4,0,0,9,1.0,35,37,5,17,2,33,21,15,1.54,0,0,0,1,160,622,0.268,8,0,3,0,3,0,0,0,0,4,5,8,0,2,41,27,1.52,0.32,11.1,17.8,8.49,4.37,1.94,0.357,0.435,0.792
2024,63950,장현식,KIA,HT,8,3.94,75,5,4,0,16,0.556,75 1/3,75,8,34,2,75,41,33,1.45,0,0,0,1,331,1289,0.26,16,0,4,3,2,4,0,0,0,5,6,17,0,7,80,61,1.31,0.322,17.2,17.1,8.96,4.06,2.21,0.339,0.399,0.738
2024,66492,김승현,KIA,HT,9,4.0,15,1,0,0,0,1.0,18,23,3,7,0,11,12,8,1.67,0,0,0,0,85,289,0.295,5,1,0,0,0,0,0,0,0,1,5,2,0,1,25,19,1.32,0.313,19.3,16.1,5.5,3.5,1.57,0.353,0.5,0.853
2024,66609,전상현,KIA,HT,10,4.09,66,10,5,7,19,0.667,66,55,5,20,5,54,32,30,1.14,0,0,0,7,272,1088,0.224,7,2,1,1,1,2,0,0,0,10,16,37,1,4,51,86,0.59,0.267,16.5,16.5,7.36,2.73,2.7,0.295,0.331,0.626
2024,77637,양현종,KIA,HT,11,4.1,29,11,5,0,0,0.688,171 1/3,174,21,41,6,129,86,78,1.25,3,0,15,0,727,2620,0.257,37,6,2,1,0,2,0,29,11,0,2,0,0,14,174,201,0.87,0.29,90.3,15.3,6.78,2.15,3.15,0.305,0.422,0.727
2024,53613,윤영철,KIA,HT,12,4.19,18,7,4,0,0,0.636,81 2/3,82,8,43,1,58,44,38,1.53,0,0,3,0,362,1444,0.263,14,1,5,1,0,1,0,18,7,0,0,0,0,13,93,80,1.16,0.3,80.2,17.7,6.39,4.74,1.35,0.353,0.391,0.744
2024,52641,황동하,KIA,HT,13,4.44,25,5,7,0,0,0.417,103 1/3,109,13,44,8,81,64,51,1.48,0,0,2,0,464,1814,0.268,18,0,3,2,0,5,0,21,4,1,4,0,0,7,99,120,0.83,0.305,72.6,17.6,7.05,3.83,1.84,0.349,0.408,0.757
2024,54664,알드레드,KIA,HT,14,4.53,9,3,2,0,0,0.6,43 2/3,38,4,17,2,52,24,22,1.26,1,1,3,0,184,748,0.235,4,0,2,1,0,1,0,9,3,0,1,0,0,4,41,32,1.28,0.318,83.1,17.1,10.72,3.5,3.06,0.313,0.333,0.646
2024,63894,김사윤,KIA,HT,15,4.62,23,0,1,1,0,0.0,37,40,2,25,5,36,29,19,1.76,0,0,0,0,173,727,0.288,6,2,1,3,0,4,0,2,0,0,10,2,0,6,35,31,1.13,0.365,31.6,19.6,8.76,6.08,1.44,0.407,0.403,0.81
2024,69745,김도현,KIA,HT,16,4.92,35,4,6,0,3,0.4,75,87,9,31,9,59,45,41,1.57,0,0,1,0,345,1330,0.291,11,1,4,2,0,4,0,10,3,1,6,2,0,7,81,74,1.09,0.335,38.0,17.7,7.08,3.72,1.9,0.372,0.425,0.797
2024,54666,라우어,KIA,HT,17,4.93,7,2,2,0,0,0.5,34 2/3,35,3,12,3,37,19,19,1.36,0,0,2,0,150,608,0.259,7,1,0,0,0,0,0,7,2,0,0,0,0,2,25,38,0.66,0.337,86.9,17.5,9.61,3.12,3.08,0.333,0.393,0.726
2024,69620,김기훈,KIA,HT,18,5.03,17,1,0,0,0,1.0,19 2/3,16,1,15,3,17,13,11,1.58,0,0,0,0,95,386,0.208,4,1,0,0,0,1,1,0,0,1,4,0,0,1,18,26,0.69,0.254,22.7,19.6,7.78,6.86,1.13,0.358,0.325,0.683
2024,54615,스타우트,KIA,HT,19,5.06,4,1,1,0,0,0.5,16,17,2,5,3,20,10,9,1.38,0,0,0,0,73,327,0.262,3,1,0,0,0,1,0,4,1,0,0,0,0,1,10,18,0.56,0.349,81.8,20.4,11.25,2.81,4.0,0.342,0.431,0.773
2024,52639,최지민,KIA,HT,20,5.09,56,3,3,3,12,0.5,46,44,2,40,4,37,28,26,1.83,0,0,0,4,225,915,0.25,10,1,1,4,0,6,0,0,0,3,4,20,0,3,45,54,0.83,0.298,16.3,19.9,7.24,7.83,0.93,0.393,0.352,0.745
2024,67640,유승철,KIA,HT,21,5.4,5,0,0,0,0,,5,3,0,7,0,4,3,3,2.0,0,0,0,0,23,102,0.188,1,0,0,0,0,2,0,0,0,0,1,0,0,1,1,8,0.13,0.25,20.4,20.4,7.2,12.6,0.57,0.435,0.25,0.685
2024,51648,이의리,KIA,HT,21,5.4,4,1,0,0,0,1.0,13 1/3,17,3,14,0,14,10,8,2.33,0,0,0,0,69,288,0.309,3,0,0,0,0,0,0,4,1,0,0,0,0,1,14,10,1.4,0.368,72.0,21.6,9.45,9.45,1.0,0.449,0.527,0.976
2024,63638,박준표,KIA,HT,23,6.0,8,0,0,0,1,,6,10,0,3,1,4,4,4,2.17,0,0,0,0,29,88,0.4,2,0,0,0,0,0,0,0,0,0,2,0,0,2,8,3,2.67,0.476,11.0,14.7,6.0,4.5,1.33,0.483,0.48,0.963
2024,62754,임기영,KIA,HT,24,6.31,37,6,2,0,2,0.75,45 2/3,61,8,17,1,36,35,32,1.71,0,0,0,0,218,866,0.313,12,0,2,3,1,1,1,3,1,5,3,3,0,3,40,61,0.66,0.344,23.4,19.0,7.09,3.35,2.12,0.366,0.497,0.863
2024,50604,유지성,KIA,HT,25,7.71,3,0,0,0,0,,2 1/3,5,1,0,1,3,4,2,2.14,0,0,0,0,14,51,0.385,0,0,0,0,0,0,0,0,0,0,2,0,0,0,2,3,0.67,0.444,17.0,21.9,11.57,0.0,,0.429,0.615,1.044
2024,62951,이형범,KIA,HT,26,7.8,16,0,1,0,2,0.0,15,26,2,7,5,9,17,13,2.2,0,0,0,0,83,296,0.371,4,0,0,1,1,0,0,0,0,0,5,0,0,2,25,11,2.27,0.4,18.5,19.7,5.4,4.2,1.29,0.458,0.514,0.972
2024,76225,김건국,KIA,HT,27,7.86,20,0,1,0,0,0.0,34 1/3,48,5,14,2,20,33,30,1.81,0,0,0,0,165,594,0.327,8,0,0,2,0,3,0,3,0,0,3,0,0,5,37,44,0.84,0.347,29.7,17.3,5.24,3.67,1.43,0.388,0.483,0.871
2024,60337,김대유,KIA,HT,28,8.28,37,0,0,0,8,,25,35,4,12,2,26,23,23,1.88,0,0,0,0,122,465,0.34,5,0,0,5,0,1,0,0,0,0,5,5,0,0,23,24,0.96,0.397,12.6,18.6,9.36,4.32,2.17,0.402,0.505,0.907
2024,54645,김민주,KIA,HT,29,9.0,2,0,0,0,0,,1,3,0,1,0,2,2,1,4.0,0,0,0,0,8,30,0.429,1,0,0,0,0,1,0,0,0,0,0,0,0,0,2,0,,0.6,15.0,30.0,18.0,9.0,2.0,0.5,0.571,1.071
2024,68619,윤중현,KIA,HT,30,13.94,11,0,0,0,0,,10 1/3,22,4,9,3,4,17,16,3.0,0,0,0,0,62,239,0.458,2,1,0,2,1,0,0,0,0,0,4,0,0,2,13,11,1.18,0.429,21.7,23.1,3.48,7.84,0.44,0.548,0.792,1.34
2024,54608,김민재,KIA,HT,31,15.75,4,0,0,0,0,,4,9,3,1,1,3,7,7,2.5,0,0,0,0,22,85,0.45,0,0,0,0,0,0,0,0,0,0,4,0,0,1,3,5,0.6,0.429,21.3,21.3,6.75,2.25,3.0,0.5,0.9,1.4
2024,69516,김현수,KIA,HT,32,18.0,5,0,0,0,0,,5,7,0,5,1,4,10,10,2.4,0,0,0,0,28,105,0.333,4,0,0,1,0,2,0,0,0,0,4,0,0,0,3,8,0.38,0.389,21.0,21.0,7.2,9.0,0.8,0.464,0.524,0.988
2024,54213,박지호,두산,OB,1,0.0,1,0,0,0,1,,2/3,0,0,1,0,2,0,0,1.5,0,0,0,0,3,16,0.0,0,0,0,0,0,1,0,0,0,0,0,1,0,0,0,0,,0.0,16.0,24.0,27.0,13.5,2.0,0.333,0.0,0.333
2024,54263,김택연,두산,OB,2,2.08,60,3,2,19,4,0.6,65,51,2,31,4,78,17,15,1.26,0,0,0,5,277,1238,0.216,11,0,6,0,1,3,0,0,0,3,32,31,7,3,37,70,0.53,0.314,20.6,19.0,10.8,4.29,2.52,0.317,0.288,0.605
2024,68249,박신지,두산,OB,2,2.08,6,0,1,0,0,0.0,8 2/3,8,0,8,1,3,3,2,1.85,0,0,0,0,41,161,0.258,2,0,1,0,0,0,0,1,0,0,1,0,0,3,8,12,0.67,0.286,26.8,18.6,3.12,8.31,0.38,0.425,0.323,0.748
2024,61643,홍건희,두산,OB,4,2.73,65,4,3,9,11,0.571,59 1/3,55,5,33,5,45,22,18,1.48,0,0,0,6,264,1034,0.253,6,1,6,3,4,5,0,0,0,4,18,29,2,4,52,68,0.76,0.294,15.9,17.4,6.83,5.01,1.36,0.36,0.359,0.719
2024,52204,이병헌,두산,OB,5,2.89,77,6,1,1,22,0.857,65 1/3,61,3,34,3,57,25,21,1.45,0,0,0,1,285,1173,0.256,7,1,4,6,1,2,1,0,0,6,6,19,0,4,63,63,1.0,0.315,15.2,18.0,7.85,4.68,1.68,0.349,0.332,0.681
2024,77263,김강률,두산,OB,6,3.0,53,2,2,1,12,0.5,42,41,1,21,2,33,16,14,1.48,0,0,0,0,187,769,0.255,7,0,2,1,0,1,0,0,0,2,3,13,0,2,46,42,1.1,0.313,14.5,18.3,7.07,4.5,1.57,0.346,0.317,0.663
2024,52257,브랜든,두산,OB,7,3.12,14,7,4,0,0,0.636,75,75,3,11,4,75,34,26,1.15,0,0,10,0,315,1274,0.257,11,2,4,4,0,2,0,14,7,0,0,0,0,6,86,60,1.43,0.33,91.0,17.0,9.0,1.32,6.82,0.289,0.339,0.628
2024,52206,최지강,두산,OB,8,3.24,55,3,1,1,15,0.75,50,48,6,24,6,45,19,18,1.44,0,0,0,2,222,878,0.253,7,2,1,1,2,3,0,0,0,3,4,20,0,2,64,34,1.88,0.3,16.0,17.6,8.1,4.32,1.88,0.353,0.405,0.758
2024,50206,최종인,두산,OB,9,3.72,11,1,0,1,2,1.0,9 2/3,8,2,5,0,8,4,4,1.34,0,0,0,0,42,167,0.222,0,0,0,1,0,0,0,0,0,1,4,2,0,0,10,11,0.91,0.222,15.2,17.3,7.45,4.66,1.6,0.31,0.389,0.699
2024,51294,김도윤,두산,OB,10,3.86,2,0,0,0,0,,2 1/3,2,0,2,1,1,2,1,1.71,0,0,0,0,12,44,0.222,1,0,0,0,0,0,0,0,0,0,2,0,0,0,2,4,0.5,0.25,22.0,18.9,3.86,7.71,0.5,0.417,0.333,0.75
2024,66291,이영하,두산,OB,11,3.99,59,5,4,2,5,0.556,65 1/3,62,4,36,2,59,34,29,1.5,0,0,0,1,298,1188,0.243,9,3,3,2,1,7,0,1,0,5,8,9,0,5,82,54,1.52,0.299,20.1,18.2,8.13,4.96,1.64,0.339,0.349,0.688
2024,68220,곽빈,두산,OB,12,4.24,30,15,9,0,0,0.625,167 2/3,142,11,76,6,154,83,79,1.3,0,0,17,0,716,2892,0.229,29,1,6,7,0,11,1,30,15,0,0,0,0,10,140,192,0.73,0.283,96.4,17.2,8.27,4.08,2.03,0.315,0.332,0.647
2024,54243,발라조빅,두산,OB,13,4.26,12,2,6,0,1,0.25,57,54,3,28,2,69,29,27,1.44,0,0,2,0,250,1067,0.248,13,1,1,1,0,2,0,11,2,0,0,0,0,5,53,43,1.23,0.347,88.9,18.7,10.89,4.42,2.46,0.337,0.358,0.695
2024,68200,김민규,두산,OB,14,4.32,13,0,1,0,0,0.0,25,23,4,19,4,19,14,12,1.68,0,0,0,0,117,452,0.247,7,2,1,0,0,3,0,4,0,0,4,0,0,3,17,34,0.5,0.271,34.8,18.1,6.84,6.84,1.0,0.397,0.495,0.892
2024,69045,알칸타라,두산,OB,15,4.76,12,2,2,0,0,0.5,64 1/3,58,10,22,2,34,35,34,1.24,0,0,5,0,270,1043,0.238,8,3,2,0,0,0,0,12,2,0,0,0,0,8,78,74,1.05,0.24,86.9,16.2,4.76,3.08,1.55,0.306,0.418,0.724
2024,53259,최준호,두산,OB,16,5.1,17,3,6,0,0,0.333,72 1/3,69,11,30,4,58,44,41,1.37,0,0,3,0,314,1227,0.246,8,2,0,0,0,6,0,15,3,0,0,1,0,5,60,93,0.65,0.275,72.2,17.0,7.22,3.73,1.93,0.328,0.407,0.735
2024,65639,박정수,두산,OB,17,5.16,29,1,2,0,4,0.333,29 2/3,38,2,12,2,22,18,17,1.69,0,0,0,0,137,519,0.309,4,1,0,0,0,2,0,1,0,1,7,3,0,1,27,36,0.75,0.364,17.9,17.5,6.67,3.64,1.83,0.38,0.407,0.787
2024,54843,시라카와,두산,OB,18,5.65,12,4,5,0,0,0.444,57 1/3,59,6,33,3,46,41,36,1.6,0,0,2,0,264,1053,0.263,6,1,2,2,0,5,0,12,4,0,0,0,0,5,73,48,1.52,0.305,87.8,18.4,7.22,5.18,1.39,0.363,0.379,0.742
2024,51264,최승용,두산,OB,19,6.0,12,2,0,0,1,1.0,27,37,6,7,0,21,19,18,1.63,0,0,1,0,124,457,0.319,5,2,1,0,0,0,0,6,2,0,1,2,0,2,26,32,0.81,0.348,38.1,16.9,7.0,2.33,3.0,0.358,0.552,0.91
2024,67266,박치국,두산,OB,20,6.38,52,2,3,1,3,0.4,48,59,8,18,10,35,34,34,1.6,0,0,0,3,222,803,0.316,6,0,3,4,1,1,1,0,0,2,15,11,1,5,46,51,0.9,0.345,15.4,16.7,6.56,3.38,1.94,0.397,0.476,0.873
2024,68242,정철원,두산,OB,21,6.4,36,2,1,6,1,0.667,32 1/3,39,5,26,5,39,24,23,2.01,0,0,0,1,165,634,0.295,7,2,1,1,0,0,0,0,0,2,14,10,0,2,22,33,0.67,0.382,17.6,19.6,10.86,7.24,1.5,0.427,0.492,0.919
2024,53262,김유성,두산,OB,22,6.43,17,1,2,0,0,0.333,28,28,1,24,4,29,23,20,1.86,0,0,0,0,139,622,0.252,10,0,0,0,0,2,0,7,1,0,1,0,0,2,20,34,0.59,0.333,36.6,22.2,9.32,7.71,1.21,0.403,0.369,0.772
2024,67263,최원준,두산,OB,23,6.46,24,6,7,0,0,0.462,110,125,21,34,10,72,79,79,1.45,0,0,3,0,490,1929,0.283,24,2,2,2,1,1,0,24,6,0,0,0,0,6,91,156,0.58,0.296,80.4,17.5,5.89,2.78,2.12,0.346,0.489,0.835
2024,51230,김동주,두산,OB,24,6.84,14,1,3,0,0,0.25,50,67,6,21,4,35,46,38,1.76,1,0,0,0,244,914,0.315,12,3,1,5,0,7,1,9,1,0,3,0,0,4,64,52,1.23,0.345,65.3,18.3,6.3,3.78,1.67,0.379,0.484,0.863
2024,69205,이교훈,두산,OB,25,7.39,33,1,1,0,1,0.5,35 1/3,43,7,17,2,27,32,29,1.7,0,0,0,0,166,653,0.297,11,1,2,0,0,0,0,0,0,1,7,3,0,5,41,34,1.21,0.324,19.8,18.5,6.88,4.33,1.59,0.378,0.531,0.909
2024,68269,김호준,두산,OB,26,8.78,16,1,2,0,0,0.333,13 1/3,22,1,4,5,6,14,13,1.95,0,0,0,0,68,237,0.393,6,1,3,0,0,0,0,1,0,1,6,1,0,3,12,16,0.75,0.429,14.8,17.8,4.05,2.7,1.5,0.477,0.589,1.066
2024,67246,김명신,두산,OB,27,9.37,35,2,1,0,4,0.667,32 2/3,63,8,8,2,25,34,34,2.17,0,0,0,1,168,650,0.409,7,0,2,2,0,1,0,0,0,2,5,6,0,2,26,42,0.62,0.447,18.6,19.9,6.89,2.2,3.13,0.44,0.61,1.05
2024,50203,권휘,두산,OB,28,11.0,8,0,0,0,0,,9,15,0,7,0,11,11,11,2.44,0,0,0,0,49,205,0.366,3,0,1,0,0,1,0,0,0,0,3,0,0,0,4,11,0.36,0.5,25.6,22.8,11.0,7.0,1.57,0.458,0.439,0.897
2024,63292,박소준,두산,OB,29,11.25,1,0,1,0,0,0.0,4,6,2,2,0,2,5,5,2.0,0,0,0,0,20,71,0.333,0,0,0,0,0,1,0,1,0,0,0,0,0,0,4,6,0.67,0.286,71.0,17.8,4.5,4.5,1.0,0.4,0.667,1.067
2024,68830,김정우,두산,OB,30,81.0,1,0,0,0,0,,1/3,3,0,0,0,0,3,3,9.0,0,0,0,0,4,11,1.0,2,0,1,0,0,0,0,0,0,0,0,0,0,0,0,0,,1.0,11.0,33.0,0.0,0.0,,1.0,1.667,2.667
2024,63342,조상우,키움,WO,1,3.18,44,0,1,6,9,0.0,39 2/3,40,2,20,0,36,17,14,1.51,0,0,0,2,171,652,0.272,6,0,2,2,1,1,0,0,0,0,7,14,0,6,26,47,0.55,0.342,14.8,16.4,8.17,4.54,1.8,0.355,0.354,0.709
2024,53375,후라도,키움,WO,2,3.36,30,10,8,0,0,0.556,190 1/3,185,19,32,9,169,78,71,1.14,0,0,23,0,779,2894,0.254,27,4,7,4,0,3,1,30,10,0,0,0,0,21,211,166,1.27,0.306,96.5,15.2,7.99,1.51,5.28,0.293,0.381,0.674
2024,67391,김재웅,키움,WO,3,3.42,26,0,2,0,7,0.0,23 2/3,24,2,12,1,19,9,9,1.52,0,0,0,1,107,406,0.261,3,1,1,1,1,1,0,0,0,0,1,8,0,4,27,23,1.17,0.306,15.6,17.2,7.23,4.56,1.58,0.349,0.38,0.729
2024,54354,헤이수스,키움,WO,4,3.68,30,13,11,0,0,0.542,171 1/3,171,22,44,14,178,78,70,1.25,0,0,20,0,728,2832,0.258,31,2,3,3,1,6,1,30,13,0,0,0,0,12,149,169,0.88,0.319,94.4,16.5,9.35,2.31,4.05,0.316,0.41,0.726
2024,67828,김성민,키움,WO,5,4.34,46,3,4,0,14,0.429,45 2/3,45,5,17,1,34,24,22,1.36,0,0,0,4,188,722,0.273,4,0,2,3,0,3,1,0,0,3,4,19,0,8,53,36,1.47,0.31,15.7,15.8,6.7,3.35,2.0,0.339,0.388,0.727
2024,52330,주승우,키움,WO,6,4.35,55,4,6,14,5,0.4,51 2/3,50,4,18,5,43,25,25,1.32,0,0,0,4,225,781,0.255,14,1,4,2,5,1,0,0,0,4,35,24,1,4,52,53,0.98,0.305,14.2,15.1,7.49,3.14,2.39,0.33,0.398,0.728
2024,64350,하영민,키움,WO,7,4.37,28,9,8,0,0,0.529,150 1/3,168,8,58,5,101,82,73,1.5,0,0,9,0,671,2539,0.28,33,6,2,7,0,7,0,28,9,0,0,0,0,13,155,182,0.85,0.322,90.7,16.9,6.05,3.47,1.74,0.345,0.396,0.741
2024,76118,원종현,키움,WO,8,4.91,4,0,0,0,0,,3 2/3,4,0,3,0,4,2,2,1.91,0,0,0,0,18,58,0.267,1,0,0,0,0,2,0,0,0,0,0,0,0,0,5,2,2.5,0.364,14.5,15.8,9.82,7.36,1.33,0.389,0.333,0.722
2024,50393,김동욱,키움,WO,9,5.0,37,2,1,0,3,0.667,36,33,4,6,2,18,20,20,1.08,0,0,0,1,146,569,0.246,9,1,2,2,1,1,0,0,0,2,11,6,0,2,36,49,0.73,0.254,15.4,15.8,4.5,1.5,3.0,0.285,0.418,0.703
2024,69367,김인범,키움,WO,10,5.4,19,2,7,0,0,0.222,63 1/3,75,9,31,8,27,40,38,1.67,0,0,0,0,297,1129,0.294,8,1,2,1,0,3,1,14,2,0,4,0,0,4,64,90,0.71,0.3,59.4,17.8,3.84,4.41,0.87,0.386,0.439,0.825
2024,66018,김선기,키움,WO,11,5.54,42,6,4,0,0,0.6,76 1/3,91,13,30,6,43,51,47,1.59,0,0,1,0,357,1318,0.292,18,0,3,6,1,6,0,6,2,4,4,2,0,4,83,101,0.82,0.298,31.4,17.3,5.07,3.54,1.43,0.359,0.474,0.833
2024,53301,박윤성,키움,WO,12,5.79,17,0,0,0,1,,18 2/3,14,5,9,0,14,12,12,1.23,0,0,0,0,81,301,0.2,5,0,1,1,0,2,0,0,0,0,7,0,0,0,11,32,0.34,0.173,17.7,16.1,6.75,4.34,1.56,0.288,0.486,0.774
2024,54319,김윤하,키움,WO,13,6.04,19,1,6,0,2,0.143,79,93,6,35,4,43,57,53,1.62,0,0,4,0,363,1311,0.296,22,2,5,5,0,3,1,12,1,0,0,2,0,6,77,106,0.73,0.322,69.0,16.6,4.9,3.99,1.23,0.369,0.436,0.805
2024,67365,양지율,키움,WO,14,6.27,21,0,2,0,3,0.0,18 2/3,16,1,13,2,7,13,13,1.55,0,0,0,1,83,345,0.235,4,0,0,0,0,0,0,0,0,0,2,8,0,2,21,24,0.88,0.25,16.4,18.5,3.38,6.27,0.54,0.373,0.338,0.711
2024,60336,문성현,키움,WO,15,6.57,42,1,2,3,2,0.333,38 1/3,54,3,25,2,31,28,28,2.06,0,0,0,0,189,751,0.342,6,2,1,3,0,2,0,0,0,1,12,6,0,5,30,46,0.65,0.402,17.9,19.6,7.28,5.87,1.24,0.431,0.462,0.893
2024,54368,김연주,키움,WO,16,6.61,34,1,1,0,1,0.5,31 1/3,34,5,17,5,18,24,23,1.63,0,0,0,2,148,576,0.272,10,0,0,1,1,2,0,0,0,1,11,2,0,1,33,41,0.8,0.282,16.9,18.4,5.17,4.88,1.06,0.378,0.472,0.85
2024,66305,박승주,키움,WO,17,6.75,15,0,1,0,0,0.0,17 1/3,16,2,9,1,13,13,13,1.44,0,0,0,0,74,308,0.262,2,0,2,1,0,3,0,0,0,0,6,0,0,3,8,25,0.32,0.298,20.5,17.8,6.75,4.67,1.44,0.361,0.393,0.754
2024,54362,전준표,키움,WO,18,6.83,18,2,4,0,0,0.333,27 2/3,35,4,20,5,18,28,21,1.99,0,0,0,0,144,570,0.294,4,0,0,0,0,4,0,5,0,2,4,2,0,3,34,32,1.06,0.32,31.7,20.6,5.86,6.51,0.9,0.417,0.429,0.846
2024,50360,김동혁,키움,WO,19,6.85,17,0,2,0,0,0.0,22 1/3,27,7,10,2,9,21,17,1.66,0,0,0,0,102,418,0.318,5,1,1,4,0,0,0,0,0,0,8,0,0,4,21,32,0.66,0.274,24.6,18.7,3.63,4.03,0.9,0.386,0.647,1.033
2024,54363,손현기,키움,WO,20,7.53,6,0,1,0,0,0.0,14 1/3,17,2,8,3,9,14,12,1.74,0,0,0,0,69,269,0.298,3,1,0,1,0,3,0,2,0,0,2,0,0,1,16,16,1.0,0.319,44.8,18.8,5.65,5.02,1.13,0.406,0.491,0.897
2024,50354,이종민,키움,WO,21,7.63,12,1,8,0,0,0.111,43 2/3,56,9,22,5,21,39,37,1.79,0,0,0,0,212,754,0.313,10,2,1,5,2,0,1,9,0,1,0,0,0,2,45,62,0.73,0.305,62.8,17.3,4.33,4.53,0.95,0.393,0.542,0.935
2024,78148,정찬헌,키움,WO,22,7.88,4,0,2,0,0,0.0,16,26,3,3,1,5,14,14,1.81,0,0,0,0,74,240,0.371,5,0,0,0,0,0,0,4,0,0,0,0,0,3,17,22,0.77,0.371,60.0,15.0,2.81,1.69,1.67,0.405,0.571,0.976
2024,69360,조영건,키움,WO,23,8.01,25,2,1,0,1,0.667,39 1/3,51,7,24,1,31,39,35,1.91,0,0,0,1,197,734,0.304,10,1,1,3,0,3,0,3,0,2,3,1,0,0,34,55,0.62,0.331,29.4,18.7,7.09,5.49,1.29,0.388,0.5,0.888
2024,52397,이명종,키움,WO,24,8.18,10,0,1,0,0,0.0,11,20,4,5,0,4,10,10,2.27,0,0,0,0,58,219,0.408,2,0,1,3,1,1,0,0,0,0,7,0,0,1,12,16,0.75,0.364,21.9,19.9,3.27,4.09,0.8,0.439,0.694,1.133
2024,69399,윤정현,키움,WO,25,9.0,2,0,0,0,0,,3,4,0,2,0,1,3,3,2.0,0,0,0,0,15,62,0.308,0,0,0,0,0,0,0,0,0,0,2,0,0,0,3,5,0.6,0.333,31.0,20.7,3.0,6.0,0.5,0.4,0.308,0.708
2024,67116,오석주,키움,WO,26,11.12,17,1,1,0,0,0.5,17,28,0,11,3,16,21,21,2.29,0,0,0,0,92,343,0.368,4,1,1,1,1,2,0,0,0,1,7,0,0,2,12,21,0.57,0.459,20.2,20.2,8.47,5.82,1.45,0.462,0.447,0.909
2024,52395,윤석원,키움,WO,27,11.42,11,0,1,0,0,0.0,17 1/3,31,3,7,2,1,24,22,2.19,0,0,0,0,88,321,0.413,11,0,1,3,0,3,1,1,0,0,3,0,0,3,18,28,0.64,0.378,29.2,18.5,0.52,3.63,0.14,0.46,0.68,1.14
2024,54304,박범준,키움,WO,28,13.5,5,0,1,0,0,0.0,5 1/3,7,1,4,1,8,8,8,2.06,0,0,0,0,28,119,0.333,2,0,0,2,0,2,0,0,0,0,3,0,0,0,1,7,0.14,0.429,23.8,22.3,13.5,6.75,2.0,0.429,0.571,1.0
2024,53164,김동규,키움,WO,29,54.0,2,0,0,0,0,,1/3,1,0,2,0,0,2,2,9.0,0,0,0,0,4,15,0.5,1,0,0,0,0,0,0,0,0,0,1,0,0,0,1,0,,0.5,7.5,45.0,0.0,54.0,0.0,0.75,1.0,1.75
