season_year,player_id,player_name,team_name,team_code,rank_no,avg,g,pa,ab,r,h,double_hit,triple_hit,hr,tb,rbi,sac,sf,bb,ibb,hbp,so,gdp,slg,obp,ops,mh,risp,ph_ba,xbh,go_count,ao_count,go_ao,gw_rbi,bb_k,p_pa,isop,xr,gpa
2015,64117,양원혁,LG,LG,1,0.5,3,2,2,2,1,0,0,0,1,1,0,0,0,0,0,0,0,0.5,0.5,1.0,0,0.0,1.0,0,1,0,,0,,3.0,0.0,0.4,0.35
2015,62164,서상우,LG,LG,2,0.34,58,171,159,29,54,8,0,6,80,22,0,0,9,0,3,31,2,0.503,0.386,0.889,14,0.205,0.267,14,36,38,0.95,3,0.29,4.15,0.164,28.6,0.299
2015,65115,안익훈,LG,LG,3,0.339,50,74,62,9,21,2,1,0,25,3,3,0,9,0,0,10,1,0.403,0.423,0.826,3,0.133,0.143,3,18,13,1.38,0,0.9,4.18,0.065,10.4,0.291
2015,61108,강병의,LG,LG,4,0.333,8,3,3,0,1,0,0,0,1,0,0,0,0,0,0,1,0,0.333,0.333,0.666,0,0.0,0.0,0,1,0,,0,0.0,4.0,0.0,-0.1,0.233
2015,65104,한나한,LG,LG,5,0.327,32,126,107,17,35,9,0,4,56,22,1,3,12,0,3,31,4,0.523,0.4,0.923,9,0.345,0.0,13,24,20,1.2,3,0.39,4.38,0.196,21.3,0.311
2015,72133,박용택,LG,LG,6,0.326,128,533,487,66,159,28,2,18,245,83,1,7,34,1,4,73,12,0.503,0.37,0.873,50,0.357,0.0,48,127,135,0.94,10,0.47,3.77,0.177,85.3,0.292
2015,60100,백진우,LG,LG,7,0.323,25,36,31,4,10,4,0,0,14,0,2,0,3,0,0,3,0,0.452,0.382,0.834,2,0.0,0.0,4,8,10,0.8,0,1.0,3.39,0.129,5.1,0.285
2015,65103,히메네스,LG,LG,8,0.312,70,299,279,37,87,17,2,11,141,46,0,4,12,1,4,48,4,0.505,0.344,0.849,23,0.238,0.0,30,40,108,0.37,2,0.25,3.73,0.194,47.1,0.281
2015,99606,정성훈,LG,LG,9,0.284,117,440,363,47,103,16,1,9,148,45,6,4,54,5,13,65,9,0.408,0.392,0.8,27,0.294,0.615,26,106,93,1.14,5,0.83,3.97,0.124,61.2,0.278
2015,74823,임훈,LG,LG,10,0.278,88,296,252,44,70,12,1,1,87,24,7,2,26,0,9,44,5,0.345,0.363,0.708,17,0.241,0.182,14,73,67,1.09,0,0.59,3.7,0.067,33.4,0.25
2015,79109,오지환,LG,LG,11,0.278,138,566,497,76,138,41,4,11,220,56,3,3,59,1,4,121,2,0.443,0.357,0.8,39,0.264,0.0,56,117,124,0.94,9,0.49,4.29,0.165,80.4,0.271
2015,61742,나성용,LG,LG,12,0.274,40,79,73,7,20,2,0,3,31,9,0,0,4,0,2,29,2,0.425,0.329,0.754,6,0.25,0.273,5,11,13,0.85,0,0.14,3.94,0.151,9.6,0.254
2015,61102,유강남,LG,LG,13,0.272,126,313,279,26,76,11,1,8,113,37,7,1,19,0,7,55,10,0.405,0.333,0.738,18,0.244,0.167,20,68,81,0.84,4,0.35,3.74,0.133,35.6,0.251
2015,63077,황목치승,LG,LG,14,0.268,24,74,71,13,19,3,1,0,24,8,0,1,2,0,0,10,2,0.338,0.284,0.622,4,0.273,0.0,4,25,18,1.39,2,0.2,3.62,0.07,6.6,0.212
2015,61194,이민재,LG,LG,15,0.267,28,34,30,6,8,1,0,0,9,4,1,1,1,0,1,8,0,0.3,0.303,0.603,1,0.286,0.0,1,8,7,1.14,0,0.13,3.68,0.033,2.9,0.211
2015,64153,양석환,LG,LG,16,0.26,125,384,358,36,93,22,1,8,141,48,5,3,18,2,0,75,6,0.394,0.293,0.687,21,0.252,0.222,31,73,120,0.61,4,0.24,3.99,0.134,39.1,0.23
2015,99810,이진영,LG,LG,17,0.256,103,350,301,32,77,5,1,9,111,39,2,2,42,4,3,55,10,0.369,0.351,0.72,17,0.25,0.118,15,87,84,1.04,6,0.76,3.89,0.113,39.1,0.25
2015,78217,김용의,LG,LG,18,0.251,71,199,171,30,43,5,1,0,50,15,3,0,22,1,3,38,3,0.292,0.347,0.639,10,0.261,0.462,6,51,39,1.31,1,0.58,4.11,0.041,18.8,0.229
2015,79192,채은성,LG,LG,19,0.249,90,198,173,25,43,11,2,4,70,20,3,3,14,1,5,39,4,0.405,0.318,0.723,7,0.239,0.231,17,56,38,1.47,2,0.36,3.94,0.156,22.4,0.244
2015,72456,손주인,LG,LG,20,0.246,98,279,244,27,60,9,0,0,69,14,12,1,20,0,2,41,6,0.283,0.307,0.59,14,0.203,0.0,9,51,93,0.55,1,0.49,3.9,0.037,20.5,0.209
2015,76100,이병규,LG,LG,21,0.243,70,277,230,42,56,9,1,12,103,35,1,0,43,2,3,83,4,0.448,0.37,0.818,16,0.175,0.333,22,48,43,1.12,1,0.52,4.23,0.204,39.5,0.279
2015,79113,문선재,LG,LG,22,0.226,103,245,212,27,48,13,1,5,78,27,6,1,23,0,3,54,4,0.368,0.31,0.678,12,0.263,0.143,19,48,63,0.76,1,0.43,4.17,0.142,24.6,0.232
2015,97109,이병규,LG,LG,23,0.219,54,102,96,3,21,7,0,1,31,9,0,1,5,0,0,18,4,0.323,0.255,0.578,1,0.147,0.229,8,34,24,1.42,1,0.28,3.65,0.104,6.7,0.196
2015,64115,장준원,LG,LG,24,0.208,20,26,24,2,5,0,0,0,5,1,0,1,1,0,0,8,0,0.208,0.231,0.439,1,0.0,0.0,0,5,7,0.71,0,0.13,3.73,0.0,1.4,0.156
2015,73824,최경철,LG,LG,25,0.208,109,215,183,23,38,7,1,3,56,19,9,1,14,0,8,55,1,0.306,0.291,0.597,6,0.2,0.0,11,43,48,0.9,2,0.25,3.88,0.098,18.5,0.207
2015,65136,박지규,LG,LG,26,0.205,102,189,171,22,35,8,1,0,45,12,4,1,10,0,3,49,1,0.263,0.259,0.522,8,0.17,0.0,9,49,39,1.26,2,0.2,4.07,0.058,11.7,0.182
2015,65120,박성준,LG,LG,27,0.2,11,12,10,3,2,0,0,0,2,0,0,0,2,0,0,1,0,0.2,0.333,0.533,0,0.5,0.0,0,1,6,0.17,0,2.0,3.42,0.0,1.0,0.2
2015,62007,김지성,LG,LG,28,0.143,20,21,21,2,3,0,0,1,6,2,0,0,0,0,0,9,1,0.286,0.143,0.429,0,0.125,0.0,1,7,2,3.5,0,0.0,3.81,0.143,0.4,0.136
2015,79198,윤진호,LG,LG,29,0.083,30,13,12,3,1,0,0,0,1,1,1,0,0,0,0,3,0,0.083,0.083,0.166,0,0.333,0.0,0,4,4,1.0,0,0.0,4.08,0.0,-0.3,0.058
2015,76158,최승준,LG,LG,30,0.077,8,31,26,0,2,0,0,0,2,1,0,1,4,0,0,7,0,0.077,0.194,0.271,0,0.111,0.0,0,7,11,0.64,0,0.57,4.35,0.0,0.5,0.107
2015,65132,김재성,LG,LG,31,0.0,9,7,6,0,0,0,0,0,0,0,0,0,1,0,0,2,0,0.0,0.143,0.143,0,0.0,0.0,0,3,1,3.0,0,0.5,5.14,0.0,-0.2,0.064
2015,61114,김재율,LG,LG,31,0.0,1,3,3,0,0,0,0,0,0,0,0,0,0,0,0,0,0,0.0,0.0,0.0,0,0.0,0.0,0,2,1,2.0,0,,3.33,0.0,-0.3,0.0
2015,60181,김지용,LG,LG,31,,3,0,0,0,0,0,0,0,0,0,0,0,0,0,0,0,0,,,,0,0.0,0.0,0,0,0,,0,,,,0.0,0.0
2015,77147,봉중근,LG,LG,31,,6,0,0,0,0,0,0,0,0,0,0,0,0,0,0,0,0,,,,0,0.0,0.0,0,0,0,,0,,,,0.0,0.0
2015,70839,신승현,LG,LG,31,,1,0,0,0,0,0,0,0,0,0,0,0,0,0,0,0,0,,,,0,0.0,0.0,0,0,0,,0,,,,0.0,0.0
2015,76757,유원상,LG,LG,31,,1,0,0,0,0,0,0,0,0,0,0,0,0,0,0,0,0,,,,0,0.0,0.0,0,0,0,,0,,,,0.0,0.0
2015,71118,이동현,LG,LG,31,,4,0,0,0,0,0,0,0,0,0,0,0,0,0,0,0,0,,,,0,0.0,0.0,0,0,0,,0,,,,0.0,0.0
2015,62463,이준형,LG,LG,31,,1,0,0,0,0,0,0,0,0,0,0,0,0,0,0,0,0,,,,0,0.0,0.0,0,0,0,,0,,,,0.0,0.0
2015,62147,조윤준,LG,LG,31,0.0,7,8,8,0,0,0,0,0,0,0,0,0,0,0,0,4,1,0.0,0.0,0.0,0,0.0,0.0,0,4,0,,0,0.0,3.25,0.0,-1.1,0.0
2015,76650,진해수,LG,LG,31,,1,0,0,0,0,0,0,0,0,0,0,0,0,0,0,0,0,,,,0,0.0,0.0,0,0,0,,0,,,,0.0,0.0
2015,79140,최동환,LG,LG,31,,1,0,0,0,0,0,0,0,0,0,0,0,0,0,0,0,0,,,,0,0.0,0.0,0,0,0,,0,,,,0.0,0.0
2015,64706,이창열,한화,HH,1,0.5,5,2,2,0,1,1,0,0,2,1,0,0,0,0,0,0,0,1.0,0.5,1.5,0,1.0,0.5,1,0,1,0.0,0,,5.5,0.5,0.6,0.475
2015,74163,이용규,한화,HH,2,0.341,124,585,493,94,168,15,7,4,209,42,11,4,68,5,9,45,4,0.424,0.427,0.851,49,0.35,0.0,26,177,107,1.65,3,1.51,3.98,0.083,93.2,0.298
2015,71610,김경언,한화,HH,3,0.337,107,437,377,58,127,21,1,16,198,78,5,3,50,3,2,89,9,0.525,0.414,0.939,40,0.323,0.25,38,96,68,1.41,10,0.56,4.13,0.188,75.1,0.318
2015,74756,박노민,한화,HH,4,0.333,23,26,24,1,8,0,0,0,8,4,0,0,2,0,0,11,0,0.333,0.385,0.718,0,0.25,0.333,0,5,0,,0,0.18,4.15,0.0,3.2,0.257
2015,75808,정근우,한화,HH,5,0.316,126,552,468,99,148,30,2,12,218,66,13,2,61,1,8,66,14,0.466,0.403,0.869,48,0.307,0.0,44,158,98,1.61,13,0.92,3.59,0.15,84.9,0.298
2015,71752,김태균,한화,HH,6,0.316,133,524,408,61,129,28,0,21,220,104,1,5,98,12,12,80,19,0.539,0.457,0.996,30,0.353,0.333,49,120,84,1.43,11,1.23,4.24,0.223,96.1,0.34
2015,78745,정현석,한화,HH,7,0.31,43,133,116,20,36,6,0,1,45,12,2,0,13,1,2,24,3,0.388,0.389,0.777,10,0.31,0.167,7,31,25,1.24,1,0.54,3.92,0.078,16.8,0.272
2015,62700,하주석,한화,HH,8,0.3,4,11,10,3,3,0,0,0,3,1,0,0,1,0,0,4,0,0.3,0.364,0.664,1,0.5,0.0,0,2,1,2.0,0,0.25,3.73,0.0,1.2,0.239
2015,74729,최진행,한화,HH,9,0.291,109,410,333,55,97,17,0,18,168,64,5,3,65,6,4,101,9,0.505,0.41,0.915,26,0.281,0.167,35,71,67,1.06,5,0.64,4.13,0.213,67.1,0.311
2015,60667,이종환,한화,HH,10,0.29,44,106,100,14,29,4,0,0,33,12,0,0,6,0,0,21,0,0.33,0.33,0.66,8,0.314,0.25,4,31,19,1.63,2,0.29,4.06,0.04,10.9,0.231
2015,74148,이시찬,한화,HH,11,0.281,34,72,64,7,18,1,0,0,19,6,1,2,4,0,1,12,3,0.297,0.324,0.621,5,0.3,0.083,1,19,17,1.12,0,0.33,3.94,0.016,6.2,0.22
2015,65762,폭스,한화,HH,12,0.278,38,121,108,16,30,4,0,7,55,25,0,2,8,1,3,27,9,0.509,0.339,0.848,8,0.27,0.2,11,30,23,1.3,1,0.3,3.72,0.231,16.3,0.28
2015,65733,모건,한화,HH,13,0.273,10,42,33,2,9,2,0,0,11,5,0,1,4,0,4,8,1,0.333,0.405,0.738,2,0.214,0.0,2,11,6,1.83,1,0.5,3.93,0.061,5.3,0.266
2015,61700,강경학,한화,HH,14,0.257,120,376,311,50,80,7,4,2,101,27,17,3,40,1,5,58,3,0.325,0.348,0.673,20,0.233,0.143,13,103,73,1.41,3,0.69,4.08,0.068,40.0,0.238
2015,63700,장운호,한화,HH,15,0.254,42,141,114,17,29,4,0,2,39,8,11,0,10,0,6,27,4,0.342,0.346,0.688,6,0.133,0.0,6,30,28,1.07,0,0.37,3.43,0.088,14.1,0.241
2015,73136,이성열,한화,HH,16,0.25,101,268,232,35,58,10,2,9,99,36,5,2,20,1,9,87,5,0.427,0.331,0.758,11,0.322,0.364,21,47,42,1.12,4,0.23,3.92,0.177,33.1,0.256
2015,64717,지시완,한화,HH,16,0.25,9,12,12,1,3,1,0,0,4,0,0,0,0,0,0,5,0,0.333,0.25,0.583,0,0.0,0.0,1,2,2,1.0,0,0.0,4.17,0.083,0.9,0.196
2015,76753,송광민,한화,HH,18,0.243,12,41,37,2,9,2,0,0,11,1,1,0,2,0,1,11,1,0.297,0.3,0.597,2,0.125,0.0,2,12,5,2.4,0,0.18,3.61,0.054,3.0,0.209
2015,76746,김태완,한화,HH,19,0.239,22,50,46,5,11,2,0,0,13,3,0,0,2,0,2,16,1,0.283,0.3,0.583,3,0.059,0.167,2,10,9,1.11,0,0.13,4.04,0.043,3.7,0.206
2015,98144,조인성,한화,HH,20,0.232,106,310,276,33,64,11,0,11,108,44,11,1,16,0,6,89,5,0.391,0.288,0.679,13,0.244,0.0,22,68,56,1.21,1,0.18,3.52,0.159,31.4,0.227
2015,73703,한상훈,한화,HH,21,0.23,35,75,61,7,14,4,0,0,18,8,5,0,8,0,1,18,1,0.295,0.329,0.624,1,0.333,0.267,4,19,10,1.9,0,0.44,3.97,0.066,5.4,0.222
2015,64086,신성현,한화,HH,22,0.225,64,117,102,17,23,3,0,4,38,17,2,0,13,0,0,44,0,0.373,0.313,0.686,4,0.314,0.308,7,20,15,1.33,3,0.3,3.97,0.147,13.0,0.234
2015,95158,권용관,한화,HH,23,0.22,116,341,296,32,65,8,1,5,90,22,17,1,18,2,9,86,4,0.304,0.284,0.588,12,0.187,0.0,14,77,69,1.12,1,0.21,4.04,0.084,25.2,0.204
2015,65707,주현상,한화,HH,24,0.21,103,246,214,18,45,7,0,0,52,12,6,2,21,0,3,46,5,0.243,0.288,0.531,13,0.208,0.286,7,65,60,1.08,1,0.46,3.87,0.033,16.1,0.19
2015,79705,김회성,한화,HH,25,0.209,83,268,225,36,47,10,2,16,109,35,3,2,28,0,10,58,4,0.484,0.321,0.805,10,0.128,0.182,28,44,78,0.56,1,0.48,4.19,0.276,36.7,0.265
2015,60404,송주호,한화,HH,26,0.2,121,156,140,18,28,6,0,1,37,9,8,0,7,0,1,36,1,0.264,0.243,0.507,6,0.2,0.0,7,45,31,1.45,1,0.19,3.49,0.064,9.3,0.175
2015,77243,허도환,한화,HH,27,0.176,61,106,91,8,16,7,0,1,26,6,3,0,7,0,5,29,3,0.286,0.272,0.558,2,0.16,0.0,8,26,20,1.3,0,0.24,4.0,0.11,6.6,0.194
2015,76404,황선일,한화,HH,28,0.174,13,25,23,1,4,2,0,0,6,2,0,0,1,0,1,6,1,0.261,0.24,0.501,1,0.222,0.0,2,6,7,0.86,0,0.17,3.6,0.087,1.2,0.173
2015,74745,고동진,한화,HH,29,0.169,27,70,59,5,10,4,0,0,14,7,5,0,2,0,4,13,3,0.237,0.246,0.483,1,0.308,0.0,4,21,15,1.4,0,0.15,3.44,0.068,2.5,0.17
2015,76720,정범모,한화,HH,30,0.135,51,114,96,3,13,2,0,0,15,10,7,1,9,0,1,23,0,0.156,0.215,0.371,2,0.167,0.2,2,35,26,1.35,1,0.39,3.47,0.021,2.9,0.136
2015,72447,권혁,한화,HH,31,0.0,9,1,1,0,0,0,0,0,0,0,0,0,0,0,0,1,0,0.0,0.0,0.0,0,0.0,0.0,0,0,0,,0,0.0,7.0,0.0,-0.1,0.0
2015,62919,김기현,한화,HH,31,,1,0,0,0,0,0,0,0,0,0,0,0,0,0,0,0,0,,,,0,0.0,0.0,0,0,0,,0,,,,0.0,0.0
2015,65764,김민우,한화,HH,31,,1,0,0,0,0,0,0,0,0,0,0,0,0,0,0,0,0,,,,0,0.0,0.0,0,0,0,,0,,,,0.0,0.0
2015,79760,박성호,한화,HH,31,,1,0,0,0,0,0,0,0,0,0,0,0,0,0,0,0,0,,,,0,0.0,0.0,0,0,0,,0,,,,0.0,0.0
2015,99737,박정진,한화,HH,31,0.0,2,1,1,0,0,0,0,0,0,0,0,0,0,0,0,0,0,0.0,0.0,0.0,0,0.0,0.0,0,1,0,,0,,5.0,0.0,-0.1,0.0
2015,64764,박한길,한화,HH,31,,1,0,0,0,0,0,0,0,0,0,0,0,0,0,0,0,0,,,,0,0.0,0.0,0,0,0,,0,,,,0.0,0.0
2015,73750,윤규진,한화,HH,31,0.0,2,2,2,0,0,0,0,0,0,0,0,0,0,0,0,2,0,0.0,0.0,0.0,0,0.0,0.0,0,0,0,,0,0.0,4.0,0.0,-0.2,0.0
2015,77464,임익준,한화,HH,31,0.0,4,3,2,1,0,0,0,0,0,1,0,1,0,0,0,0,0,0.0,0.0,0.0,0,0.0,0.0,0,2,1,2.0,0,,5.67,0.0,0.2,0.0
2015,78760,정대훈,한화,HH,31,,3,0,0,0,0,0,0,0,0,0,0,0,0,0,0,0,0,,,,0,0.0,0.0,0,0,0,,0,,,,0.0,0.0
2015,63792,조정원,한화,HH,31,0.0,2,1,1,0,0,0,0,0,0,0,0,0,0,0,0,0,0,0.0,0.0,0.0,0,0.0,0.0,0,0,1,0.0,0,,5.0,0.0,-0.1,0.0
2015,64085,채기영,한화,HH,31,0.0,3,2,2,0,0,0,0,0,0,0,0,0,0,0,0,1,0,0.0,0.0,0.0,0,0.0,0.0,0,0,1,0.0,0,0.0,3.0,0.0,-0.2,0.0
2015,62451,탈보트,한화,HH,31,,1,0,0,0,0,0,0,0,0,0,0,0,0,0,0,0,0,,,,0,0.0,0.0,0,0,0,,0,,,,0.0,0.0
2015,64895,이진석,SSG,SK,1,0.5,6,2,2,1,1,0,0,0,1,0,0,0,0,0,0,1,0,0.5,0.5,1.0,0,0.0,0.0,0,0,0,,0,0.0,6.5,0.0,0.1,0.35
2015,77869,김기현,SSG,SK,2,0.429,9,9,7,0,3,0,0,0,3,0,0,0,2,0,0,3,0,0.429,0.556,0.985,1,0.5,0.5,0,0,1,0.0,0,0.67,4.22,0.0,1.8,0.357
2015,65869,이현석,SSG,SK,3,0.333,3,3,3,1,1,0,0,1,4,2,0,0,0,0,0,1,0,1.333,0.333,1.666,0,0.0,0.0,1,1,0,,0,0.0,3.33,1.0,1.3,0.483
2015,76854,홍명찬,SSG,SK,3,0.333,5,3,3,0,1,0,0,0,1,0,0,0,0,0,0,2,0,0.333,0.333,0.666,0,0.0,0.0,0,0,0,,0,0.0,3.33,0.0,0.3,0.233
2015,75151,정의윤,SSG,SK,5,0.32,91,297,259,38,83,14,0,14,139,51,0,3,26,0,9,46,6,0.537,0.397,0.934,21,0.351,0.25,28,56,77,0.73,5,0.57,3.71,0.216,53.2,0.313
2015,76849,이명기,SSG,SK,6,0.315,137,582,521,88,164,30,2,3,207,35,11,4,35,0,11,86,7,0.397,0.368,0.765,45,0.288,0.125,35,177,98,1.81,1,0.41,3.87,0.083,75.4,0.265
2015,62893,최정민,SSG,SK,7,0.308,8,15,13,1,4,0,0,0,4,2,1,0,1,0,0,3,0,0.308,0.357,0.665,1,0.5,0.0,0,5,1,5.0,0,0.33,3.6,0.0,1.5,0.238
2015,76802,김성현,SSG,SK,8,0.297,129,449,397,49,118,20,0,8,162,48,12,2,31,0,7,42,14,0.408,0.357,0.765,34,0.324,0.6,28,121,118,1.03,5,0.74,3.49,0.111,53.3,0.263
2015,75847,최정,SSG,SK,9,0.295,81,330,275,43,81,17,0,17,149,58,1,3,46,2,5,78,6,0.542,0.401,0.943,20,0.326,0.0,34,45,74,0.61,10,0.59,4.2,0.247,58.5,0.316
2015,72324,허웅,SSG,SK,10,0.294,18,19,17,2,5,1,0,0,6,3,0,0,2,0,0,3,0,0.353,0.368,0.721,0,0.5,0.333,1,1,8,0.13,0,0.67,3.89,0.059,2.3,0.254
2015,76812,이재원,SSG,SK,11,0.282,140,559,489,58,138,18,1,17,209,100,0,5,54,5,11,85,22,0.427,0.363,0.79,37,0.319,0.0,36,115,156,0.74,11,0.64,3.66,0.145,71.8,0.27
2015,74846,박정권,SSG,SK,12,0.281,124,494,438,66,123,23,0,21,209,70,4,2,46,1,4,119,9,0.477,0.353,0.83,33,0.261,0.5,44,96,102,0.94,5,0.39,4.02,0.196,71.1,0.278
2015,73209,나주환,SSG,SK,13,0.268,96,273,246,31,66,15,0,5,96,22,12,1,12,0,2,47,9,0.39,0.307,0.697,15,0.179,0.444,20,70,64,1.09,3,0.26,3.94,0.122,25.6,0.236
2015,77609,김연훈,SSG,SK,14,0.267,49,73,60,4,16,1,0,1,20,3,5,1,6,0,1,18,0,0.333,0.338,0.671,2,0.125,0.167,2,11,16,0.69,0,0.33,3.99,0.067,7.7,0.235
2015,72860,이대수,SSG,SK,15,0.264,36,86,72,9,19,3,0,2,28,12,6,1,6,0,1,23,6,0.389,0.325,0.714,4,0.364,0.308,5,18,13,1.38,1,0.26,3.95,0.125,7.5,0.244
2015,71848,조동화,SSG,SK,16,0.261,119,304,245,38,64,6,1,2,78,15,22,2,30,0,5,50,2,0.318,0.351,0.669,12,0.185,0.304,9,78,55,1.42,1,0.6,4.13,0.057,34.1,0.237
2015,65823,브라운,SSG,SK,17,0.261,137,539,464,82,121,21,2,28,230,76,0,2,66,4,7,127,12,0.496,0.36,0.856,31,0.232,0.4,51,116,102,1.14,9,0.52,3.98,0.235,81.7,0.286
2015,71842,정상호,SSG,SK,18,0.254,113,324,279,34,71,11,1,12,120,49,8,0,22,0,15,80,2,0.43,0.342,0.772,17,0.302,0.111,24,62,66,0.94,5,0.28,3.96,0.176,42.1,0.261
2015,96307,박진만,SSG,SK,19,0.248,78,162,133,12,33,5,0,2,44,14,2,0,23,1,4,21,3,0.331,0.375,0.706,7,0.281,0.154,7,31,48,0.65,1,1.1,4.12,0.083,17.7,0.252
2015,71857,박재상,SSG,SK,20,0.248,108,292,250,34,62,12,2,7,99,37,6,1,32,0,3,53,4,0.396,0.339,0.735,15,0.27,0.231,21,70,66,1.06,5,0.6,4.24,0.148,34.1,0.252
2015,71837,김강민,SSG,SK,21,0.246,96,328,293,43,72,17,0,4,101,31,4,1,23,0,7,83,6,0.345,0.315,0.66,17,0.288,0.0,21,74,65,1.14,5,0.28,3.88,0.099,31.4,0.228
2015,79869,윤중환,SSG,SK,22,0.24,15,28,25,1,6,0,0,1,9,4,0,0,3,0,0,6,0,0.36,0.321,0.681,1,0.2,0.286,1,8,5,1.6,0,0.5,4.43,0.12,2.9,0.234
2015,61893,박계현,SSG,SK,23,0.231,97,302,264,27,61,2,0,0,63,21,13,1,20,0,4,45,1,0.239,0.294,0.533,14,0.299,0.25,2,103,56,1.84,0,0.44,3.76,0.008,20.2,0.192
2015,62864,김민식,SSG,SK,24,0.167,23,26,24,4,4,0,0,0,4,0,0,0,2,0,0,2,2,0.167,0.231,0.398,1,0.0,0.125,0,11,7,1.57,0,1.0,3.73,0.0,0.1,0.146
2015,77848,박윤,SSG,SK,25,0.111,17,29,27,1,3,0,0,0,3,0,1,0,0,0,1,13,1,0.111,0.143,0.254,1,0.0,0.0,0,8,3,2.67,0,0.0,3.66,0.0,-0.8,0.092
2015,76869,김재현,SSG,SK,26,0.105,46,20,19,13,2,0,1,0,4,0,0,0,0,0,1,6,0,0.211,0.15,0.361,0,0.0,0.2,1,8,3,2.67,0,0.0,4.1,0.105,1.2,0.12
2015,60865,안정광,SSG,SK,26,0.105,10,19,19,0,2,0,0,0,2,1,0,0,0,0,0,7,0,0.105,0.105,0.21,0,0.333,0.333,0,6,4,1.5,0,0.0,3.47,0.0,-0.6,0.074
2015,64890,유서준,SSG,SK,28,0.083,17,13,12,5,1,0,0,0,1,0,0,0,1,0,0,3,1,0.083,0.154,0.237,0,0.0,0.0,0,4,4,1.0,0,0.33,4.15,0.0,-0.3,0.09
2015,72523,고효준,SSG,SK,29,,1,0,0,0,0,0,0,0,0,0,0,0,0,0,0,0,0,,,,0,0.0,0.0,0,0,0,,0,,,,0.0,0.0
2015,75250,박정배,SSG,SK,29,,1,0,0,0,0,0,0,0,0,0,0,0,0,0,0,0,0,,,,0,0.0,0.0,0,0,0,,0,,,,0.0,0.0
2015,64804,박철우,SSG,SK,29,0.0,19,2,2,1,0,0,0,0,0,0,0,0,0,0,0,0,0,0.0,0.0,0.0,0,0.0,0.0,0,1,1,1.0,0,,6.0,0.0,-0.2,0.0
2015,61895,서진용,SSG,SK,29,,1,0,0,0,0,0,0,0,0,0,0,0,0,0,0,0,0,,,,0,0.0,0.0,0,0,0,,0,,,,0.0,0.0
2015,75138,신재웅,SSG,SK,29,,2,0,0,0,0,0,0,0,0,0,0,0,0,0,0,0,0,,,,0,0.0,0.0,0,0,0,,0,,,,0.0,0.0
2015,72862,윤길현,SSG,SK,29,,1,0,0,0,0,0,0,0,0,0,0,0,0,0,0,0,0,,,,0,0.0,0.0,0,0,0,,0,,,,0.0,0.0
2015,72216,이재영,SSG,SK,29,,1,0,0,0,0,0,0,0,0,0,0,0,0,0,0,0,0,,,,0,0.0,0.0,0,0,0,,0,,,,0.0,0.0
2015,77854,이창욱,SSG,SK,29,,1,0,0,0,0,0,0,0,0,0,0,0,0,0,0,0,0,,,,0,0.0,0.0,0,0,0,,0,,,,0.0,0.0
2015,76822,이한진,SSG,SK,29,,1,0,0,0,0,0,0,0,0,0,0,0,0,0,0,0,0,,,,0,0.0,0.0,0,0,0,,0,,,,0.0,0.0
2015,74857,정우람,SSG,SK,29,,5,0,0,0,0,0,0,0,0,0,0,0,0,0,0,0,0,,,,0,0.0,0.0,0,0,0,,0,,,,0.0,0.0
2015,71845,채병용,SSG,SK,29,,1,0,0,0,0,0,0,0,0,0,0,0,0,0,0,0,0,,,,0,0.0,0.0,0,0,0,,0,,,,0.0,0.0
2015,74402,이정식,삼성,SS,1,0.4,5,5,5,0,2,0,0,0,2,0,0,0,0,0,0,1,0,0.4,0.4,0.8,0,0.0,0.0,0,0,2,0.0,0,0.0,3.2,0.0,0.7,0.28
2015,79465,배영섭,삼성,SS,2,0.375,4,18,16,2,6,0,0,0,6,2,0,0,2,0,0,4,2,0.375,0.444,0.819,2,0.333,0.0,0,4,2,2.0,1,0.5,4.33,0.0,2.2,0.294
2015,62404,구자욱,삼성,SS,3,0.349,116,465,410,97,143,33,5,11,219,57,0,4,45,0,6,79,3,0.534,0.417,0.951,43,0.33,0.6,49,89,103,0.86,2,0.57,3.97,0.185,85.7,0.321
2015,77463,채태인,삼성,SS,4,0.348,104,373,333,35,116,19,0,8,159,49,0,4,33,3,3,92,10,0.477,0.408,0.885,33,0.376,0.438,27,72,57,1.26,5,0.36,3.82,0.129,58.5,0.303
2015,95436,이승엽,삼성,SS,5,0.332,122,522,470,87,156,28,1,26,264,90,0,6,40,2,6,71,10,0.562,0.387,0.949,45,0.321,0.0,55,114,135,0.84,8,0.56,3.86,0.23,94.3,0.315
2015,97202,진갑용,삼성,SS,6,0.324,39,73,68,8,22,2,0,3,33,10,0,1,4,0,0,9,3,0.485,0.356,0.841,6,0.25,0.167,5,20,18,1.11,1,0.44,3.82,0.162,10.7,0.281
2015,74465,박석민,삼성,SS,7,0.321,135,559,448,90,144,25,0,26,247,116,1,8,83,0,19,97,13,0.551,0.441,0.992,32,0.42,0.5,51,103,112,0.92,14,0.86,4.26,0.23,107.2,0.336
2015,72443,최형우,삼성,SS,8,0.318,144,637,547,94,174,33,1,33,308,123,0,8,73,7,9,101,13,0.563,0.402,0.965,46,0.302,0.0,67,114,166,0.69,18,0.72,4.02,0.245,115.6,0.322
2015,79456,이지영,삼성,SS,9,0.305,124,400,361,36,110,10,1,1,125,55,16,5,14,0,4,32,10,0.346,0.333,0.679,27,0.355,0.154,12,136,88,1.55,5,0.44,3.11,0.042,40.3,0.236
2015,71432,박한이,삼성,SS,10,0.3,94,429,367,62,110,17,4,11,168,52,7,1,53,0,1,63,11,0.458,0.389,0.847,35,0.297,0.5,32,128,67,1.91,5,0.84,3.9,0.158,61.7,0.29
2015,62415,박해민,삼성,SS,11,0.293,144,608,525,96,154,22,7,0,190,47,23,2,56,1,2,126,8,0.362,0.362,0.724,40,0.294,0.333,29,160,87,1.84,6,0.44,3.9,0.069,77.8,0.253
2015,64440,나바로,삼성,SS,12,0.287,140,643,534,126,153,19,1,48,318,137,1,9,93,8,6,72,10,0.596,0.393,0.989,41,0.271,0.0,68,137,181,0.76,11,1.29,4.21,0.309,126.1,0.326
2015,79402,김상수,삼성,SS,13,0.278,132,518,449,67,125,30,4,8,187,63,13,7,43,0,6,56,9,0.416,0.345,0.761,35,0.287,0.333,42,126,149,0.85,5,0.77,3.71,0.138,68.7,0.259
2015,60456,백상원,삼성,SS,14,0.247,52,94,77,10,19,5,0,0,24,7,2,1,13,0,1,22,2,0.312,0.359,0.671,5,0.238,0.125,5,21,16,1.31,1,0.59,4.55,0.065,9.7,0.24
2015,63440,이흥련,삼성,SS,15,0.238,71,108,105,16,25,7,0,1,35,17,1,0,1,0,1,22,1,0.333,0.252,0.585,4,0.281,0.125,8,32,26,1.23,2,0.05,3.57,0.095,8.0,0.197
2015,78467,이영욱,삼성,SS,16,0.227,38,26,22,8,5,2,0,0,7,2,0,0,3,0,1,10,0,0.318,0.346,0.664,0,0.0,0.333,2,5,2,2.5,0,0.3,4.35,0.091,2.4,0.235
2015,62409,박찬도,삼성,SS,17,0.213,116,106,89,32,19,2,1,0,23,9,5,0,8,0,4,25,1,0.258,0.307,0.565,2,0.25,0.0,3,22,23,0.96,0,0.32,4.08,0.045,8.3,0.203
2015,78454,우동균,삼성,SS,18,0.208,37,82,72,12,15,4,0,0,19,6,1,0,9,0,0,12,2,0.264,0.296,0.56,3,0.217,0.222,4,26,19,1.37,0,0.75,4.02,0.056,4.9,0.199
2015,64499,김재현,삼성,SS,19,0.171,73,48,41,7,7,0,0,0,7,5,2,0,5,0,0,11,1,0.171,0.261,0.432,1,0.286,0.0,0,12,11,1.09,1,0.45,3.5,0.0,1.8,0.16
2015,61463,김정혁,삼성,SS,20,0.167,17,20,18,3,3,0,0,0,3,1,1,0,1,0,0,3,0,0.167,0.211,0.378,0,0.333,0.0,0,5,7,0.71,0,0.33,3.85,0.0,0.5,0.137
2015,64493,최선호,삼성,SS,20,0.167,33,44,42,8,7,1,0,0,8,1,2,0,0,0,0,13,0,0.19,0.167,0.357,2,0.091,0.0,1,9,13,0.69,0,0.0,3.34,0.024,0.9,0.123
2015,70224,강봉규,삼성,SS,22,0.0,5,8,6,0,0,0,0,0,0,0,0,0,1,0,1,3,0,0.0,0.25,0.25,0,0.0,0.0,0,2,1,2.0,0,0.33,3.25,0.0,0.1,0.113
2015,74158,김태완,삼성,SS,22,0.0,4,6,5,0,0,0,0,0,0,0,0,0,1,0,0,2,0,0.0,0.167,0.167,0,0.0,0.0,0,0,3,0.0,0,0.5,6.33,0.0,-0.1,0.075
2015,64468,박계범,삼성,SS,22,,3,0,0,0,0,0,0,0,0,0,0,0,0,0,0,0,0,,,,0,0.0,0.0,0,0,0,,0,,,,0.0,0.0
2015,61411,심창민,삼성,SS,22,,1,0,0,0,0,0,0,0,0,0,0,0,0,0,0,0,0,,,,0,0.0,0.0,0,0,0,,0,,,,0.0,0.0
2015,65405,윤영수,삼성,SS,22,0.0,4,2,2,0,0,0,0,0,0,0,0,0,0,0,0,2,0,0.0,0.0,0.0,0,0.0,0.0,0,0,0,,0,0.0,5.0,0.0,-0.2,0.0
2015,60724,이상훈,삼성,SS,22,0.0,4,8,7,0,0,0,0,0,0,0,1,0,0,0,0,2,0,0.0,0.0,0.0,0,0.0,0.0,0,3,2,1.5,0,0.0,3.88,0.0,-0.6,0.0
2015,95657,임창용,삼성,SS,22,,2,0,0,0,0,0,0,0,0,0,0,0,0,0,0,0,0,,,,0,0.0,0.0,0,0,0,,0,,,,0.0,0.0
2015,79440,정인욱,삼성,SS,22,,1,0,0,0,0,0,0,0,0,0,0,0,0,0,0,0,0,,,,0,0.0,0.0,0,0,0,,0,,,,0.0,0.0
2015,65447,최민구,삼성,SS,22,,6,1,0,1,0,0,0,0,0,1,0,1,0,0,0,0,0,,0.0,0.0,0,0.0,0.0,0,0,1,0.0,0,,5.0,,0.4,0.0
2015,64914,테임즈,NC,NC,1,0.381,142,595,472,130,180,42,5,47,373,140,0,7,103,11,13,91,7,0.79,0.497,1.287,52,0.31,0.0,94,75,133,0.56,12,1.13,3.97,0.409,162.2,0.421
2015,73543,박정준,NC,NC,2,0.381,19,24,21,2,8,2,0,0,10,2,0,0,0,0,3,5,0,0.476,0.458,0.934,0,0.25,0.385,2,5,3,1.67,0,0.0,4.0,0.095,4.3,0.325
2015,74358,조평호,NC,NC,3,0.364,22,22,22,4,8,2,0,1,13,3,0,0,0,0,0,6,1,0.591,0.364,0.955,1,0.25,0.357,3,4,4,1.0,0,0.0,3.55,0.227,3.7,0.312
2015,62947,나성범,NC,NC,4,0.326,144,622,564,112,184,34,5,28,312,135,3,8,32,1,15,127,9,0.553,0.373,0.926,57,0.367,0.5,67,126,135,0.93,22,0.25,3.65,0.227,111.8,0.306
2015,62907,박민우,NC,NC,5,0.304,141,617,520,111,158,31,6,3,210,47,3,7,73,0,14,108,4,0.404,0.399,0.803,44,0.379,0.6,40,133,128,1.04,1,0.68,4.2,0.1,92.4,0.281
2015,77454,김종호,NC,NC,6,0.295,133,486,424,90,125,16,7,4,167,36,10,3,44,0,4,65,11,0.394,0.364,0.758,34,0.27,0.125,27,155,82,1.89,5,0.68,3.79,0.099,64.1,0.262
2015,94629,이호준,NC,NC,7,0.294,131,518,449,48,132,25,0,24,229,110,3,2,61,7,3,102,16,0.51,0.381,0.891,34,0.314,0.167,49,120,97,1.24,7,0.6,4.03,0.216,80.1,0.299
2015,78813,모창민,NC,NC,8,0.29,103,239,214,23,62,14,0,6,94,35,4,3,18,0,0,52,5,0.439,0.34,0.779,12,0.303,0.324,20,50,53,0.94,1,0.35,3.69,0.15,32.1,0.263
2015,64944,박대온,NC,NC,9,0.286,33,22,21,2,6,1,0,0,7,3,0,1,0,0,0,6,1,0.333,0.273,0.606,1,0.333,0.0,1,7,3,2.33,1,0.0,3.73,0.048,1.5,0.206
2015,75441,조영훈,NC,NC,10,0.282,103,146,124,20,35,8,0,8,67,35,1,2,19,0,0,36,1,0.54,0.372,0.912,9,0.375,0.244,16,29,26,1.12,4,0.53,4.25,0.258,25.9,0.302
2015,73339,이종욱,NC,NC,11,0.268,125,504,440,63,118,25,2,5,162,52,4,3,54,6,3,78,5,0.368,0.35,0.718,29,0.256,0.0,32,119,128,0.93,6,0.69,3.99,0.1,60.7,0.25
2015,73306,지석훈,NC,NC,12,0.267,137,466,415,53,111,15,0,11,159,46,9,3,23,0,16,85,9,0.383,0.328,0.711,26,0.24,0.0,26,125,97,1.29,5,0.27,3.73,0.116,52.9,0.243
2015,62934,김성욱,NC,NC,13,0.258,125,204,182,32,47,8,1,3,66,26,0,1,17,0,4,52,4,0.363,0.333,0.696,9,0.268,0.333,12,33,51,0.65,2,0.33,3.64,0.104,21.7,0.241
2015,78122,김태군,NC,NC,14,0.254,144,474,421,45,107,24,0,6,149,52,11,7,25,0,10,77,12,0.354,0.307,0.661,26,0.238,0.0,30,125,119,1.05,5,0.32,3.66,0.1,45.9,0.227
2015,63913,최재원,NC,NC,15,0.247,114,102,85,31,21,8,0,2,35,13,1,0,10,0,6,29,1,0.412,0.366,0.778,2,0.259,0.333,10,20,15,1.33,0,0.34,4.23,0.165,14.2,0.268
2015,73213,손시헌,NC,NC,16,0.245,140,508,440,56,108,24,2,13,175,58,13,5,36,0,14,66,16,0.398,0.319,0.717,25,0.261,0.0,39,142,129,1.1,8,0.55,3.62,0.152,55.5,0.243
2015,74223,용덕한,NC,NC,17,0.243,91,157,140,12,34,6,0,1,43,13,5,0,8,0,4,26,2,0.307,0.303,0.61,5,0.2,0.0,7,55,25,2.2,1,0.31,3.36,0.064,13.1,0.213
2015,63920,김준완,NC,NC,18,0.227,30,54,44,12,10,0,0,0,10,2,0,0,10,0,0,10,1,0.227,0.37,0.597,2,0.273,0.0,0,15,9,1.67,0,1.0,4.26,0.0,4.9,0.223
2015,62917,강구성,NC,NC,19,0.2,4,5,5,0,1,1,0,0,2,0,0,0,0,0,0,0,0,0.4,0.2,0.6,0,0.0,0.25,1,3,1,3.0,0,,4.4,0.2,0.4,0.19
2015,62016,윤병호,NC,NC,20,0.111,9,9,9,0,1,0,0,0,1,0,0,0,0,0,0,4,0,0.111,0.111,0.222,0,0.0,0.0,0,4,0,,0,0.0,4.22,0.0,-0.3,0.078
2015,62931,노진혁,NC,NC,21,0.079,65,42,38,4,3,2,0,0,5,2,1,1,2,0,0,11,0,0.132,0.122,0.254,0,0.0,0.2,2,11,14,0.79,0,0.18,4.12,0.053,-0.2,0.088
2015,64906,강민국,NC,NC,22,0.0,1,2,2,0,0,0,0,0,0,0,0,0,0,0,0,1,0,0.0,0.0,0.0,0,0.0,0.0,0,0,1,0.0,0,0.0,4.5,0.0,-0.2,0.0
2015,64907,강장산,NC,NC,22,,2,0,0,0,0,0,0,0,0,0,0,0,0,0,0,0,0,,,,0,0.0,0.0,0,0,0,,0,,,,0.0,0.0
2015,78248,고창성,NC,NC,22,,1,0,0,0,0,0,0,0,0,0,0,0,0,0,0,0,0,,,,0,0.0,0.0,0,0,0,,0,,,,0.0,0.0
2015,64984,김태진,NC,NC,22,0.0,1,3,3,0,0,0,0,0,0,0,0,0,0,0,0,0,0,0.0,0.0,0.0,0,0.0,0.0,0,3,0,,0,,4.0,0.0,-0.3,0.0
2015,62920,노건우,NC,NC,22,,1,0,0,0,0,0,0,0,0,0,0,0,0,0,0,0,0,,,,0,0.0,0.0,0,0,0,,0,,,,0.0,0.0
2015,62967,마낙길,NC,NC,22,,1,0,0,0,0,0,0,0,0,0,0,0,0,0,0,0,0,,,,0,0.0,0.0,0,0,0,,0,,,,-0.3,0.0
2015,78366,민태호,NC,NC,22,,3,0,0,0,0,0,0,0,0,0,0,0,0,0,0,0,0,,,,0,0.0,0.0,0,0,0,,0,,,,0.0,0.0
2015,97571,손민한,NC,NC,22,,1,0,0,0,0,0,0,0,0,0,0,0,0,0,0,0,0,,,,0,0.0,0.0,0,0,0,,0,,,,0.0,0.0
2015,62929,이민호,NC,NC,22,,1,0,0,0,0,0,0,0,0,0,0,0,0,0,0,0,0,,,,0,0.0,0.0,0,0,0,,0,,,,0.0,0.0
2015,60304,이창섭,NC,NC,22,0.0,16,8,5,0,0,0,0,0,0,0,0,0,3,0,0,3,0,0.0,0.375,0.375,0,0.0,0.0,0,0,2,0.0,0,1.0,5.5,0.0,0.5,0.169
2015,61323,이태양,NC,NC,22,,1,0,0,0,0,0,0,0,0,0,0,0,0,0,0,0,0,,,,0,0.0,0.0,0,0,0,,0,,,,0.0,0.0
2015,98259,이혜천,NC,NC,22,,3,0,0,0,0,0,0,0,0,0,0,0,0,0,0,0,0,,,,0,0.0,0.0,0,0,0,,0,,,,0.0,0.0
2015,63959,임정호,NC,NC,22,,1,0,0,0,0,0,0,0,0,0,0,0,0,0,0,0,0,,,,0,0.0,0.0,0,0,0,,0,,,,0.0,0.0
2015,78352,임창민,NC,NC,22,,2,0,0,0,0,0,0,0,0,0,0,0,0,0,0,0,0,,,,0,0.0,0.0,0,0,0,,0,,,,0.0,0.0
2015,62966,최금강,NC,NC,22,,1,0,0,0,0,0,0,0,0,0,0,0,0,0,0,0,0,,,,0,0.0,0.0,0,0,0,,0,,,,0.0,0.0
2015,62908,황윤호,NC,NC,22,0.0,10,6,5,2,0,0,0,0,0,0,0,0,1,0,0,1,0,0.0,0.167,0.167,0,0.0,0.0,0,1,3,0.33,0,1.0,3.5,0.0,-0.1,0.075
2015,60496,김동은,KT,KT,1,0.429,23,38,35,2,15,2,0,0,17,3,0,1,2,0,0,6,0,0.486,0.447,0.933,3,0.333,1.0,2,5,10,0.5,1,0.33,3.24,0.057,7.3,0.323
2015,65005,마르테,KT,KT,2,0.348,115,487,425,85,148,32,1,20,242,89,0,8,51,7,2,60,19,0.569,0.414,0.983,44,0.305,0.5,53,88,137,0.64,7,0.85,3.57,0.221,88.3,0.329
2015,65052,댄블랙,KT,KT,3,0.333,54,225,198,25,66,10,1,12,114,32,0,0,25,2,2,52,4,0.576,0.413,0.989,17,0.291,0.0,23,41,39,1.05,5,0.48,4.0,0.242,42.2,0.33
2015,96610,장성호,KT,KT,4,0.309,49,114,94,11,29,4,0,1,36,16,0,1,17,0,2,15,3,0.383,0.421,0.804,5,0.419,0.55,5,31,20,1.55,0,1.13,4.38,0.074,16.3,0.285
2015,73153,이대형,KT,KT,5,0.302,140,616,546,86,165,23,3,0,194,37,10,1,53,0,6,92,5,0.355,0.37,0.725,44,0.29,0.667,26,236,54,4.37,2,0.58,3.77,0.053,76.6,0.255
2015,73113,박경수,KT,KT,6,0.284,137,537,440,75,125,30,1,22,223,73,6,4,74,1,13,115,8,0.507,0.399,0.906,38,0.288,0.333,53,99,105,0.94,7,0.64,4.28,0.223,89.1,0.306
2015,78548,장성우,KT,KT,7,0.284,133,491,433,55,123,20,1,13,184,77,3,9,46,1,0,85,12,0.425,0.346,0.771,31,0.286,0.0,34,123,111,1.11,10,0.54,4.0,0.141,64.2,0.262
2015,70646,김상현,KT,KT,8,0.28,134,539,475,71,133,20,0,27,234,88,0,6,50,4,8,115,21,0.493,0.354,0.847,37,0.25,0.667,47,140,93,1.51,3,0.43,4.02,0.213,77.5,0.283
2015,70553,박기혁,KT,KT,8,0.28,126,350,300,27,84,13,1,1,102,30,16,1,30,0,3,84,10,0.34,0.35,0.69,20,0.31,0.0,15,82,51,1.61,3,0.36,3.91,0.06,35.3,0.243
2015,64004,김민혁,KT,KT,10,0.276,82,179,156,21,43,2,3,0,51,10,7,0,14,0,2,30,3,0.327,0.343,0.67,13,0.289,0.308,5,56,27,2.07,0,0.47,3.96,0.051,17.7,0.236
2015,78892,윤요섭,KT,KT,11,0.264,74,159,148,17,39,4,0,9,70,28,2,2,6,0,1,39,5,0.473,0.293,0.766,5,0.256,0.25,13,39,33,1.18,1,0.15,3.62,0.209,19.7,0.25
2015,77104,박용근,KT,KT,12,0.263,27,86,76,7,20,6,0,0,26,4,3,0,7,0,0,15,4,0.342,0.325,0.667,5,0.286,0.0,6,28,13,2.15,0,0.47,3.67,0.079,7.4,0.232
2015,79453,오정복,KT,KT,13,0.259,66,278,239,34,62,11,1,5,90,29,2,1,33,0,3,26,3,0.377,0.355,0.732,18,0.362,1.0,17,79,73,1.08,5,1.27,4.17,0.117,33.7,0.254
2015,78517,하준호,KT,KT,14,0.258,80,279,248,33,64,10,0,6,92,26,2,1,21,1,7,73,2,0.371,0.332,0.703,18,0.217,0.083,16,60,52,1.15,1,0.29,4.1,0.113,32.7,0.242
2015,78753,김지열,KT,KT,15,0.254,72,248,228,31,58,7,1,7,88,27,3,0,16,1,1,75,3,0.386,0.306,0.692,17,0.293,0.0,15,46,49,0.94,3,0.21,3.93,0.132,27.6,0.234
2015,64012,송민섭,KT,KT,16,0.25,28,51,44,3,11,3,1,0,16,1,5,0,2,0,0,13,2,0.364,0.283,0.647,1,0.125,0.143,4,8,12,0.67,0,0.15,3.12,0.114,3.9,0.218
2015,78242,윤도경,KT,KT,16,0.25,4,4,4,0,1,0,0,0,1,1,0,0,0,0,0,1,0,0.25,0.25,0.5,0,0.5,0.25,0,1,1,1.0,0,0.0,4.25,0.0,0.2,0.175
2015,76469,모상기,KT,KT,18,0.231,8,15,13,2,3,0,0,0,3,0,0,0,2,0,0,5,0,0.231,0.333,0.564,1,0.25,0.0,0,0,5,0.0,0,0.4,4.0,0.0,1.2,0.208
2015,64013,이지찬,KT,KT,18,0.231,34,42,39,4,9,2,0,0,11,4,1,0,2,0,0,6,2,0.282,0.268,0.55,1,0.267,0.333,2,16,8,2.0,0,0.33,3.4,0.051,2.5,0.191
2015,63448,김영환,KT,KT,20,0.229,37,49,48,4,11,0,0,1,14,7,0,0,1,0,0,11,0,0.292,0.245,0.537,2,0.455,0.1,1,14,12,1.17,0,0.09,3.2,0.063,3.5,0.183
2015,71835,조중근,KT,KT,21,0.222,25,39,36,4,8,0,0,1,11,2,0,0,3,1,0,6,1,0.306,0.282,0.588,0,0.125,0.167,1,13,9,1.44,0,0.5,4.26,0.083,2.9,0.203
2015,79364,김종민,KT,KT,22,0.219,26,35,32,2,7,0,0,0,7,1,0,0,2,0,1,3,0,0.219,0.286,0.505,1,0.167,0.25,0,8,14,0.57,0,0.67,4.31,0.0,1.9,0.183
2015,63088,김진곤,KT,KT,23,0.212,67,87,85,11,18,1,0,0,19,6,1,0,0,0,1,20,0,0.224,0.221,0.445,3,0.304,0.25,1,29,18,1.61,0,0.0,3.37,0.012,3.5,0.155
2015,65040,김태훈,KT,KT,24,0.209,22,44,43,3,9,1,0,1,13,2,0,1,0,0,0,16,1,0.302,0.205,0.507,0,0.111,0.214,2,9,10,0.9,0,0.0,3.61,0.093,2.5,0.168
2015,71504,신명철,KT,KT,25,0.209,89,168,134,12,28,2,2,2,40,18,6,1,27,2,0,37,5,0.299,0.34,0.639,4,0.214,0.278,6,44,26,1.69,0,0.73,4.42,0.09,15.5,0.228
2015,77462,김동욱,KT,KT,26,0.196,21,66,51,8,10,3,0,0,13,3,1,0,13,1,1,16,1,0.255,0.369,0.624,2,0.15,0.5,3,14,11,1.27,0,0.81,4.52,0.059,6.0,0.23
2015,64006,심우준,KT,KT,27,0.169,106,146,142,16,24,7,0,1,34,14,2,0,2,0,0,35,4,0.239,0.181,0.42,3,0.19,0.0,8,44,39,1.13,1,0.06,3.45,0.07,3.1,0.141
2015,64007,문상철,KT,KT,28,0.163,51,88,80,10,13,3,0,2,22,6,1,0,7,0,0,32,1,0.275,0.23,0.505,2,0.308,0.214,5,18,17,1.06,0,0.22,3.74,0.113,4.8,0.172
2015,64560,이창진,KT,KT,29,0.158,13,20,19,1,3,1,0,0,4,0,0,0,1,0,0,6,0,0.211,0.2,0.411,0,0.0,0.0,1,4,6,0.67,0,0.17,3.4,0.053,0.6,0.143
2015,64166,배정대,KT,KT,30,0.092,66,68,65,8,6,1,0,1,10,2,1,0,1,0,1,23,1,0.154,0.119,0.273,0,0.0,0.111,2,17,19,0.89,0,0.04,3.69,0.062,-0.4,0.092
2015,64001,고영표,KT,KT,31,,1,0,0,0,0,0,0,0,0,0,0,0,0,0,0,0,0,,,,0,0.0,0.0,0,0,0,,0,,,,0.0,0.0
2015,76119,김기표,KT,KT,31,,2,0,0,0,0,0,0,0,0,0,0,0,0,0,0,0,0,,,,0,0.0,0.0,0,0,0,,0,,,,0.0,0.0
2015,65048,김민수,KT,KT,31,,2,0,0,0,0,0,0,0,0,0,0,0,0,0,0,0,0,,,,0,0.0,0.0,0,0,0,,0,,,,0.0,0.0
2015,99563,김사율,KT,KT,31,,1,0,0,0,0,0,0,0,0,0,0,0,0,0,0,0,0,,,,0,0.0,0.0,0,0,0,,0,,,,0.0,0.0
2015,79191,배우열,KT,KT,31,,1,0,0,0,0,0,0,0,0,0,0,0,0,0,0,0,0,,,,0,0.0,0.0,0,0,0,,0,,,,0.0,0.0
2015,64017,심재민,KT,KT,31,,1,0,0,0,0,0,0,0,0,0,0,0,0,0,0,0,0,,,,0,0.0,0.0,0,0,0,,0,,,,0.0,0.0
2015,64041,안현준,KT,KT,31,,1,0,0,0,0,0,0,0,0,0,0,0,0,0,0,0,0,,,,0,0.0,0.0,0,0,0,,0,,,,0.0,0.0
2015,62537,윤수강,KT,KT,31,0.0,2,2,2,0,0,0,0,0,0,0,0,0,0,0,0,1,0,0.0,0.0,0.0,0,0.0,0.0,0,1,0,,0,0.0,3.5,0.0,-0.2,0.0
2015,60343,이해창,KT,KT,31,0.0,5,4,3,0,0,0,0,0,0,0,0,0,0,0,1,2,0,0.0,0.25,0.25,0,0.0,0.0,0,1,0,,0,0.0,2.5,0.0,0.1,0.113
2015,77318,장시환,KT,KT,31,,3,0,0,0,0,0,0,0,0,0,0,0,0,0,0,0,0,,,,0,0.0,0.0,0,0,0,,0,,,,0.0,0.0
2015,60264,정대현,KT,KT,31,,1,0,0,0,0,0,0,0,0,0,0,0,0,0,0,0,0,,,,0,0.0,0.0,0,0,0,,0,,,,0.0,0.0
2015,65067,조무근,KT,KT,31,,1,0,0,0,0,0,0,0,0,0,0,0,0,0,0,0,0,,,,0,0.0,0.0,0,0,0,,0,,,,0.0,0.0
2015,65042,홍성무,KT,KT,31,,3,1,0,0,0,0,0,0,0,1,0,1,0,0,0,0,0,,0.0,0.0,0,0.0,0.0,0,0,1,0.0,0,,6.0,,0.4,0.0
2015,75149,홍성용,KT,KT,31,,1,0,0,0,0,0,0,0,0,0,0,0,0,0,0,0,0,,,,0,0.0,0.0,0,0,0,,0,,,,0.0,0.0
2015,72261,황덕균,KT,KT,31,,1,0,0,0,0,0,0,0,0,0,0,0,0,0,0,0,0,,,,0,0.0,0.0,0,0,0,,0,,,,0.0,0.0
2015,77532,손아섭,롯데,LT,1,0.317,116,517,445,86,141,28,1,13,210,54,0,3,68,3,1,96,6,0.472,0.406,0.878,39,0.354,0.0,42,144,67,2.15,7,0.71,4.15,0.155,83.4,0.301
2015,65523,아두치,롯데,LT,2,0.314,132,594,526,105,165,34,5,28,293,106,1,4,55,8,8,118,9,0.557,0.384,0.941,45,0.354,0.75,67,140,107,1.31,10,0.47,4.02,0.243,105.6,0.312
2015,74540,강민호,롯데,LT,3,0.311,123,456,380,63,118,18,1,35,243,86,0,2,60,2,14,112,14,0.639,0.421,1.06,32,0.322,0.167,54,73,79,0.92,7,0.54,4.21,0.329,92.5,0.349
2015,71552,최준석,롯데,LT,4,0.306,144,618,507,78,155,18,1,31,268,109,1,1,108,4,1,134,17,0.529,0.428,0.957,38,0.34,0.0,50,129,90,1.43,10,0.81,4.51,0.223,109.2,0.325
2015,76509,김문호,롯데,LT,5,0.306,93,325,288,35,88,13,0,4,113,31,6,2,25,0,4,45,11,0.392,0.367,0.759,25,0.28,0.167,17,94,63,1.49,1,0.56,3.66,0.087,38.9,0.263
2015,60523,정훈,롯데,LT,6,0.3,135,562,486,85,146,27,2,9,204,62,7,3,52,2,14,102,14,0.42,0.382,0.802,40,0.295,0.429,38,128,113,1.13,2,0.51,4.04,0.119,76.5,0.277
2015,76313,황재균,롯데,LT,7,0.29,144,596,534,95,155,41,2,26,278,97,4,6,48,1,4,122,14,0.521,0.35,0.871,43,0.242,0.308,69,109,154,0.71,7,0.39,3.71,0.23,90.5,0.288
2015,60558,오태곤,롯데,LT,8,0.275,122,353,327,57,90,18,1,8,134,43,4,1,17,0,4,100,9,0.41,0.318,0.728,23,0.198,0.0,27,66,72,0.92,3,0.17,3.74,0.135,40.7,0.246
2015,64504,오윤석,롯데,LT,9,0.273,29,36,33,7,9,1,0,1,13,3,1,0,2,0,0,8,2,0.394,0.314,0.708,2,0.333,0.2,2,8,8,1.0,0,0.25,3.92,0.121,3.4,0.24
2015,77669,김주현,롯데,LT,10,0.26,47,79,73,7,19,4,0,2,29,12,1,0,5,0,0,19,3,0.397,0.308,0.705,1,0.286,0.31,6,19,16,1.19,2,0.26,3.84,0.137,8.1,0.238
2015,71562,박종윤,롯데,LT,11,0.255,98,326,314,29,80,11,3,4,109,28,1,1,7,2,3,38,11,0.347,0.277,0.624,20,0.224,0.091,18,107,90,1.19,6,0.18,3.51,0.092,25.7,0.211
2015,72546,문규현,롯데,LT,12,0.245,105,298,265,24,65,12,1,2,85,25,15,3,14,0,1,39,6,0.321,0.283,0.604,15,0.2,0.0,15,91,73,1.25,0,0.36,3.57,0.075,23.9,0.208
2015,61554,김민하,롯데,LT,13,0.241,54,141,116,18,28,6,0,1,37,8,3,0,18,0,4,40,4,0.319,0.362,0.681,6,0.226,0.0,7,23,25,0.92,3,0.45,3.91,0.078,14.2,0.243
2015,64022,안중열,롯데,LT,14,0.24,80,137,125,16,30,10,0,1,43,14,4,1,7,0,0,31,4,0.344,0.278,0.622,7,0.25,0.0,11,34,31,1.1,1,0.23,3.5,0.104,11.1,0.211
2015,71565,이우민,롯데,LT,15,0.227,75,174,141,18,32,4,0,4,48,18,17,0,10,0,6,43,2,0.34,0.306,0.646,5,0.265,0.25,8,43,23,1.87,0,0.23,3.89,0.113,16.2,0.223
2015,76536,손용석,롯데,LT,16,0.217,38,74,69,4,15,2,0,0,17,2,4,0,1,0,0,11,2,0.246,0.229,0.475,3,0.125,0.125,2,25,18,1.39,0,0.09,3.04,0.029,2.8,0.165
2015,78850,오현근,롯데,LT,17,0.214,20,36,28,3,6,2,0,0,8,3,2,0,6,0,0,6,0,0.286,0.353,0.639,1,0.364,0.167,2,8,8,1.0,0,1.0,4.17,0.071,3.4,0.23
2015,78536,김대우,롯데,LT,18,0.174,39,100,92,9,16,1,1,3,28,9,2,0,5,0,1,39,2,0.304,0.224,0.528,3,0.174,0.111,5,22,15,1.47,0,0.13,4.03,0.13,6.0,0.177
2015,62558,김준태,롯데,LT,19,0.154,27,31,26,0,4,0,0,0,4,0,1,0,4,0,0,12,1,0.154,0.267,0.421,1,0.0,0.0,0,4,6,0.67,0,0.33,3.9,0.0,1.0,0.159
2015,99507,임재철,롯데,LT,19,0.154,38,63,52,6,8,2,0,1,13,3,3,0,7,0,1,16,1,0.25,0.267,0.517,2,0.059,0.125,3,18,10,1.8,1,0.44,4.52,0.096,3.8,0.183
2015,65513,김대륙,롯데,LT,21,0.148,71,63,54,6,8,0,0,0,8,1,2,0,7,0,0,17,2,0.148,0.246,0.394,1,0.091,0.0,0,17,12,1.42,0,0.41,4.08,0.0,1.1,0.148
2015,65515,강로한,롯데,LT,22,0.125,22,8,8,2,1,0,0,0,1,0,0,0,0,0,0,6,0,0.125,0.125,0.25,0,0.0,0.0,0,1,0,,0,0.0,4.63,0.0,-0.2,0.088
2015,65506,김재유,롯데,LT,23,0.111,18,10,9,3,1,0,0,0,1,1,0,0,0,0,1,3,0,0.111,0.2,0.311,0,0.5,0.333,0,5,0,,0,0.0,3.2,0.0,0.3,0.118
2015,64021,박세웅,롯데,LT,24,,1,0,0,0,0,0,0,0,0,0,0,0,0,0,0,0,0,,,,0,0.0,0.0,0,0,0,,0,,,,0.0,0.0
2015,71815,박준서,롯데,LT,24,0.0,3,5,5,0,0,0,0,0,0,0,0,0,0,0,0,3,0,0.0,0.0,0.0,0,0.0,0.0,0,2,0,,0,0.0,3.6,0.0,-0.5,0.0
2015,63512,박진형,롯데,LT,24,,1,0,0,0,0,0,0,0,0,0,0,0,0,0,0,0,0,,,,0,0.0,0.0,0,0,0,,0,,,,0.0,0.0
2015,76540,배장호,롯데,LT,24,,1,0,0,0,0,0,0,0,0,0,0,0,0,0,0,0,0,,,,0,0.0,0.0,0,0,0,,0,,,,0.0,0.0
2015,63559,백동훈,롯데,LT,24,0.0,8,9,7,1,0,0,0,0,0,0,0,0,1,0,1,1,0,0.0,0.222,0.222,0,0.0,0.0,0,5,1,5.0,0,1.0,3.44,0.0,0.0,0.1
2015,74167,심수창,롯데,LT,24,,2,0,0,0,0,0,0,0,0,0,0,0,0,0,0,0,0,,,,0,0.0,0.0,0,0,0,,0,,,,0.0,0.0
2015,63935,이성민,롯데,LT,24,,3,0,0,0,0,0,0,0,0,0,0,0,0,0,0,0,0,,,,0,0.0,0.0,0,0,0,,0,,,,0.0,0.0
2015,76435,이여상,롯데,LT,24,0.0,6,6,5,1,0,0,0,0,0,0,0,0,1,0,0,3,0,0.0,0.167,0.167,0,0.0,0.0,0,2,0,,0,0.33,5.33,0.0,-0.1,0.075
2015,72551,이정민,롯데,LT,24,,3,0,0,0,0,0,0,0,0,0,0,0,0,0,0,0,0,,,,0,0.0,0.0,0,0,0,,0,,,,0.0,0.0
2015,63593,조홍석,롯데,LT,24,0.0,3,1,1,0,0,0,0,0,0,0,0,0,0,0,0,0,0,0.0,0.0,0.0,0,0.0,0.0,0,1,0,,0,,6.0,0.0,-0.1,0.0
2015,62655,홍성민,롯데,LT,24,,2,0,0,0,0,0,0,0,0,0,0,0,0,0,0,0,0,,,,0,0.0,0.0,0,0,0,,0,,,,0.0,0.0
2015,76562,황동채,롯데,LT,24,0.0,2,2,2,1,0,0,0,0,0,0,0,0,0,0,0,1,0,0.0,0.0,0.0,0,0.0,0.0,0,0,1,0.0,0,0.0,4.0,0.0,-0.2,0.0
2015,78566,황진수,롯데,LT,24,0.0,2,2,2,0,0,0,0,0,0,0,0,0,0,0,0,0,0,0.0,0.0,0.0,0,0.0,0.0,0,1,1,1.0,0,,3.0,0.0,-0.2,0.0
2015,70410,김주찬,KIA,HT,1,0.327,98,377,333,66,109,23,2,18,190,62,1,8,23,3,12,58,10,0.571,0.383,0.954,36,0.294,0.222,43,79,95,0.83,7,0.4,3.79,0.243,68.7,0.315
2015,64699,필,KIA,HT,2,0.325,143,591,536,81,174,35,1,22,277,101,0,9,43,6,3,74,12,0.517,0.372,0.889,55,0.333,0.5,58,139,158,0.88,15,0.58,3.56,0.192,96.1,0.297
2015,65610,황대인,KIA,HT,3,0.273,22,44,44,3,12,2,0,2,20,7,0,0,0,0,0,18,3,0.455,0.273,0.728,2,0.273,0.231,4,8,6,1.33,0,0.0,2.91,0.182,4.2,0.237
2015,70756,이범호,KIA,HT,4,0.27,138,514,437,60,118,25,0,28,227,79,0,4,57,1,16,91,16,0.519,0.372,0.891,29,0.245,0.0,53,99,133,0.74,7,0.63,4.02,0.249,80.9,0.297
2015,71207,김원섭,KIA,HT,5,0.267,110,341,277,45,74,13,3,5,108,33,6,2,53,0,3,46,5,0.39,0.388,0.778,16,0.308,0.059,21,80,79,1.01,3,1.15,4.37,0.123,45.6,0.272
2015,72559,신종길,KIA,HT,6,0.262,99,348,313,56,82,13,4,5,118,28,4,0,25,0,6,80,3,0.377,0.328,0.705,20,0.226,0.154,22,92,59,1.56,3,0.31,4.02,0.115,40.7,0.242
2015,72303,김민우,KIA,HT,7,0.26,90,315,269,28,70,16,1,6,106,34,21,3,21,0,1,75,3,0.394,0.313,0.707,18,0.254,0.0,23,62,65,0.95,5,0.28,4.12,0.134,35.0,0.239
2015,77623,최희섭,KIA,HT,8,0.256,42,149,125,18,32,3,0,6,53,20,0,1,22,0,1,34,2,0.424,0.369,0.793,9,0.344,0.429,9,33,27,1.22,1,0.65,4.27,0.168,21.1,0.272
2015,78629,나지완,KIA,HT,9,0.253,116,368,304,34,77,16,0,7,114,31,0,2,46,3,16,79,10,0.375,0.378,0.753,23,0.198,0.133,23,66,84,0.79,1,0.58,4.23,0.122,45.6,0.264
2015,78765,김다원,KIA,HT,10,0.245,108,274,245,31,60,9,0,5,84,30,0,2,15,0,12,67,8,0.343,0.318,0.661,11,0.333,0.222,14,65,55,1.18,3,0.22,4.03,0.098,26.6,0.229
2015,78643,백용환,KIA,HT,11,0.234,65,177,154,22,36,6,0,10,72,30,0,3,19,0,1,47,5,0.468,0.316,0.784,3,0.171,0.3,16,37,37,1.0,6,0.4,4.17,0.234,24.0,0.259
2015,74605,김주형,KIA,HT,12,0.229,45,88,83,2,19,3,0,2,28,3,0,0,3,0,2,22,3,0.337,0.273,0.61,3,0.05,0.348,5,15,27,0.56,0,0.14,3.45,0.108,6.7,0.207
2015,78666,최용규,KIA,HT,13,0.225,69,200,182,23,41,4,3,2,57,18,1,2,14,1,1,43,2,0.313,0.281,0.594,10,0.224,0.333,9,59,41,1.44,1,0.33,4.21,0.088,16.8,0.205
2015,71184,이성우,KIA,HT,14,0.222,79,134,117,8,26,8,0,1,37,16,5,3,9,1,0,20,5,0.316,0.271,0.587,4,0.297,0.0,9,46,28,1.64,3,0.45,3.78,0.094,9.8,0.201
2015,65653,김호령,KIA,HT,15,0.218,103,283,257,31,56,10,2,1,73,21,6,0,15,0,5,83,2,0.284,0.274,0.558,10,0.353,0.667,13,67,51,1.31,1,0.18,3.92,0.066,21.1,0.194
2015,63634,이홍구,KIA,HT,16,0.216,112,246,222,25,48,10,1,12,96,39,5,0,12,1,7,64,3,0.432,0.278,0.71,9,0.217,0.121,23,47,63,0.75,7,0.19,3.53,0.216,27.5,0.233
2015,61743,오준혁,KIA,HT,17,0.213,32,86,80,11,17,2,0,2,25,10,1,2,2,0,1,22,4,0.313,0.235,0.548,3,0.267,0.111,4,26,17,1.53,0,0.09,3.42,0.1,5.2,0.184
2015,64610,강한울,KIA,HT,18,0.205,90,292,264,30,54,8,3,0,68,12,12,0,13,0,3,51,2,0.258,0.25,0.508,11,0.167,0.333,11,91,68,1.34,0,0.25,3.92,0.053,16.6,0.177
2015,74103,박기남,KIA,HT,19,0.203,51,93,69,8,14,3,0,0,17,3,3,0,21,0,0,19,3,0.246,0.389,0.635,2,0.176,0.167,3,21,15,1.4,0,1.11,4.15,0.043,8.6,0.237
2015,60648,이인행,KIA,HT,20,0.2,20,33,30,0,6,0,0,0,6,0,1,0,2,0,0,9,0,0.2,0.25,0.45,1,0.0,0.125,0,6,9,0.67,0,0.22,3.61,0.0,1.5,0.163
2015,64646,박찬호,KIA,HT,21,0.182,69,150,137,13,25,5,1,0,32,6,4,0,9,0,0,37,2,0.234,0.233,0.467,3,0.148,0.0,6,46,29,1.59,0,0.24,4.07,0.051,6.5,0.163
2015,73602,차일목,KIA,HT,22,0.174,11,25,23,0,4,0,0,0,4,2,0,0,2,0,0,4,1,0.174,0.24,0.414,0,0.091,0.0,0,8,7,1.14,0,0.5,3.88,0.0,0.6,0.152
2015,62668,윤해진,KIA,HT,23,0.171,28,38,35,4,6,1,0,1,10,2,1,1,0,0,1,8,0,0.286,0.189,0.475,0,0.0,0.333,2,12,10,1.2,0,0.0,3.32,0.114,2.2,0.157
2015,64602,이은총,KIA,HT,23,0.171,11,38,35,3,6,1,0,0,7,3,1,0,1,0,1,7,0,0.2,0.216,0.416,2,0.111,0.0,1,12,10,1.2,1,0.14,3.95,0.029,1.3,0.147
2015,64657,박준태,KIA,HT,25,0.167,51,88,66,15,11,2,1,0,15,4,3,0,13,0,6,20,0,0.227,0.353,0.58,2,0.125,0.333,3,18,17,1.06,0,0.65,3.99,0.061,8.0,0.216
2015,60658,최병연,KIA,HT,25,0.167,19,7,6,2,1,0,0,0,1,0,0,0,0,0,1,2,0,0.167,0.286,0.453,0,0.0,0.0,0,2,1,2.0,0,0.0,5.86,0.0,0.4,0.17
2015,63636,고장혁,KIA,HT,27,0.154,82,57,52,17,8,2,0,1,13,4,1,0,4,0,0,15,0,0.25,0.214,0.464,1,0.154,0.0,3,17,12,1.42,0,0.27,4.11,0.096,3.0,0.159
2015,77648,이호신,KIA,HT,28,0.14,54,62,50,9,7,1,0,0,8,3,3,1,6,0,2,16,1,0.16,0.254,0.414,0,0.222,0.0,1,14,14,1.0,0,0.38,4.29,0.02,3.1,0.154
2015,63704,노수광,KIA,HT,29,0.083,10,14,12,2,1,1,0,0,2,1,0,0,2,0,0,7,0,0.167,0.214,0.381,0,0.0,0.0,1,2,2,1.0,0,0.29,4.79,0.083,0.4,0.138
2015,70142,김광수,KIA,HT,30,,2,0,0,0,0,0,0,0,0,0,0,0,0,0,0,0,0,,,,0,0.0,0.0,0,0,0,,0,,,,0.0,0.0
2015,62349,김병현,KIA,HT,30,,1,0,0,0,0,0,0,0,0,0,0,0,0,0,0,0,0,,,,0,0.0,0.0,0,0,0,,0,,,,0.0,0.0
2015,78823,김준,KIA,HT,30,,1,0,0,0,0,0,0,0,0,0,0,0,0,0,0,0,0,,,,0,0.0,0.0,0,0,0,,0,,,,0.0,0.0
2015,71255,김태영,KIA,HT,30,,3,0,0,0,0,0,0,0,0,0,0,0,0,0,0,0,0,,,,0,0.0,0.0,0,0,0,,0,,,,0.0,0.0
2015,65643,문경찬,KIA,HT,30,,2,0,0,0,0,0,0,0,0,0,0,0,0,0,0,0,0,,,,0,0.0,0.0,0,0,0,,0,,,,0.0,0.0
2015,65639,박정수,KIA,HT,30,,4,0,0,0,0,0,0,0,0,0,0,0,0,0,0,0,0,,,,0,0.0,0.0,0,0,0,,0,,,,0.0,0.0
2015,63638,박준표,KIA,HT,30,,1,0,0,0,0,0,0,0,0,0,0,0,0,0,0,0,0,,,,0,0.0,0.0,0,0,0,,0,,,,0.0,0.0
2015,65658,스틴슨,KIA,HT,30,0.0,1,1,1,0,0,0,0,0,0,0,0,0,0,0,0,1,0,0.0,0.0,0.0,0,0.0,0.0,0,0,0,,0,0.0,3.0,0.0,-0.1,0.0
2015,60636,심동섭,KIA,HT,30,,4,0,0,0,0,0,0,0,0,0,0,0,0,0,0,0,0,,,,0,0.0,0.0,0,0,0,,0,,,,0.0,0.0
2015,65630,에반,KIA,HT,30,,1,0,0,0,0,0,0,0,0,0,0,0,0,0,0,0,0,,,,0,0.0,0.0,0,0,0,,0,,,,0.0,0.0
2015,75620,윤석민,KIA,HT,30,,4,0,0,0,0,0,0,0,0,0,0,0,0,0,0,0,0,,,,0,0.0,0.0,0,0,0,,0,,,,0.0,0.0
2015,75706,전현태,KIA,HT,30,0.0,2,2,2,0,0,0,0,0,0,0,0,0,0,0,0,1,0,0.0,0.0,0.0,0,0.0,0.0,0,1,0,,0,0.0,5.5,0.0,-0.2,0.0
2015,97336,최영필,KIA,HT,30,,3,0,0,0,0,0,0,0,0,0,0,0,0,0,0,0,0,,,,0,0.0,0.0,0,0,0,,0,,,,0.0,0.0
2015,76610,한기주,KIA,HT,30,,1,0,0,0,0,0,0,0,0,0,0,0,0,0,0,0,0,,,,0,0.0,0.0,0,0,0,,0,,,,0.0,0.0
2015,61666,한승혁,KIA,HT,30,,6,0,0,0,0,0,0,0,0,0,0,0,0,0,0,0,0,,,,0,0.0,0.0,0,0,0,,0,,,,0.0,0.0
2015,65659,험버,KIA,HT,30,,1,0,0,0,0,0,0,0,0,0,0,0,0,0,0,0,0,,,,0,0.0,0.0,0,0,0,,0,,,,0.0,0.0
2015,61643,홍건희,KIA,HT,30,,1,0,0,0,0,0,0,0,0,0,0,0,0,0,0,0,0,,,,0,0.0,0.0,0,0,0,,0,,,,0.0,0.0
2015,63698,황수현,KIA,HT,30,0.0,2,2,2,0,0,0,0,0,0,0,0,0,0,0,0,1,0,0.0,0.0,0.0,0,0.0,0.0,0,0,1,0.0,0,0.0,4.0,0.0,-0.2,0.0
2015,79215,박건우,두산,OB,1,0.342,70,175,158,31,54,12,0,5,81,26,2,0,12,0,3,29,2,0.513,0.399,0.912,14,0.444,0.429,17,35,40,0.88,4,0.41,3.59,0.171,29.2,0.308
2015,60288,김응민,두산,OB,2,0.333,4,3,3,1,1,0,0,1,4,2,0,0,0,0,0,0,1,1.333,0.333,1.666,0,0.0,0.5,1,1,1,1.0,0,,3.67,1.0,0.9,0.483
2015,72214,고영민,두산,OB,3,0.328,41,77,67,13,22,1,0,3,32,11,0,1,6,0,3,22,4,0.478,0.403,0.881,6,0.24,0.444,4,8,16,0.5,1,0.27,3.75,0.149,11.8,0.301
2015,76290,김현수,두산,OB,4,0.326,141,630,512,103,167,26,0,28,277,121,0,9,101,12,8,63,13,0.541,0.438,0.979,50,0.333,0.0,54,146,145,1.01,13,1.6,3.72,0.215,118.9,0.332
2015,76232,양의지,두산,OB,5,0.326,132,513,442,70,144,27,0,20,231,93,2,6,39,3,24,64,7,0.523,0.405,0.928,45,0.283,0.4,47,81,159,0.51,12,0.61,3.78,0.197,89.9,0.313
2015,79240,허경민,두산,OB,6,0.317,117,453,404,64,128,20,2,1,155,41,8,3,31,0,7,42,11,0.384,0.373,0.757,36,0.274,0.0,23,136,101,1.35,1,0.74,3.66,0.067,56.0,0.264
2015,74206,김재호,두산,OB,7,0.307,133,488,410,63,126,24,3,3,165,50,14,7,54,0,3,42,18,0.402,0.386,0.788,33,0.306,0.0,30,101,148,0.68,6,1.29,3.85,0.095,63.3,0.274
2015,76249,민병헌,두산,OB,8,0.303,129,561,491,80,149,20,2,12,209,75,6,6,50,0,8,74,15,0.426,0.373,0.799,47,0.323,0.5,34,131,143,0.92,6,0.68,3.78,0.122,76.8,0.274
2015,79231,정수빈,두산,OB,9,0.295,128,570,491,79,145,27,7,2,192,59,19,6,43,1,11,70,9,0.391,0.361,0.752,42,0.32,0.0,36,172,110,1.56,5,0.61,3.78,0.096,70.1,0.26
2015,75334,오재일,두산,OB,10,0.289,66,213,180,33,52,11,1,14,107,36,1,2,28,2,2,49,5,0.594,0.387,0.981,14,0.205,0.25,26,29,52,0.56,4,0.57,3.79,0.306,39.2,0.323
2015,76267,최주환,두산,OB,11,0.282,100,270,238,34,67,16,2,5,102,32,3,1,25,2,3,34,6,0.429,0.356,0.785,18,0.299,0.214,23,70,68,1.03,2,0.74,4.04,0.147,33.8,0.267
2015,77248,오재원,두산,OB,12,0.28,120,474,411,60,115,20,2,11,172,59,7,4,47,1,4,94,9,0.418,0.356,0.774,27,0.293,0.4,33,108,98,1.1,6,0.5,4.15,0.139,64.6,0.265
2015,62265,유민상,두산,OB,13,0.263,15,45,38,5,10,1,0,1,14,6,0,1,5,0,1,9,1,0.368,0.356,0.724,2,0.167,0.0,2,8,12,0.67,2,0.56,4.29,0.105,5.8,0.252
2015,99222,홍성흔,두산,OB,14,0.262,93,352,301,39,79,12,0,7,112,46,4,0,42,1,5,59,13,0.372,0.362,0.734,17,0.307,0.3,19,84,79,1.06,4,0.71,4.09,0.11,40.6,0.256
2015,65233,로메로,두산,OB,15,0.253,76,305,265,30,67,16,0,12,119,50,0,7,29,1,4,48,9,0.449,0.328,0.777,16,0.256,0.0,28,64,92,0.7,4,0.6,3.86,0.196,40.8,0.26
2015,78224,김재환,두산,OB,16,0.235,48,180,153,24,36,8,0,7,65,22,1,2,22,1,2,39,6,0.425,0.335,0.76,5,0.171,0.0,15,44,36,1.22,2,0.56,3.86,0.19,22.5,0.257
2015,61208,정진호,두산,OB,17,0.234,77,172,154,37,36,5,3,4,59,18,3,0,14,0,1,24,0,0.383,0.302,0.685,7,0.205,0.0,12,55,39,1.41,3,0.58,3.49,0.149,19.0,0.232
2015,79290,국해성,두산,OB,18,0.2,11,26,20,6,4,1,0,1,8,5,1,2,2,0,1,5,2,0.4,0.28,0.68,0,0.167,0.0,2,7,6,1.17,0,0.4,3.46,0.2,2.7,0.226
2015,62234,류지혁,두산,OB,18,0.2,14,5,5,3,1,0,0,0,1,0,0,0,0,0,0,3,0,0.2,0.2,0.4,0,0.0,0.0,0,1,0,,0,0.0,4.2,0.0,0.1,0.14
2015,71347,장민석,두산,OB,20,0.189,53,63,53,15,10,2,0,0,12,4,1,1,7,0,1,13,0,0.226,0.29,0.516,2,0.167,0.143,2,14,17,0.82,0,0.54,3.59,0.038,4.3,0.187
2015,79234,김진형,두산,OB,21,0.167,14,21,18,3,3,2,0,1,8,2,0,0,3,0,0,7,1,0.444,0.286,0.73,1,0.2,0.333,3,4,4,1.0,0,0.43,3.9,0.278,2.1,0.24
2015,78288,최재훈,두산,OB,22,0.152,71,114,99,6,15,3,0,0,18,7,3,1,3,0,8,19,6,0.182,0.234,0.416,1,0.179,0.0,3,35,31,1.13,0,0.16,3.64,0.03,2.5,0.151
2015,79530,양종민,두산,OB,23,0.125,32,18,16,6,2,0,0,1,5,2,0,0,2,0,0,5,0,0.313,0.222,0.535,0,0.0,0.333,1,1,8,0.13,0,0.4,3.78,0.188,1.0,0.178
2015,65203,루츠,두산,OB,24,0.111,8,30,27,2,3,0,0,1,6,3,0,1,2,0,0,6,1,0.222,0.167,0.389,0,0.143,0.0,1,10,9,1.11,0,0.33,3.83,0.111,0.9,0.131
2015,73211,노경은,두산,OB,25,,1,0,0,0,0,0,0,0,0,0,0,0,0,0,0,0,0,,,,0,0.0,0.0,0,0,0,,0,,,,0.0,0.0
2015,61240,니퍼트,두산,OB,25,,1,0,0,0,0,0,0,0,0,0,0,0,0,0,0,0,0,,,,0,0.0,0.0,0,0,0,,0,,,,0.0,0.0
2015,61268,양현,두산,OB,25,,1,0,0,0,0,0,0,0,0,0,0,0,0,0,0,0,0,,,,0,0.0,0.0,0,0,0,,0,,,,0.0,0.0
2015,77229,이원재,두산,OB,25,,1,0,0,0,0,0,0,0,0,0,0,0,0,0,0,0,0,,,,0,0.0,0.0,0,0,0,,0,,,,0.0,0.0
2015,76329,이현승,두산,OB,25,,2,0,0,0,0,0,0,0,0,0,0,0,0,0,0,0,0,,,,0,0.0,0.0,0,0,0,,0,,,,0.0,0.0
2015,78257,진야곱,두산,OB,25,,2,0,0,0,0,0,0,0,0,0,0,0,0,0,0,0,0,,,,0,0.0,0.0,0,0,0,,0,,,,0.0,0.0
2015,61197,최영진,두산,OB,25,0.0,1,1,1,0,0,0,0,0,0,0,0,0,0,0,0,0,0,0.0,0.0,0.0,0,0.0,0.0,0,0,1,0.0,0,,9.0,0.0,-0.1,0.0
2015,63248,함덕주,두산,OB,25,,2,0,0,0,0,0,0,0,0,0,0,0,0,0,0,0,0,,,,0,0.0,0.0,0,0,0,,0,,,,0.0,0.0
2015,74339,유한준,넥센,WO,1,0.362,139,598,520,103,188,42,1,23,301,116,1,8,67,2,2,71,13,0.579,0.43,1.009,62,0.395,1.0,66,131,138,0.95,9,0.94,4.01,0.217,116.0,0.338
2015,75125,박병호,넥센,WO,2,0.343,140,622,528,129,181,35,1,53,377,146,0,4,78,6,12,161,10,0.714,0.436,1.15,50,0.375,0.0,89,87,103,0.84,16,0.48,4.05,0.371,144.7,0.375
2015,65399,허정협,넥센,WO,3,0.333,4,6,6,1,2,0,0,0,2,0,0,0,0,0,0,3,0,0.333,0.333,0.666,0,0.0,0.0,0,1,0,,0,0.0,3.83,0.0,0.6,0.233
2015,61366,홍성갑,넥센,WO,3,0.333,7,10,9,0,3,0,0,0,3,2,0,0,1,0,0,4,0,0.333,0.4,0.733,0,0.75,0.4,0,2,0,,0,0.25,4.7,0.0,1.3,0.263
2015,73342,이택근,넥센,WO,5,0.326,105,401,347,61,113,16,1,10,161,44,3,4,44,4,3,53,8,0.464,0.402,0.866,26,0.277,0.3,27,95,90,1.06,2,0.83,4.02,0.138,62.8,0.297
2015,61353,고종욱,넥센,WO,6,0.31,119,443,407,81,126,25,4,10,189,51,4,1,25,1,6,81,10,0.464,0.358,0.822,37,0.284,0.286,39,110,91,1.21,7,0.31,3.85,0.155,60.9,0.277
2015,77564,김민성,넥센,WO,7,0.303,118,489,445,60,135,24,0,16,207,71,2,3,31,1,8,62,15,0.465,0.357,0.822,40,0.257,0.333,40,120,131,0.92,2,0.5,3.94,0.162,68.1,0.277
2015,78168,서건창,넥센,WO,8,0.298,85,368,312,52,93,24,4,3,134,37,11,2,42,0,1,24,7,0.429,0.381,0.81,28,0.387,0.5,31,112,85,1.32,5,1.75,3.66,0.131,51.0,0.279
2015,74215,윤석민,넥센,WO,9,0.294,108,418,361,54,106,24,1,14,174,71,5,7,37,1,8,62,16,0.482,0.366,0.848,30,0.337,0.167,39,108,92,1.17,5,0.6,3.82,0.188,60.5,0.285
2015,64300,김하성,넥센,WO,10,0.29,140,582,511,89,148,35,5,19,250,73,4,6,56,2,5,115,10,0.489,0.362,0.851,42,0.26,0.0,59,111,143,0.78,4,0.49,4.23,0.2,90.6,0.285
2015,64158,스나이더,넥센,WO,11,0.281,113,487,431,88,121,26,1,26,227,71,3,5,37,0,11,135,2,0.527,0.349,0.876,37,0.21,0.143,53,65,115,0.57,4,0.27,4.17,0.246,79.9,0.289
2015,79130,강지광,넥센,WO,12,0.278,13,21,18,3,5,0,0,0,5,2,0,0,2,0,1,9,0,0.278,0.381,0.659,1,0.375,0.143,0,1,3,0.33,0,0.22,3.52,0.0,2.3,0.241
2015,63360,장시윤,넥센,WO,13,0.276,17,31,29,2,8,0,0,0,8,2,2,0,0,0,0,9,1,0.276,0.276,0.552,1,0.286,0.0,0,5,7,0.71,0,0.0,3.68,0.0,1.4,0.193
2015,79365,박동원,넥센,WO,14,0.266,127,443,379,47,101,12,1,14,157,61,10,8,37,0,9,93,4,0.414,0.339,0.753,24,0.25,0.0,27,106,87,1.22,11,0.4,3.72,0.148,58.6,0.256
2015,62332,김재현,넥센,WO,15,0.262,59,71,65,7,17,3,0,1,23,6,2,1,2,0,1,15,1,0.354,0.29,0.644,2,0.136,0.0,4,15,19,0.79,0,0.13,3.72,0.092,6.8,0.219
2015,76368,유재신,넥센,WO,16,0.259,62,32,27,21,7,2,0,0,9,3,2,0,3,0,0,10,2,0.333,0.333,0.666,1,0.375,0.25,2,8,2,4.0,0,0.3,4.0,0.074,3.9,0.233
2015,65357,송성문,넥센,WO,17,0.25,7,12,12,0,3,0,0,0,3,1,0,0,0,0,0,3,0,0.25,0.25,0.5,1,0.333,0.0,0,4,2,2.0,0,0.0,2.83,0.0,0.7,0.175
2015,79356,박헌도,넥센,WO,18,0.248,108,267,218,31,54,13,0,8,91,42,3,2,37,0,7,52,6,0.417,0.371,0.788,10,0.333,0.286,21,62,52,1.19,5,0.71,4.25,0.17,35.2,0.271
2015,76322,유선정,넥센,WO,19,0.24,17,27,25,1,6,0,0,0,6,2,0,0,2,0,0,5,1,0.24,0.296,0.536,1,0.333,0.5,0,6,8,0.75,0,0.4,3.78,0.0,1.6,0.193
2015,61363,문우람,넥센,WO,20,0.235,63,138,119,22,28,10,0,2,44,22,1,3,12,1,3,30,1,0.37,0.314,0.684,6,0.303,0.2,12,30,34,0.88,1,0.4,4.02,0.134,15.3,0.234
2015,79300,김지수,넥센,WO,21,0.235,104,151,132,23,31,7,0,0,38,13,7,1,9,0,2,27,2,0.288,0.292,0.58,4,0.225,0.5,7,39,36,1.08,0,0.33,3.61,0.053,11.4,0.203
2015,73606,서동욱,넥센,WO,22,0.233,55,118,103,14,24,5,0,3,38,15,1,0,11,0,3,45,1,0.369,0.325,0.694,6,0.226,0.25,8,20,14,1.43,2,0.24,4.25,0.136,12.9,0.239
2015,64346,임병욱,넥센,WO,23,0.186,40,52,43,13,8,1,1,1,14,3,0,0,9,0,0,23,1,0.326,0.327,0.653,0,0.222,0.308,3,5,7,0.71,0,0.39,4.08,0.14,4.1,0.229
2015,79334,장영석,넥센,WO,24,0.125,6,8,8,0,1,0,0,0,1,0,0,0,0,0,0,2,1,0.125,0.125,0.25,0,0.0,0.0,0,3,2,1.5,0,0.0,3.25,0.0,-0.5,0.088
2015,63339,김민준,넥센,WO,25,0.0,2,2,1,1,0,0,0,0,0,0,0,0,1,0,0,0,0,0.0,0.5,0.5,0,0.0,0.0,0,1,0,,0,,7.0,0.0,0.3,0.225
2015,65343,김택형,넥센,WO,25,,1,0,0,0,0,0,0,0,0,0,0,0,0,0,0,0,0,,,,0,0.0,0.0,0,0,0,,0,,,,0.0,0.0
2015,72749,마정길,넥센,WO,25,,1,0,0,0,0,0,0,0,0,0,0,0,0,0,0,0,0,,,,0,0.0,0.0,0,0,0,,0,,,,0.0,0.0
2015,60336,문성현,넥센,WO,25,,2,0,0,0,0,0,0,0,0,0,0,0,0,0,0,0,0,,,,0,0.0,0.0,0,0,0,,0,,,,0.0,0.0
2015,75321,손승락,넥센,WO,25,,1,0,0,0,0,0,0,0,0,0,0,0,0,0,0,0,0,,,,0,0.0,0.0,0,0,0,,0,,,,0.0,0.0
2015,62363,한현희,넥센,WO,25,,2,0,0,0,0,0,0,0,0,0,0,0,0,0,0,0,0,,,,0,0.0,0.0,0,0,0,,0,,,,0.0,0.0
2016,97109,이병규,LG,LG,1,1.0,1,1,1,0,1,0,0,0,1,0,0,0,0,0,0,0,0,1.0,1.0,2.0,0,1.0,1.0,0,0,0,,0,,2.0,0.0,0.5,0.7
2016,62147,조윤준,LG,LG,1,1.0,2,1,1,1,1,0,0,0,1,0,0,0,0,0,0,0,0,1.0,1.0,2.0,0,0.0,0.0,0,0,0,,0,,3.0,0.0,0.5,0.7
2016,72133,박용택,LG,LG,3,0.346,138,578,509,84,176,24,0,11,233,90,0,7,58,5,4,71,13,0.458,0.412,0.87,52,0.376,0.25,35,145,124,1.17,10,0.82,3.89,0.112,90.7,0.3
2016,60100,백진우,LG,LG,4,0.333,10,21,18,4,6,2,0,1,11,3,0,0,2,0,1,6,1,0.611,0.429,1.04,2,0.333,0.25,3,3,3,1.0,0,0.33,4.19,0.278,3.6,0.346
2016,72456,손주인,LG,LG,5,0.322,122,409,354,47,114,20,3,2,146,39,12,4,33,0,6,35,6,0.412,0.385,0.797,30,0.241,0.0,25,91,118,0.77,3,0.94,3.86,0.09,55.6,0.276
2016,99606,정성훈,LG,LG,6,0.322,126,418,370,58,119,22,1,6,161,64,5,5,33,1,5,59,9,0.435,0.38,0.815,31,0.321,0.25,29,118,79,1.49,4,0.56,4.02,0.114,59.2,0.28
2016,78217,김용의,LG,LG,7,0.318,105,347,308,62,98,18,4,1,127,20,4,0,35,0,0,64,6,0.412,0.388,0.8,32,0.29,0.25,23,90,56,1.61,0,0.55,3.85,0.094,47.7,0.278
2016,79192,채은성,LG,LG,8,0.313,128,451,403,64,126,20,3,9,179,81,2,8,31,0,7,75,9,0.444,0.365,0.809,39,0.346,0.333,32,111,99,1.12,10,0.41,3.79,0.132,64.5,0.275
2016,65103,히메네스,LG,LG,9,0.308,135,579,523,101,161,36,0,26,275,102,1,6,39,2,10,67,8,0.526,0.363,0.889,40,0.304,0.0,62,117,184,0.64,7,0.58,3.67,0.218,95.9,0.295
2016,61186,이천웅,LG,LG,10,0.293,103,320,276,38,81,10,1,6,111,41,6,1,34,0,3,49,3,0.402,0.376,0.778,22,0.307,0.3,17,83,64,1.3,3,0.69,3.91,0.109,41.2,0.27
2016,79113,문선재,LG,LG,11,0.288,52,127,111,28,32,3,2,7,60,16,5,1,10,0,0,29,1,0.541,0.344,0.885,9,0.226,0.333,12,17,34,0.5,0,0.34,3.99,0.252,21.5,0.29
2016,78135,이형종,LG,LG,12,0.282,61,147,124,14,35,4,2,1,46,14,5,1,15,0,2,20,3,0.371,0.366,0.737,11,0.318,0.211,7,35,35,1.0,2,0.75,3.84,0.089,17.7,0.257
2016,79109,오지환,LG,LG,13,0.28,121,472,393,73,110,14,5,20,194,78,2,5,65,0,7,97,7,0.494,0.387,0.881,29,0.266,0.25,39,101,90,1.12,3,0.67,4.22,0.214,77.3,0.298
2016,64153,양석환,LG,LG,14,0.276,80,215,203,24,56,10,1,6,86,37,3,2,6,0,1,48,1,0.424,0.297,0.721,12,0.301,0.286,17,33,68,0.49,4,0.13,3.91,0.148,26.2,0.24
2016,76100,이병규,LG,LG,15,0.272,103,350,290,43,79,12,2,7,116,37,0,3,47,1,10,81,4,0.4,0.389,0.789,18,0.214,0.059,21,57,76,0.75,4,0.58,4.1,0.128,48.9,0.275
2016,65115,안익훈,LG,LG,16,0.267,68,52,45,13,12,0,1,0,14,4,1,0,6,0,0,9,0,0.311,0.353,0.664,0,0.375,0.25,1,13,11,1.18,0,0.67,4.85,0.044,5.4,0.237
2016,61102,유강남,LG,LG,17,0.266,100,297,263,28,70,7,0,8,101,47,4,6,17,0,7,48,6,0.384,0.321,0.705,20,0.316,0.167,15,56,95,0.59,7,0.35,3.63,0.118,34.6,0.24
2016,74823,임훈,LG,LG,18,0.261,60,198,180,20,47,4,0,1,54,14,4,0,12,0,2,26,6,0.3,0.314,0.614,13,0.25,0.0,5,66,41,1.61,0,0.46,3.87,0.039,16.0,0.216
2016,64100,박재욱,LG,LG,19,0.255,26,50,47,5,12,2,0,0,14,4,1,0,2,0,0,9,3,0.298,0.286,0.584,3,0.25,0.0,2,19,7,2.71,0,0.22,3.64,0.043,2.8,0.203
2016,62164,서상우,LG,LG,20,0.252,56,137,111,18,28,5,0,4,45,12,0,0,25,1,1,37,1,0.405,0.394,0.799,7,0.2,0.16,9,22,24,0.92,0,0.68,4.26,0.153,19.7,0.279
2016,79150,정주현,LG,LG,21,0.222,99,257,225,30,50,12,1,1,67,22,2,2,28,0,0,66,1,0.298,0.306,0.604,11,0.16,0.5,14,66,45,1.47,3,0.42,3.93,0.076,22.1,0.212
2016,79198,윤진호,LG,LG,22,0.19,34,23,21,3,4,0,0,0,4,0,2,0,0,0,0,6,1,0.19,0.19,0.38,1,0.0,0.0,0,8,3,2.67,0,0.0,3.78,0.0,0.3,0.133
2016,63123,강승호,LG,LG,23,0.184,18,41,38,4,7,3,0,0,10,3,0,1,2,0,0,12,0,0.263,0.22,0.483,1,0.222,1.0,3,9,11,0.82,0,0.17,4.17,0.079,2.3,0.165
2016,71842,정상호,LG,LG,24,0.182,77,159,132,12,24,5,0,1,32,10,4,2,17,0,4,39,2,0.242,0.29,0.532,4,0.136,0.0,6,31,40,0.78,2,0.44,4.05,0.061,11.0,0.191
2016,63077,황목치승,LG,LG,25,0.179,48,39,39,7,7,3,0,0,10,4,0,0,0,0,0,9,0,0.256,0.179,0.435,0,0.375,0.0,3,15,8,1.88,0,0.0,3.72,0.077,0.9,0.145
2016,73824,최경철,LG,LG,26,0.156,29,52,45,3,7,2,0,0,9,2,2,0,4,0,1,16,0,0.2,0.24,0.44,0,0.091,1.0,2,12,10,1.2,0,0.25,4.08,0.044,2.2,0.158
2016,64115,장준원,LG,LG,27,0.077,14,15,13,2,1,0,0,0,1,0,0,0,2,0,0,3,0,0.077,0.2,0.277,0,0.0,0.0,0,4,5,0.8,0,0.67,3.73,0.0,0.1,0.109
2016,66145,김대현,LG,LG,28,,1,0,0,0,0,0,0,0,0,0,0,0,0,0,0,0,0,,,,0,0.0,0.0,0,0,0,,0,,,,0.0,0.0
2016,62007,김지성,LG,LG,28,0.0,2,3,3,0,0,0,0,0,0,0,0,0,0,0,0,0,1,0.0,0.0,0.0,0,0.0,0.0,0,3,0,,0,,3.33,0.0,-0.6,0.0
2016,65120,박성준,LG,LG,28,0.0,1,1,1,0,0,0,0,0,0,0,0,0,0,0,0,1,0,0.0,0.0,0.0,0,0.0,0.0,0,0,0,,0,0.0,4.0,0.0,-0.1,0.0
2016,62698,소사,LG,LG,28,,2,0,0,0,0,0,0,0,0,0,0,0,0,0,0,0,0,,,,0,0.0,0.0,0,0,0,,0,,,,0.0,0.0
2016,61329,윤지웅,LG,LG,28,,1,0,0,0,0,0,0,0,0,0,0,0,0,0,0,0,0,,,,0,0.0,0.0,0,0,0,,0,,,,0.0,0.0
2016,60146,이승현,LG,LG,28,,3,0,0,0,0,0,0,0,0,0,0,0,0,0,0,0,0,,,,0,0.0,0.0,0,0,0,,0,,,,0.0,0.0
2016,61891,임정우,LG,LG,28,,4,0,0,0,0,0,0,0,0,0,0,0,0,0,0,0,0,,,,0,0.0,0.0,0,0,0,,0,,,,0.0,0.0
2016,96462,정현욱,LG,LG,28,,1,0,0,0,0,0,0,0,0,0,0,0,0,0,0,0,0,,,,0,0.0,0.0,0,0,0,,0,,,,0.0,0.0
2016,76650,진해수,LG,LG,28,,1,0,0,0,0,0,0,0,0,0,0,0,0,0,0,0,0,,,,0,0.0,0.0,0,0,0,,0,,,,0.0,0.0
2016,79140,최동환,LG,LG,28,,1,0,0,0,0,0,0,0,0,0,0,0,0,0,0,0,0,,,,0,0.0,0.0,0,0,0,,0,,,,0.0,0.0
2016,66108,홍창기,LG,LG,28,0.0,3,5,4,0,0,0,0,0,0,0,0,0,0,0,1,0,0,0.0,0.2,0.2,0,0.0,0.0,0,3,1,3.0,0,,5.0,0.0,0.0,0.09
2016,64724,박준혁,한화,HH,1,0.375,6,9,8,3,3,2,0,0,5,3,0,0,1,0,0,2,1,0.625,0.444,1.069,0,0.333,0.5,2,1,2,0.5,1,0.5,4.56,0.25,1.4,0.356
2016,71752,김태균,한화,HH,2,0.365,144,652,529,94,193,39,0,23,301,136,0,6,108,10,9,97,11,0.569,0.475,1.044,60,0.417,0.0,62,113,132,0.86,11,1.11,4.25,0.204,132.9,0.356
2016,74163,이용규,한화,HH,3,0.352,113,530,452,98,159,20,4,3,196,41,7,1,63,1,7,29,7,0.434,0.438,0.872,54,0.374,0.0,27,139,126,1.1,1,2.17,4.13,0.082,84.3,0.306
2016,76746,김태완,한화,HH,4,0.35,24,24,20,3,7,1,1,0,10,0,0,0,3,0,1,8,0,0.5,0.458,0.958,1,0.0,0.313,2,4,1,4.0,0,0.38,4.5,0.15,4.4,0.331
2016,74729,최진행,한화,HH,5,0.329,28,85,70,4,23,2,0,1,28,9,2,0,11,0,2,16,1,0.4,0.434,0.834,5,0.412,0.6,3,15,16,0.94,0,0.69,3.72,0.071,12.7,0.295
2016,76753,송광민,한화,HH,6,0.325,116,494,449,80,146,27,2,17,228,83,7,6,28,0,4,86,16,0.508,0.366,0.874,43,0.328,0.5,46,115,108,1.06,10,0.33,3.51,0.183,76.0,0.292
2016,66740,로사리오,한화,HH,7,0.321,127,532,492,78,158,31,2,33,292,120,1,2,33,3,4,90,16,0.593,0.367,0.96,46,0.348,0.333,66,120,126,0.95,12,0.37,3.61,0.272,93.5,0.313
2016,75808,정근우,한화,HH,8,0.31,138,650,575,121,178,31,2,18,267,88,1,5,60,2,9,58,14,0.464,0.381,0.845,54,0.388,0.0,51,180,164,1.1,7,1.03,3.59,0.155,99.7,0.287
2016,73725,이양기,한화,HH,9,0.288,17,58,52,5,15,2,0,1,20,9,1,1,2,0,2,8,6,0.385,0.333,0.718,5,0.313,0.333,3,17,13,1.31,0,0.25,3.86,0.096,5.0,0.246
2016,73136,이성열,한화,HH,10,0.288,86,219,198,29,57,7,3,10,100,29,2,0,11,0,8,62,3,0.505,0.35,0.855,11,0.246,0.375,20,43,36,1.19,2,0.18,3.73,0.217,33.3,0.284
2016,62700,하주석,한화,HH,11,0.279,115,441,405,58,113,21,1,10,166,57,8,1,18,1,9,115,3,0.41,0.323,0.733,25,0.291,0.833,32,116,62,1.87,2,0.16,3.49,0.131,51.2,0.248
2016,64086,신성현,한화,HH,12,0.278,89,184,158,30,44,8,0,8,76,24,6,0,15,0,5,54,3,0.481,0.36,0.841,10,0.191,0.294,16,29,31,0.94,0,0.28,4.12,0.203,25.2,0.282
2016,60667,이종환,한화,HH,13,0.276,31,33,29,3,8,1,0,0,9,4,0,1,3,2,0,10,1,0.31,0.333,0.643,1,0.2,0.182,1,5,7,0.71,0,0.3,3.85,0.034,3.1,0.227
2016,62797,양성우,한화,HH,14,0.271,108,446,384,52,104,12,4,4,136,53,8,6,39,0,9,67,6,0.354,0.347,0.701,27,0.318,0.667,20,117,102,1.15,5,0.58,3.81,0.083,51.7,0.245
2016,71610,김경언,한화,HH,15,0.264,66,217,182,23,48,6,1,5,71,25,2,3,28,0,2,46,7,0.39,0.363,0.753,14,0.216,0.25,12,56,35,1.6,1,0.61,4.42,0.126,27.5,0.261
2016,95158,권용관,한화,HH,16,0.25,40,49,44,7,11,2,1,0,15,3,1,0,2,0,2,12,2,0.341,0.313,0.654,2,0.182,0.286,3,10,11,0.91,0,0.17,3.67,0.091,4.1,0.226
2016,62768,김원석,한화,HH,16,0.25,11,9,8,2,2,0,0,0,2,0,0,0,1,0,0,5,0,0.25,0.333,0.583,1,0.0,0.0,0,0,1,0.0,0,0.2,4.0,0.0,0.8,0.212
2016,65707,주현상,한화,HH,16,0.25,15,8,8,0,2,0,0,0,2,0,0,0,0,0,0,1,0,0.25,0.25,0.5,0,0.0,0.286,0,4,1,4.0,0,0.0,3.13,0.0,0.5,0.175
2016,63700,장운호,한화,HH,19,0.237,51,85,76,7,18,2,1,0,22,11,3,0,4,0,2,16,1,0.289,0.293,0.582,5,0.381,0.333,3,18,24,0.75,1,0.25,3.76,0.053,6.4,0.204
2016,71347,장민석,한화,HH,20,0.229,98,227,205,38,47,7,3,1,63,16,6,0,16,0,0,44,3,0.307,0.285,0.592,9,0.22,0.25,11,76,38,2.0,2,0.36,4.04,0.078,17.2,0.205
2016,73602,차일목,한화,HH,21,0.228,117,329,276,30,63,8,0,3,80,38,13,6,30,0,4,57,9,0.29,0.307,0.597,9,0.224,0.111,11,93,69,1.35,2,0.53,4.19,0.062,27.4,0.211
2016,77243,허도환,한화,HH,22,0.218,48,93,78,9,17,8,0,0,25,12,4,0,6,0,5,21,2,0.321,0.315,0.636,5,0.222,0.0,8,21,19,1.11,1,0.29,3.92,0.103,7.8,0.222
2016,79705,김회성,한화,HH,23,0.2,28,58,45,12,9,0,0,1,12,8,0,2,9,0,2,17,1,0.267,0.345,0.612,3,0.182,0.143,1,8,13,0.62,1,0.53,3.88,0.067,6.2,0.222
2016,98144,조인성,한화,HH,24,0.168,76,146,137,10,23,2,0,3,34,7,6,0,2,0,1,38,2,0.248,0.186,0.434,2,0.098,0.167,5,34,42,0.81,1,0.05,3.14,0.08,4.7,0.146
2016,78756,오선진,한화,HH,25,0.163,57,53,43,6,7,0,0,0,7,3,3,0,5,0,2,8,0,0.163,0.28,0.443,0,0.1,0.167,0,15,13,1.15,1,0.63,3.94,0.0,2.7,0.167
2016,61700,강경학,한화,HH,26,0.158,46,116,101,16,16,3,2,1,26,7,4,1,8,0,2,30,5,0.257,0.232,0.489,2,0.08,0.0,6,23,33,0.7,0,0.27,3.9,0.099,4.9,0.169
2016,60805,최윤석,한화,HH,27,0.125,11,17,16,2,2,0,0,0,2,0,0,0,1,0,0,4,0,0.125,0.176,0.301,0,0.0,0.0,0,5,5,1.0,0,0.25,4.12,0.0,0.0,0.11
2016,60404,송주호,한화,HH,28,0.106,33,52,47,3,5,0,0,0,5,1,2,0,3,0,0,12,1,0.106,0.16,0.266,0,0.0,0.0,0,20,10,2.0,0,0.25,3.48,0.0,-1.3,0.099
2016,72447,권혁,한화,HH,29,,1,0,0,0,0,0,0,0,0,0,0,0,0,0,0,0,0,,,,0,0.0,0.0,0,0,0,,0,,,,0.0,0.0
2016,60757,김경태,한화,HH,29,,1,0,0,0,0,0,0,0,0,0,0,0,0,0,0,0,0,,,,0,0.0,0.0,0,0,0,,0,,,,0.0,0.0
2016,66749,김주현,한화,HH,29,0.0,4,3,3,0,0,0,0,0,0,0,0,0,0,0,0,2,0,0.0,0.0,0.0,0,0.0,0.0,0,1,0,,0,0.0,5.33,0.0,-0.3,0.0
2016,65742,로저스,한화,HH,29,,1,0,0,0,0,0,0,0,0,0,0,0,0,0,0,0,0,,,,0,0.0,0.0,0,0,0,,0,,,,0.0,0.0
2016,74756,박노민,한화,HH,29,0.0,5,2,2,0,0,0,0,0,0,0,0,0,0,0,0,2,0,0.0,0.0,0.0,0,0.0,0.0,0,0,0,,0,0.0,4.5,0.0,-0.2,0.0
2016,99737,박정진,한화,HH,29,,1,0,0,0,0,0,0,0,0,0,0,0,0,0,0,0,0,,,,0,0.0,0.0,0,0,0,,0,,,,0.0,0.0
2016,74731,송창식,한화,HH,29,,1,0,0,0,0,0,0,0,0,0,0,0,0,0,0,0,0,,,,0,0.0,0.0,0,0,0,,0,,,,0.0,0.0
2016,73750,윤규진,한화,HH,29,,1,0,0,0,0,0,0,0,0,0,0,0,0,0,0,0,0,,,,0,0.0,0.0,0,0,0,,0,,,,0.0,0.0
2016,66702,이시원,한화,HH,29,0.0,17,2,2,3,0,0,0,0,0,0,0,0,0,0,0,1,0,0.0,0.0,0.0,0,0.0,0.0,0,0,1,0.0,0,0.0,3.5,0.0,-0.2,0.0
2016,60768,이태양,한화,HH,29,0.0,1,1,1,0,0,0,0,0,0,0,0,0,0,0,0,1,0,0.0,0.0,0.0,0,0.0,0.0,0,0,0,,0,0.0,3.0,0.0,-0.1,0.0
2016,77464,임익준,한화,HH,29,0.0,3,2,2,0,0,0,0,0,0,0,0,0,0,0,0,1,0,0.0,0.0,0.0,0,0.0,0.0,0,0,1,0.0,0,0.0,4.5,0.0,-0.2,0.0
2016,79764,장민재,한화,HH,29,,2,0,0,0,0,0,0,0,0,0,0,0,0,0,0,0,0,,,,0,0.0,0.0,0,0,0,,0,,,,0.0,0.0
2016,76720,정범모,한화,HH,29,0.0,5,4,4,0,0,0,0,0,0,0,0,0,0,0,0,3,0,0.0,0.0,0.0,0,0.0,0.0,0,0,1,0.0,0,0.0,5.25,0.0,-0.4,0.0
2016,74857,정우람,한화,HH,29,,2,0,0,0,0,0,0,0,0,0,0,0,0,0,0,0,0,,,,0,0.0,0.0,0,0,0,,0,,,,0.0,0.0
2016,78745,정현석,한화,HH,29,0.0,3,8,8,0,0,0,0,0,0,0,0,0,0,0,0,2,2,0.0,0.0,0.0,0,0.0,0.0,0,3,3,1.0,0,0.0,4.0,0.0,-1.5,0.0
2016,64717,지시완,한화,HH,29,,1,0,0,0,0,0,0,0,0,0,0,0,0,0,0,0,0,,,,0,0.0,0.0,0,0,0,,0,,,,0.0,0.0
2016,64802,조성모,SSG,SK,1,0.5,3,2,2,1,1,0,0,0,1,0,0,0,0,0,0,1,0,0.5,0.5,1.0,0,0.0,1.0,0,0,0,,0,0.0,4.0,0.0,0.4,0.35
2016,73209,나주환,SSG,SK,2,0.386,24,65,57,13,22,2,0,5,39,12,3,0,2,0,3,6,4,0.684,0.435,1.119,5,0.417,0.333,7,17,12,1.42,1,0.33,3.82,0.298,12.0,0.367
2016,66838,김동엽,SSG,SK,3,0.336,57,150,143,19,48,8,0,6,74,23,0,1,5,0,1,41,3,0.517,0.36,0.877,13,0.29,0.316,14,27,28,0.96,1,0.12,3.37,0.182,23.9,0.291
2016,62893,최정민,SSG,SK,4,0.329,88,177,155,29,51,4,1,0,57,11,6,1,8,0,7,48,1,0.368,0.386,0.754,11,0.293,0.333,5,37,20,1.85,0,0.17,3.64,0.039,22.7,0.266
2016,76869,김재현,SSG,SK,5,0.321,100,193,168,27,54,5,5,1,72,18,8,1,11,0,5,41,1,0.429,0.378,0.807,13,0.302,0.5,11,43,31,1.39,1,0.27,3.53,0.107,27.0,0.277
2016,76802,김성현,SSG,SK,6,0.319,138,530,479,66,153,28,0,8,205,65,5,7,33,0,6,37,13,0.428,0.366,0.794,45,0.322,0.2,36,154,142,1.08,4,0.89,3.29,0.109,71.4,0.272
2016,75151,정의윤,SSG,SK,7,0.311,144,616,576,68,179,32,1,27,294,100,0,5,25,3,10,76,15,0.51,0.347,0.857,56,0.301,0.0,60,153,173,0.88,10,0.33,3.48,0.2,93.5,0.284
2016,71857,박재상,SSG,SK,8,0.298,94,288,255,37,76,14,1,6,110,35,4,2,27,0,0,37,9,0.431,0.363,0.794,21,0.339,0.667,21,70,74,0.95,6,0.73,3.92,0.133,36.2,0.271
2016,71837,김강민,SSG,SK,9,0.298,115,422,366,59,109,21,0,10,160,47,10,2,32,2,12,89,5,0.437,0.371,0.808,30,0.262,0.5,31,88,82,1.07,7,0.36,3.83,0.139,59.3,0.276
2016,65464,최정용,SSG,SK,10,0.296,48,61,54,10,16,1,1,0,19,2,4,0,3,0,0,16,0,0.352,0.333,0.685,2,0.267,0.333,2,13,9,1.44,0,0.19,3.7,0.056,6.4,0.238
2016,76812,이재원,SSG,SK,11,0.29,130,472,411,49,119,15,0,15,179,64,2,7,43,3,9,76,15,0.436,0.364,0.8,33,0.25,0.5,30,99,124,0.8,4,0.57,3.66,0.146,63.1,0.273
2016,75847,최정,SSG,SK,12,0.288,141,606,500,106,144,24,1,40,290,106,0,6,77,2,23,126,6,0.58,0.403,0.983,42,0.278,0.0,65,87,149,0.58,6,0.61,4.04,0.292,115.7,0.326
2016,66805,고메즈,SSG,SK,13,0.283,117,492,456,74,129,31,0,21,223,62,2,4,25,2,5,87,11,0.489,0.324,0.813,39,0.297,0.0,52,107,137,0.78,4,0.29,3.6,0.206,68.8,0.268
2016,62895,한유섬,SSG,SK,14,0.278,6,20,18,3,5,0,0,0,5,0,0,0,1,0,1,5,0,0.278,0.35,0.628,0,0.0,1.0,0,2,6,0.33,0,0.2,3.5,0.0,2.2,0.227
2016,74846,박정권,SSG,SK,15,0.277,125,468,422,59,117,17,3,18,194,59,2,4,35,0,5,99,7,0.46,0.337,0.797,34,0.243,0.429,38,101,109,0.93,5,0.35,3.81,0.182,65.8,0.267
2016,62802,박승욱,SSG,SK,16,0.276,36,103,87,19,24,4,1,3,39,13,4,1,9,0,2,28,0,0.448,0.354,0.802,5,0.3,0.0,8,16,20,0.8,1,0.32,3.93,0.172,14.7,0.271
2016,76849,이명기,SSG,SK,17,0.272,99,326,287,29,78,7,4,1,96,22,10,2,23,0,4,37,3,0.334,0.332,0.666,17,0.244,0.412,12,123,51,2.41,0,0.62,3.87,0.063,33.7,0.233
2016,76158,최승준,SSG,SK,18,0.266,76,231,199,31,53,5,0,19,115,42,0,1,28,1,3,66,5,0.578,0.364,0.942,10,0.188,0.286,24,38,43,0.88,8,0.42,4.19,0.312,40.8,0.308
2016,62864,김민식,SSG,SK,19,0.257,88,170,144,17,37,9,0,2,52,14,3,0,21,0,2,38,2,0.361,0.359,0.72,7,0.308,0.167,11,29,40,0.73,2,0.55,4.12,0.104,19.5,0.252
2016,71848,조동화,SSG,SK,20,0.238,76,172,143,24,34,5,0,0,39,16,8,2,15,0,4,17,2,0.273,0.323,0.596,7,0.233,0.0,5,54,40,1.35,1,0.88,4.21,0.035,15.4,0.214
2016,77869,김기현,SSG,SK,21,0.188,14,17,16,3,3,1,0,0,4,0,0,0,1,0,0,6,0,0.25,0.235,0.485,0,0.0,0.429,1,4,3,1.33,0,0.17,4.06,0.063,0.8,0.168
2016,64895,이진석,SSG,SK,22,0.186,41,45,43,6,8,1,1,0,11,2,0,0,2,0,0,19,1,0.256,0.222,0.478,0,0.125,0.0,2,8,8,1.0,0,0.11,4.27,0.07,1.8,0.164
2016,65869,이현석,SSG,SK,23,0.182,11,11,11,1,2,0,0,0,2,0,0,0,0,0,0,8,1,0.182,0.182,0.364,0,0.0,0.25,0,1,0,,0,0.0,4.55,0.0,-0.2,0.127
2016,66833,임석진,SSG,SK,23,0.182,11,12,11,3,2,0,0,0,2,0,0,0,1,0,0,6,0,0.182,0.25,0.432,0,0.0,0.167,0,2,1,2.0,0,0.17,3.83,0.0,0.5,0.158
2016,73248,김승회,SSG,SK,25,,1,0,0,0,0,0,0,0,0,0,0,0,0,0,0,0,0,,,,0,0.0,0.0,0,0,0,,0,,,,0.0,0.0
2016,66859,김주한,SSG,SK,25,,3,0,0,0,0,0,0,0,0,0,0,0,0,0,0,0,0,,,,0,0.0,0.0,0,0,0,,0,,,,0.0,0.0
2016,79847,김태훈,SSG,SK,25,,1,0,0,0,0,0,0,0,0,0,0,0,0,0,0,0,0,,,,0,0.0,0.0,0,0,0,,0,,,,0.0,0.0
2016,66825,라라,SSG,SK,25,,1,0,0,0,0,0,0,0,0,0,0,0,0,0,0,0,0,,,,0,0.0,0.0,0,0,0,,0,,,,0.0,0.0
2016,60845,문광은,SSG,SK,25,,1,0,0,0,0,0,0,0,0,0,0,0,0,0,0,0,0,,,,0,0.0,0.0,0,0,0,,0,,,,0.0,0.0
2016,64893,박민호,SSG,SK,25,,3,0,0,0,0,0,0,0,0,0,0,0,0,0,0,0,0,,,,0,0.0,0.0,0,0,0,,0,,,,0.0,0.0
2016,75250,박정배,SSG,SK,25,,3,0,0,0,0,0,0,0,0,0,0,0,0,0,0,0,0,,,,0,0.0,0.0,0,0,0,,0,,,,0.0,0.0
2016,76858,박희수,SSG,SK,25,0.0,5,1,1,0,0,0,0,0,0,0,0,0,0,0,0,1,0,0.0,0.0,0.0,0,0.0,0.0,0,0,0,,0,0.0,4.0,0.0,-0.1,0.0
2016,75138,신재웅,SSG,SK,25,,2,0,0,0,0,0,0,0,0,0,0,0,0,0,0,0,0,,,,0,0.0,0.0,0,0,0,,0,,,,0.0,0.0
2016,64890,유서준,SSG,SK,25,0.0,8,7,7,0,0,0,0,0,0,0,0,0,0,0,0,4,0,0.0,0.0,0.0,0,0.0,0.0,0,1,2,0.5,0,0.0,4.14,0.0,-0.7,0.0
2016,64861,이건욱,SSG,SK,25,,1,0,0,0,0,0,0,0,0,0,0,0,0,0,0,0,0,,,,0,0.0,0.0,0,0,0,,0,,,,0.0,0.0
2016,72860,이대수,SSG,SK,25,0.0,14,15,12,0,0,0,0,0,0,2,0,1,2,0,0,3,0,0.0,0.133,0.133,0,0.0,0.0,0,7,3,2.33,0,0.67,3.8,0.0,-0.1,0.06
2016,61557,이정담,SSG,SK,25,,1,0,0,0,0,0,0,0,0,0,0,0,0,0,0,0,0,,,,0,0.0,0.0,0,0,0,,0,,,,0.0,0.0
2016,75340,전유수,SSG,SK,25,,3,0,0,0,0,0,0,0,0,0,0,0,0,0,0,0,0,,,,0,0.0,0.0,0,0,0,,0,,,,0.0,0.0
2016,62056,정영일,SSG,SK,25,,2,0,0,0,0,0,0,0,0,0,0,0,0,0,0,0,0,,,,0,0.0,0.0,0,0,0,,0,,,,0.0,0.0
2016,65827,조한욱,SSG,SK,25,,1,0,0,0,0,0,0,0,0,0,0,0,0,0,0,0,0,,,,0,0.0,0.0,0,0,0,,0,,,,0.0,0.0
2016,71845,채병용,SSG,SK,25,,2,0,0,0,0,0,0,0,0,0,0,0,0,0,0,0,0,,,,0,0.0,0.0,0,0,0,,0,,,,0.0,0.0
2016,65412,권정웅,삼성,SS,1,1.0,3,1,1,1,1,0,0,0,1,0,0,0,0,0,0,0,0,1.0,1.0,2.0,0,0.0,0.0,0,0,0,,0,,1.0,0.0,0.5,0.7
2016,72443,최형우,삼성,SS,2,0.376,138,618,519,99,195,46,2,31,338,144,0,7,83,8,9,83,12,0.651,0.464,1.115,58,0.38,0.0,79,108,140,0.77,9,1.0,3.94,0.276,136.4,0.372
2016,62404,구자욱,삼성,SS,3,0.343,108,495,428,105,147,19,13,14,234,77,2,5,55,1,5,68,4,0.547,0.42,0.967,47,0.352,0.5,46,111,107,1.04,6,0.81,3.9,0.203,93.0,0.326
2016,63913,최재원,삼성,SS,4,0.333,28,105,81,20,27,3,0,4,42,16,2,2,17,0,3,17,2,0.519,0.456,0.975,6,0.391,0.333,7,26,13,2.0,2,1.0,4.06,0.185,20.0,0.335
2016,66469,황선도,삼성,SS,4,0.333,1,4,3,0,1,0,0,0,1,0,0,0,1,0,0,1,0,0.333,0.5,0.833,0,0.0,0.0,0,0,1,0.0,0,1.0,3.75,0.0,0.7,0.308
2016,95436,이승엽,삼성,SS,6,0.303,142,623,542,91,164,32,2,27,281,118,0,8,65,1,8,89,7,0.518,0.38,0.898,47,0.33,0.5,61,130,167,0.78,13,0.73,3.86,0.216,106.1,0.301
2016,71432,박한이,삼성,SS,7,0.301,110,401,349,57,105,21,0,14,168,69,6,4,40,2,2,72,5,0.481,0.372,0.853,31,0.333,0.318,35,93,83,1.12,6,0.56,4.21,0.181,61.9,0.288
2016,62415,박해민,삼성,SS,8,0.3,141,641,564,109,169,26,12,4,231,61,22,3,49,2,3,87,6,0.41,0.357,0.767,51,0.299,0.0,42,145,166,0.87,4,0.56,3.82,0.11,86.0,0.263
2016,79456,이지영,삼성,SS,9,0.297,129,419,390,36,116,12,0,7,149,50,8,2,12,0,7,32,13,0.382,0.328,0.71,34,0.341,0.176,19,165,79,2.09,3,0.38,3.18,0.085,44.9,0.243
2016,60456,백상원,삼성,SS,10,0.288,132,517,445,60,128,19,3,3,162,49,10,7,51,0,4,69,15,0.364,0.361,0.725,33,0.311,0.333,25,143,112,1.28,2,0.74,3.65,0.076,60.2,0.253
2016,72466,조동찬,삼성,SS,11,0.275,90,282,247,32,68,11,1,10,111,36,3,3,26,0,3,64,7,0.449,0.348,0.797,17,0.222,0.2,22,49,69,0.71,6,0.41,3.99,0.174,37.9,0.269
2016,79402,김상수,삼성,SS,12,0.271,105,401,358,56,97,13,0,3,119,38,8,4,23,0,8,39,9,0.332,0.326,0.658,25,0.236,0.0,16,120,106,1.13,6,0.59,3.57,0.061,39.2,0.23
2016,79465,배영섭,삼성,SS,13,0.266,93,381,323,53,86,17,0,4,115,22,1,1,51,0,5,42,10,0.356,0.374,0.73,24,0.189,0.071,21,111,85,1.31,1,1.21,4.1,0.09,42.9,0.257
2016,66452,발디리스,삼성,SS,14,0.266,44,190,154,24,41,6,0,8,71,33,0,3,31,0,2,17,9,0.461,0.389,0.85,11,0.245,0.0,14,45,54,0.83,1,1.82,4.26,0.195,28.0,0.29
2016,63440,이흥련,삼성,SS,15,0.26,85,174,150,20,39,11,0,6,68,25,9,2,8,0,5,41,4,0.453,0.315,0.768,4,0.378,0.333,17,37,35,1.06,0,0.2,3.79,0.193,21.3,0.255
2016,66409,이성규,삼성,SS,16,0.25,6,6,4,2,1,0,0,0,1,0,2,0,0,0,0,3,0,0.25,0.25,0.5,0,0.0,0.0,0,0,0,,0,0.0,3.67,0.0,0.3,0.175
2016,61463,김정혁,삼성,SS,17,0.236,46,118,106,13,25,1,1,2,34,11,1,1,9,0,1,25,3,0.321,0.299,0.62,6,0.154,0.0,4,33,24,1.38,0,0.36,3.81,0.085,10.2,0.215
2016,78454,우동균,삼성,SS,18,0.221,33,82,68,14,15,1,0,2,22,10,1,1,12,0,0,10,0,0.324,0.333,0.657,3,0.286,0.231,3,16,28,0.57,1,1.2,4.5,0.103,9.2,0.231
2016,64499,김재현,삼성,SS,19,0.218,122,215,188,25,41,7,0,0,48,14,11,1,8,0,7,42,10,0.255,0.275,0.53,4,0.17,1.0,7,59,47,1.26,0,0.19,3.66,0.037,10.5,0.188
2016,74158,김태완,삼성,SS,20,0.196,34,52,46,4,9,2,0,1,14,9,0,1,5,1,0,15,2,0.304,0.269,0.573,1,0.238,0.259,3,10,13,0.77,0,0.33,3.58,0.109,3.7,0.197
2016,61742,나성용,삼성,SS,21,0.167,6,13,12,1,2,0,0,0,2,0,0,0,1,0,0,5,0,0.167,0.231,0.398,0,0.0,0.25,0,2,3,0.67,0,0.2,3.69,0.0,0.4,0.146
2016,78467,이영욱,삼성,SS,22,0.163,104,52,49,16,8,1,0,1,12,4,0,0,2,0,1,21,1,0.245,0.212,0.457,0,0.143,0.1,2,15,5,3.0,0,0.1,3.69,0.082,2.1,0.157
2016,62406,성의준,삼성,SS,23,0.15,24,23,20,2,3,0,0,1,6,2,0,0,2,0,1,4,0,0.3,0.261,0.561,0,0.2,0.0,1,4,9,0.44,0,0.5,3.52,0.15,1.9,0.192
2016,64493,최선호,삼성,SS,24,0.115,60,27,26,11,3,1,0,0,4,3,0,0,1,0,0,11,0,0.154,0.148,0.302,0,0.222,0.0,1,7,5,1.4,0,0.09,4.15,0.038,-0.6,0.105
2016,60724,이상훈,삼성,SS,25,0.083,8,14,12,0,1,0,0,0,1,0,2,0,0,0,0,4,0,0.083,0.083,0.166,0,0.0,0.0,0,2,5,0.4,0,0.0,3.64,0.0,-0.4,0.058
2016,64468,박계범,삼성,SS,26,,5,0,0,1,0,0,0,0,0,0,0,0,0,0,0,0,0,,,,0,0.0,0.0,0,0,0,,0,,,,0.0,0.0
2016,61411,심창민,삼성,SS,26,,1,0,0,0,0,0,0,0,0,0,0,0,0,0,0,0,0,,,,0,0.0,0.0,0,0,0,,0,,,,0.0,0.0
2016,72463,안지만,삼성,SS,26,,1,0,0,0,0,0,0,0,0,0,0,0,0,0,0,0,0,,,,0,0.0,0.0,0,0,0,,0,,,,0.0,0.0
2016,74402,이정식,삼성,SS,26,0.0,7,9,8,0,0,0,0,0,0,1,0,0,0,0,1,3,0,0.0,0.111,0.111,0,0.0,0.0,0,5,0,,0,0.0,3.89,0.0,-0.4,0.05
2016,66493,임대한,삼성,SS,26,,1,0,0,0,0,0,0,0,0,0,0,0,0,0,0,0,0,,,,0,0.0,0.0,0,0,0,,0,,,,0.0,0.0
2016,77927,장필준,삼성,SS,26,,1,0,0,0,0,0,0,0,0,0,0,0,0,0,0,0,0,,,,0,0.0,0.0,0,0,0,,0,,,,0.0,0.0
2016,64984,김태진,NC,NC,1,0.5,2,2,2,1,1,0,0,0,1,0,0,0,0,0,0,0,0,0.5,0.5,1.0,0,1.0,0.0,0,0,1,0.0,0,,6.0,0.0,0.4,0.35
2016,64944,박대온,NC,NC,2,0.4,13,15,15,0,6,0,0,0,6,0,0,0,0,0,0,3,1,0.4,0.4,0.8,1,0.5,0.5,0,1,5,0.2,0,0.0,3.53,0.0,1.8,0.28
2016,62907,박민우,NC,NC,3,0.343,121,515,435,84,149,16,6,3,186,55,10,7,55,1,8,70,9,0.428,0.42,0.848,42,0.434,0.0,25,136,87,1.56,2,0.79,4.06,0.085,80.5,0.296
2016,75441,조영훈,NC,NC,4,0.335,109,207,179,29,60,14,0,5,89,35,1,3,21,1,3,43,2,0.497,0.408,0.905,15,0.339,0.333,19,31,48,0.65,3,0.49,3.83,0.162,34.8,0.308
2016,78813,모창민,NC,NC,5,0.331,63,147,133,16,44,8,0,5,67,20,1,3,9,0,1,24,7,0.504,0.37,0.874,10,0.289,0.3,13,35,33,1.06,3,0.38,3.59,0.173,22.1,0.293
2016,64914,테임즈,NC,NC,6,0.321,123,529,436,118,140,30,3,40,296,121,0,7,74,6,12,103,2,0.679,0.427,1.106,45,0.304,1.0,73,74,126,0.59,12,0.72,4.04,0.358,120.0,0.362
2016,62947,나성범,NC,NC,7,0.309,144,653,572,116,177,37,2,22,284,113,1,4,67,2,9,136,4,0.497,0.388,0.885,56,0.32,0.0,61,132,131,1.01,15,0.49,3.79,0.187,107.4,0.299
2016,74465,박석민,NC,NC,8,0.307,126,506,427,77,131,20,0,32,247,104,2,4,56,2,16,95,18,0.578,0.404,0.982,39,0.354,0.0,52,98,107,0.92,9,0.59,4.14,0.272,92.1,0.326
2016,73213,손시헌,NC,NC,9,0.305,110,403,341,36,104,21,2,5,144,39,10,1,38,0,13,48,13,0.422,0.394,0.816,30,0.311,0.0,28,90,100,0.9,6,0.79,3.76,0.117,54.2,0.283
2016,73339,이종욱,NC,NC,10,0.305,134,517,453,73,138,24,4,5,185,57,4,5,54,0,1,73,11,0.408,0.376,0.784,40,0.315,0.5,33,124,123,1.01,3,0.74,4.2,0.104,70.6,0.271
2016,94629,이호준,NC,NC,11,0.298,119,472,399,46,119,20,0,21,202,87,2,4,65,6,2,78,11,0.506,0.396,0.902,33,0.342,0.8,41,114,92,1.24,12,0.83,4.14,0.208,77.4,0.305
2016,77454,김종호,NC,NC,12,0.295,93,137,122,26,36,2,0,0,38,7,1,0,14,0,0,30,3,0.311,0.368,0.679,13,0.286,0.167,2,40,16,2.5,1,0.47,3.91,0.016,14.6,0.243
2016,60566,이상호,NC,NC,13,0.28,15,27,25,1,7,2,0,0,9,1,0,0,0,0,2,4,3,0.36,0.333,0.693,1,0.143,0.0,2,8,6,1.33,0,0.0,3.44,0.08,2.4,0.24
2016,63963,권희동,NC,NC,14,0.268,14,47,41,4,11,0,0,1,14,9,0,0,5,0,1,9,0,0.341,0.362,0.703,2,0.235,0.0,1,9,12,0.75,2,0.56,4.55,0.073,5.4,0.248
2016,62934,김성욱,NC,NC,15,0.265,130,348,306,60,81,15,1,15,143,51,7,2,30,0,3,64,15,0.467,0.334,0.801,22,0.318,0.125,31,79,84,0.94,9,0.47,3.91,0.203,44.6,0.267
2016,63920,김준완,NC,NC,16,0.261,122,325,253,60,66,7,1,1,78,12,2,1,66,0,2,62,4,0.308,0.416,0.724,17,0.179,0.0,9,86,40,2.15,0,1.06,4.53,0.047,39.5,0.264
2016,78122,김태군,NC,NC,17,0.232,134,395,340,37,79,15,0,1,97,30,20,4,22,0,9,44,14,0.285,0.293,0.578,19,0.206,0.0,16,123,98,1.26,2,0.5,3.54,0.053,27.5,0.203
2016,73306,지석훈,NC,NC,18,0.219,141,394,351,34,77,14,0,9,118,54,6,6,22,0,9,91,9,0.336,0.278,0.614,13,0.232,0.071,23,106,83,1.28,2,0.24,3.96,0.117,33.7,0.209
2016,74223,용덕한,NC,NC,19,0.212,88,116,104,16,22,3,0,2,31,7,2,1,8,0,1,21,5,0.298,0.272,0.57,3,0.136,0.0,5,29,33,0.88,0,0.38,3.71,0.087,7.7,0.197
2016,66965,도태훈,NC,NC,20,0.167,6,7,6,1,1,0,0,0,1,0,0,0,0,0,1,2,0,0.167,0.286,0.453,0,0.0,0.0,0,1,2,0.5,0,0.0,3.29,0.0,0.4,0.17
2016,74358,조평호,NC,NC,20,0.167,3,7,6,1,1,0,0,0,1,0,0,0,1,0,0,1,1,0.167,0.286,0.453,0,0.0,0.5,0,3,1,3.0,0,1.0,3.14,0.0,0.0,0.17
2016,66968,이재율,NC,NC,22,0.154,32,13,13,9,2,0,0,0,2,0,0,0,0,0,0,3,0,0.154,0.154,0.308,0,0.0,0.0,0,5,3,1.67,0,0.0,3.23,0.0,1.1,0.108
2016,64906,강민국,NC,NC,23,0.13,24,26,23,2,3,1,0,1,7,1,1,0,2,0,0,9,1,0.304,0.2,0.504,0,0.167,0.0,2,5,6,0.83,0,0.22,4.08,0.174,1.1,0.166
2016,62016,윤병호,NC,NC,24,0.111,11,9,9,3,1,0,0,1,4,3,0,0,0,0,0,3,0,0.444,0.111,0.555,0,0.333,0.25,1,2,3,0.67,0,0.0,4.44,0.333,0.7,0.161
2016,62908,황윤호,NC,NC,25,0.083,33,12,12,7,1,0,0,0,1,2,0,0,0,0,0,5,0,0.083,0.083,0.166,0,0.143,0.0,0,2,4,0.5,0,0.0,3.83,0.0,-0.4,0.058
2016,62917,강구성,NC,NC,26,0.0,2,3,3,0,0,0,0,0,0,0,0,0,0,0,0,1,0,0.0,0.0,0.0,0,0.0,0.0,0,2,0,,0,0.0,4.67,0.0,-0.3,0.0
2016,65933,구창모,NC,NC,26,,1,0,0,0,0,0,0,0,0,0,0,0,0,0,0,0,0,,,,0,0.0,0.0,0,0,0,,0,,,,0.0,0.0
2016,75852,김선규,NC,NC,26,,1,0,0,0,0,0,0,0,0,0,0,0,0,0,0,0,0,,,,0,0.0,0.0,0,0,0,,0,,,,0.0,0.0
2016,75867,김진성,NC,NC,26,,3,0,0,0,0,0,0,0,0,0,0,0,0,0,0,0,0,,,,0,0.0,0.0,0,0,0,,0,,,,0.0,0.0
2016,64960,김학성,NC,NC,26,,1,0,0,0,0,0,0,0,0,0,0,0,0,0,0,0,0,,,,0,0.0,0.0,0,0,0,,0,,,,0.0,0.0
2016,78366,민태호,NC,NC,26,,1,0,0,0,0,0,0,0,0,0,0,0,0,0,0,0,0,,,,0,0.0,0.0,0,0,0,,0,,,,0.0,0.0
2016,78243,박민석,NC,NC,26,,1,0,0,0,0,0,0,0,0,0,0,0,0,0,0,0,0,,,,0,0.0,0.0,0,0,0,,0,,,,0.0,0.0
2016,62926,박세웅,NC,NC,26,0.0,1,1,1,0,0,0,0,0,0,0,0,0,0,0,0,1,0,0.0,0.0,0.0,0,0.0,0.0,0,0,0,,0,0.0,3.0,0.0,-0.1,0.0
2016,66928,박준영,NC,NC,26,,3,0,0,0,0,0,0,0,0,0,0,0,0,0,0,0,0,,,,0,0.0,0.0,0,0,0,,0,,,,0.0,0.0
2016,64995,배재환,NC,NC,26,,2,0,0,0,0,0,0,0,0,0,0,0,0,0,0,0,0,,,,0,0.0,0.0,0,0,0,,0,,,,0.0,0.0
2016,76118,원종현,NC,NC,26,,2,0,0,0,0,0,0,0,0,0,0,0,0,0,0,0,0,,,,0,0.0,0.0,0,0,0,,0,,,,0.0,0.0
2016,62929,이민호,NC,NC,26,,3,0,0,0,0,0,0,0,0,0,0,0,0,0,0,0,0,,,,0,0.0,0.0,0,0,0,,0,,,,0.0,0.0
2016,60263,이재학,NC,NC,26,,1,0,0,0,0,0,0,0,0,0,0,0,0,0,0,0,0,,,,0,0.0,0.0,0,0,0,,0,,,,0.0,0.0
2016,63959,임정호,NC,NC,26,,1,0,0,0,0,0,0,0,0,0,0,0,0,0,0,0,0,,,,0,0.0,0.0,0,0,0,,0,,,,0.0,0.0
2016,78352,임창민,NC,NC,26,,6,0,0,0,0,0,0,0,0,0,0,0,0,0,0,0,0,,,,0,0.0,0.0,0,0,0,,0,,,,0.0,0.0
2016,63950,장현식,NC,NC,26,,1,0,0,0,0,0,0,0,0,0,0,0,0,0,0,0,0,,,,0,0.0,0.0,0,0,0,,0,,,,0.0,0.0
2016,62966,최금강,NC,NC,26,,1,0,0,0,0,0,0,0,0,0,0,0,0,0,0,0,0,,,,0,0.0,0.0,0,0,0,,0,,,,0.0,0.0
2016,74339,유한준,KT,KT,1,0.336,110,460,408,70,137,22,0,14,201,64,0,3,47,1,2,40,10,0.493,0.404,0.897,43,0.319,0.0,36,120,114,1.05,4,1.18,3.92,0.157,76.2,0.305
2016,99810,이진영,KT,KT,2,0.332,115,424,371,49,123,23,1,10,178,72,0,5,45,1,3,44,13,0.48,0.403,0.883,35,0.333,0.316,34,117,92,1.27,4,1.02,3.59,0.148,65.9,0.301
2016,73153,이대형,KT,KT,3,0.32,143,654,600,89,192,14,3,1,215,42,7,1,44,0,2,90,6,0.358,0.368,0.726,56,0.315,0.0,18,262,57,4.6,3,0.49,3.69,0.038,78.5,0.255
2016,73113,박경수,KT,KT,4,0.313,121,476,402,64,126,22,1,20,210,80,0,4,65,2,5,80,9,0.522,0.412,0.934,34,0.325,0.0,43,77,123,0.63,5,0.81,4.25,0.209,83.7,0.316
2016,78361,전민수,KT,KT,5,0.305,74,240,213,31,65,14,1,3,90,29,4,0,19,0,4,46,4,0.423,0.373,0.796,20,0.362,0.571,18,65,37,1.76,2,0.41,3.91,0.117,32.0,0.274
2016,79453,오정복,KT,KT,6,0.304,96,344,306,45,93,11,2,5,123,36,6,4,28,1,0,32,5,0.402,0.358,0.76,24,0.313,0.182,18,76,109,0.7,1,0.88,3.88,0.098,44.8,0.262
2016,76304,신현철,KT,KT,7,0.292,35,25,24,3,7,2,0,0,9,2,0,0,0,0,1,12,0,0.375,0.32,0.695,0,0.2,0.2,2,3,2,1.5,0,0.0,3.76,0.083,2.7,0.238
2016,62265,유민상,KT,KT,8,0.282,95,254,213,30,60,12,1,4,86,37,3,4,25,0,9,39,8,0.404,0.375,0.779,13,0.311,0.263,17,67,51,1.31,0,0.64,4.18,0.122,32.9,0.27
2016,70553,박기혁,KT,KT,9,0.273,117,348,308,36,84,13,0,2,103,34,10,2,27,0,1,53,8,0.334,0.331,0.665,20,0.247,0.125,15,97,76,1.28,8,0.51,3.86,0.062,33.2,0.232
2016,65005,마르테,KT,KT,10,0.265,91,381,325,52,86,16,0,22,168,74,0,5,50,0,1,51,12,0.517,0.36,0.877,21,0.33,0.0,38,68,125,0.54,8,0.98,3.69,0.252,60.0,0.291
2016,64166,배정대,KT,KT,11,0.26,65,55,50,10,13,1,0,0,14,3,1,0,4,0,0,18,0,0.28,0.315,0.595,2,0.167,0.5,1,12,7,1.71,1,0.22,4.09,0.02,4.7,0.212
2016,78753,김지열,KT,KT,12,0.25,20,63,56,6,14,1,0,0,15,4,0,0,7,0,0,10,3,0.268,0.333,0.601,2,0.308,0.0,1,15,17,0.88,1,0.7,3.92,0.018,4.2,0.217
2016,79364,김종민,KT,KT,13,0.244,78,217,180,17,44,3,0,0,47,20,10,3,21,0,3,32,3,0.261,0.329,0.59,10,0.346,0.0,3,62,45,1.38,3,0.66,4.08,0.017,18.7,0.213
2016,64006,심우준,KT,KT,14,0.242,122,251,236,36,57,9,1,3,77,17,5,2,8,0,0,40,5,0.326,0.264,0.59,9,0.145,0.25,13,64,77,0.83,2,0.2,3.67,0.085,22.0,0.2
2016,78892,윤요섭,KT,KT,15,0.238,66,149,126,14,30,6,0,6,54,16,0,0,20,1,3,24,7,0.429,0.356,0.785,7,0.205,0.179,12,47,25,1.88,4,0.83,3.72,0.19,18.1,0.267
2016,77104,박용근,KT,KT,16,0.23,31,86,74,5,17,4,1,1,26,6,0,1,11,0,0,14,1,0.351,0.326,0.677,3,0.15,0.0,6,31,13,2.38,1,0.79,4.05,0.122,9.0,0.234
2016,70646,김상현,KT,KT,17,0.225,62,246,222,29,50,5,0,11,88,32,0,2,20,0,2,48,10,0.396,0.293,0.689,10,0.233,0.0,16,74,52,1.42,0,0.42,3.94,0.171,24.8,0.231
2016,60496,김동은,KT,KT,18,0.22,32,63,50,7,11,0,0,0,11,2,2,0,10,0,1,14,3,0.22,0.361,0.581,1,0.25,0.25,0,9,16,0.56,0,0.71,4.6,0.0,4.8,0.217
2016,78517,하준호,KT,KT,19,0.219,94,217,187,26,41,5,0,3,55,15,4,1,20,0,5,63,3,0.294,0.31,0.604,8,0.208,0.238,8,55,29,1.9,2,0.32,4.07,0.075,19.6,0.213
2016,77609,김연훈,KT,KT,20,0.217,103,181,166,13,36,10,0,1,49,18,5,3,7,1,0,46,5,0.295,0.244,0.539,6,0.289,0.0,11,46,41,1.12,1,0.15,3.48,0.078,11.2,0.184
2016,66052,남태혁,KT,KT,21,0.205,16,48,44,2,9,3,0,0,12,2,0,1,3,0,0,18,3,0.273,0.25,0.523,2,0.083,0.0,3,9,9,1.0,0,0.17,4.27,0.068,2.3,0.181
2016,60343,이해창,KT,KT,22,0.203,88,254,231,16,47,10,0,6,75,22,8,3,9,0,3,65,7,0.325,0.24,0.565,8,0.136,0.143,16,50,72,0.69,1,0.14,3.65,0.121,17.0,0.189
2016,64007,문상철,KT,KT,23,0.2,48,87,80,9,16,7,0,1,26,7,0,1,4,0,2,26,2,0.325,0.253,0.578,2,0.308,0.0,8,17,22,0.77,0,0.15,3.51,0.125,6.4,0.195
2016,63448,김영환,KT,KT,24,0.167,12,12,12,2,2,0,0,0,2,0,0,0,0,0,0,3,0,0.167,0.167,0.334,0,0.0,0.333,0,5,2,2.5,0,0.0,3.58,0.0,0.1,0.117
2016,77462,김동욱,KT,KT,25,0.135,21,41,37,3,5,0,0,3,14,5,0,0,3,0,1,14,2,0.378,0.22,0.598,0,0.2,0.25,3,10,8,1.25,0,0.21,3.8,0.243,2.9,0.194
2016,63088,김진곤,KT,KT,26,0.125,13,8,8,1,1,0,0,0,1,0,0,0,0,0,0,1,0,0.125,0.125,0.25,0,0.0,0.0,0,4,2,2.0,0,0.0,3.75,0.0,-0.1,0.088
2016,64004,김민혁,KT,KT,27,0.103,26,31,29,3,3,1,0,0,4,0,0,0,2,0,0,8,0,0.138,0.161,0.299,0,0.0,0.111,1,8,10,0.8,0,0.25,4.0,0.034,0.0,0.107
2016,65044,김만수,KT,KT,28,0.0,1,1,1,0,0,0,0,0,0,0,0,0,0,0,0,0,1,0.0,0.0,0.0,0,0.0,0.0,0,1,0,,0,,6.0,0.0,-0.5,0.0
2016,99563,김사율,KT,KT,28,,1,0,0,0,0,0,0,0,0,0,0,0,0,0,0,0,0,,,,0,0.0,0.0,0,0,0,,0,,,,0.0,0.0
2016,65062,김재윤,KT,KT,28,,3,0,0,0,0,0,0,0,0,0,0,0,0,0,0,0,0,,,,0,0.0,0.0,0,0,0,,0,,,,0.0,0.0
2016,66047,박세진,KT,KT,28,,1,0,0,0,0,0,0,0,0,0,0,0,0,0,0,0,0,,,,0,0.0,0.0,0,0,0,,0,,,,0.0,0.0
2016,79191,배우열,KT,KT,28,,1,0,0,0,0,0,0,0,0,0,0,0,0,0,0,0,0,,,,0,0.0,0.0,0,0,0,,0,,,,0.0,0.0
2016,64017,심재민,KT,KT,28,,3,0,0,0,0,0,0,0,0,0,0,0,0,0,0,0,0,,,,0,0.0,0.0,0,0,0,,0,,,,0.0,0.0
2016,65056,엄상백,KT,KT,28,,2,0,0,0,0,0,0,0,0,0,0,0,0,0,0,0,0,,,,0,0.0,0.0,0,0,0,,0,,,,0.0,0.0
2016,65058,정성곤,KT,KT,28,0.0,1,1,1,0,0,0,0,0,0,0,0,0,0,0,0,1,0,0.0,0.0,0.0,0,0.0,0.0,0,0,0,,0,0.0,3.0,0.0,-0.1,0.0
2016,65096,정주후,KT,KT,28,0.0,12,3,3,4,0,0,0,0,0,0,0,0,0,0,0,1,0,0.0,0.0,0.0,0,0.0,0.0,0,2,0,,0,0.0,3.0,0.0,-0.3,0.0
2016,65042,홍성무,KT,KT,28,,1,0,0,0,0,0,0,0,0,0,0,0,0,0,0,0,0,,,,0,0.0,0.0,0,0,0,,0,,,,0.0,0.0
2016,75149,홍성용,KT,KT,28,,1,0,0,0,0,0,0,0,0,0,0,0,0,0,0,0,0,,,,0,0.0,0.0,0,0,0,,0,,,,0.0,0.0
2016,76313,황재균,롯데,LT,1,0.335,127,559,498,97,167,26,5,27,284,113,0,8,49,5,4,66,10,0.57,0.394,0.964,46,0.411,0.25,58,104,169,0.62,17,0.74,3.79,0.235,105.1,0.32
2016,76509,김문호,롯데,LT,2,0.325,140,599,526,77,171,28,3,7,226,70,3,2,62,1,6,70,15,0.43,0.401,0.831,49,0.305,0.429,38,160,127,1.26,4,0.89,4.02,0.105,83.1,0.288
2016,77532,손아섭,롯데,LT,3,0.323,144,672,575,118,186,33,1,16,269,81,0,2,92,1,3,104,4,0.468,0.418,0.886,54,0.331,0.0,50,206,81,2.54,5,0.88,4.16,0.144,117.7,0.305
2016,74540,강민호,롯데,LT,4,0.323,116,460,381,65,123,26,0,20,209,72,0,3,66,4,10,91,7,0.549,0.433,0.982,40,0.33,0.333,46,90,80,1.13,6,0.73,4.06,0.226,86.4,0.332
2016,61591,김사훈,롯데,LT,5,0.321,19,36,28,5,9,1,0,0,10,4,5,0,3,0,0,6,1,0.357,0.387,0.744,1,0.333,0.0,1,6,7,0.86,0,0.5,3.39,0.036,3.8,0.263
2016,62556,신본기,롯데,LT,6,0.309,25,104,81,13,25,4,0,1,32,10,2,0,13,0,8,12,3,0.395,0.451,0.846,6,0.308,0.0,5,21,23,0.91,0,1.08,3.5,0.086,15.0,0.302
2016,65523,아두치,롯데,LT,7,0.291,64,272,247,46,72,18,3,7,117,41,1,5,18,1,1,59,5,0.474,0.336,0.81,19,0.257,0.286,28,50,71,0.7,3,0.31,3.58,0.182,40.4,0.27
2016,62559,김상호,롯데,LT,8,0.29,114,415,366,39,106,20,0,7,147,56,2,5,38,2,4,84,10,0.402,0.358,0.76,27,0.273,0.429,27,102,79,1.29,2,0.45,3.98,0.112,52.5,0.262
2016,66523,맥스웰,롯데,LT,9,0.288,23,99,80,14,23,3,1,4,40,16,0,1,15,0,3,25,0,0.5,0.414,0.914,6,0.375,0.0,8,18,15,1.2,2,0.6,4.16,0.213,17.3,0.311
2016,71562,박종윤,롯데,LT,10,0.282,73,211,195,24,55,5,1,1,65,17,3,1,10,1,2,25,4,0.333,0.322,0.655,12,0.245,0.211,7,57,59,0.97,3,0.4,3.89,0.051,20.2,0.228
2016,62558,김준태,롯데,LT,11,0.275,68,144,120,12,33,3,1,2,44,16,1,1,22,1,0,42,0,0.367,0.385,0.752,5,0.184,0.333,6,27,19,1.42,2,0.52,4.28,0.092,19.2,0.265
2016,72546,문규현,롯데,LT,12,0.272,120,368,316,38,86,10,0,4,108,40,19,2,29,0,1,39,10,0.342,0.333,0.675,20,0.244,0.25,14,110,83,1.33,5,0.74,3.98,0.07,35.3,0.235
2016,60523,정훈,롯데,LT,13,0.262,121,439,370,48,97,18,2,2,125,46,8,2,43,0,16,75,12,0.338,0.362,0.7,24,0.356,0.333,22,101,99,1.02,1,0.57,4.18,0.076,46.0,0.247
2016,71552,최준석,롯데,LT,14,0.262,116,396,325,49,85,10,0,19,152,70,0,4,64,2,3,102,14,0.468,0.384,0.852,21,0.263,0.185,29,81,61,1.33,6,0.63,4.37,0.206,59.0,0.29
2016,79356,박헌도,롯데,LT,15,0.261,37,82,69,9,18,7,0,3,34,11,0,0,10,0,3,25,1,0.493,0.378,0.871,4,0.261,0.235,10,15,11,1.36,0,0.4,4.07,0.232,12.8,0.293
2016,60558,오태곤,롯데,LT,16,0.26,42,135,123,17,32,6,0,3,47,7,0,0,12,0,0,37,5,0.382,0.326,0.708,8,0.167,0.333,9,33,21,1.57,1,0.32,4.1,0.122,14.3,0.242
2016,78513,전준우,롯데,LT,17,0.253,25,113,99,16,25,7,0,2,38,10,1,0,7,0,6,25,4,0.384,0.339,0.723,7,0.259,0.0,9,26,23,1.13,0,0.28,3.81,0.131,11.6,0.249
2016,61204,김동한,롯데,LT,18,0.252,78,116,107,9,27,6,0,0,33,14,3,0,6,0,0,19,1,0.308,0.292,0.6,4,0.273,0.0,6,30,31,0.97,0,0.32,3.66,0.056,9.8,0.208
2016,76435,이여상,롯데,LT,19,0.25,61,83,72,10,18,3,1,0,23,7,3,1,7,0,0,25,0,0.319,0.313,0.632,4,0.308,0.0,4,18,12,1.5,3,0.28,3.69,0.069,7.7,0.221
2016,76536,손용석,롯데,LT,20,0.244,51,99,90,8,22,5,0,0,27,9,2,2,1,0,4,18,7,0.3,0.278,0.578,3,0.172,0.455,5,34,18,1.89,2,0.06,3.4,0.056,5.8,0.2
2016,66508,나경민,롯데,LT,21,0.232,35,66,56,13,13,2,0,0,15,3,1,1,8,0,0,18,0,0.268,0.323,0.591,3,0.067,0.0,2,14,12,1.17,0,0.44,4.29,0.036,5.6,0.212
2016,77669,김주현,롯데,LT,22,0.207,21,33,29,4,6,4,0,0,10,1,1,0,3,0,0,12,0,0.345,0.281,0.626,2,0.1,0.2,4,5,6,0.83,0,0.25,4.03,0.138,3.0,0.213
2016,61554,김민하,롯데,LT,23,0.2,46,49,45,8,9,1,0,1,13,1,2,0,1,0,1,19,2,0.289,0.234,0.523,0,0.0,0.333,2,8,9,0.89,0,0.05,4.08,0.089,3.0,0.178
2016,78850,오현근,롯데,LT,23,0.2,19,17,15,4,3,0,0,0,3,2,0,0,2,0,0,5,0,0.2,0.294,0.494,0,0.333,0.4,0,7,0,,0,0.4,3.94,0.0,1.4,0.182
2016,71565,이우민,롯데,LT,25,0.193,52,98,83,19,16,5,0,1,24,8,4,0,7,0,4,16,3,0.289,0.287,0.576,3,0.103,0.2,6,33,18,1.83,0,0.44,3.61,0.096,6.4,0.201
2016,64022,안중열,롯데,LT,26,0.179,19,29,28,2,5,1,0,0,6,3,0,0,1,0,0,9,0,0.214,0.207,0.421,2,0.25,0.0,1,5,9,0.56,0,0.11,3.79,0.036,0.9,0.147
2016,65506,김재유,롯데,LT,27,0.148,21,30,27,8,4,0,0,0,4,1,1,0,1,0,1,7,1,0.148,0.207,0.355,1,0.167,0.0,0,11,5,2.2,0,0.14,4.27,0.0,-0.4,0.13
2016,65513,김대륙,롯데,LT,28,0.143,58,59,49,5,7,1,2,0,12,5,1,1,5,0,3,20,0,0.245,0.259,0.504,1,0.118,0.0,3,15,8,1.88,0,0.25,4.29,0.102,4.0,0.178
2016,65514,강태율,롯데,LT,29,0.0,2,2,2,0,0,0,0,0,0,0,0,0,0,0,0,0,0,0.0,0.0,0.0,0,0.0,0.0,0,2,0,,0,,3.5,0.0,-0.2,0.0
2016,78536,김대우,롯데,LT,29,0.0,2,2,1,0,0,0,0,0,0,0,0,0,1,0,0,0,0,0.0,0.5,0.5,0,0.0,0.0,0,1,0,,0,,4.0,0.0,0.3,0.225
2016,65503,김지수,롯데,LT,29,0.0,6,7,7,1,0,0,0,0,0,0,0,0,0,0,0,4,1,0.0,0.0,0.0,0,0.0,0.0,0,1,2,0.5,0,0.0,3.71,0.0,-1.0,0.0
2016,65546,레일리,롯데,LT,29,,1,0,0,0,0,0,0,0,0,0,0,0,0,0,0,0,0,,,,0,0.0,0.0,0,0,0,,0,,,,0.0,0.0
2016,60559,박시영,롯데,LT,29,,2,0,0,0,0,0,0,0,0,0,0,0,0,0,0,0,0,,,,0,0.0,0.0,0,0,0,,0,,,,0.0,0.0
2016,75321,손승락,롯데,LT,29,,4,0,0,0,0,0,0,0,0,0,0,0,0,0,0,0,0,,,,0,0.0,0.0,0,0,0,,0,,,,0.0,0.0
2016,72862,윤길현,롯데,LT,29,,1,0,0,0,0,0,0,0,0,0,0,0,0,0,0,0,0,,,,0,0.0,0.0,0,0,0,,0,,,,0.0,0.0
2016,72551,이정민,롯데,LT,29,,1,0,0,0,0,0,0,0,0,0,0,0,0,0,0,0,0,,,,0,0.0,0.0,0,0,0,,0,,,,0.0,0.0
2016,71801,정대현,롯데,LT,29,,1,0,0,0,0,0,0,0,0,0,0,0,0,0,0,0,0,,,,0,0.0,0.0,0,0,0,,0,,,,0.0,0.0
2016,62655,홍성민,롯데,LT,29,,1,0,0,0,0,0,0,0,0,0,0,0,0,0,0,0,0,,,,0,0.0,0.0,0,0,0,,0,,,,0.0,0.0
2016,78566,황진수,롯데,LT,29,0.0,11,10,10,2,0,0,0,0,0,0,0,0,0,0,0,5,0,0.0,0.0,0.0,0,0.0,0.0,0,1,4,0.25,0,0.0,4.1,0.0,-1.3,0.0
2016,66606,최원준,KIA,HT,1,0.458,14,25,24,5,11,1,0,1,15,4,1,0,0,0,0,3,0,0.625,0.458,1.083,2,0.8,1.0,2,6,4,1.5,0,0.0,3.44,0.167,5.4,0.362
2016,65610,황대인,KIA,HT,2,0.429,4,7,7,1,3,2,0,1,8,3,0,0,0,0,0,3,0,1.143,0.429,1.572,1,0.667,0.333,3,1,0,,0,0.0,3.86,0.714,2.5,0.479
2016,78603,김선빈,KIA,HT,3,0.36,6,27,25,3,9,2,1,0,13,0,1,0,1,0,0,3,1,0.52,0.385,0.905,3,0.0,0.0,3,8,5,1.6,0,0.33,3.37,0.16,3.9,0.303
2016,70410,김주찬,KIA,HT,4,0.346,130,555,511,97,177,37,3,23,289,101,1,6,30,1,7,68,13,0.566,0.386,0.952,54,0.421,1.0,63,137,135,1.01,12,0.44,3.56,0.219,98.6,0.315
2016,64699,필,KIA,HT,5,0.313,132,544,499,71,156,37,1,20,255,86,0,7,33,0,5,70,16,0.511,0.357,0.868,46,0.284,0.5,58,140,140,1.0,9,0.47,3.55,0.198,84.5,0.288
2016,70756,이범호,KIA,HT,6,0.31,138,560,484,93,150,23,0,33,272,108,0,7,60,7,9,57,15,0.562,0.391,0.953,43,0.314,0.333,56,104,180,0.58,11,1.05,3.8,0.252,100.3,0.316
2016,72559,신종길,KIA,HT,7,0.31,75,240,213,34,66,8,3,1,83,12,1,0,20,0,6,49,1,0.39,0.385,0.775,19,0.25,0.318,12,57,41,1.39,1,0.41,3.83,0.08,32.2,0.271
2016,63704,노수광,KIA,HT,8,0.309,77,238,207,43,64,4,2,4,84,30,10,0,20,0,1,46,0,0.406,0.373,0.779,16,0.413,0.5,10,52,45,1.16,2,0.43,3.95,0.097,33.5,0.269
2016,78629,나지완,KIA,HT,9,0.308,118,486,380,84,117,21,2,25,217,90,0,4,85,1,17,90,8,0.571,0.451,1.022,32,0.304,0.5,48,62,115,0.54,8,0.94,4.18,0.263,96.5,0.346
2016,78765,김다원,KIA,HT,10,0.302,25,47,43,3,13,2,0,1,18,6,0,0,2,0,2,15,1,0.419,0.362,0.781,0,0.294,0.385,3,9,6,1.5,0,0.13,4.13,0.116,6.1,0.268
2016,61652,윤정우,KIA,HT,11,0.299,46,82,67,20,20,5,0,2,31,13,2,1,5,0,7,15,2,0.463,0.4,0.863,5,0.357,0.0,7,27,6,4.5,0,0.33,3.89,0.164,13.2,0.296
2016,73606,서동욱,KIA,HT,12,0.292,124,485,411,73,120,30,3,16,204,67,6,3,60,1,5,108,8,0.496,0.386,0.882,31,0.308,0.333,49,84,102,0.82,6,0.56,4.08,0.204,76.9,0.298
2016,74605,김주형,KIA,HT,13,0.281,135,387,345,43,97,16,1,19,172,49,1,1,34,0,6,55,9,0.499,0.355,0.854,20,0.244,0.313,36,82,112,0.73,2,0.62,3.75,0.217,57.9,0.285
2016,64610,강한울,KIA,HT,14,0.272,104,322,298,36,81,13,3,0,100,27,9,0,15,0,0,46,2,0.336,0.307,0.643,16,0.313,0.5,16,100,71,1.41,3,0.33,3.89,0.064,30.1,0.222
2016,65653,김호령,KIA,HT,15,0.267,124,514,453,72,121,18,3,8,169,41,13,2,36,0,10,104,7,0.373,0.333,0.706,32,0.221,0.5,29,114,116,0.98,1,0.35,3.85,0.106,57.4,0.243
2016,63634,이홍구,KIA,HT,16,0.266,106,273,241,27,64,16,2,9,111,45,3,6,19,1,4,66,5,0.461,0.322,0.783,14,0.26,0.24,27,49,68,0.72,4,0.29,3.94,0.195,36.5,0.26
2016,61743,오준혁,KIA,HT,17,0.265,47,144,132,18,35,8,4,2,57,15,2,0,9,0,1,38,2,0.432,0.317,0.749,8,0.308,0.0,14,27,32,0.84,0,0.24,3.94,0.167,16.5,0.251
2016,79608,안치홍,KIA,HT,18,0.222,10,43,36,3,8,2,0,0,10,1,1,1,5,0,0,8,2,0.278,0.31,0.588,3,0.0,0.0,2,11,10,1.1,0,0.63,4.26,0.056,3.2,0.209
2016,71207,김원섭,KIA,HT,19,0.219,37,90,73,10,16,5,0,0,21,12,1,1,15,0,0,16,2,0.288,0.348,0.636,3,0.3,0.385,5,28,14,2.0,2,0.94,4.14,0.068,8.8,0.229
2016,63636,고장혁,KIA,HT,20,0.214,63,81,70,18,15,3,0,0,18,4,1,0,7,0,3,15,1,0.257,0.313,0.57,3,0.167,0.0,3,21,19,1.11,0,0.47,4.05,0.043,6.1,0.205
2016,71184,이성우,KIA,HT,21,0.211,55,89,76,9,16,1,0,0,17,6,4,1,5,0,3,10,3,0.224,0.282,0.506,2,0.174,0.167,1,31,20,1.55,0,0.5,3.39,0.013,4.9,0.183
2016,78643,백용환,KIA,HT,22,0.195,80,199,174,12,34,7,0,4,53,15,3,2,19,1,1,52,6,0.305,0.276,0.581,5,0.146,0.091,11,53,37,1.43,2,0.37,4.13,0.109,14.7,0.2
2016,72303,김민우,KIA,HT,23,0.195,19,47,41,3,8,1,0,0,9,4,1,0,5,0,0,12,1,0.22,0.283,0.503,1,0.25,0.0,1,15,6,2.5,1,0.42,3.87,0.024,2.7,0.182
2016,63722,한승택,KIA,HT,24,0.179,27,30,28,1,5,0,0,0,5,5,1,0,1,0,0,8,0,0.179,0.207,0.386,1,0.429,0.0,0,9,6,1.5,1,0.13,3.57,0.0,0.7,0.138
2016,64646,박찬호,KIA,HT,25,0.167,69,46,42,9,7,0,0,0,7,3,1,0,3,0,0,9,2,0.167,0.222,0.389,0,0.214,0.5,0,21,5,4.2,1,0.33,4.28,0.0,1.0,0.142
2016,62668,윤해진,KIA,HT,25,0.167,34,34,30,5,5,0,0,1,8,2,1,1,2,0,0,6,0,0.267,0.212,0.479,0,0.0,0.0,1,14,6,2.33,0,0.33,3.44,0.1,2.2,0.162
2016,77648,이호신,KIA,HT,27,0.154,51,43,39,1,6,2,0,0,8,2,1,1,2,0,0,10,1,0.205,0.19,0.395,1,0.143,0.0,2,5,19,0.26,0,0.2,3.56,0.051,1.0,0.137
2016,66657,이진영,KIA,HT,28,0.138,17,33,29,4,4,0,0,0,4,2,1,0,3,0,0,10,1,0.138,0.219,0.357,1,0.143,0.333,0,11,4,2.75,0,0.3,4.0,0.0,0.2,0.133
2016,60605,홍재호,KIA,HT,29,0.077,22,16,13,4,1,0,0,0,1,1,0,1,2,0,0,3,0,0.077,0.188,0.265,0,0.0,0.2,0,5,5,1.0,0,0.67,4.25,0.0,0.4,0.104
2016,70142,김광수,KIA,HT,30,,1,0,0,0,0,0,0,0,0,0,0,0,0,0,0,0,0,,,,0,0.0,0.0,0,0,0,,0,,,,0.0,0.0
2016,62648,김윤동,KIA,HT,30,,1,0,0,0,0,0,0,0,0,0,0,0,0,0,0,0,0,,,,0,0.0,0.0,0,0,0,,0,,,,0.0,0.0
2016,72641,김진우,KIA,HT,30,,2,0,0,0,0,0,0,0,0,0,0,0,0,0,0,0,0,,,,0,0.0,0.0,0,0,0,,0,,,,0.0,0.0
2016,63638,박준표,KIA,HT,30,,1,0,0,0,0,0,0,0,0,0,0,0,0,0,0,0,0,,,,0,0.0,0.0,0,0,0,,0,,,,0.0,0.0
2016,72321,배힘찬,KIA,HT,30,,1,0,0,0,0,0,0,0,0,0,0,0,0,0,0,0,0,,,,0,0.0,0.0,0,0,0,,0,,,,0.0,0.0
2016,60636,심동섭,KIA,HT,30,,2,0,0,0,0,0,0,0,0,0,0,0,0,0,0,0,0,,,,0,0.0,0.0,0,0,0,,0,,,,0.0,0.0
2016,95657,임창용,KIA,HT,30,,2,0,0,0,0,0,0,0,0,0,0,0,0,0,0,0,0,,,,0,0.0,0.0,0,0,0,,0,,,,0.0,0.0
2016,66609,전상현,KIA,HT,30,,1,0,0,0,0,0,0,0,0,0,0,0,0,0,0,0,0,,,,0,0.0,0.0,0,0,0,,0,,,,0.0,0.0
2016,79617,정용운,KIA,HT,30,,1,0,0,0,0,0,0,0,0,0,0,0,0,0,0,0,0,,,,0,0.0,0.0,0,0,0,,0,,,,0.0,0.0
2016,60658,최병연,KIA,HT,30,0.0,12,9,8,1,0,0,0,0,0,0,0,0,1,0,0,2,0,0.0,0.111,0.111,0,0.0,0.0,0,3,3,1.0,0,0.5,4.44,0.0,-0.4,0.05
2016,97336,최영필,KIA,HT,30,,1,0,0,0,0,0,0,0,0,0,0,0,0,0,0,0,0,,,,0,0.0,0.0,0,0,0,,0,,,,0.0,0.0
2016,76610,한기주,KIA,HT,30,,1,0,0,0,0,0,0,0,0,0,0,0,0,0,0,0,0,,,,0,0.0,0.0,0,0,0,,0,,,,0.0,0.0
2016,61666,한승혁,KIA,HT,30,,2,0,0,0,0,0,0,0,0,0,0,0,0,0,0,0,0,,,,0,0.0,0.0,0,0,0,,0,,,,0.0,0.0
2016,66643,헥터,KIA,HT,30,,3,0,0,0,0,0,0,0,0,0,0,0,0,0,0,0,0,,,,0,0.0,0.0,0,0,0,,0,,,,0.0,0.0
2016,61643,홍건희,KIA,HT,30,,4,0,0,0,0,0,0,0,0,0,0,0,0,0,0,0,0,,,,0,0.0,0.0,0,0,0,,0,,,,0.0,0.0
2016,61208,정진호,두산,OB,1,0.375,31,32,24,9,9,0,1,0,11,3,0,0,6,0,2,1,0,0.458,0.531,0.989,3,0.333,0.25,1,8,6,1.33,1,6.0,3.94,0.083,5.8,0.353
2016,79215,박건우,두산,OB,2,0.335,132,540,484,95,162,36,4,20,266,83,4,5,38,0,9,86,9,0.55,0.39,0.94,49,0.331,0.143,60,116,125,0.93,4,0.44,3.87,0.215,96.0,0.313
2016,78224,김재환,두산,OB,3,0.325,134,568,492,107,160,32,3,37,309,124,0,5,71,3,0,107,9,0.628,0.407,1.035,48,0.313,0.8,72,101,129,0.78,13,0.66,3.95,0.303,115.9,0.34
2016,76249,민병헌,두산,OB,4,0.325,134,579,511,98,166,31,4,16,253,87,1,4,48,1,15,91,18,0.495,0.396,0.891,48,0.357,0.25,51,101,157,0.64,8,0.53,3.69,0.17,92.4,0.302
2016,76232,양의지,두산,OB,5,0.319,108,392,332,66,106,17,0,22,189,66,1,7,40,1,12,29,20,0.569,0.404,0.973,30,0.245,0.2,39,70,134,0.52,6,1.38,3.61,0.25,70.0,0.324
2016,75334,오재일,두산,OB,6,0.316,105,455,380,69,120,20,2,27,225,92,2,7,64,2,2,73,5,0.592,0.411,1.003,37,0.295,0.5,49,70,124,0.56,13,0.88,4.07,0.276,90.1,0.333
2016,75566,이원석,두산,OB,6,0.316,7,22,19,3,6,3,0,2,15,7,0,1,2,0,0,2,1,0.789,0.364,1.153,1,0.333,0.0,5,4,8,0.5,1,1.0,4.14,0.474,5.0,0.361
2016,74206,김재호,두산,OB,8,0.31,137,496,416,69,129,27,3,7,183,78,5,13,57,1,5,52,8,0.44,0.389,0.829,36,0.336,0.333,37,102,146,0.7,7,1.1,4.11,0.13,75.6,0.285
2016,66244,에반스,두산,OB,9,0.308,118,481,400,69,123,31,0,24,226,81,0,7,69,0,5,90,10,0.565,0.41,0.975,33,0.266,0.0,55,72,122,0.59,10,0.77,4.24,0.258,89.3,0.326
2016,62234,류지혁,두산,OB,10,0.288,90,134,118,34,34,5,0,3,48,9,2,1,10,0,3,28,0,0.407,0.356,0.763,7,0.296,0.0,8,28,29,0.97,0,0.36,3.55,0.119,17.9,0.262
2016,79240,허경민,두산,OB,11,0.286,144,609,538,96,154,24,4,7,207,81,6,2,49,1,14,58,14,0.385,0.36,0.745,43,0.321,0.0,35,179,149,1.2,11,0.84,3.64,0.099,72.3,0.258
2016,76267,최주환,두산,OB,12,0.281,85,182,160,21,45,11,0,2,62,22,2,4,12,1,4,19,2,0.388,0.339,0.727,9,0.382,0.357,13,39,61,0.64,2,0.63,3.99,0.106,22.5,0.25
2016,79290,국해성,두산,OB,13,0.278,58,174,151,28,42,11,0,4,65,24,0,1,21,0,1,36,1,0.43,0.368,0.798,13,0.378,0.0,15,37,37,1.0,0,0.58,3.9,0.152,24.4,0.273
2016,66209,조수행,두산,OB,14,0.276,66,29,29,16,8,0,0,0,8,3,0,0,0,0,0,6,0,0.276,0.276,0.552,0,0.3,1.0,0,7,8,0.88,0,0.0,4.07,0.0,1.5,0.193
2016,77248,오재원,두산,OB,15,0.272,122,484,416,68,113,18,1,5,148,58,3,6,54,1,5,82,10,0.356,0.358,0.714,25,0.33,0.667,24,119,108,1.1,6,0.66,4.08,0.084,55.5,0.25
2016,72214,고영민,두산,OB,16,0.25,8,5,4,1,1,1,0,0,2,1,0,0,1,0,0,1,0,0.5,0.4,0.9,0,0.5,0.333,1,0,2,0.0,0,1.0,4.8,0.25,0.8,0.305
2016,99222,홍성흔,두산,OB,16,0.25,17,45,40,4,10,2,0,0,12,5,0,0,5,0,0,9,3,0.3,0.333,0.633,2,0.273,0.0,2,7,14,0.5,0,0.56,4.11,0.05,2.9,0.225
2016,79231,정수빈,두산,OB,18,0.242,114,305,269,49,65,7,2,2,82,20,4,1,25,0,6,48,7,0.305,0.319,0.624,16,0.243,0.0,11,90,67,1.34,1,0.52,4.0,0.063,27.6,0.22
2016,64213,최용제,두산,OB,19,0.222,4,11,9,0,2,0,0,0,2,1,1,0,1,0,0,2,1,0.222,0.3,0.522,0,0.2,0.0,0,4,1,4.0,0,0.5,4.27,0.0,0.4,0.191
2016,62244,박세혁,두산,OB,20,0.209,87,210,172,26,36,5,1,5,58,23,11,3,22,0,2,45,1,0.337,0.302,0.639,3,0.148,0.5,11,48,46,1.04,2,0.49,3.73,0.128,20.8,0.22
2016,63260,이우성,두산,OB,21,0.2,2,5,5,0,1,0,0,0,1,0,0,0,0,0,0,2,0,0.2,0.2,0.4,0,0.0,0.0,0,2,0,,0,0.0,4.2,0.0,0.1,0.14
2016,63257,김인태,두산,OB,22,0.167,14,19,18,0,3,1,0,0,4,3,0,0,1,0,0,4,0,0.222,0.211,0.433,0,0.375,0.429,1,6,5,1.2,0,0.25,4.42,0.056,0.7,0.15
2016,78288,최재훈,두산,OB,22,0.167,22,22,18,1,3,1,0,0,4,4,0,1,2,0,1,2,1,0.222,0.273,0.495,0,0.333,0.0,1,7,7,1.0,0,1.0,4.23,0.056,1.4,0.178
2016,66203,서예일,두산,OB,24,0.105,31,21,19,3,2,0,0,0,2,0,0,0,2,0,0,8,1,0.105,0.19,0.295,0,0.0,0.0,0,7,2,3.5,0,0.25,4.0,0.0,-0.3,0.112
2016,61295,강동연,두산,OB,25,,3,0,0,0,0,0,0,0,0,0,0,0,0,0,0,0,0,,,,0,0.0,0.0,0,0,0,,0,,,,0.0,0.0
2016,66201,고봉재,두산,OB,25,,1,0,0,0,0,0,0,0,0,0,0,0,0,0,0,0,0,,,,0,0.0,0.0,0,0,0,,0,,,,0.0,0.0
2016,73226,김성배,두산,OB,25,,1,0,0,0,0,0,0,0,0,0,0,0,0,0,0,0,0,,,,0,0.0,0.0,0,0,0,,0,,,,0.0,0.0
2016,76329,이현승,두산,OB,25,,2,0,0,0,0,0,0,0,0,0,0,0,0,0,0,0,0,,,,0,0.0,0.0,0,0,0,,0,,,,0.0,0.0
2016,61214,이현호,두산,OB,25,,4,0,0,0,0,0,0,0,0,0,0,0,0,0,0,0,0,,,,0,0.0,0.0,0,0,0,,0,,,,0.0,0.0
2016,65293,정진철,두산,OB,25,0.0,2,1,1,0,0,0,0,0,0,0,0,0,0,0,0,0,0,0.0,0.0,0.0,0,0.0,0.0,0,0,1,0.0,0,,3.0,0.0,-0.1,0.0
2016,78257,진야곱,두산,OB,25,,1,0,0,0,0,0,0,0,0,0,0,0,0,0,0,0,0,,,,0,0.0,0.0,0,0,0,,0,,,,0.0,0.0
2016,63248,함덕주,두산,OB,25,,1,0,0,0,0,0,0,0,0,0,0,0,0,0,0,0,0,,,,0,0.0,0.0,0,0,0,,0,,,,0.0,0.0
2016,65898,김웅빈,넥센,WO,1,0.429,10,15,14,4,6,0,0,1,9,4,0,1,0,0,0,3,0,0.643,0.4,1.043,2,0.333,0.0,1,5,1,5.0,1,0.0,3.67,0.214,3.6,0.341
2016,74215,윤석민,넥센,WO,2,0.334,92,402,341,72,114,15,0,19,186,80,0,6,46,3,9,50,16,0.545,0.42,0.965,34,0.289,0.0,34,102,81,1.26,7,0.92,4.06,0.211,71.5,0.325
2016,61353,고종욱,넥센,WO,3,0.334,133,566,527,92,176,22,9,8,240,72,1,5,28,1,5,103,10,0.455,0.37,0.825,52,0.409,0.545,39,142,111,1.28,9,0.27,3.72,0.121,82.7,0.28
2016,78168,서건창,넥센,WO,4,0.325,140,646,560,111,182,30,7,7,247,63,3,4,69,2,10,58,6,0.441,0.406,0.847,61,0.305,0.0,44,187,137,1.36,9,1.19,3.61,0.116,100.1,0.293
2016,62353,박정음,넥센,WO,5,0.309,98,263,223,45,69,5,3,4,92,26,5,2,30,0,3,52,5,0.413,0.395,0.808,19,0.365,0.25,12,55,49,1.12,5,0.58,3.98,0.103,37.0,0.281
2016,73342,이택근,넥센,WO,6,0.309,127,460,398,64,123,19,1,8,168,65,0,6,53,1,3,56,11,0.422,0.389,0.811,32,0.345,0.25,28,116,109,1.06,8,0.95,3.86,0.113,65.6,0.281
2016,77564,김민성,넥센,WO,7,0.306,141,579,510,76,156,39,5,17,256,90,1,12,53,3,3,89,15,0.502,0.367,0.869,47,0.298,0.0,61,112,165,0.68,3,0.6,4.18,0.196,90.1,0.291
2016,66306,대니돈,넥센,WO,8,0.295,129,497,417,65,123,33,1,16,206,70,1,4,70,4,5,72,8,0.494,0.399,0.893,34,0.297,0.111,50,83,143,0.58,7,0.97,3.91,0.199,81.2,0.303
2016,77463,채태인,넥센,WO,9,0.286,124,417,370,29,106,14,3,7,147,72,0,9,36,1,2,92,13,0.397,0.345,0.742,23,0.35,0.409,24,111,70,1.59,7,0.39,3.94,0.111,50.8,0.255
2016,79300,김지수,넥센,WO,10,0.286,81,106,91,16,26,5,0,3,40,9,4,1,10,0,0,16,3,0.44,0.353,0.793,4,0.16,0.2,8,21,29,0.72,2,0.63,3.93,0.154,13.5,0.269
2016,64300,김하성,넥센,WO,11,0.281,144,599,526,92,148,29,7,20,251,84,2,5,60,2,6,80,7,0.477,0.358,0.835,36,0.315,0.0,56,103,200,0.52,4,0.75,4.12,0.196,90.1,0.28
2016,76368,유재신,넥센,WO,12,0.258,93,74,62,20,16,0,0,0,16,6,2,0,10,0,0,12,0,0.258,0.361,0.619,1,0.35,0.0,0,19,15,1.27,0,0.83,4.0,0.0,7.9,0.227
2016,64346,임병욱,넥센,WO,13,0.249,104,265,233,43,58,11,1,8,95,24,6,0,25,0,1,82,2,0.408,0.324,0.732,13,0.197,0.0,20,37,56,0.66,0,0.3,4.0,0.159,32.6,0.248
2016,79365,박동원,넥센,WO,14,0.248,127,454,411,44,102,25,1,14,171,70,6,3,27,0,7,93,18,0.416,0.304,0.72,26,0.25,0.0,40,117,102,1.15,8,0.29,3.65,0.168,48.1,0.241
2016,62302,지재옥,넥센,WO,15,0.231,7,17,13,2,3,0,0,1,6,1,0,0,3,0,1,7,0,0.462,0.412,0.874,1,0.25,0.0,1,3,0,,0,0.43,4.18,0.231,2.8,0.301
2016,61366,홍성갑,넥센,WO,16,0.226,44,68,62,4,14,0,1,0,16,7,0,0,1,0,5,18,2,0.258,0.294,0.552,0,0.235,0.217,1,13,17,0.76,0,0.06,3.72,0.032,4.6,0.197
2016,66354,주효상,넥센,WO,17,0.222,12,19,18,3,4,1,0,0,5,3,0,0,1,0,0,9,0,0.278,0.263,0.541,0,0.333,0.0,1,2,3,0.67,1,0.11,4.74,0.056,1.2,0.188
2016,63360,장시윤,넥센,WO,18,0.2,9,14,10,3,2,0,0,0,2,0,0,0,3,0,1,2,1,0.2,0.429,0.629,0,0.0,0.0,0,3,3,1.0,0,1.5,3.86,0.0,1.3,0.243
2016,79130,강지광,넥센,WO,19,0.197,40,80,66,10,13,2,0,1,18,7,1,1,11,0,1,24,1,0.273,0.316,0.589,2,0.15,0.0,3,12,18,0.67,0,0.46,3.86,0.076,6.3,0.21
2016,79334,장영석,넥센,WO,20,0.192,23,33,26,6,5,2,0,0,7,3,0,0,7,0,0,10,1,0.269,0.364,0.633,1,0.182,0.0,2,6,5,1.2,0,0.7,4.79,0.077,2.7,0.231
2016,62332,김재현,넥센,WO,21,0.181,56,82,72,8,13,2,0,0,15,8,2,0,7,0,1,14,1,0.208,0.263,0.471,3,0.313,0.0,2,25,20,1.25,0,0.5,4.16,0.028,3.9,0.17
2016,65399,허정협,넥센,WO,22,0.176,13,20,17,0,3,0,0,0,3,1,0,0,3,0,0,7,1,0.176,0.3,0.476,0,0.5,0.333,0,3,4,0.75,0,0.43,3.75,0.0,0.8,0.179
2016,77848,박윤,넥센,WO,23,0.091,7,12,11,0,1,0,0,0,1,0,0,0,1,0,0,2,0,0.091,0.167,0.258,0,0.333,0.0,0,3,5,0.6,0,0.5,3.67,0.0,-0.1,0.098
2016,63339,김민준,넥센,WO,24,0.083,20,13,12,4,1,0,0,0,1,0,0,0,1,0,0,5,0,0.083,0.154,0.237,0,0.0,0.0,0,4,2,2.0,0,0.2,3.38,0.0,-0.5,0.09
2016,76350,김세현,넥센,WO,25,,2,0,0,0,0,0,0,0,0,0,0,0,0,0,0,0,0,,,,0,0.0,0.0,0,0,0,,0,,,,0.0,0.0
2016,65343,김택형,넥센,WO,25,,1,1,0,0,0,0,0,0,0,0,0,0,1,0,0,0,0,,1.0,1.0,0,0.0,0.0,0,0,0,,0,,7.0,,0.3,0.45
2016,72749,마정길,넥센,WO,25,,1,0,0,0,0,0,0,0,0,0,0,0,0,0,0,0,0,,,,0,0.0,0.0,0,0,0,,0,,,,0.0,0.0
2016,74359,오주원,넥센,WO,25,,1,0,0,0,0,0,0,0,0,0,0,0,0,0,0,0,0,,,,0,0.0,0.0,0,0,0,,0,,,,0.0,0.0
2016,97541,이정훈,넥센,WO,25,,1,0,0,0,0,0,0,0,0,0,0,0,0,0,0,0,0,,,,0,0.0,0.0,0,0,0,,0,,,,0.0,0.0
2017,66162,김주성,LG,LG,1,1.0,2,1,1,1,1,0,0,0,1,0,0,0,0,0,0,0,0,1.0,1.0,2.0,0,0.0,0.0,0,0,0,,0,,6.0,0.0,0.5,0.7
2017,78148,정찬헌,LG,LG,1,1.0,1,1,1,1,1,0,0,0,1,2,0,0,0,0,0,0,0,1.0,1.0,2.0,0,1.0,0.0,0,0,0,,0,,1.0,0.0,0.5,0.7
2017,72133,박용택,LG,LG,3,0.344,138,596,509,83,175,23,2,14,244,90,0,9,72,6,6,88,13,0.479,0.424,0.903,51,0.364,0.0,39,128,127,1.01,12,0.82,4.08,0.136,100.6,0.311
2017,79198,윤진호,LG,LG,4,0.333,14,3,3,1,1,0,0,0,1,1,0,0,0,0,0,1,0,0.333,0.333,0.666,0,0.5,0.0,0,0,1,0.0,0,0.0,4.0,0.0,0.3,0.233
2017,60100,백진우,LG,LG,5,0.327,52,122,101,15,33,9,0,4,54,18,3,2,12,0,4,18,4,0.535,0.412,0.947,6,0.4,0.316,13,19,33,0.58,2,0.67,4.01,0.208,21.0,0.319
2017,65115,안익훈,LG,LG,6,0.32,108,248,219,38,70,5,0,1,78,15,5,2,18,0,4,28,3,0.356,0.379,0.735,20,0.326,0.364,6,78,45,1.73,2,0.64,4.06,0.037,30.6,0.26
2017,99606,정성훈,LG,LG,7,0.312,115,321,276,32,86,14,0,6,118,30,1,2,36,2,6,49,4,0.428,0.4,0.828,23,0.222,0.296,20,68,75,0.91,3,0.73,3.96,0.116,47.4,0.287
2017,61114,김재율,LG,LG,8,0.304,75,198,181,21,55,9,0,6,82,28,4,1,10,0,2,35,8,0.453,0.345,0.798,14,0.26,0.1,15,49,43,1.14,2,0.29,3.69,0.149,24.8,0.269
2017,74823,임훈,LG,LG,9,0.293,42,85,82,8,24,1,0,0,25,7,0,0,2,0,1,16,3,0.305,0.318,0.623,5,0.136,0.188,1,24,18,1.33,1,0.13,4.51,0.012,6.3,0.219
2017,61186,이천웅,LG,LG,10,0.284,75,266,232,35,66,14,0,2,86,27,4,0,24,2,6,45,10,0.371,0.366,0.737,20,0.38,0.2,16,81,40,2.03,4,0.53,3.76,0.086,29.6,0.257
2017,72456,손주인,LG,LG,11,0.279,115,334,294,48,82,13,0,5,110,33,9,6,20,0,5,41,10,0.374,0.329,0.703,21,0.274,0.222,18,70,107,0.65,2,0.49,3.67,0.095,37.3,0.242
2017,67134,로니,LG,LG,12,0.278,23,93,79,7,22,5,0,3,36,12,0,2,11,1,1,14,1,0.456,0.366,0.822,6,0.227,0.0,8,17,28,0.61,2,0.79,4.35,0.177,14.0,0.279
2017,61102,유강남,LG,LG,13,0.278,118,364,324,43,90,13,0,17,154,66,9,2,14,0,15,72,4,0.475,0.335,0.81,24,0.383,0.167,30,78,86,0.91,3,0.19,3.55,0.198,52.0,0.27
2017,65103,히메네스,LG,LG,14,0.276,51,198,181,29,50,6,1,7,79,30,0,1,13,0,3,19,8,0.436,0.333,0.769,15,0.327,0.0,14,42,71,0.59,3,0.68,3.58,0.16,22.9,0.259
2017,65157,최민창,LG,LG,15,0.276,13,33,29,1,8,0,0,0,8,2,0,1,3,0,0,7,0,0.276,0.333,0.609,1,0.2,0.0,0,11,4,2.75,0,0.43,3.7,0.0,3.1,0.219
2017,79109,오지환,LG,LG,16,0.272,107,390,334,47,91,13,4,8,136,39,1,5,45,2,5,105,8,0.407,0.362,0.769,24,0.256,0.0,25,80,63,1.27,10,0.43,4.19,0.135,51.3,0.265
2017,78217,김용의,LG,LG,17,0.268,60,189,164,17,44,6,2,0,54,8,6,0,19,0,0,49,2,0.329,0.344,0.673,14,0.296,0.0,8,46,25,1.84,1,0.39,4.0,0.061,19.5,0.237
2017,79192,채은성,LG,LG,18,0.267,114,372,333,28,89,12,3,2,113,35,10,1,17,1,11,66,8,0.339,0.323,0.662,26,0.302,0.125,17,89,90,0.99,3,0.26,3.43,0.072,34.4,0.23
2017,78135,이형종,LG,LG,19,0.265,128,434,377,57,100,18,0,9,145,44,4,2,40,0,11,73,7,0.385,0.351,0.736,24,0.253,0.222,27,115,91,1.26,1,0.55,3.97,0.119,52.6,0.254
2017,64153,양석환,LG,LG,20,0.263,132,496,445,62,117,27,3,14,192,83,2,5,38,2,6,93,13,0.431,0.326,0.757,31,0.336,0.167,44,77,163,0.47,6,0.41,4.04,0.169,59.2,0.254
2017,71842,정상호,LG,LG,21,0.263,79,150,137,16,36,3,0,3,48,17,4,0,4,0,5,32,8,0.35,0.308,0.658,8,0.239,0.286,6,42,27,1.56,1,0.13,3.68,0.088,12.4,0.226
2017,79113,문선재,LG,LG,22,0.261,35,107,92,17,24,6,1,2,38,14,2,2,10,0,1,24,0,0.413,0.333,0.746,7,0.286,0.0,9,15,31,0.48,2,0.42,4.07,0.152,13.0,0.253
2017,63123,강승호,LG,LG,23,0.25,85,268,248,42,62,14,2,5,95,31,3,7,7,0,3,67,5,0.383,0.272,0.655,15,0.242,0.333,21,60,66,0.91,2,0.1,3.65,0.133,26.6,0.218
2017,62147,조윤준,LG,LG,24,0.237,25,43,38,3,9,0,0,0,9,8,2,1,2,0,0,6,2,0.237,0.268,0.505,2,0.333,0.0,0,14,10,1.4,2,0.33,3.07,0.0,2.2,0.18
2017,63913,최재원,LG,LG,25,0.232,69,159,142,20,33,4,1,1,42,12,3,3,8,0,3,34,2,0.296,0.282,0.578,9,0.29,0.375,6,48,30,1.6,0,0.24,3.92,0.063,12.6,0.201
2017,65109,백승현,LG,LG,26,0.217,9,30,23,2,5,1,0,0,6,1,1,0,5,0,1,6,0,0.261,0.379,0.64,0,0.0,0.0,1,7,5,1.4,0,0.83,3.83,0.043,2.8,0.236
2017,63077,황목치승,LG,LG,27,0.207,45,34,29,14,6,0,0,0,6,3,2,1,1,0,1,6,0,0.207,0.25,0.457,1,0.0,0.5,0,10,8,1.25,0,0.17,3.59,0.0,2.4,0.164
2017,76100,이병규,LG,LG,28,0.205,19,48,44,5,9,0,1,0,11,5,0,0,4,0,0,14,0,0.25,0.271,0.521,3,0.231,0.5,1,8,13,0.62,1,0.29,4.38,0.045,3.1,0.184
2017,62164,서상우,LG,LG,29,0.077,10,17,13,4,1,0,0,1,4,2,0,0,3,1,1,8,0,0.308,0.294,0.602,0,0.0,0.0,1,2,2,1.0,1,0.38,4.18,0.231,1.7,0.209
2017,67119,고우석,LG,LG,30,,1,0,0,0,0,0,0,0,0,0,0,0,0,0,0,0,0,,,,0,0.0,0.0,0,0,0,,0,,,,0.0,0.0
2017,66145,김대현,LG,LG,30,,1,0,0,0,0,0,0,0,0,0,0,0,0,0,0,0,0,,,,0,0.0,0.0,0,0,0,,0,,,,0.0,0.0
2017,60181,김지용,LG,LG,30,,1,0,0,0,0,0,0,0,0,0,0,0,0,0,0,0,0,,,,0,0.0,0.0,0,0,0,,0,,,,0.0,0.0
2017,60140,신정락,LG,LG,30,,2,0,0,0,0,0,0,0,0,0,0,0,0,0,0,0,0,,,,0,0.0,0.0,0,0,0,,0,,,,0.0,0.0
2017,66160,유재유,LG,LG,30,,1,0,0,0,0,0,0,0,0,0,0,0,0,0,0,0,0,,,,0,0.0,0.0,0,0,0,,0,,,,0.0,0.0
2017,61329,윤지웅,LG,LG,30,,1,0,0,0,0,0,0,0,0,0,0,0,0,0,0,0,0,,,,0,0.0,0.0,0,0,0,,0,,,,0.0,0.0
2017,71118,이동현,LG,LG,30,,1,0,0,0,0,0,0,0,0,0,0,0,0,0,0,0,0,,,,0,0.0,0.0,0,0,0,,0,,,,0.0,0.0
2017,64115,장준원,LG,LG,30,0.0,8,5,5,0,0,0,0,0,0,0,0,0,0,0,0,1,0,0.0,0.0,0.0,0,0.0,0.0,0,2,2,1.0,0,0.0,4.2,0.0,-0.5,0.0
2017,79150,정주현,LG,LG,30,0.0,15,9,8,2,0,0,0,0,0,0,1,0,0,0,0,4,0,0.0,0.0,0.0,0,0.0,0.0,0,2,2,1.0,0,0.0,3.44,0.0,-0.5,0.0
2017,76650,진해수,LG,LG,30,,1,0,0,0,0,0,0,0,0,0,0,0,0,0,0,0,0,,,,0,0.0,0.0,0,0,0,,0,,,,0.0,0.0
2017,76455,차우찬,LG,LG,30,,1,0,0,0,0,0,0,0,0,0,0,0,0,0,0,0,0,,,,0,0.0,0.0,0,0,0,,0,,,,0.0,0.0
2017,79140,최동환,LG,LG,30,,4,0,0,0,0,0,0,0,0,0,0,0,0,0,0,0,0,,,,0,0.0,0.0,0,0,0,,0,,,,0.0,0.0
2017,71752,김태균,한화,HH,1,0.34,94,407,356,51,121,22,0,17,194,76,0,4,43,7,4,56,13,0.545,0.413,0.958,37,0.398,0.0,39,89,94,0.95,4,0.77,3.97,0.205,71.7,0.322
2017,66740,로사리오,한화,HH,2,0.339,119,510,445,100,151,30,1,37,294,111,0,5,50,4,10,61,12,0.661,0.414,1.075,44,0.373,0.5,68,122,116,1.05,7,0.82,3.54,0.321,108.1,0.352
2017,75808,정근우,한화,HH,3,0.33,105,442,391,73,129,22,0,11,184,46,5,3,32,3,10,48,12,0.471,0.392,0.863,41,0.341,0.0,33,118,99,1.19,6,0.67,3.58,0.141,65.8,0.294
2017,76753,송광민,한화,HH,4,0.327,117,473,437,71,143,26,0,13,208,75,4,8,21,1,3,88,11,0.476,0.356,0.832,45,0.291,0.25,39,117,97,1.21,6,0.24,3.6,0.149,68.8,0.279
2017,78756,오선진,한화,HH,5,0.31,65,209,184,23,57,11,0,2,74,21,4,2,15,0,4,22,5,0.402,0.371,0.773,19,0.4,0.0,13,63,44,1.43,4,0.68,3.96,0.092,25.6,0.267
2017,73136,이성열,한화,HH,6,0.307,81,318,280,41,86,16,1,21,167,65,4,5,19,0,9,80,0,0.596,0.364,0.96,27,0.259,0.5,38,58,61,0.95,1,0.24,3.77,0.289,60.8,0.313
2017,74729,최진행,한화,HH,7,0.306,89,289,258,29,79,21,0,13,139,50,1,1,19,0,10,77,3,0.539,0.375,0.914,21,0.351,0.5,34,47,56,0.84,5,0.25,3.88,0.233,48.1,0.304
2017,62700,하주석,한화,HH,8,0.285,111,470,432,69,123,18,8,11,190,52,9,1,23,0,5,83,6,0.44,0.328,0.768,34,0.313,0.333,37,145,82,1.77,6,0.28,3.49,0.155,59.0,0.258
2017,71347,장민석,한화,HH,9,0.278,88,327,299,38,83,9,0,1,95,21,12,1,15,0,0,58,4,0.318,0.311,0.629,23,0.289,0.333,10,108,51,2.12,1,0.26,3.76,0.04,29.1,0.219
2017,62768,김원석,한화,HH,10,0.277,78,212,195,29,54,12,2,7,91,26,2,0,10,0,5,59,3,0.467,0.329,0.796,14,0.326,0.455,21,46,36,1.28,2,0.17,3.83,0.19,28.2,0.265
2017,62797,양성우,한화,HH,11,0.277,118,417,358,42,99,26,1,2,133,40,7,2,38,0,12,51,8,0.372,0.363,0.735,18,0.284,0.333,29,104,106,0.98,6,0.75,3.79,0.095,48.4,0.256
2017,66749,김주현,한화,HH,12,0.265,24,43,34,3,9,2,0,0,11,3,0,0,8,0,1,15,0,0.324,0.419,0.743,1,0.143,0.2,2,1,9,0.11,0,0.53,4.74,0.059,5.6,0.27
2017,74163,이용규,한화,HH,13,0.263,57,200,179,31,47,8,1,0,57,12,1,1,17,0,2,20,4,0.318,0.332,0.65,10,0.196,0.4,9,57,56,1.02,1,0.85,4.04,0.056,20.0,0.229
2017,78288,최재훈,한화,HH,14,0.257,104,309,269,22,69,10,0,1,82,16,6,0,26,0,8,36,10,0.305,0.34,0.645,15,0.21,0.5,11,94,70,1.34,1,0.72,4.17,0.048,26.8,0.229
2017,76720,정범모,한화,HH,15,0.256,22,50,43,5,11,2,0,1,16,3,2,0,5,0,0,15,0,0.372,0.333,0.705,2,0.125,0.0,3,10,7,1.43,0,0.33,4.0,0.116,5.7,0.243
2017,77464,임익준,한화,HH,16,0.25,30,47,36,7,9,1,0,0,10,2,4,0,7,0,0,8,2,0.278,0.372,0.65,2,0.167,0.0,1,13,6,2.17,0,0.88,3.72,0.028,4.2,0.237
2017,71610,김경언,한화,HH,17,0.248,38,118,105,17,26,7,0,5,48,17,0,0,12,0,1,27,1,0.457,0.331,0.788,5,0.348,0.333,12,31,21,1.48,0,0.44,4.14,0.21,16.1,0.263
2017,66716,정경운,한화,HH,18,0.236,46,121,106,8,25,2,1,1,32,7,4,2,9,0,0,24,2,0.302,0.291,0.593,6,0.154,0.0,4,31,28,1.11,0,0.38,3.48,0.066,10.5,0.206
2017,79705,김회성,한화,HH,19,0.235,54,103,85,10,20,4,0,3,33,13,1,2,13,0,2,24,3,0.388,0.343,0.731,2,0.217,0.308,7,18,25,0.72,1,0.54,3.99,0.153,12.4,0.251
2017,73725,이양기,한화,HH,20,0.227,17,48,44,0,10,1,0,0,11,3,2,0,2,0,0,10,1,0.25,0.261,0.511,3,0.214,0.25,1,14,10,1.4,0,0.2,4.21,0.023,2.5,0.18
2017,77243,허도환,한화,HH,21,0.225,30,49,40,4,9,3,0,1,15,4,3,0,4,0,2,10,2,0.375,0.326,0.701,1,0.182,0.0,4,10,11,0.91,1,0.4,4.12,0.15,4.7,0.24
2017,66702,이시원,한화,HH,22,0.221,67,145,131,23,29,0,0,0,29,2,8,0,5,0,1,15,2,0.221,0.255,0.476,6,0.136,0.0,0,57,30,1.9,0,0.33,3.4,0.0,6.9,0.17
2017,60805,최윤석,한화,HH,23,0.219,21,33,32,3,7,0,0,0,7,2,1,0,0,0,0,6,0,0.219,0.219,0.438,2,0.25,0.333,0,10,9,1.11,0,0.0,4.12,0.0,1.2,0.153
2017,61700,강경학,한화,HH,24,0.214,59,93,84,17,18,2,1,0,22,4,0,0,8,0,1,19,1,0.262,0.29,0.552,3,0.167,0.083,3,30,17,1.76,0,0.42,3.78,0.048,6.4,0.196
2017,66710,강상원,한화,HH,24,0.214,33,14,14,8,3,1,0,0,4,1,0,0,0,0,0,5,0,0.286,0.214,0.5,0,1.0,0.0,1,3,3,1.0,0,0.0,4.21,0.071,0.7,0.168
2017,73602,차일목,한화,HH,26,0.207,52,112,92,7,19,3,0,1,25,7,4,0,13,0,3,21,5,0.272,0.324,0.596,4,0.156,0.0,4,30,22,1.36,1,0.62,4.17,0.065,8.0,0.214
2017,98144,조인성,한화,HH,27,0.138,16,29,29,1,4,0,0,0,4,0,0,0,0,0,0,9,1,0.138,0.138,0.276,1,0.0,0.0,0,8,8,1.0,0,0.0,3.93,0.0,-0.7,0.097
2017,64724,박준혁,한화,HH,28,0.1,8,10,10,1,1,0,0,0,1,0,0,0,0,0,0,4,0,0.1,0.1,0.2,0,0.0,0.0,0,3,2,1.5,0,0.0,3.7,0.0,-0.3,0.07
2017,66704,김태연,한화,HH,29,0.048,12,22,21,1,1,0,0,1,4,2,0,0,1,0,0,11,0,0.19,0.091,0.281,0,0.0,0.0,1,4,5,0.8,0,0.09,4.45,0.143,-0.1,0.088
2017,78552,강승현,한화,HH,30,,1,0,0,0,0,0,0,0,0,0,0,0,0,0,0,0,0,,,,0,0.0,0.0,0,0,0,,0,,,,0.0,0.0
2017,66707,박상언,한화,HH,30,0.0,4,4,2,1,0,0,0,0,0,0,0,0,2,0,0,1,0,0.0,0.5,0.5,0,0.0,0.0,0,0,1,0.0,0,2.0,4.25,0.0,0.5,0.225
2017,67703,박상원,한화,HH,30,,1,0,0,0,0,0,0,0,0,0,0,0,0,0,0,0,0,,,,0,0.0,0.0,0,0,0,,0,,,,0.0,0.0
2017,99314,송신영,한화,HH,30,,1,0,0,0,0,0,0,0,0,0,0,0,0,0,0,0,0,,,,0,0.0,0.0,0,0,0,,0,,,,0.0,0.0
2017,74167,심수창,한화,HH,30,,2,0,0,0,0,0,0,0,0,0,0,0,0,0,0,0,0,,,,0,0.0,0.0,0,0,0,,0,,,,0.0,0.0
2017,73738,안영명,한화,HH,30,,1,0,0,0,0,0,0,0,0,0,0,0,0,0,0,0,0,,,,0,0.0,0.0,0,0,0,,0,,,,0.0,0.0
2017,77452,이동걸,한화,HH,30,,1,0,0,0,0,0,0,0,0,0,0,0,0,0,0,0,0,,,,0,0.0,0.0,0,0,0,,0,,,,0.0,0.0
2017,60667,이종환,한화,HH,30,0.0,1,2,2,0,0,0,0,0,0,0,0,0,0,0,0,1,0,0.0,0.0,0.0,0,0.0,0.0,0,1,0,,0,0.0,4.5,0.0,-0.2,0.0
2017,64706,이창열,한화,HH,30,0.0,3,1,1,1,0,0,0,0,0,0,0,0,0,0,0,0,0,0.0,0.0,0.0,0,0.0,0.0,0,0,1,0.0,0,,1.0,0.0,-0.1,0.0
2017,74857,정우람,한화,HH,30,,1,0,0,0,0,0,0,0,0,0,0,0,0,0,0,0,0,,,,0,0.0,0.0,0,0,0,,0,,,,0.0,0.0
2017,78745,정현석,한화,HH,30,0.0,9,12,12,0,0,0,0,0,0,0,0,0,0,0,0,4,0,0.0,0.0,0.0,0,0.0,0.0,0,5,3,1.67,0,0.0,3.5,0.0,-1.1,0.0
2017,65464,최정용,SSG,SK,1,0.333,5,8,6,1,2,0,0,0,2,0,1,0,1,0,0,0,0,0.333,0.429,0.762,0,0.0,0.0,0,2,2,1.0,0,,3.38,0.0,0.7,0.276
2017,75151,정의윤,SSG,SK,2,0.321,112,381,349,44,112,16,0,15,173,45,0,4,19,0,9,61,11,0.496,0.367,0.863,31,0.299,0.35,31,82,98,0.84,4,0.31,3.67,0.175,58.4,0.289
2017,62884,최항,SSG,SK,3,0.321,37,116,106,14,34,8,0,1,45,16,2,2,3,0,3,29,1,0.425,0.351,0.776,9,0.429,0.333,9,20,25,0.8,2,0.1,3.88,0.104,15.2,0.264
2017,75847,최정,SSG,SK,4,0.316,130,527,430,89,136,18,1,46,294,113,0,8,70,10,19,107,8,0.684,0.427,1.111,34,0.388,0.0,65,63,132,0.48,10,0.65,4.23,0.367,116.4,0.363
2017,62895,한유섬,SSG,SK,5,0.294,103,414,350,64,103,21,2,29,215,73,0,3,46,2,15,79,8,0.614,0.396,1.01,29,0.226,0.5,52,88,83,1.06,6,0.58,4.04,0.32,80.0,0.332
2017,73209,나주환,SSG,SK,6,0.291,122,452,419,69,122,24,1,19,205,65,8,1,19,3,5,85,15,0.489,0.329,0.818,38,0.366,0.2,44,99,114,0.87,8,0.22,3.88,0.198,59.3,0.27
2017,63704,노수광,SSG,SK,7,0.285,131,425,382,72,109,18,3,6,151,39,4,5,25,2,9,84,3,0.395,0.34,0.735,30,0.239,0.0,27,119,75,1.59,6,0.3,3.84,0.11,52.8,0.252
2017,71184,이성우,SSG,SK,8,0.279,64,125,111,6,31,5,0,1,39,14,7,0,6,0,1,17,2,0.351,0.322,0.673,7,0.333,0.0,6,49,14,3.5,1,0.35,3.86,0.072,12.1,0.233
2017,66838,김동엽,SSG,SK,9,0.277,125,428,393,58,109,18,1,22,195,70,0,3,23,1,9,62,6,0.496,0.329,0.825,29,0.266,0.273,41,109,116,0.94,6,0.37,3.49,0.219,62.4,0.272
2017,72860,이대수,SSG,SK,10,0.276,58,124,105,18,29,5,1,0,36,4,7,0,10,0,2,20,1,0.343,0.35,0.693,9,0.19,0.0,6,26,30,0.87,0,0.5,3.86,0.067,13.7,0.243
2017,64868,조용호,SSG,SK,11,0.272,69,225,191,34,52,7,1,0,61,10,6,0,25,0,3,39,4,0.319,0.365,0.684,15,0.333,0.143,8,71,29,2.45,1,0.64,4.19,0.047,24.9,0.244
2017,76802,김성현,SSG,SK,12,0.271,130,429,380,45,103,14,0,4,129,29,7,3,34,1,4,28,8,0.339,0.335,0.674,24,0.217,0.375,18,133,119,1.12,4,1.21,3.57,0.068,44.5,0.236
2017,74846,박정권,SSG,SK,13,0.256,118,345,305,37,78,14,1,16,142,51,0,5,30,0,5,78,4,0.466,0.328,0.794,18,0.268,0.176,31,68,86,0.79,2,0.38,4.1,0.21,48.7,0.264
2017,67872,로맥,SSG,SK,14,0.242,102,416,359,58,87,19,0,31,199,64,0,1,50,2,6,116,6,0.554,0.344,0.898,21,0.215,0.25,50,45,112,0.4,7,0.43,4.2,0.312,68.3,0.293
2017,76812,이재원,SSG,SK,15,0.242,114,350,314,32,76,15,0,9,118,42,8,4,16,0,8,55,9,0.376,0.292,0.668,20,0.229,0.286,24,90,97,0.93,3,0.29,3.45,0.134,34.2,0.225
2017,61869,정진기,SSG,SK,16,0.234,90,212,197,37,46,5,1,11,86,35,2,0,9,0,4,55,1,0.437,0.281,0.718,9,0.3,0.167,17,52,44,1.18,4,0.16,3.94,0.203,25.8,0.236
2017,76158,최승준,SSG,SK,17,0.233,31,98,90,11,21,4,0,6,43,16,0,0,7,0,1,34,3,0.478,0.296,0.774,4,0.211,0.25,10,16,19,0.84,1,0.21,3.78,0.244,12.1,0.253
2017,71837,김강민,SSG,SK,18,0.219,88,203,183,31,40,5,1,5,62,18,0,0,15,0,5,50,3,0.339,0.296,0.635,4,0.311,0.1,11,46,47,0.98,3,0.3,4.24,0.12,19.3,0.218
2017,62802,박승욱,SSG,SK,19,0.203,73,184,158,25,32,3,2,3,48,11,5,1,16,0,4,57,1,0.304,0.291,0.595,6,0.098,0.5,8,42,28,1.5,2,0.28,3.97,0.101,14.5,0.207
2017,63634,이홍구,SSG,SK,20,0.188,53,110,101,14,19,3,0,10,52,18,1,1,5,0,2,43,2,0.515,0.239,0.754,2,0.185,0.2,13,17,23,0.74,1,0.12,4.0,0.327,13.9,0.236
2017,67827,워스,SSG,SK,21,0.111,3,11,9,0,1,0,0,0,1,0,0,0,2,0,0,2,1,0.111,0.273,0.384,0,0.0,0.0,0,3,3,1.0,0,1.0,4.64,0.0,0.1,0.151
2017,76869,김재현,SSG,SK,22,0.0,14,4,4,3,0,0,0,0,0,0,0,0,0,0,0,2,0,0.0,0.0,0.0,0,0.0,0.0,0,2,0,,0,0.0,4.25,0.0,-0.8,0.0
2017,66859,김주한,SSG,SK,22,,2,0,0,0,0,0,0,0,0,0,0,0,0,0,0,0,0,,,,0,0.0,0.0,0,0,0,,0,,,,0.0,0.0
2017,67893,박성한,SSG,SK,22,0.0,2,4,4,0,0,0,0,0,0,0,0,0,0,0,0,2,0,0.0,0.0,0.0,0,0.0,0.0,0,0,2,0.0,0,0.0,3.25,0.0,-0.4,0.0
2017,61895,서진용,SSG,SK,22,,1,0,0,0,0,0,0,0,0,0,0,0,0,0,0,0,0,,,,0,0.0,0.0,0,0,0,,0,,,,0.0,0.0
2017,75340,전유수,SSG,SK,22,0.0,1,1,1,0,0,0,0,0,0,0,0,0,0,0,0,1,0,0.0,0.0,0.0,0,0.0,0.0,0,0,0,,0,0.0,3.0,0.0,-0.1,0.0
2017,62892,허건엽,SSG,SK,22,,1,0,0,0,0,0,0,0,0,0,0,0,0,0,0,0,0,,,,0,0.0,0.0,0,0,0,,0,,,,0.0,0.0
2017,66462,김성훈,삼성,SS,1,0.318,47,166,151,27,48,4,2,0,56,18,1,1,12,0,1,16,2,0.371,0.37,0.741,14,0.357,0.0,6,54,34,1.59,1,0.75,3.72,0.053,20.7,0.259
2017,67450,러프,삼성,SS,2,0.315,134,591,515,90,162,38,0,31,293,124,0,4,60,4,12,107,14,0.569,0.396,0.965,46,0.379,0.0,69,112,138,0.81,9,0.56,4.09,0.254,106.0,0.32
2017,73824,최경철,삼성,SS,3,0.313,25,39,32,5,10,2,0,2,18,7,0,1,3,0,3,10,0,0.563,0.41,0.973,1,0.429,0.0,4,6,7,0.86,0,0.3,4.46,0.25,7.7,0.325
2017,62404,구자욱,삼성,SS,4,0.31,144,647,564,108,175,39,10,21,297,107,0,10,63,1,10,138,1,0.527,0.383,0.91,48,0.352,0.0,70,107,154,0.69,5,0.46,4.06,0.216,113.7,0.304
2017,64610,강한울,삼성,SS,5,0.303,135,448,412,58,125,9,3,0,140,24,9,1,26,0,0,57,4,0.34,0.344,0.684,37,0.24,0.167,12,145,86,1.69,4,0.46,3.95,0.036,47.8,0.24
2017,79465,배영섭,삼성,SS,6,0.303,92,244,218,39,66,11,1,6,97,26,3,1,19,1,3,44,5,0.445,0.365,0.81,14,0.283,0.286,18,50,59,0.85,2,0.43,4.19,0.142,33.8,0.276
2017,66406,안주형,삼성,SS,7,0.3,10,10,10,0,3,1,0,0,4,2,0,0,0,0,0,1,0,0.4,0.3,0.7,1,0.286,0.0,1,4,2,2.0,0,0.0,5.7,0.1,0.9,0.235
2017,72466,조동찬,삼성,SS,8,0.289,122,393,353,35,102,23,0,10,155,46,4,4,22,0,10,72,8,0.439,0.344,0.783,26,0.227,0.25,33,87,96,0.91,7,0.31,3.9,0.15,52.4,0.265
2017,62415,박해민,삼성,SS,9,0.284,144,638,570,96,162,25,8,7,224,54,8,9,50,0,1,78,6,0.393,0.338,0.731,49,0.293,0.0,40,171,168,1.02,4,0.64,3.91,0.109,82.2,0.25
2017,95436,이승엽,삼성,SS,10,0.28,135,533,472,65,132,30,5,24,244,87,0,8,47,6,6,85,7,0.517,0.347,0.864,40,0.244,0.167,59,107,156,0.69,9,0.55,3.92,0.237,84.3,0.285
2017,61463,김정혁,삼성,SS,11,0.274,31,91,84,15,23,5,0,0,28,13,0,1,4,0,2,18,1,0.333,0.319,0.652,5,0.526,0.0,5,23,21,1.1,2,0.22,3.45,0.06,9.2,0.227
2017,75566,이원석,삼성,SS,12,0.265,121,459,411,55,109,20,1,18,185,62,4,6,34,2,4,80,4,0.45,0.323,0.773,27,0.262,0.0,39,99,129,0.77,2,0.43,3.97,0.185,62.5,0.258
2017,61404,김헌곤,삼성,SS,13,0.264,123,404,356,51,94,13,2,9,138,47,8,3,29,0,8,45,11,0.388,0.331,0.719,25,0.326,0.2,24,131,89,1.47,2,0.64,3.73,0.124,46.7,0.246
2017,79402,김상수,삼성,SS,14,0.264,42,154,144,17,38,7,0,3,54,13,3,1,5,0,1,26,4,0.375,0.291,0.666,8,0.231,0.333,10,51,30,1.7,0,0.19,3.84,0.111,14.5,0.225
2017,71432,박한이,삼성,SS,15,0.263,68,134,118,14,31,9,0,4,52,14,2,1,13,2,0,33,2,0.441,0.333,0.774,7,0.25,0.194,13,29,26,1.12,2,0.39,4.13,0.178,17.1,0.26
2017,79456,이지영,삼성,SS,16,0.238,105,336,302,31,72,10,2,0,86,26,6,3,20,1,5,40,16,0.285,0.294,0.579,15,0.207,0.444,12,116,77,1.51,0,0.5,3.32,0.046,21.9,0.204
2017,77466,최원제,삼성,SS,17,0.222,11,18,18,3,4,3,0,0,7,3,0,0,0,0,0,6,1,0.389,0.222,0.611,0,0.143,0.286,3,3,5,0.6,0,0.0,4.44,0.167,1.0,0.197
2017,67454,나원탁,삼성,SS,18,0.217,12,23,23,2,5,1,0,0,6,0,0,0,0,0,0,12,0,0.261,0.217,0.478,1,0.0,0.5,1,4,2,2.0,0,0.0,3.43,0.043,1.0,0.163
2017,61104,정병곤,삼성,SS,19,0.216,74,82,74,16,16,0,0,2,22,7,2,0,4,0,2,21,3,0.297,0.275,0.572,1,0.158,0.5,2,18,19,0.95,1,0.19,3.68,0.081,5.3,0.198
2017,65412,권정웅,삼성,SS,20,0.212,61,112,99,11,21,3,0,6,42,11,4,0,8,0,1,31,4,0.424,0.278,0.702,4,0.111,0.0,9,27,20,1.35,0,0.26,3.73,0.212,11.3,0.231
2017,61197,최영진,삼성,SS,21,0.2,14,22,20,4,4,0,2,1,11,4,1,0,1,0,0,4,0,0.55,0.238,0.788,0,0.25,0.333,3,7,5,1.4,0,0.25,3.14,0.35,3.1,0.245
2017,62499,이현동,삼성,SS,22,0.188,16,16,16,1,3,1,0,0,4,0,0,0,0,0,0,7,1,0.25,0.188,0.438,1,0.0,0.0,1,4,2,2.0,0,0.0,3.94,0.063,0.3,0.147
2017,61742,나성용,삼성,SS,23,0.182,6,11,11,0,2,0,0,0,2,1,0,0,0,0,0,7,1,0.182,0.182,0.364,0,0.25,0.25,0,2,0,,0,0.0,3.64,0.0,-0.6,0.127
2017,64793,김민수,삼성,SS,24,0.143,13,22,21,2,3,1,0,0,4,3,0,0,1,0,0,8,0,0.19,0.182,0.372,0,0.286,0.0,1,5,5,1.0,0,0.13,4.45,0.048,0.4,0.129
2017,60456,백상원,삼성,SS,25,0.13,28,51,46,4,6,0,0,0,6,2,1,1,3,0,0,11,0,0.13,0.18,0.31,1,0.333,0.4,0,16,14,1.14,0,0.27,4.24,0.0,0.7,0.114
2017,66409,이성규,삼성,SS,26,0.118,15,20,17,4,2,0,0,0,2,0,1,0,1,0,1,9,0,0.118,0.211,0.329,0,0.0,0.0,0,1,5,0.2,0,0.11,3.85,0.0,0.3,0.124
2017,67449,김성윤,삼성,SS,27,0.083,22,14,12,3,1,0,0,1,4,2,0,0,2,0,0,7,0,0.333,0.214,0.547,0,0.25,0.0,1,3,1,3.0,0,0.29,4.71,0.25,1.1,0.18
2017,79791,김동호,삼성,SS,28,,1,0,0,0,0,0,0,0,0,0,0,0,0,0,0,0,0,,,,0,0.0,0.0,0,0,0,,0,,,,0.0,0.0
2017,66492,김승현,삼성,SS,28,,1,0,0,0,0,0,0,0,0,0,0,0,0,0,0,0,0,,,,0,0.0,0.0,0,0,0,,0,,,,0.0,0.0
2017,60464,문선엽,삼성,SS,28,0.0,4,4,4,0,0,0,0,0,0,0,0,0,0,0,0,2,1,0.0,0.0,0.0,0,0.0,0.0,0,1,1,1.0,0,0.0,4.25,0.0,-0.7,0.0
2017,74630,박근홍,삼성,SS,28,,1,0,0,0,0,0,0,0,0,0,0,0,0,0,0,0,0,,,,0,0.0,0.0,0,0,0,,0,,,,0.0,0.0
2017,62406,성의준,삼성,SS,28,0.0,11,8,6,0,0,0,0,0,0,0,1,0,1,0,0,2,1,0.0,0.143,0.143,0,0.0,0.0,0,2,2,1.0,0,0.5,4.38,0.0,-0.5,0.064
2017,61411,심창민,삼성,SS,28,,1,0,0,0,0,0,0,0,0,0,0,0,0,0,0,0,0,,,,0,0.0,0.0,0,0,0,,0,,,,0.0,0.0
2017,78454,우동균,삼성,SS,28,0.0,8,13,12,1,0,0,0,0,0,0,0,0,1,0,0,3,0,0.0,0.077,0.077,0,0.0,0.0,0,2,7,0.29,0,0.33,3.54,0.0,-0.8,0.035
2017,78467,이영욱,삼성,SS,28,0.0,6,4,4,0,0,0,0,0,0,0,0,0,0,0,0,3,0,0.0,0.0,0.0,0,0.0,0.0,0,1,0,,0,0.0,5.0,0.0,-0.4,0.0
2017,77927,장필준,삼성,SS,28,,3,0,0,0,0,0,0,0,0,0,0,0,0,0,0,0,0,,,,0,0.0,0.0,0,0,0,,0,,,,0.0,0.0
2017,66451,최충연,삼성,SS,28,,1,0,0,0,0,0,0,0,0,0,0,0,0,0,0,0,0,,,,0,0.0,0.0,0,0,0,,0,,,,0.0,0.0
2017,62927,김태우,NC,NC,1,0.429,3,7,7,0,3,0,0,0,3,2,0,0,0,0,0,0,1,0.429,0.429,0.858,0,1.0,0.0,0,3,1,3.0,0,,3.0,0.0,0.8,0.3
2017,62907,박민우,NC,NC,2,0.363,106,452,388,84,141,25,4,3,183,47,3,4,46,0,11,51,8,0.472,0.441,0.913,44,0.356,0.5,32,110,90,1.22,10,0.9,3.76,0.108,78.0,0.316
2017,73213,손시헌,NC,NC,3,0.35,124,391,349,32,122,17,1,5,156,45,13,5,16,1,8,44,5,0.447,0.386,0.833,38,0.304,0.0,23,90,98,0.92,0,0.36,3.38,0.097,58.0,0.285
2017,62947,나성범,NC,NC,4,0.347,125,561,498,103,173,42,2,24,291,99,0,3,48,10,12,116,8,0.584,0.415,0.999,53,0.345,0.0,68,113,99,1.14,16,0.41,3.73,0.237,107.7,0.333
2017,60566,이상호,NC,NC,5,0.335,95,241,227,33,76,8,0,0,84,15,5,0,7,0,2,15,7,0.37,0.36,0.73,17,0.269,0.2,8,84,52,1.62,1,0.47,3.1,0.035,28.2,0.255
2017,78813,모창민,NC,NC,6,0.312,136,527,474,64,148,25,3,17,230,90,3,9,39,2,2,81,6,0.485,0.361,0.846,48,0.338,0.25,45,113,141,0.8,9,0.48,3.65,0.173,81.8,0.284
2017,73339,이종욱,NC,NC,7,0.308,107,355,318,52,98,15,0,5,128,34,2,2,28,0,5,30,5,0.403,0.371,0.774,27,0.25,0.214,20,106,86,1.23,4,0.93,3.94,0.094,48.1,0.268
2017,67935,스크럭스,NC,NC,8,0.3,115,518,437,91,131,24,0,35,260,111,0,4,65,2,12,134,9,0.595,0.402,0.997,38,0.305,0.0,59,92,84,1.1,13,0.49,4.27,0.295,99.9,0.33
2017,94629,이호준,NC,NC,9,0.299,77,187,164,13,49,10,0,7,80,36,1,3,18,2,1,41,2,0.488,0.366,0.854,12,0.327,0.303,17,41,36,1.14,3,0.44,4.17,0.189,29.5,0.287
2017,62925,강진성,NC,NC,10,0.296,28,32,27,5,8,3,0,1,14,5,0,0,4,0,1,4,1,0.519,0.406,0.925,0,0.25,0.313,4,8,7,1.14,0,1.0,4.13,0.222,5.2,0.312
2017,63963,권희동,NC,NC,11,0.286,141,554,472,72,135,20,2,19,216,86,7,7,51,1,17,90,12,0.458,0.371,0.829,41,0.333,0.2,41,120,134,0.9,9,0.57,4.11,0.172,80.8,0.281
2017,62931,노진혁,NC,NC,12,0.286,4,7,7,2,2,1,0,0,3,0,0,0,0,0,0,1,0,0.429,0.286,0.715,1,0.0,0.0,1,2,2,1.0,0,0.0,2.86,0.143,0.8,0.236
2017,78122,김태군,NC,NC,13,0.265,132,420,362,33,96,19,0,3,124,34,18,2,16,0,22,43,11,0.343,0.333,0.676,19,0.257,0.0,22,105,120,0.88,2,0.37,3.44,0.077,40.7,0.236
2017,63920,김준완,NC,NC,14,0.25,104,144,124,19,31,2,1,0,35,8,2,2,15,0,1,27,3,0.282,0.331,0.613,7,0.292,0.385,3,39,29,1.34,1,0.56,4.23,0.032,12.8,0.219
2017,62934,김성욱,NC,NC,15,0.247,124,347,308,60,76,18,4,6,120,31,1,5,24,1,9,59,4,0.39,0.315,0.705,19,0.267,0.125,28,61,117,0.52,3,0.41,3.54,0.143,40.5,0.239
2017,74465,박석민,NC,NC,16,0.245,101,382,319,43,78,15,0,14,135,56,0,0,50,0,13,92,17,0.423,0.369,0.792,19,0.253,0.0,29,81,68,1.19,2,0.54,4.42,0.179,47.7,0.272
2017,73306,지석훈,NC,NC,17,0.239,121,304,268,29,64,16,0,6,98,24,2,2,22,0,10,67,8,0.366,0.318,0.684,13,0.197,0.25,22,68,71,0.96,3,0.33,3.79,0.127,31.2,0.235
2017,74358,조평호,NC,NC,18,0.227,29,52,44,4,10,3,0,1,16,4,1,0,6,0,1,13,2,0.364,0.333,0.697,0,0.231,0.667,4,11,10,1.1,0,0.46,3.96,0.136,4.8,0.241
2017,62016,윤병호,NC,NC,19,0.2,49,58,55,11,11,3,0,0,14,2,1,0,2,0,0,10,2,0.255,0.228,0.483,2,0.25,0.214,3,15,19,0.79,0,0.2,4.0,0.055,2.5,0.166
2017,66965,도태훈,NC,NC,20,0.191,32,51,47,3,9,1,0,1,13,4,0,0,4,0,0,7,2,0.277,0.255,0.532,2,0.2,0.2,2,17,14,1.21,0,0.57,4.0,0.085,2.8,0.184
2017,64944,박대온,NC,NC,21,0.19,60,66,63,5,12,7,1,1,24,1,1,0,2,0,0,18,3,0.381,0.215,0.596,2,0.0,1.0,9,19,14,1.36,0,0.11,3.38,0.19,3.9,0.192
2017,66968,이재율,NC,NC,22,0.167,52,27,24,16,4,0,0,0,4,1,1,0,0,0,2,9,0,0.167,0.231,0.398,0,0.5,0.2,0,8,3,2.67,0,0.0,3.15,0.0,2.1,0.146
2017,75441,조영훈,NC,NC,23,0.15,16,46,40,1,6,2,0,1,11,3,1,0,5,0,0,11,2,0.275,0.244,0.519,1,0.083,0.0,3,10,13,0.77,0,0.45,3.8,0.125,2.2,0.179
2017,79364,김종민,NC,NC,24,0.136,22,24,22,2,3,0,0,0,3,1,0,0,2,0,0,2,1,0.136,0.208,0.344,0,0.2,0.0,0,10,7,1.43,0,1.0,3.38,0.0,0.1,0.128
2017,62908,황윤호,NC,NC,25,0.133,36,17,15,8,2,0,1,0,4,0,0,0,1,0,1,4,0,0.267,0.235,0.502,0,0.0,0.0,1,6,3,2.0,0,0.25,3.12,0.133,1.0,0.173
2017,67944,신진호,NC,NC,26,0.083,9,12,12,1,1,1,0,0,2,0,0,0,0,0,0,5,0,0.167,0.083,0.25,0,0.0,0.0,1,4,2,2.0,0,0.0,3.42,0.083,-0.3,0.079
2017,62917,강구성,NC,NC,27,0.0,1,1,1,0,0,0,0,0,0,0,0,0,0,0,0,1,0,0.0,0.0,0.0,0,0.0,0.0,0,0,0,,0,0.0,4.0,0.0,-0.1,0.0
2017,79358,강윤구,NC,NC,27,,2,0,0,0,0,0,0,0,0,0,0,0,0,0,0,0,0,,,,0,0.0,0.0,0,0,0,,0,,,,0.0,0.0
2017,77454,김종호,NC,NC,27,0.0,3,2,2,0,0,0,0,0,0,0,0,0,0,0,0,2,0,0.0,0.0,0.0,0,0.0,0.0,0,0,0,,0,0.0,4.5,0.0,0.0,0.0
2017,75867,김진성,NC,NC,27,,1,0,0,0,0,0,0,0,0,0,0,0,0,0,0,0,0,,,,0,0.0,0.0,0,0,0,,0,,,,0.0,0.0
2017,66917,김찬형,NC,NC,27,,2,0,0,0,0,0,0,0,0,0,0,0,0,0,0,0,0,,,,0,0.0,0.0,0,0,0,,0,,,,0.0,0.0
2017,76118,원종현,NC,NC,27,,1,0,0,0,0,0,0,0,0,0,0,0,0,0,0,0,0,,,,0,0.0,0.0,0,0,0,,0,,,,0.0,0.0
2017,63903,유영준,NC,NC,27,0.0,2,1,1,0,0,0,0,0,0,0,0,0,0,0,0,1,0,0.0,0.0,0.0,0,0.0,0.0,0,0,0,,0,0.0,3.0,0.0,-0.1,0.0
2017,65064,윤수호,NC,NC,27,,8,0,0,0,0,0,0,0,0,0,0,0,0,0,0,0,0,,,,0,0.0,0.0,0,0,0,,0,,,,0.0,0.0
2017,62929,이민호,NC,NC,27,,4,0,0,0,0,0,0,0,0,0,0,0,0,0,0,0,0,,,,0,0.0,0.0,0,0,0,,0,,,,0.0,0.0
2017,62025,이원재,NC,NC,27,0.0,2,4,4,0,0,0,0,0,0,0,0,0,0,0,0,1,0,0.0,0.0,0.0,0,0.0,0.0,0,2,1,2.0,0,0.0,4.75,0.0,-0.4,0.0
2017,60263,이재학,NC,NC,27,,1,0,0,0,0,0,0,0,0,0,0,0,0,0,0,0,0,,,,0,0.0,0.0,0,0,0,,0,,,,0.0,0.0
2017,62951,이형범,NC,NC,27,,2,0,0,0,0,0,0,0,0,0,0,0,0,0,0,0,0,,,,0,0.0,0.0,0,0,0,,0,,,,0.0,0.0
2017,63959,임정호,NC,NC,27,,2,0,0,0,0,0,0,0,0,0,0,0,0,0,0,0,0,,,,0,0.0,0.0,0,0,0,,0,,,,0.0,0.0
2017,78352,임창민,NC,NC,27,,3,0,0,0,0,0,0,0,0,0,0,0,0,0,0,0,0,,,,0,0.0,0.0,0,0,0,,0,,,,0.0,0.0
2017,63950,장현식,NC,NC,27,,1,0,0,0,0,0,0,0,0,0,0,0,0,0,0,0,0,,,,0,0.0,0.0,0,0,0,,0,,,,0.0,0.0
2017,66960,정수민,NC,NC,27,,1,0,0,0,0,0,0,0,0,0,0,0,0,0,0,0,0,,,,0,0.0,0.0,0,0,0,,0,,,,0.0,0.0
2017,62966,최금강,NC,NC,27,,1,0,0,0,0,0,0,0,0,0,0,0,0,0,0,0,0,,,,0,0.0,0.0,0,0,0,,0,,,,0.0,0.0
2017,66920,최성영,NC,NC,27,,2,0,0,0,0,0,0,0,0,0,0,0,0,0,0,0,0,,,,0,0.0,0.0,0,0,0,,0,,,,0.0,0.0
2017,79453,오정복,KT,KT,1,0.354,81,213,195,24,69,13,0,2,88,16,3,1,9,0,5,24,5,0.451,0.395,0.846,21,0.311,0.36,15,55,48,1.15,3,0.38,3.59,0.097,30.8,0.291
2017,74215,윤석민,KT,KT,2,0.312,142,586,538,90,168,30,1,20,260,105,0,7,33,0,8,85,24,0.483,0.357,0.84,48,0.331,0.125,51,159,133,1.2,10,0.39,3.89,0.171,83.3,0.281
2017,74339,유한준,KT,KT,3,0.306,133,497,445,52,136,19,0,13,194,68,2,3,45,2,2,59,10,0.436,0.37,0.806,39,0.362,0.125,32,120,133,0.9,1,0.76,3.97,0.13,68.8,0.276
2017,67025,로하스,KT,KT,4,0.301,83,367,336,52,101,27,3,18,188,56,0,3,23,0,5,81,6,0.56,0.351,0.911,29,0.294,0.0,48,81,76,1.07,4,0.28,4.08,0.259,59.9,0.298
2017,63450,정현,KT,KT,5,0.3,124,399,350,45,105,20,3,6,149,42,6,3,18,0,22,69,14,0.426,0.369,0.795,26,0.28,0.25,29,88,91,0.97,2,0.26,3.7,0.126,51.4,0.273
2017,99810,이진영,KT,KT,6,0.289,103,285,263,28,76,26,1,2,110,31,4,0,17,1,1,34,3,0.418,0.335,0.753,17,0.273,0.294,29,86,67,1.28,1,0.5,3.55,0.129,34.1,0.255
2017,77462,김동욱,KT,KT,7,0.287,83,223,209,28,60,9,0,4,81,24,0,5,6,0,3,44,7,0.388,0.309,0.697,11,0.274,0.25,13,58,52,1.12,1,0.14,3.6,0.1,24.5,0.236
2017,64006,심우준,KT,KT,8,0.287,103,303,286,38,82,15,2,4,113,26,4,1,8,0,4,58,4,0.395,0.314,0.709,17,0.333,0.0,21,68,79,0.86,2,0.14,3.59,0.108,35.1,0.24
2017,60558,오태곤,KT,KT,9,0.283,135,410,374,53,106,29,1,9,164,42,8,6,16,0,6,93,7,0.439,0.318,0.757,24,0.229,0.25,39,89,92,0.97,4,0.17,3.58,0.155,50.8,0.253
2017,63088,김진곤,KT,KT,10,0.282,28,40,39,9,11,1,0,2,18,8,0,0,1,0,0,11,0,0.462,0.3,0.762,2,0.455,0.25,3,9,8,1.13,0,0.09,3.53,0.179,5.5,0.251
2017,78361,전민수,KT,KT,11,0.277,55,145,130,20,36,8,0,1,47,8,3,1,11,0,0,25,2,0.362,0.331,0.693,8,0.273,0.143,9,38,32,1.19,1,0.44,3.79,0.085,15.6,0.239
2017,60343,이해창,KT,KT,12,0.272,114,283,254,33,69,11,0,11,113,44,6,2,19,1,1,50,5,0.445,0.322,0.767,15,0.31,0.333,22,58,79,0.73,4,0.38,3.88,0.173,35.0,0.256
2017,73153,이대형,KT,KT,13,0.267,100,366,337,51,90,8,3,0,104,24,4,1,24,1,0,54,8,0.309,0.315,0.624,25,0.372,0.556,11,155,39,3.97,0,0.44,3.71,0.042,34.2,0.219
2017,73113,박경수,KT,KT,14,0.262,131,511,442,62,116,27,1,15,190,66,3,3,57,4,6,118,14,0.43,0.352,0.782,30,0.291,0.5,43,89,122,0.73,3,0.48,4.41,0.167,64.6,0.266
2017,66052,남태혁,KT,KT,15,0.25,31,68,60,8,15,1,0,2,22,11,0,1,6,0,1,20,0,0.367,0.324,0.691,2,0.333,0.111,3,12,14,0.86,1,0.3,4.32,0.117,8.1,0.238
2017,70553,박기혁,KT,KT,16,0.238,97,263,235,22,56,11,1,2,75,18,7,3,16,0,2,51,9,0.319,0.289,0.608,11,0.194,0.0,14,83,48,1.73,2,0.31,3.78,0.081,20.5,0.21
2017,62265,유민상,KT,KT,17,0.233,15,33,30,4,7,1,0,1,11,2,0,0,2,0,1,8,1,0.367,0.303,0.67,0,0.222,0.0,2,11,4,2.75,0,0.25,4.33,0.133,3.4,0.228
2017,78548,장성우,KT,KT,18,0.231,118,348,294,28,68,11,1,8,105,46,4,5,43,1,2,59,13,0.357,0.328,0.685,13,0.237,0.16,20,82,90,0.91,8,0.73,4.18,0.126,34.8,0.237
2017,78892,윤요섭,KT,KT,19,0.231,22,43,39,6,9,1,0,2,16,6,0,0,4,0,0,7,1,0.41,0.302,0.712,1,0.273,0.091,3,13,10,1.3,1,0.57,3.56,0.179,4.8,0.238
2017,78517,하준호,KT,KT,20,0.224,101,226,196,31,44,11,1,3,66,18,4,1,21,0,4,57,3,0.337,0.311,0.648,8,0.244,0.0,15,45,51,0.88,1,0.37,4.1,0.112,21.6,0.224
2017,78753,김지열,KT,KT,21,0.216,35,52,51,5,11,2,0,0,13,3,1,0,0,0,0,11,0,0.255,0.216,0.471,2,0.364,0.4,2,20,9,2.22,0,0.0,3.48,0.039,2.7,0.161
2017,65044,김만수,KT,KT,22,0.167,10,6,6,0,1,0,0,0,1,0,0,0,0,0,0,3,0,0.167,0.167,0.334,0,0.0,0.0,0,1,1,1.0,0,0.0,3.33,0.0,0.0,0.117
2017,77609,김연훈,KT,KT,22,0.167,19,26,24,1,4,2,0,0,6,3,1,1,0,0,0,3,0,0.25,0.16,0.41,1,0.0,0.5,2,6,12,0.5,0,0.0,3.81,0.083,1.0,0.135
2017,67006,안치영,KT,KT,22,0.167,21,22,18,4,3,1,0,0,4,0,2,0,1,0,1,6,0,0.222,0.25,0.472,0,0.0,0.0,1,4,5,0.8,0,0.17,3.5,0.056,0.6,0.168
2017,67024,모넬,KT,KT,25,0.165,28,105,85,10,14,4,0,2,24,9,0,2,17,1,1,28,2,0.282,0.305,0.587,0,0.25,0.0,6,22,23,0.96,2,0.61,4.33,0.118,9.2,0.208
2017,64907,강장산,KT,KT,26,,1,0,0,0,0,0,0,0,0,0,0,0,0,0,0,0,0,,,,0,0.0,0.0,0,0,0,,0,,,,0.0,0.0
2017,99563,김사율,KT,KT,26,,1,0,0,0,0,0,0,0,0,0,0,0,0,0,0,0,0,,,,0,0.0,0.0,0,0,0,,0,,,,0.0,0.0
2017,65062,김재윤,KT,KT,26,,5,0,0,0,0,0,0,0,0,0,0,0,0,0,0,0,0,,,,0,0.0,0.0,0,0,0,,0,,,,0.0,0.0
2017,64029,류희운,KT,KT,26,,1,0,0,0,0,0,0,0,0,0,0,0,0,0,0,0,0,,,,0,0.0,0.0,0,0,0,,0,,,,0.0,0.0
2017,79191,배우열,KT,KT,26,,1,0,0,0,0,0,0,0,0,0,0,0,0,0,0,0,0,,,,0,0.0,0.0,0,0,0,,0,,,,0.0,0.0
2017,65516,배제성,KT,KT,26,,1,0,0,0,0,0,0,0,0,0,0,0,0,0,0,0,0,,,,0,0.0,0.0,0,0,0,,0,,,,0.0,0.0
2017,64017,심재민,KT,KT,26,,1,0,0,0,0,0,0,0,0,0,0,0,0,0,0,0,0,,,,0,0.0,0.0,0,0,0,,0,,,,0.0,0.0
2017,65056,엄상백,KT,KT,26,,3,0,0,0,0,0,0,0,0,0,0,0,0,0,0,0,0,,,,0,0.0,0.0,0,0,0,,0,,,,0.0,0.0
2017,75730,윤근영,KT,KT,26,,1,0,0,0,0,0,0,0,0,0,0,0,0,0,0,0,0,,,,0,0.0,0.0,0,0,0,,0,,,,0.0,0.0
2017,77563,이상화,KT,KT,26,,4,0,0,0,0,0,0,0,0,0,0,0,0,0,0,0,0,,,,0,0.0,0.0,0,0,0,,0,,,,0.0,0.0
2017,67092,이재근,KT,KT,26,0.0,6,4,4,1,0,0,0,0,0,0,0,0,0,0,0,3,0,0.0,0.0,0.0,0,0.0,0.0,0,0,1,0.0,0,0.0,3.75,0.0,-0.4,0.0
2017,65096,정주후,KT,KT,26,0.0,7,2,2,1,0,0,0,0,0,0,0,0,0,0,0,0,0,0.0,0.0,0.0,0,0.0,0.0,0,1,1,1.0,0,,6.0,0.0,0.0,0.0
2017,65067,조무근,KT,KT,26,,1,0,0,0,0,0,0,0,0,0,0,0,0,0,0,0,0,,,,0,0.0,0.0,0,0,0,,0,,,,0.0,0.0
2017,65060,주권,KT,KT,26,,2,0,0,0,0,0,0,0,0,0,0,0,0,0,0,0,0,,,,0,0.0,0.0,0,0,0,,0,,,,0.0,0.0
2017,65042,홍성무,KT,KT,26,,1,0,0,0,0,0,0,0,0,0,0,0,0,0,0,0,0,,,,0,0.0,0.0,0,0,0,,0,,,,0.0,0.0
2017,75149,홍성용,KT,KT,26,,2,0,0,0,0,0,0,0,0,0,0,0,0,0,0,0,0,,,,0,0.0,0.0,0,0,0,,0,,,,0.0,0.0
2017,67005,홍현빈,KT,KT,26,0.0,8,6,6,1,0,0,0,0,0,0,0,0,0,0,0,4,0,0.0,0.0,0.0,0,0.0,0.0,0,1,1,1.0,0,0.0,3.83,0.0,-0.4,0.0
2017,77532,손아섭,롯데,LT,1,0.335,144,667,576,113,193,35,4,20,296,80,1,3,83,8,4,96,7,0.514,0.42,0.934,56,0.29,0.0,59,175,115,1.52,6,0.86,4.0,0.179,119.3,0.318
2017,78513,전준우,롯데,LT,2,0.321,110,496,455,76,146,27,1,18,229,69,2,2,30,2,7,70,11,0.503,0.37,0.873,44,0.325,1.0,46,125,116,1.08,5,0.43,3.87,0.182,76.3,0.292
2017,71564,이대호,롯데,LT,3,0.32,142,608,540,73,173,13,0,34,288,111,0,3,50,8,15,84,22,0.533,0.391,0.924,52,0.341,0.0,47,118,168,0.7,14,0.6,3.7,0.213,101.8,0.309
2017,67598,번즈,롯데,LT,4,0.303,116,468,423,71,128,38,0,15,211,57,2,3,29,0,11,100,18,0.499,0.361,0.86,36,0.324,0.0,53,84,114,0.74,12,0.29,3.54,0.196,66.8,0.287
2017,76509,김문호,롯데,LT,5,0.292,131,448,390,49,114,17,1,2,139,35,7,1,37,4,13,73,5,0.356,0.372,0.728,29,0.258,0.278,20,121,83,1.46,2,0.51,3.82,0.064,53.5,0.256
2017,71552,최준석,롯데,LT,6,0.291,125,464,409,43,119,15,0,14,176,82,0,5,49,0,1,89,24,0.43,0.364,0.794,32,0.328,0.4,29,120,86,1.4,10,0.55,4.19,0.139,59.1,0.271
2017,78566,황진수,롯데,LT,7,0.291,60,133,117,18,34,6,2,1,47,16,2,1,10,0,3,38,2,0.402,0.359,0.761,6,0.273,0.333,9,28,18,1.56,0,0.26,3.86,0.111,17.4,0.262
2017,74540,강민호,롯데,LT,8,0.285,130,515,456,62,130,22,1,22,220,68,0,3,41,6,15,104,15,0.482,0.361,0.843,38,0.27,0.167,45,124,101,1.23,5,0.39,3.86,0.197,74.3,0.283
2017,72546,문규현,롯데,LT,9,0.27,110,337,304,38,82,15,2,6,119,42,18,3,10,1,2,42,10,0.391,0.295,0.686,16,0.242,0.0,23,103,80,1.29,9,0.24,3.5,0.122,32.9,0.231
2017,79356,박헌도,롯데,LT,10,0.257,56,130,113,19,29,4,0,4,45,13,0,0,14,0,3,27,3,0.398,0.354,0.752,5,0.24,0.188,8,25,32,0.78,1,0.52,4.14,0.142,16.0,0.259
2017,66508,나경민,롯데,LT,11,0.256,97,129,117,37,30,5,2,1,42,11,2,1,7,0,2,37,1,0.359,0.307,0.666,8,0.24,0.125,8,24,27,0.89,0,0.19,4.37,0.103,15.8,0.228
2017,71565,이우민,롯데,LT,12,0.254,104,215,185,35,47,5,1,4,66,21,5,0,15,2,10,38,6,0.357,0.343,0.7,9,0.26,0.185,10,65,35,1.86,1,0.39,3.8,0.103,21.6,0.244
2017,60523,정훈,롯데,LT,13,0.248,68,136,109,16,27,8,2,1,42,6,3,1,18,0,5,28,4,0.385,0.376,0.761,4,0.08,0.261,11,25,30,0.83,0,0.64,4.28,0.138,16.7,0.265
2017,62556,신본기,롯데,LT,14,0.237,128,381,325,49,77,11,0,5,103,47,13,5,25,1,13,76,8,0.317,0.313,0.63,19,0.283,0.0,16,110,67,1.64,6,0.33,3.72,0.08,35.2,0.22
2017,61204,김동한,롯데,LT,15,0.236,81,205,178,26,42,19,0,3,70,14,13,0,14,0,0,25,2,0.393,0.292,0.685,10,0.14,0.2,22,57,54,1.06,3,0.56,3.44,0.157,19.9,0.23
2017,62559,김상호,롯데,LT,16,0.228,80,114,101,7,23,3,1,0,28,7,0,0,11,1,2,22,4,0.277,0.316,0.593,4,0.214,0.269,4,34,22,1.55,1,0.5,3.94,0.05,7.4,0.211
2017,78536,김대우,롯데,LT,17,0.2,12,22,20,1,4,2,0,0,6,4,1,0,1,0,0,10,0,0.3,0.238,0.538,0,0.4,0.143,2,4,2,2.0,0,0.1,4.09,0.1,1.3,0.182
2017,61591,김사훈,롯데,LT,18,0.184,57,89,76,1,14,3,0,0,17,8,5,1,6,0,1,21,2,0.224,0.25,0.474,2,0.172,0.0,3,22,20,1.1,0,0.29,3.76,0.039,4.3,0.169
2017,67504,김정율,롯데,LT,19,0.176,10,19,17,0,3,0,0,0,3,0,1,0,1,0,0,9,0,0.176,0.222,0.398,1,0.0,0.0,0,2,3,0.67,0,0.11,4.21,0.0,0.5,0.144
2017,65513,김대륙,롯데,LT,20,0.151,50,58,53,4,8,2,0,0,10,2,1,0,2,0,2,17,0,0.189,0.211,0.4,0,0.125,0.0,2,8,20,0.4,0,0.12,4.0,0.038,1.7,0.142
2017,65514,강태율,롯데,LT,21,,1,0,0,0,0,0,0,0,0,0,0,0,0,0,0,0,0,,,,0,0.0,0.0,0,0,0,,0,,,,0.0,0.0
2017,65506,김재유,롯데,LT,21,0.0,1,1,1,0,0,0,0,0,0,0,0,0,0,0,0,0,0,0.0,0.0,0.0,0,0.0,0.0,0,1,0,,0,,1.0,0.0,-0.1,0.0
2017,77669,김주현,롯데,LT,21,0.0,2,4,4,0,0,0,0,0,0,0,0,0,0,0,0,0,1,0.0,0.0,0.0,0,0.0,0.0,0,3,1,3.0,0,,2.25,0.0,-0.7,0.0
2017,67539,나균안,롯데,LT,21,0.0,5,4,4,0,0,0,0,0,0,0,0,0,0,0,0,2,0,0.0,0.0,0.0,0,0.0,0.0,0,1,1,1.0,0,0.0,3.0,0.0,-0.4,0.0
2017,73211,노경은,롯데,LT,21,0.0,2,2,2,0,0,0,0,0,0,0,0,0,0,0,0,2,0,0.0,0.0,0.0,0,0.0,0.0,0,0,0,,0,0.0,3.5,0.0,-0.2,0.0
2017,60559,박시영,롯데,LT,21,,1,0,0,0,0,0,0,0,0,0,0,0,0,0,0,0,0,,,,0,0.0,0.0,0,0,0,,0,,,,0.0,0.0
2017,75321,손승락,롯데,LT,21,,4,0,0,0,0,0,0,0,0,0,0,0,0,0,0,0,0,,,,0,0.0,0.0,0,0,0,,0,,,,0.0,0.0
2017,72862,윤길현,롯데,LT,21,,1,0,0,0,0,0,0,0,0,0,0,0,0,0,0,0,0,,,,0,0.0,0.0,0,0,0,,0,,,,0.0,0.0
2017,72535,이명우,롯데,LT,21,,1,0,0,0,0,0,0,0,0,0,0,0,0,0,0,0,0,,,,0,0.0,0.0,0,0,0,,0,,,,0.0,0.0
2017,77318,장시환,롯데,LT,21,,2,0,0,0,0,0,0,0,0,0,0,0,0,0,0,0,0,,,,0,0.0,0.0,0,0,0,,0,,,,0.0,0.0
2017,66804,노관현,KIA,HT,1,0.5,9,6,6,0,3,0,0,0,3,1,0,0,0,0,0,2,0,0.5,0.5,1.0,0,0.333,0.75,0,0,1,0.0,0,0.0,3.5,0.0,1.2,0.35
2017,66657,이진영,KIA,HT,2,0.4,18,8,5,3,2,0,0,0,2,0,0,0,1,0,2,1,0,0.4,0.625,1.025,0,0.0,0.0,0,2,0,,0,1.0,5.0,0.0,1.4,0.381
2017,78603,김선빈,KIA,HT,3,0.37,137,529,476,84,176,34,1,5,227,64,5,4,39,4,5,40,10,0.477,0.42,0.897,51,0.382,0.167,40,153,111,1.38,11,0.98,3.51,0.107,85.4,0.308
2017,72443,최형우,KIA,HT,4,0.342,142,629,514,98,176,36,3,26,296,120,0,8,96,8,11,82,15,0.576,0.45,1.026,54,0.368,0.0,65,110,154,0.71,13,1.17,3.99,0.233,123.7,0.347
2017,62893,최정민,KIA,HT,5,0.333,8,9,9,1,3,1,0,0,4,1,0,0,0,0,0,4,0,0.444,0.333,0.777,1,0.25,0.0,1,2,0,,0,0.0,3.89,0.111,1.1,0.261
2017,76849,이명기,KIA,HT,6,0.332,115,512,464,79,154,24,4,9,213,63,14,3,28,0,3,57,2,0.459,0.371,0.83,49,0.383,0.429,37,163,93,1.75,9,0.49,3.73,0.127,75.2,0.282
2017,67650,버나디나,KIA,HT,7,0.32,139,621,557,118,178,26,8,27,301,111,3,9,41,2,11,112,9,0.54,0.372,0.912,49,0.331,0.0,61,161,115,1.4,15,0.37,3.69,0.221,110.6,0.302
2017,79608,안치홍,KIA,HT,8,0.316,132,545,487,95,154,29,2,21,250,93,6,5,43,1,4,70,19,0.513,0.373,0.886,47,0.319,0.0,52,123,145,0.85,9,0.61,3.83,0.197,85.9,0.296
2017,70410,김주찬,KIA,HT,9,0.309,122,478,440,78,136,39,2,12,215,70,2,1,31,0,4,59,17,0.489,0.359,0.848,39,0.322,0.25,53,122,124,0.98,5,0.53,3.49,0.18,68.1,0.284
2017,66606,최원준,KIA,HT,10,0.308,72,174,156,27,48,15,0,3,72,27,3,3,10,0,2,20,2,0.462,0.351,0.813,11,0.342,0.267,18,59,32,1.84,3,0.5,3.62,0.154,24.7,0.273
2017,78629,나지완,KIA,HT,11,0.301,137,551,459,85,138,20,3,27,245,94,0,7,62,0,23,105,10,0.534,0.405,0.939,37,0.294,0.222,50,91,132,0.69,6,0.59,3.93,0.233,98.3,0.316
2017,73606,서동욱,KIA,HT,12,0.282,125,366,319,49,90,21,1,7,134,48,8,3,33,0,3,86,5,0.42,0.352,0.772,23,0.316,0.192,29,68,78,0.87,3,0.38,3.8,0.138,47.1,0.263
2017,70756,이범호,KIA,HT,13,0.272,115,447,382,57,104,14,0,25,193,89,0,6,52,3,7,81,9,0.505,0.365,0.87,30,0.317,0.429,39,86,117,0.74,4,0.64,3.94,0.233,71.6,0.291
2017,65653,김호령,KIA,HT,14,0.267,98,105,90,31,24,6,1,1,35,11,3,1,9,0,2,23,0,0.389,0.343,0.732,5,0.259,0.6,8,19,25,0.76,0,0.39,3.76,0.122,12.8,0.252
2017,61743,오준혁,KIA,HT,15,0.25,14,13,12,1,3,0,0,0,3,1,0,0,1,0,0,3,0,0.25,0.308,0.558,0,0.5,0.143,0,2,4,0.5,0,0.33,3.46,0.0,1.0,0.201
2017,72559,신종길,KIA,HT,16,0.241,64,90,83,13,20,5,1,1,30,10,0,2,3,0,2,13,1,0.361,0.278,0.639,3,0.185,0.343,7,28,24,1.17,1,0.23,3.52,0.12,8.9,0.215
2017,63636,고장혁,KIA,HT,17,0.237,67,40,38,13,9,3,0,0,12,3,1,1,0,0,0,9,1,0.316,0.231,0.547,1,0.091,0.0,3,12,9,1.33,0,0.0,3.55,0.079,2.2,0.183
2017,62007,김지성,KIA,HT,18,0.234,37,49,47,6,11,3,0,2,20,4,0,0,1,0,1,14,1,0.426,0.265,0.691,2,0.1,0.375,5,11,11,1.0,0,0.07,3.86,0.191,5.2,0.226
2017,63722,한승택,KIA,HT,19,0.229,96,91,83,7,19,2,1,0,23,7,1,0,6,0,1,25,1,0.277,0.289,0.566,3,0.261,0.0,3,27,12,2.25,0,0.24,4.44,0.048,6.6,0.199
2017,76368,유재신,KIA,HT,20,0.222,25,20,18,4,4,0,0,0,4,1,1,0,1,0,0,6,0,0.222,0.263,0.485,0,0.25,0.0,0,5,3,1.67,0,0.17,4.1,0.0,1.3,0.174
2017,62864,김민식,KIA,HT,21,0.222,137,392,352,39,78,9,2,4,103,40,7,2,26,0,5,55,7,0.293,0.283,0.576,14,0.34,0.0,15,90,131,0.69,5,0.47,3.64,0.071,29.3,0.201
2017,78643,백용환,KIA,HT,22,0.176,15,20,17,2,3,0,0,0,3,1,0,0,3,0,0,3,2,0.176,0.3,0.476,1,0.2,0.0,0,4,7,0.57,0,1.0,4.05,0.0,0.5,0.179
2017,74605,김주형,KIA,HT,23,0.17,57,116,106,11,18,5,0,0,23,10,0,1,8,0,1,13,5,0.217,0.233,0.45,1,0.231,0.222,5,34,42,0.81,0,0.62,3.73,0.047,3.7,0.159
2017,77648,이호신,KIA,HT,24,0.143,12,8,7,3,1,0,0,0,1,0,0,0,1,0,0,3,1,0.143,0.25,0.393,0,0.0,0.0,0,3,0,,0,0.33,3.38,0.0,-0.4,0.148
2017,72523,고효준,KIA,HT,25,,1,0,0,0,0,0,0,0,0,0,0,0,0,0,0,0,0,,,,0,0.0,0.0,0,0,0,,0,,,,0.0,0.0
2017,70142,김광수,KIA,HT,25,,4,0,0,0,0,0,0,0,0,0,0,0,0,0,0,0,0,,,,0,0.0,0.0,0,0,0,,0,,,,0.0,0.0
2017,76350,김세현,KIA,HT,25,,1,0,0,0,0,0,0,0,0,0,0,0,0,0,0,0,0,,,,0,0.0,0.0,0,0,0,,0,,,,0.0,0.0
2017,62648,김윤동,KIA,HT,25,,2,0,0,0,0,0,0,0,0,0,0,0,0,0,0,0,0,,,,0,0.0,0.0,0,0,0,,0,,,,0.0,0.0
2017,72641,김진우,KIA,HT,25,,1,0,0,0,0,0,0,0,0,0,0,0,0,0,0,0,0,,,,0,0.0,0.0,0,0,0,,0,,,,0.0,0.0
2017,62637,박지훈,KIA,HT,25,,1,0,0,0,0,0,0,0,0,0,0,0,0,0,0,0,0,,,,0,0.0,0.0,0,0,0,,0,,,,0.0,0.0
2017,67646,박진태,KIA,HT,25,0.0,7,1,1,0,0,0,0,0,0,0,0,0,0,0,0,1,0,0.0,0.0,0.0,0,0.0,0.0,0,0,0,,0,0.0,3.0,0.0,-0.1,0.0
2017,76639,손영민,KIA,HT,25,,2,0,0,0,0,0,0,0,0,0,0,0,0,0,0,0,0,,,,0,0.0,0.0,0,0,0,,0,,,,0.0,0.0
2017,60636,심동섭,KIA,HT,25,,5,0,0,0,0,0,0,0,0,0,0,0,0,0,0,0,0,,,,0,0.0,0.0,0,0,0,,0,,,,0.0,0.0
2017,60648,이인행,KIA,HT,25,0.0,3,3,3,0,0,0,0,0,0,0,0,0,0,0,0,1,0,0.0,0.0,0.0,0,0.0,0.0,0,0,2,0.0,0,0.0,3.67,0.0,-0.3,0.0
2017,67644,이정훈,KIA,HT,25,0.0,4,3,2,0,0,0,0,0,0,0,0,0,0,0,1,1,0,0.0,0.333,0.333,0,0.0,0.0,0,0,1,0.0,0,0.0,3.33,0.0,0.2,0.15
2017,62754,임기영,KIA,HT,25,,1,0,0,0,0,0,0,0,0,0,0,0,0,0,0,0,0,,,,0,0.0,0.0,0,0,0,,0,,,,0.0,0.0
2017,60634,임기준,KIA,HT,25,,1,0,0,0,0,0,0,0,0,0,0,0,0,0,0,0,0,,,,0,0.0,0.0,0,0,0,,0,,,,0.0,0.0
2017,95657,임창용,KIA,HT,25,,4,0,0,0,0,0,0,0,0,0,0,0,0,0,0,0,0,,,,0,0.0,0.0,0,0,0,,0,,,,0.0,0.0
2017,60658,최병연,KIA,HT,25,0.0,3,2,2,1,0,0,0,0,0,0,0,0,0,0,0,1,0,0.0,0.0,0.0,0,0.0,0.0,0,1,0,,0,0.0,4.5,0.0,-0.2,0.0
2017,97336,최영필,KIA,HT,25,,1,0,0,0,0,0,0,0,0,0,0,0,0,0,0,0,0,,,,0,0.0,0.0,0,0,0,,0,,,,0.0,0.0
2017,61666,한승혁,KIA,HT,25,,6,0,0,0,0,0,0,0,0,0,0,0,0,0,0,0,0,,,,0,0.0,0.0,0,0,0,,0,,,,0.0,0.0
2017,61643,홍건희,KIA,HT,25,,2,0,0,0,0,0,0,0,0,0,0,0,0,0,0,0,0,,,,0,0.0,0.0,0,0,0,,0,,,,0.0,0.0
2017,60605,홍재호,KIA,HT,25,,2,0,0,0,0,0,0,0,0,0,0,0,0,0,0,0,0,,,,0,0.0,0.0,0,0,0,,0,,,,0.0,0.0
2017,77263,김강률,두산,OB,1,1.0,3,1,1,0,1,0,0,0,1,1,0,0,0,0,0,0,0,1.0,1.0,2.0,0,1.0,0.0,0,0,0,,0,,5.0,0.0,0.5,0.7
2017,79215,박건우,두산,OB,2,0.366,131,543,483,91,177,40,2,20,281,78,5,4,41,2,10,64,15,0.582,0.424,1.006,56,0.353,0.25,62,119,127,0.94,9,0.64,3.67,0.215,105.1,0.336
2017,78224,김재환,두산,OB,3,0.34,144,636,544,110,185,34,2,35,328,115,0,4,81,10,7,123,8,0.603,0.429,1.032,56,0.342,0.0,71,104,136,0.76,15,0.66,3.94,0.263,128.6,0.344
2017,67202,박유연,두산,OB,4,0.333,3,3,3,0,1,0,0,0,1,0,0,0,0,0,0,2,0,0.333,0.333,0.666,0,0.0,0.0,0,0,0,,0,0.0,3.67,0.0,0.3,0.233
2017,75334,오재일,두산,OB,5,0.306,128,466,412,62,126,27,0,26,231,89,1,3,45,0,5,80,5,0.561,0.378,0.939,29,0.315,0.333,53,72,137,0.53,5,0.56,3.9,0.255,83.2,0.31
2017,76249,민병헌,두산,OB,6,0.304,123,520,447,73,136,21,0,14,199,71,1,6,47,2,19,74,14,0.445,0.389,0.834,44,0.306,0.0,35,118,125,0.94,10,0.64,3.55,0.141,75.8,0.286
2017,76267,최주환,두산,OB,7,0.301,129,452,399,65,120,16,6,7,169,57,1,5,38,1,9,58,10,0.424,0.37,0.794,31,0.308,0.2,29,108,118,0.92,3,0.66,3.95,0.123,61.7,0.273
2017,66244,에반스,두산,OB,8,0.296,138,581,514,82,152,19,0,27,252,90,0,3,61,0,3,114,15,0.49,0.372,0.862,45,0.291,0.667,46,104,147,0.71,9,0.54,3.97,0.195,89.7,0.29
2017,74206,김재호,두산,OB,9,0.293,91,331,283,34,83,18,1,7,124,50,2,7,36,1,3,52,6,0.438,0.371,0.809,19,0.292,0.0,26,49,106,0.46,5,0.69,4.18,0.145,48.7,0.276
2017,62244,박세혁,두산,OB,10,0.284,97,237,201,41,57,8,0,5,80,26,8,4,19,0,5,44,1,0.398,0.354,0.752,9,0.264,0.25,13,46,58,0.79,3,0.43,3.66,0.114,31.3,0.259
2017,61208,정진호,두산,OB,11,0.283,97,224,198,43,56,11,2,5,86,31,4,2,19,1,1,32,2,0.434,0.345,0.779,14,0.367,0.333,18,65,47,1.38,3,0.59,4.05,0.152,29.9,0.264
2017,76232,양의지,두산,OB,12,0.277,111,406,347,47,96,15,0,14,153,67,1,3,43,1,12,53,17,0.441,0.373,0.814,21,0.302,0.154,29,86,115,0.75,7,0.81,3.81,0.164,54.8,0.278
2017,66209,조수행,두산,OB,13,0.277,80,52,47,17,13,2,0,0,15,2,0,0,4,0,1,12,0,0.319,0.346,0.665,0,0.143,0.0,2,12,10,1.2,0,0.33,3.54,0.043,5.4,0.235
2017,66203,서예일,두산,OB,14,0.261,22,25,23,5,6,2,0,0,8,2,1,0,1,0,0,6,1,0.348,0.292,0.64,1,0.333,0.0,2,8,3,2.67,1,0.17,3.84,0.087,1.9,0.218
2017,62234,류지혁,두산,OB,15,0.259,125,330,297,60,77,13,4,3,107,26,8,0,21,0,4,55,2,0.36,0.317,0.677,20,0.225,0.0,20,90,75,1.2,0,0.38,3.56,0.101,33.8,0.233
2017,79240,허경민,두산,OB,16,0.257,130,422,369,50,95,22,1,3,128,40,12,2,29,0,10,48,15,0.347,0.327,0.674,18,0.239,0.0,26,121,107,1.13,4,0.6,3.68,0.089,39.7,0.234
2017,77248,오재원,두산,OB,17,0.237,127,390,334,43,79,16,1,7,118,40,4,3,47,1,2,85,5,0.353,0.332,0.685,15,0.215,0.3,24,92,81,1.14,4,0.55,4.07,0.117,41.5,0.238
2017,79290,국해성,두산,OB,18,0.209,57,96,86,15,18,3,0,3,30,17,0,1,5,0,4,23,2,0.349,0.281,0.63,4,0.385,0.118,6,21,25,0.84,2,0.22,4.15,0.14,8.9,0.214
2017,64266,이성곤,두산,OB,19,0.2,4,5,5,1,1,0,0,0,1,0,0,0,0,0,0,2,0,0.2,0.2,0.4,0,0.0,0.0,0,0,2,0.0,0,0.0,3.2,0.0,0.1,0.14
2017,65269,김민혁,두산,OB,20,0.19,18,21,21,1,4,2,0,0,6,2,0,0,0,0,0,6,1,0.286,0.19,0.476,1,0.286,0.182,2,4,7,0.57,0,0.0,3.81,0.095,0.5,0.157
2017,63257,김인태,두산,OB,21,0.186,31,44,43,5,8,1,0,2,15,4,0,0,1,0,0,11,0,0.349,0.205,0.554,0,0.083,0.125,3,11,13,0.85,0,0.09,3.89,0.163,3.2,0.18
2017,64086,신성현,두산,OB,22,0.164,34,72,67,5,11,2,1,1,18,7,1,1,2,0,1,21,2,0.269,0.197,0.466,2,0.231,0.2,4,14,22,0.64,0,0.1,3.89,0.104,3.1,0.156
2017,67246,김명신,두산,OB,23,,1,0,0,0,0,0,0,0,0,0,0,0,0,0,0,0,0,,,,0,0.0,0.0,0,0,0,,0,,,,0.0,0.0
2017,77211,이용찬,두산,OB,23,,4,0,0,0,0,0,0,0,0,0,0,0,0,0,0,0,0,,,,0,0.0,0.0,0,0,0,,0,,,,0.0,0.0
2017,63260,이우성,두산,OB,23,0.0,2,2,2,0,0,0,0,0,0,0,0,0,0,0,0,1,0,0.0,0.0,0.0,0,0.0,0.0,0,0,1,0.0,0,0.0,4.0,0.0,-0.2,0.0
2017,66207,황경태,두산,OB,23,,2,0,0,0,0,0,0,0,0,0,0,0,0,0,0,0,0,,,,0,0.0,0.0,0,0,0,,0,,,,0.0,0.0
2017,78168,서건창,넥센,WO,1,0.332,139,615,539,87,179,28,3,6,231,76,2,6,67,1,1,68,11,0.429,0.403,0.832,50,0.365,1.0,37,170,128,1.33,9,0.99,3.91,0.096,92.0,0.289
2017,67341,이정후,넥센,WO,2,0.324,144,622,552,111,179,29,8,2,230,47,2,2,60,2,6,67,9,0.417,0.395,0.812,52,0.321,0.0,39,182,126,1.44,5,0.9,4.04,0.092,88.6,0.282
2017,77463,채태인,넥센,WO,3,0.322,109,384,342,46,110,23,1,12,171,62,0,3,34,2,5,94,9,0.5,0.388,0.888,28,0.317,0.333,36,76,65,1.17,4,0.36,3.89,0.178,60.8,0.3
2017,77848,박윤,넥센,WO,4,0.313,9,18,16,2,5,1,0,0,6,0,0,0,2,0,0,4,0,0.375,0.389,0.764,2,0.0,0.0,1,4,3,1.33,0,0.5,4.22,0.063,2.4,0.269
2017,61353,고종욱,넥센,WO,5,0.312,123,453,426,70,133,24,8,8,197,54,0,2,22,2,3,92,11,0.462,0.349,0.811,32,0.288,0.133,40,114,89,1.28,5,0.24,3.91,0.15,63.1,0.273
2017,76746,김태완,넥센,WO,6,0.311,46,100,90,14,28,5,0,4,45,7,0,0,9,0,1,24,2,0.5,0.38,0.88,7,0.125,0.286,9,17,21,0.81,0,0.38,3.87,0.189,15.7,0.296
2017,67394,초이스,넥센,WO,7,0.307,46,201,176,37,54,8,1,17,115,42,0,1,17,0,7,49,5,0.653,0.388,1.041,16,0.277,0.0,26,28,46,0.61,0,0.35,3.96,0.347,40.6,0.338
2017,64300,김하성,넥센,WO,8,0.302,141,601,526,90,159,36,3,23,270,114,2,7,58,2,8,65,8,0.513,0.376,0.889,49,0.357,0.333,62,107,202,0.53,11,0.89,3.95,0.211,99.4,0.297
2017,66302,채상현,넥센,WO,9,0.3,5,12,10,0,3,0,0,0,3,0,1,0,1,1,0,3,1,0.3,0.364,0.664,0,0.0,1.0,0,3,1,3.0,0,0.33,3.33,0.0,0.9,0.239
2017,77564,김민성,넥센,WO,10,0.282,133,530,472,59,133,26,1,15,206,78,0,8,43,2,7,93,15,0.436,0.345,0.781,38,0.288,0.0,42,104,150,0.69,9,0.46,4.18,0.155,69.5,0.264
2017,73342,이택근,넥센,WO,11,0.278,100,269,241,27,67,15,1,3,93,29,1,1,25,1,1,58,9,0.386,0.347,0.733,18,0.264,0.231,19,63,54,1.17,4,0.43,4.31,0.108,29.9,0.253
2017,65357,송성문,넥센,WO,12,0.273,38,90,77,11,21,0,1,1,26,8,1,1,10,0,1,16,0,0.338,0.36,0.698,5,0.375,0.5,2,21,20,1.05,0,0.63,3.96,0.065,10.6,0.247
2017,79365,박동원,넥센,WO,13,0.27,103,284,256,33,69,9,0,11,111,39,6,2,17,0,3,56,9,0.434,0.32,0.754,14,0.292,0.286,20,64,69,0.93,2,0.3,3.64,0.164,34.0,0.253
2017,79334,장영석,넥센,WO,14,0.269,60,212,186,30,50,14,0,12,100,38,0,0,17,0,9,50,4,0.538,0.358,0.896,12,0.288,0.5,26,46,40,1.15,3,0.34,4.26,0.269,34.1,0.296
2017,65898,김웅빈,넥센,WO,15,0.252,67,142,135,18,34,8,0,3,51,19,0,0,6,0,1,33,3,0.378,0.289,0.667,8,0.282,0.179,11,29,39,0.74,2,0.18,3.43,0.126,13.5,0.225
2017,62353,박정음,넥센,WO,16,0.243,81,162,140,26,34,4,1,2,46,15,4,1,9,0,8,39,0,0.329,0.323,0.652,4,0.27,0.333,7,25,43,0.58,1,0.23,3.83,0.086,16.0,0.228
2017,62356,김규민,넥센,WO,17,0.238,14,23,21,5,5,0,1,0,7,2,0,0,1,0,1,6,0,0.333,0.304,0.637,1,0.167,0.0,1,7,3,2.33,0,0.17,3.7,0.095,2.2,0.22
2017,64346,임병욱,넥센,WO,17,0.238,21,46,42,10,10,3,0,1,16,7,0,1,3,0,0,14,2,0.381,0.283,0.664,2,0.2,0.5,4,14,5,2.8,0,0.21,4.24,0.143,4.6,0.223
2017,65399,허정협,넥센,WO,19,0.237,83,266,228,35,54,9,0,9,90,39,1,1,24,1,12,73,2,0.395,0.34,0.735,12,0.225,0.143,18,43,59,0.73,3,0.33,4.21,0.158,32.6,0.252
2017,66354,주효상,넥센,WO,20,0.195,64,129,118,10,23,5,0,1,31,9,0,0,9,0,2,51,2,0.263,0.264,0.527,4,0.233,0.5,6,23,21,1.1,2,0.18,4.17,0.068,7.6,0.185
2017,67304,김혜성,넥센,WO,21,0.188,16,17,16,1,3,2,0,0,5,2,0,0,1,0,0,6,0,0.313,0.235,0.548,0,1.0,0.0,2,3,4,0.75,0,0.17,3.94,0.125,1.1,0.184
2017,79300,김지수,넥센,WO,22,0.171,64,40,35,7,6,0,0,1,9,5,1,2,2,0,0,8,0,0.257,0.205,0.462,0,0.083,0.0,1,9,14,0.64,0,0.25,4.3,0.086,2.4,0.157
2017,62332,김재현,넥센,WO,23,0.167,70,88,84,6,14,2,0,2,22,6,0,0,3,0,1,27,4,0.262,0.205,0.467,4,0.074,0.0,4,21,22,0.95,1,0.11,3.49,0.095,2.7,0.158
2017,61366,홍성갑,넥센,WO,24,0.143,7,8,7,0,1,0,0,0,1,0,0,0,1,0,0,5,1,0.143,0.25,0.393,0,0.0,0.333,0,1,0,,0,0.2,4.5,0.0,-0.1,0.148
2017,66306,대니돈,넥센,WO,25,0.14,20,57,50,5,7,2,0,1,12,2,0,0,7,0,0,16,3,0.24,0.246,0.486,0,0.059,0.0,3,13,14,0.93,0,0.44,4.14,0.1,2.2,0.171
2017,79130,강지광,넥센,WO,26,0.0,1,2,2,0,0,0,0,0,0,0,0,0,0,0,0,1,0,0.0,0.0,0.0,0,0.0,0.0,0,1,0,,0,0.0,3.0,0.0,-0.2,0.0
2017,63339,김민준,넥센,WO,26,0.0,12,5,4,2,0,0,0,0,0,0,0,0,1,1,0,3,0,0.0,0.2,0.2,0,0.0,0.0,0,0,1,0.0,0,0.33,3.6,0.0,-0.1,0.09
2017,76430,김태혁,넥센,WO,26,,1,0,0,0,0,0,0,0,0,0,0,0,0,0,0,0,0,,,,0,0.0,0.0,0,0,0,,0,,,,0.0,0.0
2017,64350,하영민,넥센,WO,26,,1,0,0,0,0,0,0,0,0,0,0,0,0,0,0,0,0,,,,0,0.0,0.0,0,0,0,,0,,,,0.0,0.0
2017,62363,한현희,넥센,WO,26,,1,0,0,0,0,0,0,0,0,0,0,0,0,0,0,0,0,,,,0,0.0,0.0,0,0,0,,0,,,,0.0,0.0
2018,64117,양원혁,LG,LG,1,0.4,7,6,5,3,2,0,0,0,2,0,0,0,1,0,0,0,0,0.4,0.5,0.9,0,0.0,0.0,0,2,1,2.0,0,,4.5,0.0,1.1,0.325
2018,76290,김현수,LG,LG,2,0.362,117,511,453,95,164,39,2,20,267,101,0,10,47,6,1,61,9,0.589,0.415,1.004,48,0.419,0.0,61,136,102,1.33,8,0.77,3.66,0.227,99.3,0.334
2018,61186,이천웅,LG,LG,3,0.34,112,405,359,61,122,22,3,2,156,39,2,2,39,2,3,48,11,0.435,0.407,0.842,33,0.319,0.267,27,119,72,1.65,3,0.81,3.63,0.095,57.1,0.292
2018,68103,가르시아,LG,LG,4,0.339,50,206,183,27,62,9,0,8,95,34,0,6,9,0,8,25,3,0.519,0.383,0.902,16,0.263,0.2,17,48,54,0.89,5,0.36,3.62,0.18,37.2,0.302
2018,68119,문성주,LG,LG,5,0.333,5,3,3,1,1,0,0,0,1,0,0,0,0,0,0,1,0,0.333,0.333,0.666,0,0.0,0.5,0,1,0,,0,0.0,2.67,0.0,0.3,0.233
2018,79192,채은성,LG,LG,6,0.331,139,578,529,78,175,36,2,25,290,119,0,5,35,1,9,97,12,0.548,0.379,0.927,54,0.362,0.0,63,130,132,0.98,7,0.36,3.74,0.217,99.9,0.308
2018,78135,이형종,LG,LG,7,0.316,118,485,437,83,138,27,0,13,204,42,5,0,31,0,12,82,6,0.467,0.377,0.844,37,0.292,0.364,40,112,105,1.07,5,0.38,3.72,0.151,72.0,0.286
2018,72133,박용택,LG,LG,8,0.303,134,583,524,89,159,38,1,15,244,76,0,7,47,0,5,107,21,0.466,0.362,0.828,48,0.285,0.667,54,128,137,0.93,10,0.44,3.9,0.162,80.9,0.279
2018,61102,유강남,LG,LG,9,0.296,132,465,425,53,126,33,0,19,216,66,2,1,28,1,9,80,21,0.508,0.352,0.86,37,0.282,0.214,52,111,109,1.02,3,0.35,3.76,0.212,65.7,0.285
2018,62164,서상우,LG,LG,10,0.29,51,84,69,10,20,0,0,2,26,14,0,2,12,0,1,18,1,0.377,0.393,0.77,2,0.333,0.276,2,20,13,1.54,0,0.67,4.52,0.087,11.8,0.271
2018,79109,오지환,LG,LG,11,0.278,144,617,533,93,148,26,2,11,211,71,12,6,59,3,7,146,6,0.396,0.354,0.75,40,0.357,0.0,39,120,125,0.96,6,0.4,4.01,0.118,78.2,0.258
2018,64153,양석환,LG,LG,12,0.263,140,519,483,53,127,27,0,22,220,82,1,5,24,0,6,81,9,0.455,0.303,0.758,32,0.31,0.143,49,100,180,0.56,9,0.3,4.0,0.193,65.9,0.25
2018,79150,정주현,LG,LG,13,0.261,115,339,303,48,79,14,2,6,115,31,6,1,27,0,2,68,9,0.38,0.324,0.704,23,0.277,0.5,22,77,80,0.96,5,0.4,3.78,0.119,38.0,0.241
2018,65109,백승현,LG,LG,14,0.25,5,8,8,1,2,0,0,0,2,1,0,0,0,0,0,3,0,0.25,0.25,0.5,0,1.0,0.0,0,3,0,,0,0.0,3.88,0.0,0.4,0.175
2018,78217,김용의,LG,LG,15,0.233,114,185,159,28,37,2,0,0,39,13,7,3,16,1,0,32,1,0.245,0.298,0.543,7,0.214,0.091,2,55,38,1.45,1,0.5,3.63,0.013,15.6,0.195
2018,74823,임훈,LG,LG,16,0.229,54,88,83,10,19,3,0,2,28,7,2,0,3,0,0,15,3,0.337,0.256,0.593,3,0.167,0.292,5,27,22,1.23,1,0.2,3.36,0.108,6.2,0.199
2018,71842,정상호,LG,LG,17,0.223,70,128,112,11,25,4,0,1,32,9,3,0,8,0,5,35,3,0.286,0.304,0.59,7,0.171,0.0,5,25,27,0.93,1,0.23,3.94,0.063,9.3,0.208
2018,61114,김재율,LG,LG,18,0.222,25,41,36,5,8,3,0,0,11,3,0,0,3,0,2,9,1,0.306,0.317,0.623,0,0.4,0.286,3,8,11,0.73,0,0.33,4.41,0.083,3.4,0.219
2018,65115,안익훈,LG,LG,19,0.22,62,135,123,13,27,4,0,0,31,10,2,1,8,0,1,12,4,0.252,0.271,0.523,5,0.2,1.0,4,61,24,2.54,1,0.67,3.88,0.033,7.4,0.185
2018,63905,윤형준,LG,LG,20,0.217,11,23,23,0,5,1,0,0,6,3,0,0,0,0,0,9,0,0.261,0.217,0.478,1,0.5,0.0,1,3,6,0.5,1,0.0,3.65,0.043,1.0,0.163
2018,79198,윤진호,LG,LG,21,0.208,102,61,53,13,11,3,0,0,14,4,4,0,2,0,2,14,2,0.264,0.263,0.527,0,0.167,0.0,3,18,10,1.8,0,0.14,3.23,0.057,2.7,0.184
2018,65136,박지규,LG,LG,22,0.17,26,53,47,6,8,2,0,1,13,5,2,1,3,0,0,17,2,0.277,0.216,0.493,2,0.182,0.0,3,13,10,1.3,0,0.18,3.66,0.106,2.8,0.166
2018,79113,문선재,LG,LG,23,0.167,2,6,6,0,1,0,0,0,1,0,0,0,0,0,0,3,0,0.167,0.167,0.334,0,0.0,0.0,0,0,2,0.0,0,0.0,3.83,0.0,0.0,0.117
2018,66108,홍창기,LG,LG,23,0.167,12,25,18,1,3,2,0,0,5,0,0,0,7,0,0,8,0,0.278,0.4,0.678,0,0.0,0.0,2,4,3,1.33,0,0.88,4.64,0.111,2.6,0.25
2018,66112,김기연,LG,LG,25,,2,0,0,0,0,0,0,0,0,0,0,0,0,0,0,0,0,,,,0,0.0,0.0,0,0,0,,0,,,,0.0,0.0
2018,63360,장시윤,LG,LG,25,0.0,8,2,2,2,0,0,0,0,0,0,0,0,0,0,0,0,0,0.0,0.0,0.0,0,0.0,0.0,0,2,0,,0,,1.5,0.0,-0.2,0.0
2018,71752,김태균,한화,HH,1,0.315,73,271,254,25,80,11,0,10,121,34,0,0,13,1,4,56,7,0.476,0.358,0.834,26,0.343,0.4,21,54,64,0.84,4,0.23,3.82,0.161,38.5,0.28
2018,68730,호잉,한화,HH,2,0.306,142,590,529,85,162,47,2,30,303,110,0,5,51,10,5,93,5,0.573,0.369,0.942,43,0.335,0.5,79,104,175,0.59,14,0.55,3.88,0.267,106.2,0.309
2018,75808,정근우,한화,HH,3,0.304,102,425,375,63,114,24,1,11,173,57,1,3,39,1,7,43,12,0.461,0.377,0.838,30,0.326,0.0,36,122,99,1.23,3,0.91,3.59,0.157,61.1,0.285
2018,76753,송광민,한화,HH,4,0.297,113,460,434,63,129,24,0,18,207,79,0,4,18,0,4,93,13,0.477,0.328,0.805,36,0.243,0.0,42,121,95,1.27,8,0.19,3.59,0.18,62.1,0.267
2018,73136,이성열,한화,HH,5,0.295,131,528,485,76,143,21,1,34,268,102,1,2,35,3,5,143,9,0.553,0.347,0.9,34,0.283,0.6,56,113,88,1.28,8,0.24,3.9,0.258,86.9,0.294
2018,74163,이용규,한화,HH,6,0.293,134,575,491,82,144,14,1,1,163,36,8,5,59,0,12,62,8,0.332,0.379,0.711,44,0.327,0.0,16,162,128,1.27,2,0.95,4.03,0.039,70.1,0.254
2018,61700,강경학,한화,HH,7,0.278,77,289,245,42,68,11,1,5,96,27,1,1,38,0,4,59,7,0.392,0.382,0.774,14,0.254,0.143,17,74,45,1.64,5,0.64,4.26,0.114,37.5,0.27
2018,64717,지시완,한화,HH,8,0.275,99,224,207,22,57,7,0,7,85,29,2,1,12,0,2,55,6,0.411,0.32,0.731,8,0.309,0.292,14,38,58,0.66,5,0.22,3.82,0.135,25.9,0.247
2018,78288,최재훈,한화,HH,9,0.262,128,341,298,36,78,17,0,1,98,27,6,2,20,0,15,61,8,0.329,0.337,0.666,18,0.253,0.5,18,98,63,1.56,3,0.33,3.9,0.067,34.8,0.234
2018,79705,김회성,한화,HH,10,0.259,58,102,85,15,22,5,0,4,39,17,3,0,11,0,3,26,3,0.459,0.364,0.823,3,0.409,0.333,9,17,20,0.85,1,0.42,3.88,0.2,13.9,0.279
2018,62700,하주석,한화,HH,11,0.254,141,517,484,67,123,20,3,9,176,52,1,0,28,0,4,130,7,0.364,0.3,0.664,31,0.267,1.0,32,145,86,1.69,7,0.22,3.69,0.11,49.5,0.226
2018,62797,양성우,한화,HH,12,0.254,73,236,209,32,53,9,0,2,68,13,0,1,22,2,4,32,8,0.325,0.335,0.66,13,0.192,0.375,11,64,61,1.05,2,0.69,4.04,0.072,22.0,0.232
2018,68743,정은원,한화,HH,13,0.249,98,227,201,33,50,5,3,4,73,20,2,1,22,0,1,50,0,0.363,0.324,0.687,13,0.333,0.111,12,56,46,1.22,3,0.44,4.19,0.114,26.3,0.237
2018,60100,백진우,한화,HH,14,0.243,70,169,152,21,37,15,1,3,63,18,0,1,12,0,4,36,5,0.414,0.314,0.728,8,0.25,0.15,19,26,54,0.48,1,0.33,3.96,0.171,18.5,0.245
2018,66702,이시원,한화,HH,15,0.239,28,50,46,6,11,1,0,1,15,2,0,0,3,0,1,8,1,0.326,0.3,0.626,3,0.333,0.25,2,18,9,2.0,0,0.38,3.58,0.087,4.1,0.217
2018,78756,오선진,한화,HH,16,0.226,56,148,133,14,30,4,0,1,37,9,3,0,7,0,5,33,2,0.278,0.29,0.568,6,0.231,0.0,5,49,21,2.33,1,0.21,3.68,0.053,11.3,0.2
2018,61554,김민하,한화,HH,17,0.216,59,108,97,13,21,4,0,3,34,17,2,1,5,0,3,30,6,0.351,0.274,0.625,3,0.308,0.333,7,27,20,1.35,2,0.17,3.53,0.134,7.4,0.211
2018,66706,장진혁,한화,HH,18,0.214,50,48,42,9,9,4,1,0,15,2,0,0,4,0,2,11,0,0.357,0.313,0.67,1,0.2,0.143,5,10,12,0.83,0,0.36,4.0,0.143,4.4,0.23
2018,74729,최진행,한화,HH,19,0.213,57,154,136,14,29,3,0,7,53,13,0,0,15,0,3,53,5,0.39,0.305,0.695,3,0.189,0.071,10,32,22,1.45,2,0.28,4.15,0.176,15.6,0.235
2018,60184,김창혁,한화,HH,20,0.2,6,10,10,1,2,1,0,0,3,0,0,0,0,0,0,3,0,0.3,0.2,0.5,0,0.0,0.25,1,1,4,0.25,0,0.0,3.2,0.1,0.5,0.165
2018,64724,박준혁,한화,HH,20,0.2,4,5,5,0,1,1,0,0,2,0,0,0,0,0,0,2,0,0.4,0.2,0.6,0,0.0,0.5,1,1,1,1.0,0,0.0,4.2,0.2,0.3,0.19
2018,66704,김태연,한화,HH,22,0.192,24,30,26,7,5,1,0,0,6,2,1,0,3,0,0,8,0,0.231,0.276,0.507,0,0.125,0.0,1,8,5,1.6,0,0.38,4.07,0.038,1.5,0.182
2018,66716,정경운,한화,HH,23,0.067,22,16,15,1,1,0,0,0,1,2,0,1,0,0,0,7,1,0.067,0.063,0.13,0,0.111,0.0,0,4,4,1.0,1,0.0,3.63,0.0,-0.8,0.045
2018,66710,강상원,한화,HH,24,0.0,6,7,6,0,0,0,0,0,0,0,0,0,1,0,0,2,0,0.0,0.143,0.143,0,0.0,0.0,0,1,3,0.33,0,0.5,4.14,0.0,0.0,0.064
2018,66715,김인환,한화,HH,24,0.0,4,6,6,0,0,0,0,0,0,0,0,0,0,0,0,2,0,0.0,0.0,0.0,0,0.0,0.0,0,3,1,3.0,0,0.0,5.17,0.0,-0.6,0.0
2018,74731,송창식,한화,HH,24,,1,0,0,0,0,0,0,0,0,0,0,0,0,0,0,0,0,,,,0,0.0,0.0,0,0,0,,0,,,,0.0,0.0
2018,73738,안영명,한화,HH,24,,2,0,0,0,0,0,0,0,0,0,0,0,0,0,0,0,0,,,,0,0.0,0.0,0,0,0,,0,,,,0.0,0.0
2018,65703,이도윤,한화,HH,24,0.0,2,1,1,1,0,0,0,0,0,0,0,0,0,0,0,0,0,0.0,0.0,0.0,0,0.0,0.0,0,1,0,,0,,1.0,0.0,-0.1,0.0
2018,77452,이동걸,한화,HH,24,,1,0,0,0,0,0,0,0,0,0,0,0,0,0,0,0,0,,,,0,0.0,0.0,0,0,0,,0,,,,0.0,0.0
2018,79764,장민재,한화,HH,24,,1,0,0,0,0,0,0,0,0,0,0,0,0,0,0,0,0,,,,0,0.0,0.0,0,0,0,,0,,,,0.0,0.0
2018,60805,최윤석,한화,HH,24,,2,2,0,1,0,0,0,0,0,0,0,0,2,0,0,0,0,,1.0,1.0,0,0.0,0.0,0,0,0,,0,,5.5,,0.7,0.45
2018,66864,안상현,SSG,SK,1,0.5,1,2,2,1,1,0,0,0,1,0,0,0,0,0,0,0,0,0.5,0.5,1.0,0,1.0,1.0,0,0,1,0.0,0,,6.5,0.0,0.4,0.35
2018,76812,이재원,SSG,SK,2,0.329,130,471,407,63,134,24,0,17,209,57,4,5,43,0,12,65,13,0.514,0.405,0.919,40,0.308,0.4,41,106,107,0.99,2,0.66,3.98,0.184,79.1,0.311
2018,67872,로맥,SSG,SK,3,0.316,141,616,528,102,167,19,0,43,315,107,0,6,72,0,10,123,7,0.597,0.404,1.001,48,0.297,0.0,62,97,147,0.66,10,0.59,4.03,0.28,122.3,0.331
2018,63704,노수광,SSG,SK,4,0.313,135,588,515,93,161,21,8,8,222,53,9,3,48,0,13,86,3,0.431,0.383,0.814,50,0.316,0.667,37,133,138,0.96,7,0.56,3.94,0.118,88.7,0.28
2018,62802,박승욱,SSG,SK,5,0.308,51,79,65,11,20,3,0,0,23,9,2,0,10,0,2,16,1,0.354,0.416,0.77,6,0.316,0.2,3,15,14,1.07,0,0.63,4.38,0.046,10.7,0.276
2018,71837,김강민,SSG,SK,6,0.298,80,267,235,40,70,14,0,14,126,46,5,0,22,0,5,57,1,0.536,0.37,0.906,16,0.274,0.333,28,53,55,0.96,2,0.39,4.06,0.238,44.8,0.301
2018,62884,최항,SSG,SK,7,0.293,98,257,222,38,65,12,1,7,100,35,2,0,25,0,8,57,1,0.45,0.384,0.834,16,0.317,0.222,20,53,47,1.13,3,0.44,3.94,0.158,38.3,0.285
2018,62895,한유섬,SSG,SK,8,0.284,136,562,486,97,138,31,0,41,292,115,0,8,52,3,16,124,10,0.601,0.367,0.968,40,0.286,0.444,72,94,138,0.68,14,0.42,4.21,0.317,104.2,0.315
2018,76802,김성현,SSG,SK,9,0.277,135,462,415,51,115,19,1,4,148,55,6,3,29,0,9,42,19,0.357,0.336,0.693,30,0.333,0.0,24,123,138,0.89,8,0.69,3.48,0.08,46.3,0.24
2018,76869,김재현,SSG,SK,10,0.277,53,77,65,19,18,1,1,1,24,5,0,0,9,0,3,17,0,0.369,0.39,0.759,3,0.154,0.0,3,13,17,0.76,1,0.53,3.74,0.092,11.4,0.268
2018,77243,허도환,SSG,SK,11,0.273,23,24,22,4,6,0,0,1,9,1,0,0,1,0,1,8,1,0.409,0.333,0.742,0,0.0,0.0,1,5,3,1.67,0,0.13,4.08,0.136,2.7,0.252
2018,75151,정의윤,SSG,SK,12,0.272,73,239,217,27,59,9,0,11,101,38,0,1,19,1,2,29,8,0.465,0.335,0.8,18,0.31,0.176,20,60,70,0.86,1,0.66,3.54,0.194,31.7,0.267
2018,73209,나주환,SSG,SK,13,0.262,119,420,362,54,95,24,0,12,155,56,13,2,38,0,5,66,2,0.428,0.339,0.767,24,0.322,0.25,36,90,113,0.8,3,0.58,3.9,0.166,53.6,0.26
2018,63123,강승호,SSG,SK,14,0.255,69,212,184,14,47,10,0,3,66,31,6,1,18,0,3,57,2,0.359,0.33,0.689,11,0.339,0.167,13,36,45,0.8,0,0.32,3.71,0.103,22.6,0.238
2018,66838,김동엽,SSG,SK,15,0.252,124,446,421,58,106,15,0,27,202,76,1,3,17,0,4,108,13,0.48,0.285,0.765,26,0.33,0.286,42,98,112,0.88,10,0.16,3.71,0.228,57.3,0.248
2018,61652,윤정우,SSG,SK,16,0.25,22,43,40,6,10,2,0,1,15,2,0,0,2,0,1,7,4,0.375,0.302,0.677,1,0.091,0.0,3,15,8,1.88,1,0.29,3.37,0.125,3.2,0.23
2018,76158,최승준,SSG,SK,16,0.25,27,79,72,5,18,3,0,4,33,11,0,0,6,0,1,25,3,0.458,0.316,0.774,2,0.25,0.4,7,11,18,0.61,1,0.24,4.01,0.208,9.6,0.257
2018,75847,최정,SSG,SK,18,0.244,115,489,406,95,99,16,1,35,222,74,0,2,58,2,23,129,10,0.547,0.368,0.915,23,0.235,0.0,52,63,117,0.54,9,0.45,4.14,0.303,83.2,0.302
2018,61869,정진기,SSG,SK,19,0.244,96,212,201,33,49,8,1,3,68,17,3,0,6,0,2,45,2,0.338,0.273,0.611,11,0.236,0.188,12,50,57,0.88,1,0.13,3.67,0.095,18.7,0.207
2018,71184,이성우,SSG,SK,20,0.242,88,134,120,10,29,5,0,0,34,5,4,1,8,0,1,16,4,0.283,0.292,0.575,6,0.063,1.0,5,42,34,1.24,0,0.5,3.57,0.042,9.6,0.202
2018,72860,이대수,SSG,SK,21,0.2,4,6,5,1,1,1,0,0,2,0,1,0,0,0,0,2,0,0.4,0.2,0.6,0,0.0,0.0,1,2,0,,0,0.0,3.83,0.2,0.4,0.19
2018,74846,박정권,SSG,SK,22,0.172,14,31,29,4,5,0,0,2,11,6,0,0,2,0,0,9,0,0.379,0.226,0.605,0,0.182,0.0,2,5,10,0.5,0,0.22,3.81,0.207,2.8,0.196
2018,67893,박성한,SSG,SK,23,0.135,42,59,52,3,7,1,0,0,8,2,0,0,7,0,0,16,0,0.154,0.237,0.391,2,0.188,0.0,1,18,11,1.64,1,0.44,4.31,0.019,1.9,0.145
2018,64868,조용호,SSG,SK,24,0.077,16,14,13,4,1,0,0,0,1,0,1,0,0,0,0,5,0,0.077,0.077,0.154,0,0.0,0.0,0,5,2,2.5,0,0.0,3.64,0.0,-0.9,0.054
2018,79130,강지광,SSG,SK,25,0.0,1,1,1,0,0,0,0,0,0,0,0,0,0,0,0,0,0,0.0,0.0,0.0,0,0.0,0.0,0,0,1,0.0,0,,4.0,0.0,-0.1,0.0
2018,75250,박정배,SSG,SK,25,,4,0,0,0,0,0,0,0,0,0,0,0,0,0,0,0,0,,,,0,0.0,0.0,0,0,0,,0,,,,0.0,0.0
2018,76858,박희수,SSG,SK,25,,2,0,0,0,0,0,0,0,0,0,0,0,0,0,0,0,0,,,,0,0.0,0.0,0,0,0,,0,,,,0.0,0.0
2018,75138,신재웅,SSG,SK,25,,3,0,0,0,0,0,0,0,0,0,0,0,0,0,0,0,0,,,,0,0.0,0.0,0,0,0,,0,,,,0.0,0.0
2018,74838,윤희상,SSG,SK,25,,1,0,0,0,0,0,0,0,0,0,0,0,0,0,0,0,0,,,,0,0.0,0.0,0,0,0,,0,,,,0.0,0.0
2018,61865,이윤재,SSG,SK,25,0.0,1,1,1,0,0,0,0,0,0,0,0,0,0,0,0,0,0,0.0,0.0,0.0,0,0.0,0.0,0,1,0,,0,,2.0,0.0,-0.1,0.0
2018,60456,백상원,삼성,SS,1,0.5,4,8,6,1,3,0,0,0,3,2,0,0,2,0,0,0,0,0.5,0.625,1.125,1,1.0,0.0,0,1,2,0.5,0,,4.88,0.0,1.9,0.406
2018,79456,이지영,삼성,SS,2,0.343,90,203,178,31,61,10,0,2,77,19,6,0,15,1,4,27,3,0.433,0.406,0.839,15,0.25,0.217,12,65,25,2.6,0,0.56,3.49,0.09,29.3,0.291
2018,64469,송준석,삼성,SS,3,0.333,4,3,3,1,1,0,0,0,1,0,0,0,0,0,0,1,0,0.333,0.333,0.666,0,0.0,0.5,0,0,1,0.0,0,0.0,5.0,0.0,0.3,0.233
2018,62404,구자욱,삼성,SS,4,0.333,116,529,478,100,159,26,5,20,255,84,1,2,43,2,5,110,4,0.533,0.392,0.925,50,0.378,0.0,51,94,117,0.8,9,0.39,4.05,0.201,94.4,0.31
2018,67450,러프,삼성,SS,5,0.33,137,597,506,97,167,32,4,33,306,125,0,8,65,0,18,107,17,0.605,0.419,1.024,52,0.366,0.0,69,114,126,0.9,9,0.61,4.12,0.275,117.2,0.34
2018,75566,이원석,삼성,SS,6,0.301,128,543,479,74,144,30,1,20,236,93,0,5,52,1,7,103,10,0.493,0.374,0.867,39,0.302,0.0,51,98,139,0.71,5,0.5,4.05,0.192,84.8,0.292
2018,61404,김헌곤,삼성,SS,7,0.3,141,586,513,77,154,26,2,11,217,71,5,4,54,1,10,70,13,0.423,0.375,0.798,46,0.319,0.0,39,162,131,1.24,4,0.77,3.91,0.123,80.9,0.275
2018,62415,박해민,삼성,SS,8,0.299,144,649,576,114,172,30,10,9,249,68,8,6,56,0,3,99,9,0.432,0.36,0.792,53,0.339,0.4,49,144,167,0.86,8,0.57,4.1,0.134,91.9,0.27
2018,61197,최영진,삼성,SS,9,0.294,61,140,126,13,37,7,0,4,56,18,2,2,10,0,0,30,6,0.444,0.341,0.785,10,0.211,0.167,11,36,25,1.44,1,0.33,3.68,0.151,16.6,0.264
2018,71432,박한이,삼성,SS,10,0.284,114,392,342,47,97,16,0,10,143,43,6,1,43,2,0,91,9,0.418,0.363,0.781,24,0.289,0.222,26,81,74,1.09,3,0.47,4.19,0.135,50.3,0.268
2018,77466,최원제,삼성,SS,11,0.273,8,13,11,1,3,0,0,0,3,0,0,0,1,0,1,5,0,0.273,0.385,0.658,1,0.0,0.25,0,0,3,0.0,0,0.2,4.46,0.0,1.4,0.242
2018,74540,강민호,삼성,SS,12,0.269,129,477,427,46,115,14,0,22,195,71,0,7,29,5,14,96,11,0.457,0.331,0.788,32,0.225,0.273,36,122,101,1.21,10,0.3,3.68,0.187,65.1,0.263
2018,79402,김상수,삼성,SS,13,0.263,122,499,453,63,119,13,1,10,164,50,8,3,27,0,8,91,11,0.362,0.314,0.676,32,0.2,0.0,24,132,114,1.16,5,0.3,3.94,0.099,50.1,0.232
2018,64610,강한울,삼성,SS,14,0.259,83,209,193,20,50,5,2,0,59,8,3,0,12,0,1,34,1,0.306,0.306,0.612,8,0.17,0.25,7,69,40,1.73,2,0.35,4.15,0.047,17.5,0.214
2018,64410,백승민,삼성,SS,15,0.258,14,32,31,3,8,2,0,0,10,5,0,0,1,0,0,9,1,0.323,0.281,0.604,2,0.182,0.333,2,7,7,1.0,2,0.11,4.06,0.065,2.3,0.207
2018,66406,안주형,삼성,SS,16,0.25,15,8,8,2,2,0,0,0,2,1,0,0,0,0,0,3,0,0.25,0.25,0.5,0,0.25,0.5,0,2,1,2.0,0,0.0,4.38,0.0,0.4,0.175
2018,79465,배영섭,삼성,SS,17,0.245,69,168,147,15,36,6,0,0,42,13,2,0,16,2,3,35,2,0.286,0.331,0.617,7,0.262,0.111,6,47,29,1.62,0,0.46,4.06,0.041,14.9,0.22
2018,66462,김성훈,삼성,SS,18,0.243,110,212,185,24,45,9,3,0,60,24,3,2,16,0,6,23,2,0.324,0.321,0.645,6,0.283,0.444,12,74,45,1.64,5,0.7,3.68,0.081,21.2,0.225
2018,72456,손주인,삼성,SS,19,0.238,98,297,265,26,63,10,0,4,85,28,10,4,11,0,7,40,11,0.321,0.282,0.603,17,0.233,0.25,14,82,84,0.98,3,0.28,3.66,0.083,23.4,0.207
2018,62409,박찬도,삼성,SS,20,0.233,54,82,73,13,17,4,1,0,23,5,1,0,8,0,0,28,0,0.315,0.309,0.624,3,0.263,0.0,5,18,10,1.8,0,0.29,4.23,0.082,7.0,0.218
2018,72466,조동찬,삼성,SS,21,0.222,28,59,54,5,12,1,0,1,16,2,1,0,4,0,0,14,2,0.296,0.276,0.572,0,0.056,0.385,2,16,12,1.33,0,0.29,3.31,0.074,3.9,0.198
2018,64266,이성곤,삼성,SS,22,0.188,9,19,16,1,3,0,0,0,3,0,0,0,3,0,0,7,1,0.188,0.316,0.504,0,0.0,0.0,0,2,4,0.5,0,0.43,3.84,0.0,0.9,0.189
2018,64793,김민수,삼성,SS,23,0.167,8,6,6,0,1,0,0,0,1,0,0,0,0,0,0,2,1,0.167,0.167,0.334,0,0.0,0.5,0,1,2,0.5,0,0.0,3.83,0.0,-0.3,0.117
2018,64407,김호재,삼성,SS,23,0.167,10,7,6,1,1,0,0,0,1,0,1,0,0,0,0,2,0,0.167,0.167,0.334,0,0.0,0.0,0,2,1,2.0,0,0.0,3.86,0.0,0.1,0.117
2018,61104,정병곤,삼성,SS,25,0.067,6,16,15,1,1,0,0,0,1,2,0,1,0,0,0,5,1,0.067,0.063,0.13,0,0.5,0.0,0,4,6,0.67,0,0.0,3.81,0.0,-0.8,0.045
2018,65412,권정웅,삼성,SS,26,0.0,6,8,8,0,0,0,0,0,0,0,0,0,0,0,0,0,0,0.0,0.0,0.0,0,0.0,0.0,0,4,4,1.0,0,,2.75,0.0,-0.7,0.0
2018,67449,김성윤,삼성,SS,26,0.0,1,2,2,0,0,0,0,0,0,0,0,0,0,0,0,1,0,0.0,0.0,0.0,0,0.0,0.0,0,0,1,0.0,0,0.0,6.0,0.0,-0.2,0.0
2018,60288,김응민,삼성,SS,26,0.0,1,1,1,0,0,0,0,0,0,0,0,0,0,0,0,0,0,0.0,0.0,0.0,0,0.0,0.0,0,1,0,,0,,1.0,0.0,-0.1,0.0
2018,64499,김재현,삼성,SS,26,0.0,5,1,1,0,0,0,0,0,0,0,0,0,0,0,0,1,0,0.0,0.0,0.0,0,0.0,0.0,0,0,0,,0,0.0,4.0,0.0,-0.1,0.0
2018,77927,장필준,삼성,SS,26,,1,0,0,0,0,0,0,0,0,0,0,0,0,0,0,0,0,,,,0,0.0,0.0,0,0,0,,0,,,,0.0,0.0
2018,79440,정인욱,삼성,SS,26,,1,0,0,0,0,0,0,0,0,0,0,0,0,0,0,0,0,,,,0,0.0,0.0,0,0,0,,0,,,,0.0,0.0
2018,64984,김태진,NC,NC,1,0.355,20,35,31,5,11,0,0,1,14,3,1,0,3,0,0,5,0,0.452,0.412,0.864,2,1.0,0.25,1,8,7,1.14,0,0.6,3.4,0.097,5.2,0.298
2018,62907,박민우,NC,NC,2,0.324,115,460,411,68,133,22,5,5,180,33,3,4,32,3,10,51,4,0.438,0.383,0.821,34,0.362,0.667,32,134,97,1.38,2,0.63,3.85,0.114,68.9,0.282
2018,62947,나성범,NC,NC,3,0.318,144,620,556,110,177,36,3,23,288,91,0,5,44,4,15,131,11,0.518,0.381,0.899,53,0.319,0.0,62,146,107,1.36,12,0.34,3.74,0.2,104.0,0.301
2018,62025,이원재,NC,NC,4,0.304,77,150,138,12,42,10,0,5,67,19,0,2,10,0,0,33,3,0.486,0.347,0.833,7,0.333,0.39,15,35,30,1.17,2,0.3,4.19,0.181,21.4,0.278
2018,62931,노진혁,NC,NC,5,0.283,125,458,420,52,119,21,4,11,181,42,1,2,33,0,2,92,8,0.431,0.337,0.768,35,0.272,0.25,36,108,103,1.05,4,0.36,3.8,0.148,58.3,0.259
2018,63963,권희동,NC,NC,6,0.283,104,391,343,43,97,19,1,8,142,57,5,4,35,2,4,58,5,0.414,0.352,0.766,27,0.25,0.1,28,82,110,0.75,7,0.6,3.95,0.131,50.3,0.262
2018,78813,모창민,NC,NC,7,0.279,81,314,287,38,80,10,1,17,143,62,0,4,21,0,2,51,10,0.498,0.328,0.826,23,0.338,1.0,28,78,82,0.95,3,0.41,3.67,0.22,44.7,0.272
2018,62921,박헌욱,NC,NC,8,0.273,10,23,22,1,6,2,0,1,11,3,0,0,1,0,0,5,1,0.5,0.304,0.804,1,0.667,0.0,3,6,5,1.2,0,0.2,3.26,0.227,3.1,0.262
2018,62934,김성욱,NC,NC,9,0.26,111,358,323,49,84,13,2,13,140,45,2,3,29,0,1,64,10,0.433,0.32,0.753,18,0.232,0.0,28,89,89,1.0,5,0.45,4.08,0.173,45.2,0.252
2018,67935,스크럭스,NC,NC,10,0.257,142,571,501,75,129,35,0,26,242,97,0,3,55,2,12,144,14,0.483,0.343,0.826,29,0.303,0.0,61,102,129,0.79,5,0.38,3.89,0.226,80.4,0.275
2018,71552,최준석,NC,NC,11,0.255,93,179,153,7,39,3,0,4,54,24,0,2,24,0,0,41,6,0.353,0.352,0.705,4,0.3,0.205,7,44,31,1.42,4,0.59,4.63,0.098,20.0,0.247
2018,74465,박석민,NC,NC,12,0.255,103,375,318,40,81,14,1,16,145,55,0,3,39,4,15,80,11,0.456,0.36,0.816,22,0.232,0.286,31,83,77,1.08,1,0.49,4.15,0.201,52.4,0.276
2018,60566,이상호,NC,NC,13,0.251,114,204,187,32,47,2,0,0,49,8,7,0,8,0,2,15,8,0.262,0.289,0.551,10,0.2,0.4,2,79,46,1.72,2,0.53,3.42,0.011,12.7,0.196
2018,64906,강민국,NC,NC,14,0.25,6,4,4,0,1,0,0,0,1,0,0,0,0,0,0,0,0,0.25,0.25,0.5,0,0.0,0.0,0,3,0,,0,,2.5,0.0,0.2,0.175
2018,62925,강진성,NC,NC,15,0.235,45,75,68,5,16,3,0,0,19,1,2,1,4,0,0,17,3,0.279,0.274,0.553,1,0.077,0.357,3,18,18,1.0,0,0.24,3.79,0.044,4.5,0.193
2018,66917,김찬형,NC,NC,16,0.232,63,160,142,24,33,5,0,1,41,9,1,1,8,0,8,28,1,0.289,0.308,0.597,9,0.167,0.5,6,39,43,0.91,1,0.29,3.48,0.056,14.4,0.211
2018,73339,이종욱,NC,NC,17,0.23,43,128,122,12,28,7,0,1,38,8,1,1,4,0,0,16,2,0.311,0.252,0.563,6,0.217,0.0,8,46,33,1.39,1,0.25,3.93,0.082,8.8,0.191
2018,66965,도태훈,NC,NC,18,0.229,26,42,35,5,8,0,0,1,11,5,0,0,5,0,2,5,0,0.314,0.357,0.671,1,0.375,0.4,1,12,10,1.2,0,1.0,4.17,0.086,4.9,0.239
2018,63260,이우성,NC,NC,19,0.226,71,199,177,24,40,9,0,4,61,24,1,1,16,0,4,57,6,0.345,0.303,0.648,9,0.327,0.091,13,53,28,1.89,2,0.28,3.89,0.119,17.5,0.223
2018,62917,강구성,NC,NC,20,0.2,4,5,5,0,1,1,0,0,2,1,0,0,0,0,0,3,0,0.4,0.2,0.6,0,0.0,0.25,1,1,0,,0,0.0,3.6,0.2,0.3,0.19
2018,62537,윤수강,NC,NC,21,0.192,44,79,73,8,14,6,0,1,23,8,1,0,5,0,0,21,1,0.315,0.244,0.559,2,0.267,1.0,7,21,17,1.24,0,0.24,3.96,0.123,5.2,0.189
2018,73213,손시헌,NC,NC,22,0.188,67,150,128,12,24,4,0,2,34,14,1,1,15,0,5,20,3,0.266,0.295,0.561,4,0.182,0.0,6,45,40,1.13,2,0.75,3.67,0.078,11.7,0.199
2018,67944,신진호,NC,NC,23,0.182,20,25,22,1,4,0,0,0,4,1,0,0,3,0,0,10,1,0.182,0.28,0.462,1,0.143,0.0,0,5,3,1.67,0,0.3,4.16,0.0,1.0,0.172
2018,62016,윤병호,NC,NC,23,0.182,14,37,33,3,6,1,0,0,7,0,1,0,2,0,1,10,0,0.212,0.25,0.462,2,0.0,0.0,1,9,8,1.13,0,0.2,3.08,0.03,2.0,0.166
2018,73306,지석훈,NC,NC,25,0.181,67,105,94,9,17,2,0,1,22,8,0,3,8,0,0,20,2,0.234,0.238,0.472,3,0.143,0.0,3,39,21,1.86,1,0.4,4.12,0.053,6.1,0.166
2018,76720,정범모,NC,NC,26,0.179,103,219,190,20,34,9,0,4,55,18,7,3,15,0,4,62,4,0.289,0.25,0.539,6,0.22,0.0,13,38,59,0.64,2,0.24,4.1,0.111,14.8,0.185
2018,66968,이재율,NC,NC,27,0.171,33,45,41,8,7,1,1,0,10,1,0,0,2,0,2,10,0,0.244,0.244,0.488,2,0.143,0.167,2,15,9,1.67,1,0.2,3.56,0.073,2.7,0.171
2018,68912,김형준,NC,NC,28,0.16,60,89,81,6,13,1,0,0,14,2,0,0,7,0,1,32,3,0.173,0.236,0.409,0,0.1,0.0,1,21,15,1.4,0,0.22,4.15,0.012,2.0,0.149
2018,64944,박대온,NC,NC,29,0.16,27,30,25,3,4,0,0,0,4,1,1,0,4,0,0,9,0,0.16,0.276,0.436,1,0.167,0.0,0,6,6,1.0,0,0.44,3.77,0.0,1.4,0.164
2018,68904,오영수,NC,NC,30,0.133,11,16,15,0,2,0,0,0,2,0,0,0,1,0,0,5,0,0.133,0.188,0.321,0,0.0,0.125,0,5,3,1.67,0,0.2,4.13,0.0,-0.2,0.118
2018,79358,강윤구,NC,NC,31,,3,0,0,0,0,0,0,0,0,0,0,0,0,0,0,0,0,,,,0,0.0,0.0,0,0,0,,0,,,,0.0,0.0
2018,79364,김종민,NC,NC,31,0.0,6,4,4,0,0,0,0,0,0,0,0,0,0,0,0,1,0,0.0,0.0,0.0,0,0.0,0.0,0,1,2,0.5,0,0.0,4.25,0.0,-0.4,0.0
2018,75867,김진성,NC,NC,31,,2,0,0,0,0,0,0,0,0,0,0,0,0,0,0,0,0,,,,0,0.0,0.0,0,0,0,,0,,,,0.0,0.0
2018,68906,김철호,NC,NC,31,0.0,1,1,1,0,0,0,0,0,0,0,0,0,0,0,0,1,0,0.0,0.0,0.0,0,0.0,0.0,0,0,0,,0,0.0,4.0,0.0,-0.1,0.0
2018,63991,박진우,NC,NC,31,,1,0,0,0,0,0,0,0,0,0,0,0,0,0,0,0,0,,,,0,0.0,0.0,0,0,0,,0,,,,0.0,0.0
2018,64995,배재환,NC,NC,31,,1,0,0,0,0,0,0,0,0,0,0,0,0,0,0,0,0,,,,0,0.0,0.0,0,0,0,,0,,,,0.0,0.0
2018,76757,유원상,NC,NC,31,,1,0,0,0,0,0,0,0,0,0,0,0,0,0,0,0,0,,,,0,0.0,0.0,0,0,0,,0,,,,0.0,0.0
2018,62929,이민호,NC,NC,31,0.0,5,1,1,0,0,0,0,0,0,0,0,0,0,0,0,1,0,0.0,0.0,0.0,0,0.0,0.0,0,0,0,,0,0.0,5.0,0.0,-0.1,0.0
2018,68901,이인혁,NC,NC,31,0.0,2,1,1,1,0,0,0,0,0,0,0,0,0,0,0,1,0,0.0,0.0,0.0,0,0.0,0.0,0,0,0,,0,0.0,3.0,0.0,-0.1,0.0
2018,78352,임창민,NC,NC,31,,1,0,0,0,0,0,0,0,0,0,0,0,0,0,0,0,0,,,,0,0.0,0.0,0,0,0,,0,,,,0.0,0.0
2018,66960,정수민,NC,NC,31,,1,0,0,0,0,0,0,0,0,0,0,0,0,0,0,0,0,,,,0,0.0,0.0,0,0,0,,0,,,,0.0,0.0
2018,66992,조원빈,NC,NC,31,0.0,2,1,1,0,0,0,0,0,0,0,0,0,0,0,0,0,0,0.0,0.0,0.0,0,0.0,0.0,0,1,0,,0,,5.0,0.0,-0.1,0.0
2018,74339,유한준,KT,KT,1,0.339,121,480,428,59,145,21,1,20,228,83,2,1,47,3,2,53,9,0.533,0.406,0.939,46,0.385,0.1,42,109,122,0.89,9,0.89,3.86,0.194,83.9,0.316
2018,99810,이진영,KT,KT,2,0.318,110,312,283,40,90,17,1,3,118,39,1,3,25,1,0,35,3,0.417,0.37,0.787,18,0.305,0.378,21,86,75,1.15,7,0.71,3.66,0.099,42.9,0.271
2018,67025,로하스,KT,KT,3,0.305,144,645,564,114,172,30,1,43,333,114,1,2,71,4,7,142,10,0.59,0.388,0.978,50,0.322,0.0,74,130,122,1.07,9,0.5,4.06,0.285,119.5,0.322
2018,76313,황재균,KT,KT,4,0.296,142,588,530,76,157,41,3,25,279,88,2,3,49,1,4,120,5,0.526,0.358,0.884,48,0.252,0.5,69,79,177,0.45,7,0.41,3.96,0.23,95.7,0.293
2018,68050,강백호,KT,KT,5,0.29,138,585,527,108,153,32,2,29,276,84,0,3,52,0,3,124,4,0.524,0.356,0.88,44,0.308,0.3,63,121,132,0.92,3,0.42,4.04,0.233,94.5,0.291
2018,74215,윤석민,KT,KT,6,0.276,132,509,460,58,127,22,0,19,206,60,2,3,40,2,4,69,17,0.448,0.337,0.785,28,0.22,0.6,41,132,135,0.98,3,0.58,3.78,0.172,65.8,0.264
2018,63450,정현,KT,KT,7,0.265,65,132,117,16,31,7,0,2,44,9,6,0,9,0,0,28,3,0.376,0.317,0.693,7,0.148,0.375,9,27,31,0.87,0,0.32,3.71,0.111,13.7,0.237
2018,73113,박경수,KT,KT,8,0.262,135,528,458,65,120,21,0,25,216,74,0,3,58,2,9,129,16,0.472,0.354,0.826,28,0.288,0.4,46,92,120,0.77,7,0.45,4.2,0.21,74.9,0.277
2018,64006,심우준,KT,KT,9,0.259,135,403,367,49,95,23,3,4,136,29,11,1,20,1,4,58,4,0.371,0.304,0.675,19,0.286,0.167,30,107,108,0.99,1,0.34,3.8,0.112,38.9,0.23
2018,78548,장성우,KT,KT,10,0.258,127,393,356,41,92,13,0,13,144,48,1,2,32,0,2,82,8,0.404,0.321,0.725,20,0.239,0.143,26,85,99,0.86,2,0.39,4.09,0.146,45.9,0.245
2018,60558,오태곤,KT,KT,11,0.254,128,374,342,55,87,17,2,12,144,39,3,1,24,0,4,92,7,0.421,0.31,0.731,17,0.247,0.294,31,98,66,1.48,3,0.26,3.75,0.167,43.1,0.245
2018,77654,이준수,KT,KT,12,0.25,11,10,8,0,2,0,0,0,2,1,1,0,0,0,1,1,1,0.25,0.333,0.583,0,0.25,0.0,0,3,2,1.5,0,0.0,3.8,0.0,0.5,0.212
2018,67005,홍현빈,KT,KT,13,0.231,14,15,13,2,3,0,0,0,3,1,0,0,2,0,0,5,0,0.231,0.333,0.564,0,0.0,0.0,0,3,2,1.5,1,0.4,4.47,0.0,1.4,0.208
2018,60343,이해창,KT,KT,14,0.216,83,174,162,19,35,4,0,8,63,24,1,0,8,0,3,49,3,0.389,0.266,0.655,8,0.245,0.105,12,37,41,0.9,3,0.16,3.79,0.173,15.8,0.217
2018,70553,박기혁,KT,KT,15,0.214,98,196,173,17,37,6,0,1,46,15,5,3,13,0,2,50,8,0.266,0.272,0.538,4,0.196,1.0,7,55,34,1.62,1,0.26,4.0,0.052,11.8,0.189
2018,78753,김지열,KT,KT,16,0.2,38,48,45,11,9,4,0,1,16,5,0,0,3,0,0,13,2,0.356,0.25,0.606,1,0.182,0.2,5,13,10,1.3,1,0.23,3.56,0.156,3.1,0.202
2018,64166,배정대,KT,KT,16,0.2,14,5,5,1,1,0,0,0,1,0,0,0,0,0,0,2,0,0.2,0.2,0.4,0,0.0,0.0,0,1,1,1.0,0,0.0,3.4,0.0,0.1,0.14
2018,66052,남태혁,KT,KT,18,0.182,7,11,11,0,2,0,0,0,2,0,0,0,0,0,0,3,0,0.182,0.182,0.364,0,0.0,0.2,0,4,2,2.0,0,0.0,3.91,0.0,0.2,0.127
2018,78361,전민수,KT,KT,19,0.172,21,35,29,0,5,3,0,0,8,4,1,0,5,0,0,11,0,0.276,0.294,0.57,1,0.3,0.111,3,7,6,1.17,0,0.45,4.31,0.103,2.7,0.201
2018,64012,송민섭,KT,KT,20,0.148,47,29,27,7,4,0,0,0,4,0,1,0,1,0,0,8,1,0.148,0.179,0.327,0,0.5,0.0,0,6,9,0.67,0,0.13,3.97,0.0,-0.1,0.118
2018,63088,김진곤,KT,KT,21,0.143,19,23,21,4,3,1,0,0,4,0,0,0,2,0,0,3,0,0.19,0.217,0.407,1,0.0,0.0,1,10,5,2.0,0,0.67,3.39,0.048,0.1,0.145
2018,61743,오준혁,KT,KT,22,0.136,30,50,44,6,6,0,0,0,6,2,1,1,3,0,1,11,1,0.136,0.204,0.34,0,0.125,0.0,0,10,18,0.56,0,0.27,4.0,0.0,0.8,0.126
2018,78517,하준호,KT,KT,22,0.136,15,26,22,2,3,1,0,1,7,2,4,0,0,0,0,14,0,0.318,0.136,0.454,0,0.5,0.667,2,3,2,1.5,0,0.0,4.15,0.182,1.0,0.141
2018,77462,김동욱,KT,KT,24,0.091,11,12,11,2,1,0,0,0,1,0,0,0,1,0,0,4,0,0.091,0.167,0.258,0,0.0,0.25,0,4,2,2.0,0,0.25,3.5,0.0,-0.1,0.098
2018,68069,고명성,KT,KT,25,0.0,5,2,2,0,0,0,0,0,0,0,0,0,0,0,0,0,0,0.0,0.0,0.0,0,0.0,0.0,0,1,1,1.0,0,,4.5,0.0,-0.2,0.0
2018,78248,고창성,KT,KT,25,,1,0,0,0,0,0,0,0,0,0,0,0,0,0,0,0,0,,,,0,0.0,0.0,0,0,0,,0,,,,0.0,0.0
2018,99563,김사율,KT,KT,25,,1,0,0,0,0,0,0,0,0,0,0,0,0,0,0,0,0,,,,0,0.0,0.0,0,0,0,,0,,,,0.0,0.0
2018,63448,김영환,KT,KT,25,0.0,4,4,4,1,0,0,0,0,0,0,0,0,0,0,0,1,0,0.0,0.0,0.0,0,0.0,0.0,0,1,2,0.5,0,0.0,3.75,0.0,-0.4,0.0
2018,65062,김재윤,KT,KT,25,,6,0,0,0,0,0,0,0,0,0,0,0,0,0,0,0,0,,,,0,0.0,0.0,0,0,0,,0,,,,0.0,0.0
2018,68067,신병률,KT,KT,25,,2,0,0,0,0,0,0,0,0,0,0,0,0,0,0,0,0,,,,0,0.0,0.0,0,0,0,,0,,,,0.0,0.0
2018,65056,엄상백,KT,KT,25,,1,0,0,0,0,0,0,0,0,0,0,0,0,0,0,0,0,,,,0,0.0,0.0,0,0,0,,0,,,,0.0,0.0
2018,79453,오정복,KT,KT,25,0.0,5,7,7,0,0,0,0,0,0,0,0,0,0,0,0,1,0,0.0,0.0,0.0,0,0.0,0.0,0,3,3,1.0,0,0.0,3.29,0.0,-0.6,0.0
2018,73153,이대형,KT,KT,25,0.0,1,1,1,0,0,0,0,0,0,0,0,0,0,0,0,1,0,0.0,0.0,0.0,0,0.0,0.0,0,0,0,,0,0.0,4.0,0.0,-0.1,0.0
2018,67066,이종혁,KT,KT,25,,1,0,0,0,0,0,0,0,0,0,0,0,0,0,0,0,0,,,,0,0.0,0.0,0,0,0,,0,,,,0.0,0.0
2018,75149,홍성용,KT,KT,25,,1,0,0,0,0,0,0,0,0,0,0,0,0,0,0,0,0,,,,0,0.0,0.0,0,0,0,,0,,,,0.0,0.0
2018,65586,전병우,롯데,LT,1,0.364,27,77,66,18,24,7,0,3,40,13,0,1,9,0,1,24,1,0.606,0.442,1.048,6,0.692,0.0,10,9,10,0.9,1,0.38,4.17,0.242,16.3,0.35
2018,61566,허일,롯데,LT,2,0.357,9,15,14,1,5,0,0,0,5,0,0,0,1,0,0,2,0,0.357,0.4,0.757,1,0.0,0.25,0,3,4,0.75,0,0.5,3.93,0.0,2.0,0.269
2018,78513,전준우,롯데,LT,3,0.342,144,614,556,118,190,36,2,33,329,90,1,2,48,1,7,82,12,0.592,0.4,0.992,59,0.379,0.3,71,146,140,1.04,4,0.59,3.78,0.25,115.4,0.328
2018,71564,이대호,롯데,LT,4,0.333,144,604,543,81,181,30,0,37,322,125,0,4,43,7,14,75,18,0.593,0.394,0.987,55,0.307,0.444,67,130,161,0.81,17,0.57,3.66,0.26,112.0,0.326
2018,77532,손아섭,롯데,LT,5,0.329,141,625,553,109,182,32,5,26,302,93,1,1,68,1,2,99,15,0.546,0.404,0.95,55,0.36,0.333,63,182,91,2.0,9,0.69,3.99,0.217,112.2,0.318
2018,76249,민병헌,롯데,LT,6,0.318,118,494,443,74,141,21,0,17,213,66,2,6,35,3,8,68,10,0.481,0.374,0.855,45,0.283,0.25,38,117,123,0.95,8,0.51,3.59,0.163,76.4,0.289
2018,60523,정훈,롯데,LT,7,0.305,91,194,174,33,53,10,1,7,86,26,0,3,16,1,1,39,4,0.494,0.361,0.855,11,0.271,0.189,18,39,46,0.85,2,0.41,4.12,0.19,30.0,0.286
2018,62556,신본기,롯데,LT,8,0.294,139,479,425,55,125,28,1,11,188,71,5,5,33,2,11,95,12,0.442,0.357,0.799,34,0.3,0.5,40,110,100,1.1,5,0.35,3.72,0.148,62.8,0.271
2018,77463,채태인,롯데,LT,9,0.293,130,420,376,44,110,18,0,15,173,75,1,4,34,3,5,107,10,0.46,0.356,0.816,30,0.328,0.429,33,96,67,1.43,3,0.32,3.81,0.168,59.1,0.275
2018,72546,문규현,롯데,LT,10,0.275,122,349,316,42,87,19,1,6,126,41,9,6,18,0,0,45,9,0.399,0.309,0.708,23,0.274,0.25,26,80,110,0.73,2,0.4,3.73,0.123,38.5,0.239
2018,76100,이병규,롯데,LT,11,0.273,103,257,198,31,54,11,1,10,97,39,0,2,50,1,7,58,5,0.49,0.432,0.922,12,0.29,0.229,22,43,45,0.96,2,0.86,4.36,0.217,44.1,0.317
2018,67598,번즈,롯데,LT,12,0.268,133,505,462,80,124,34,5,23,237,64,1,0,33,2,9,133,8,0.513,0.329,0.842,34,0.23,0.0,62,96,109,0.88,5,0.25,3.71,0.245,73.8,0.276
2018,66508,나경민,롯데,LT,13,0.263,87,71,57,23,15,2,0,0,17,1,1,0,10,0,3,21,0,0.298,0.4,0.698,1,0.188,0.0,2,9,12,0.75,0,0.48,4.1,0.035,9.3,0.255
2018,76509,김문호,롯데,LT,14,0.25,46,115,100,12,25,7,0,2,38,16,2,0,13,1,0,27,2,0.38,0.336,0.716,5,0.25,0.267,9,24,24,1.0,1,0.48,3.96,0.13,12.8,0.246
2018,64022,안중열,롯데,LT,15,0.247,60,176,154,19,38,11,0,4,61,18,7,0,12,0,3,56,4,0.396,0.314,0.71,8,0.273,0.0,15,39,21,1.86,1,0.21,3.97,0.149,18.2,0.24
2018,68525,한동희,롯데,LT,16,0.232,87,226,211,24,49,13,1,4,76,25,0,1,12,0,2,58,7,0.36,0.279,0.639,11,0.254,0.286,18,69,36,1.92,1,0.21,3.9,0.128,18.8,0.216
2018,61591,김사훈,롯데,LT,17,0.23,56,79,74,7,17,3,0,0,20,6,3,0,1,0,1,22,0,0.27,0.25,0.52,2,0.227,0.0,3,17,18,0.94,0,0.05,3.35,0.041,4.7,0.18
2018,63593,조홍석,롯데,LT,18,0.226,39,71,62,14,14,1,0,0,15,1,1,0,6,0,2,13,2,0.242,0.314,0.556,2,0.1,0.143,1,20,15,1.33,1,0.46,3.97,0.016,4.2,0.202
2018,61204,김동한,롯데,LT,19,0.193,55,96,83,11,16,1,0,2,23,9,2,2,9,0,0,18,1,0.277,0.266,0.543,3,0.167,0.3,3,26,25,1.04,1,0.5,4.23,0.084,7.7,0.189
2018,64504,오윤석,롯데,LT,20,0.167,13,13,12,3,2,0,0,0,2,0,0,0,1,0,0,5,1,0.167,0.231,0.398,0,0.25,0.0,0,3,2,1.5,0,0.2,4.23,0.0,0.0,0.146
2018,78566,황진수,롯데,LT,20,0.167,18,26,24,6,4,1,0,1,8,1,0,0,2,0,0,5,0,0.333,0.231,0.564,1,0.0,0.0,2,10,5,2.0,1,0.4,3.96,0.167,2.2,0.187
2018,67454,나원탁,롯데,LT,22,0.125,20,24,24,0,3,0,0,0,3,1,0,0,0,0,0,10,0,0.125,0.125,0.25,0,0.2,0.333,0,3,8,0.38,0,0.0,4.29,0.0,-0.5,0.088
2018,67539,나균안,롯데,LT,23,0.124,106,203,177,15,22,3,0,2,31,11,9,0,12,0,5,85,2,0.175,0.201,0.376,2,0.1,0.0,5,38,32,1.19,3,0.14,4.0,0.051,4.3,0.134
2018,79356,박헌도,롯데,LT,24,0.115,15,31,26,1,3,1,0,0,4,0,0,0,5,0,0,10,1,0.154,0.258,0.412,0,0.0,0.111,1,6,7,0.86,0,0.5,4.81,0.038,0.9,0.155
2018,63543,구승민,롯데,LT,25,,1,0,0,0,0,0,0,0,0,0,0,0,0,0,0,0,0,,,,0,0.0,0.0,0,0,0,,0,,,,0.0,0.0
2018,73211,노경은,롯데,LT,25,,1,0,0,0,0,0,0,0,0,0,0,0,0,0,0,0,0,,,,0,0.0,0.0,0,0,0,,0,,,,0.0,0.0
2018,75321,손승락,롯데,LT,25,,1,0,0,0,0,0,0,0,0,0,0,0,0,0,0,0,0,,,,0,0.0,0.0,0,0,0,,0,,,,0.0,0.0
2018,67588,윤성빈,롯데,LT,25,,1,0,0,0,0,0,0,0,0,0,0,0,0,0,0,0,0,,,,0,0.0,0.0,0,0,0,,0,,,,0.0,0.0
2018,77318,장시환,롯데,LT,25,,1,0,0,0,0,0,0,0,0,0,0,0,0,0,0,0,0,,,,0,0.0,0.0,0,0,0,,0,,,,0.0,0.0
2018,75537,조정훈,롯데,LT,25,,1,0,0,0,0,0,0,0,0,0,0,0,0,0,0,0,0,,,,0,0.0,0.0,0,0,0,,0,,,,0.0,0.0
2018,79545,진명호,롯데,LT,25,,1,0,0,0,0,0,0,0,0,0,0,0,0,0,0,0,0,,,,0,0.0,0.0,0,0,0,,0,,,,0.0,0.0
2018,76368,유재신,KIA,HT,1,0.424,46,40,33,19,14,3,1,1,22,8,0,0,7,0,0,10,0,0.667,0.525,1.192,3,0.5,0.0,5,5,4,1.25,1,0.7,4.6,0.242,10.5,0.403
2018,79608,안치홍,KIA,HT,2,0.342,130,549,494,88,169,38,1,23,278,118,0,9,36,1,10,57,13,0.563,0.392,0.955,53,0.403,0.333,62,113,164,0.69,15,0.63,3.43,0.221,100.0,0.317
2018,70410,김주찬,KIA,HT,3,0.34,121,471,429,71,146,23,0,18,223,93,2,10,23,5,7,57,15,0.52,0.375,0.895,42,0.361,0.333,41,108,128,0.84,8,0.4,3.3,0.179,78.2,0.299
2018,72443,최형우,KIA,HT,4,0.339,143,609,528,92,179,34,1,25,290,103,0,8,66,7,7,87,17,0.549,0.414,0.963,47,0.342,1.0,60,123,147,0.84,11,0.76,4.06,0.21,110.3,0.324
2018,67650,버나디나,KIA,HT,5,0.31,131,590,513,106,159,25,3,20,250,70,3,1,63,3,10,103,9,0.487,0.395,0.882,40,0.29,0.0,48,135,117,1.15,7,0.61,3.75,0.177,96.0,0.3
2018,66615,류승현,KIA,HT,6,0.307,35,85,75,9,23,3,1,1,31,13,1,1,7,0,1,12,2,0.413,0.369,0.782,6,0.368,0.0,5,24,17,1.41,0,0.58,4.06,0.107,11.3,0.269
2018,76849,이명기,KIA,HT,7,0.302,120,502,447,88,135,28,6,4,187,42,11,1,40,3,3,64,5,0.418,0.363,0.781,41,0.246,0.0,38,162,87,1.86,2,0.63,3.8,0.116,65.9,0.268
2018,99606,정성훈,KIA,HT,8,0.295,88,205,183,22,54,11,0,4,77,28,0,1,16,1,5,49,5,0.421,0.366,0.787,11,0.288,0.211,15,46,35,1.31,6,0.33,4.13,0.126,26.4,0.27
2018,78603,김선빈,KIA,HT,9,0.295,127,492,424,73,125,17,2,4,158,49,6,5,48,1,9,42,10,0.373,0.374,0.747,33,0.304,0.25,23,142,120,1.18,3,1.14,3.78,0.078,61.9,0.262
2018,70756,이범호,KIA,HT,10,0.28,101,380,332,41,93,7,0,20,160,69,0,2,42,4,4,59,12,0.482,0.366,0.848,22,0.28,0.0,27,79,103,0.77,6,0.71,3.9,0.202,56.6,0.285
2018,78643,백용환,KIA,HT,11,0.277,34,57,47,7,13,1,0,0,14,4,1,0,9,0,0,15,3,0.298,0.393,0.691,2,0.333,0.143,1,15,4,3.75,0,0.6,4.21,0.021,5.2,0.251
2018,66606,최원준,KIA,HT,12,0.272,101,331,302,46,82,14,1,4,110,32,4,1,20,0,4,58,4,0.364,0.324,0.688,18,0.235,0.25,19,110,53,2.08,1,0.34,3.81,0.093,35.8,0.237
2018,78629,나지완,KIA,HT,13,0.271,114,379,317,50,86,18,0,26,182,78,0,5,38,2,19,81,14,0.574,0.377,0.951,20,0.25,0.25,44,72,83,0.87,3,0.47,4.09,0.303,65.8,0.313
2018,62265,유민상,KIA,HT,14,0.271,31,58,48,9,13,2,1,3,26,14,0,2,8,0,0,14,3,0.542,0.362,0.904,1,0.385,0.231,6,13,10,1.3,2,0.57,4.1,0.271,9.4,0.298
2018,60605,홍재호,KIA,HT,15,0.263,56,87,76,16,20,6,0,1,29,9,3,0,8,0,0,12,2,0.382,0.333,0.715,4,0.235,0.333,7,17,27,0.63,0,0.67,3.91,0.118,9.2,0.245
2018,62893,최정민,KIA,HT,16,0.253,57,95,83,17,21,2,0,2,29,6,4,0,7,0,1,20,2,0.349,0.319,0.668,2,0.167,0.0,4,36,6,6.0,0,0.35,3.53,0.096,8.4,0.231
2018,63722,한승택,KIA,HT,17,0.247,61,101,89,10,22,6,0,3,37,15,3,0,7,0,2,24,4,0.416,0.316,0.732,3,0.28,0.667,9,25,18,1.39,0,0.29,4.09,0.169,10.6,0.246
2018,62864,김민식,KIA,HT,18,0.245,125,365,310,53,76,9,3,6,109,37,11,2,39,0,3,63,8,0.352,0.333,0.685,17,0.235,0.2,18,82,91,0.9,2,0.62,3.9,0.106,38.4,0.238
2018,64657,박준태,KIA,HT,19,0.228,85,150,123,32,28,5,1,5,50,24,5,0,13,0,9,37,1,0.407,0.345,0.752,7,0.364,0.143,11,30,28,1.07,0,0.35,3.73,0.179,18.2,0.257
2018,73606,서동욱,KIA,HT,20,0.204,32,56,49,3,10,3,0,0,13,2,0,1,5,0,1,15,1,0.265,0.286,0.551,3,0.0,0.077,3,13,12,1.08,0,0.33,3.8,0.061,4.1,0.195
2018,64560,이창진,KIA,HT,21,0.172,20,30,29,5,5,1,0,0,6,0,0,0,0,0,1,3,2,0.207,0.2,0.407,0,0.0,0.0,1,9,12,0.75,0,0.0,3.33,0.034,-0.2,0.142
2018,66662,신범수,KIA,HT,22,0.16,19,26,25,0,4,2,1,0,8,4,0,1,0,0,0,7,1,0.32,0.154,0.474,0,0.2,0.333,3,6,9,0.67,0,0.0,3.35,0.16,1.0,0.149
2018,62908,황윤호,KIA,HT,23,0.158,82,62,57,11,9,1,0,0,10,4,2,0,0,0,3,6,2,0.175,0.2,0.375,0,0.278,0.0,1,21,21,1.0,1,0.0,2.94,0.018,0.4,0.134
2018,74605,김주형,KIA,HT,24,0.125,6,8,8,0,1,0,0,0,1,0,0,0,0,0,0,1,1,0.125,0.125,0.25,0,1.0,0.0,0,4,2,2.0,0,0.0,3.25,0.0,-0.5,0.088
2018,78467,이영욱,KIA,HT,24,0.125,14,16,16,0,2,0,0,0,2,1,0,0,0,0,0,4,0,0.125,0.125,0.25,1,0.167,0.0,0,7,3,2.33,0,0.0,3.5,0.0,-0.1,0.088
2018,67610,김석환,KIA,HT,26,0.0,1,2,2,0,0,0,0,0,0,0,0,0,0,0,0,1,0,0.0,0.0,0.0,0,0.0,0.0,0,0,1,0.0,0,0.0,3.5,0.0,-0.2,0.0
2018,76350,김세현,KIA,HT,26,,5,0,0,0,0,0,0,0,0,0,0,0,0,0,0,0,0,,,,0,0.0,0.0,0,0,0,,0,,,,0.0,0.0
2018,68659,김유신,KIA,HT,26,,2,0,0,0,0,0,0,0,0,0,0,0,0,0,0,0,0,,,,0,0.0,0.0,0,0,0,,0,,,,0.0,0.0
2018,62648,김윤동,KIA,HT,26,,2,0,0,0,0,0,0,0,0,0,0,0,0,0,0,0,0,,,,0,0.0,0.0,0,0,0,,0,,,,0.0,0.0
2018,62007,김지성,KIA,HT,26,,1,0,0,0,0,0,0,0,0,0,0,0,0,0,0,0,0,,,,0,0.0,0.0,0,0,0,,0,,,,0.0,0.0
2018,65643,문경찬,KIA,HT,26,,7,0,0,0,0,0,0,0,0,0,0,0,0,0,0,0,0,,,,0,0.0,0.0,0,0,0,,0,,,,0.0,0.0
2018,60636,심동섭,KIA,HT,26,,1,0,0,0,0,0,0,0,0,0,0,0,0,0,0,0,0,,,,0,0.0,0.0,0,0,0,,0,,,,0.0,0.0
2018,67640,유승철,KIA,HT,26,0.0,5,1,1,0,0,0,0,0,0,0,0,0,0,0,0,1,0,0.0,0.0,0.0,0,0.0,0.0,0,0,0,,0,0.0,4.0,0.0,-0.1,0.0
2018,75620,윤석민,KIA,HT,26,,1,0,0,0,0,0,0,0,0,0,0,0,0,0,0,0,0,,,,0,0.0,0.0,0,0,0,,0,,,,0.0,0.0
2018,65616,이민우,KIA,HT,26,,1,0,0,0,0,0,0,0,0,0,0,0,0,0,0,0,0,,,,0,0.0,0.0,0,0,0,,0,,,,0.0,0.0
2018,60648,이인행,KIA,HT,26,0.0,4,1,1,1,0,0,0,0,0,0,0,0,0,0,0,0,0,0.0,0.0,0.0,0,0.0,0.0,0,1,0,,0,,4.0,0.0,-0.1,0.0
2018,62754,임기영,KIA,HT,26,,2,0,0,0,0,0,0,0,0,0,0,0,0,0,0,0,0,,,,0,0.0,0.0,0,0,0,,0,,,,0.0,0.0
2018,60634,임기준,KIA,HT,26,,4,0,0,0,0,0,0,0,0,0,0,0,0,0,0,0,0,,,,0,0.0,0.0,0,0,0,,0,,,,0.0,0.0
2018,95657,임창용,KIA,HT,26,,1,0,0,0,0,0,0,0,0,0,0,0,0,0,0,0,0,,,,0,0.0,0.0,0,0,0,,0,,,,0.0,0.0
2018,67645,팻딘,KIA,HT,26,,2,0,0,0,0,0,0,0,0,0,0,0,0,0,0,0,0,,,,0,0.0,0.0,0,0,0,,0,,,,0.0,0.0
2018,68639,하준영,KIA,HT,26,,1,0,0,0,0,0,0,0,0,0,0,0,0,0,0,0,0,,,,0,0.0,0.0,0,0,0,,0,,,,0.0,0.0
2018,61666,한승혁,KIA,HT,26,,1,0,0,0,0,0,0,0,0,0,0,0,0,0,0,0,0,,,,0,0.0,0.0,0,0,0,,0,,,,0.0,0.0
2018,66643,헥터,KIA,HT,26,0.0,1,1,1,0,0,0,0,0,0,0,0,0,0,0,0,1,0,0.0,0.0,0.0,0,0.0,0.0,0,0,0,,0,0.0,5.0,0.0,-0.1,0.0
2018,61643,홍건희,KIA,HT,26,,1,0,0,0,0,0,0,0,0,0,0,0,0,0,0,0,0,,,,0,0.0,0.0,0,0,0,,0,,,,0.0,0.0
2018,65618,황인준,KIA,HT,26,0.0,5,3,3,0,0,0,0,0,0,0,0,0,0,0,0,2,0,0.0,0.0,0.0,0,0.0,0.0,0,1,0,,0,0.0,3.33,0.0,-0.3,0.0
2018,63202,장승현,두산,OB,1,0.385,20,16,13,2,5,0,0,0,5,1,2,0,1,0,0,2,2,0.385,0.429,0.814,0,0.333,1.0,0,5,1,5.0,0,0.5,3.19,0.0,1.4,0.289
2018,68205,전민재,두산,OB,2,0.375,12,8,8,2,3,1,0,0,4,3,0,0,0,0,0,2,1,0.5,0.375,0.875,1,0.5,0.0,1,1,2,0.5,0,0.0,2.88,0.125,0.9,0.294
2018,79231,정수빈,두산,OB,3,0.367,26,112,98,20,36,2,1,2,46,23,0,2,11,0,1,13,1,0.469,0.429,0.898,12,0.556,0.0,5,29,22,1.32,3,0.85,4.25,0.102,19.9,0.31
2018,76232,양의지,두산,OB,4,0.358,133,503,439,84,157,29,1,23,257,77,0,6,45,6,13,40,13,0.585,0.427,1.012,48,0.317,0.333,53,95,153,0.62,6,1.13,3.65,0.228,99.0,0.338
2018,78224,김재환,두산,OB,5,0.334,139,602,527,104,176,36,1,44,346,133,0,7,59,4,9,134,6,0.657,0.405,1.062,51,0.295,1.0,81,102,122,0.84,16,0.44,3.83,0.323,128.6,0.347
2018,79290,국해성,두산,OB,6,0.333,14,28,24,4,8,3,0,0,11,1,0,0,3,0,1,5,1,0.458,0.429,0.887,1,0.2,0.167,3,6,5,1.2,0,0.6,4.29,0.125,4.4,0.308
2018,76267,최주환,두산,OB,6,0.333,138,590,519,87,173,39,6,26,302,108,0,10,51,1,10,89,5,0.582,0.397,0.979,50,0.368,0.25,71,103,164,0.63,13,0.57,4.17,0.249,113.6,0.324
2018,79215,박건우,두산,OB,8,0.326,125,529,488,79,159,24,6,12,231,84,1,2,28,1,10,65,14,0.473,0.373,0.846,47,0.373,0.5,42,126,140,0.9,11,0.43,3.49,0.148,77.9,0.286
2018,79240,허경민,두산,OB,9,0.324,133,577,516,85,167,30,5,10,237,79,5,8,32,0,16,52,15,0.459,0.376,0.835,48,0.35,0.25,45,152,153,0.99,8,0.62,3.7,0.136,86.6,0.284
2018,77248,오재원,두산,OB,10,0.313,132,521,473,78,148,24,1,15,219,81,3,2,41,0,2,119,13,0.463,0.369,0.832,35,0.338,0.0,40,119,89,1.34,11,0.34,3.89,0.15,75.2,0.282
2018,74206,김재호,두산,OB,11,0.311,131,467,402,78,125,20,0,16,193,75,3,6,52,1,4,77,12,0.48,0.39,0.87,32,0.35,0.5,36,81,125,0.65,7,0.68,4.0,0.169,73.7,0.296
2018,61208,정진호,두산,OB,12,0.301,111,299,269,53,81,12,1,2,101,37,9,1,19,0,1,44,8,0.375,0.348,0.723,15,0.308,0.0,15,89,56,1.59,0,0.43,3.75,0.074,34.0,0.25
2018,79530,양종민,두산,OB,13,0.286,21,15,14,5,4,0,1,0,6,1,0,0,1,0,0,5,1,0.429,0.333,0.762,0,0.667,0.0,1,2,3,0.67,0,0.2,3.8,0.143,1.6,0.257
2018,62244,박세혁,두산,OB,14,0.282,89,194,170,37,48,12,0,3,69,22,3,1,16,0,4,55,0,0.406,0.356,0.762,16,0.224,0.222,15,23,45,0.51,0,0.29,3.93,0.124,26.2,0.262
2018,75334,오재일,두산,OB,15,0.279,123,477,401,69,112,19,2,27,216,80,0,10,60,2,6,121,3,0.539,0.373,0.912,29,0.215,0.0,48,57,121,0.47,6,0.5,3.98,0.259,84.4,0.303
2018,66209,조수행,두산,OB,16,0.279,119,198,183,35,51,6,4,1,68,17,5,1,9,0,0,33,4,0.372,0.311,0.683,9,0.318,1.0,11,62,38,1.63,0,0.27,3.79,0.093,21.5,0.233
2018,67207,이유찬,두산,OB,17,0.273,28,24,22,5,6,1,0,0,7,2,0,0,1,0,1,6,1,0.318,0.333,0.651,0,0.25,0.0,1,3,7,0.43,0,0.17,3.5,0.045,1.9,0.229
2018,62234,류지혁,두산,OB,18,0.268,128,280,228,52,61,7,0,1,71,29,11,2,29,0,10,43,3,0.311,0.372,0.683,12,0.297,0.571,8,81,45,1.8,3,0.67,3.79,0.044,31.6,0.245
2018,63257,김인태,두산,OB,19,0.263,46,109,95,16,25,7,0,1,35,10,1,1,12,0,0,26,0,0.368,0.343,0.711,4,0.269,0.4,8,23,22,1.05,1,0.46,4.04,0.105,13.0,0.246
2018,66207,황경태,두산,OB,20,0.231,27,13,13,9,3,2,0,0,5,0,0,0,0,0,0,3,0,0.385,0.231,0.616,0,0.0,0.0,2,4,3,1.33,0,0.0,3.08,0.154,0.7,0.2
2018,65269,김민혁,두산,OB,21,0.226,22,58,53,7,12,2,0,2,20,10,0,0,5,0,0,19,3,0.377,0.293,0.67,1,0.462,0.0,4,14,8,1.75,1,0.26,4.12,0.151,5.1,0.226
2018,63559,백동훈,두산,OB,22,0.222,23,34,27,7,6,2,0,1,11,4,0,1,5,0,1,11,1,0.407,0.353,0.76,1,0.1,0.0,3,5,6,0.83,0,0.45,4.38,0.185,4.4,0.261
2018,64086,신성현,두산,OB,23,0.167,16,27,24,5,4,0,0,1,7,2,0,1,2,0,0,9,1,0.292,0.222,0.514,0,0.0,0.0,1,3,9,0.33,0,0.22,3.7,0.125,1.7,0.173
2018,68244,파레디스,두산,OB,24,0.138,21,71,65,7,9,2,1,1,16,4,0,1,4,1,1,17,0,0.246,0.197,0.443,2,0.059,0.0,4,19,21,0.9,0,0.24,3.62,0.108,3.4,0.15
2018,68245,반슬라이크,두산,OB,25,0.128,12,44,39,1,5,1,0,1,9,4,0,1,4,0,0,6,2,0.231,0.205,0.436,0,0.0,0.0,2,11,18,0.61,0,0.67,3.23,0.103,1.5,0.15
2018,61962,김정후,두산,OB,26,0.0,2,1,1,0,0,0,0,0,0,0,0,0,0,0,0,1,0,0.0,0.0,0.0,0,0.0,0.0,0,0,0,,0,0.0,7.0,0.0,-0.1,0.0
2018,68201,박성모,두산,OB,26,,1,0,0,0,0,0,0,0,0,0,0,0,0,0,0,0,0,,,,0,0.0,0.0,0,0,0,,0,,,,0.0,0.0
2018,62263,변시원,두산,OB,26,,1,0,0,0,0,0,0,0,0,0,0,0,0,0,0,0,0,,,,0,0.0,0.0,0,0,0,,0,,,,0.0,0.0
2018,66160,유재유,두산,OB,26,,1,0,0,0,0,0,0,0,0,0,0,0,0,0,0,0,0,,,,0,0.0,0.0,0,0,0,,0,,,,0.0,0.0
2018,66291,이영하,두산,OB,26,,1,0,0,0,0,0,0,0,0,0,0,0,0,0,0,0,0,,,,0,0.0,0.0,0,0,0,,0,,,,0.0,0.0
2018,76329,이현승,두산,OB,26,,1,0,0,0,0,0,0,0,0,0,0,0,0,0,0,0,0,,,,0,0.0,0.0,0,0,0,,0,,,,0.0,0.0
2018,63440,이흥련,두산,OB,26,0.0,7,7,7,0,0,0,0,0,0,0,0,0,0,0,0,1,0,0.0,0.0,0.0,0,0.0,0.0,0,1,5,0.2,0,0.0,3.57,0.0,-0.6,0.0
2018,63248,함덕주,두산,OB,26,,3,0,0,0,0,0,0,0,0,0,0,0,0,0,0,0,0,,,,0,0.0,0.0,0,0,0,,0,,,,0.0,0.0
2018,66392,김종덕,넥센,WO,1,0.5,3,2,2,0,1,0,0,0,1,0,0,0,0,0,0,0,0,0.5,0.5,1.0,0,0.0,0.0,0,0,1,0.0,0,,1.5,0.0,0.4,0.35
2018,67341,이정후,넥센,WO,2,0.355,109,520,459,81,163,34,2,6,219,57,3,8,42,3,8,58,5,0.477,0.412,0.889,46,0.37,0.0,42,114,132,0.86,4,0.72,3.75,0.122,87.3,0.305
2018,75125,박병호,넥센,WO,3,0.345,113,488,400,88,138,20,0,43,287,112,0,3,68,10,17,114,9,0.718,0.457,1.175,46,0.312,0.333,63,73,78,0.94,9,0.6,4.12,0.373,114.8,0.385
2018,78168,서건창,넥센,WO,4,0.34,37,160,141,28,48,12,0,0,60,15,2,2,12,0,3,19,1,0.426,0.399,0.825,16,0.311,0.667,12,46,30,1.53,3,0.63,3.8,0.085,24.0,0.286
2018,68345,샌즈,넥센,WO,5,0.314,25,93,86,17,27,1,1,12,66,37,0,1,6,0,0,27,2,0.767,0.355,1.122,7,0.524,0.2,14,16,17,0.94,3,0.22,3.9,0.453,21.4,0.352
2018,65357,송성문,넥센,WO,6,0.313,78,238,211,35,66,19,0,7,106,45,2,1,24,0,0,49,2,0.502,0.381,0.883,17,0.381,0.5,26,54,43,1.26,2,0.49,4.13,0.19,37.3,0.297
2018,73342,이택근,넥센,WO,7,0.308,104,356,308,40,95,25,1,4,134,52,3,4,32,0,9,44,14,0.435,0.385,0.82,27,0.368,0.24,30,89,84,1.06,3,0.73,3.78,0.127,48.3,0.282
2018,62356,김규민,넥센,WO,8,0.295,104,336,298,47,88,9,2,3,110,40,1,4,27,0,6,89,3,0.369,0.361,0.73,24,0.397,0.25,14,73,52,1.4,2,0.3,4.15,0.074,42.1,0.255
2018,64346,임병욱,넥센,WO,9,0.293,134,447,423,76,124,29,3,13,198,60,0,2,22,1,0,119,6,0.468,0.327,0.795,31,0.303,0.2,45,108,74,1.46,3,0.18,3.68,0.175,62.2,0.264
2018,64300,김하성,넥센,WO,10,0.288,129,576,511,95,147,27,4,20,242,84,1,5,54,2,5,81,16,0.474,0.358,0.832,43,0.239,0.5,51,98,190,0.52,14,0.67,3.94,0.186,83.6,0.28
2018,77564,김민성,넥센,WO,11,0.283,128,465,413,46,117,24,0,10,171,45,1,5,40,3,6,80,6,0.414,0.351,0.765,24,0.231,0.471,34,78,143,0.55,3,0.5,4.0,0.131,61.1,0.261
2018,61353,고종욱,넥센,WO,12,0.279,102,351,330,47,92,22,0,6,132,54,1,4,15,1,1,96,2,0.4,0.309,0.709,18,0.312,0.389,28,84,62,1.35,6,0.16,3.81,0.121,42.2,0.239
2018,67304,김혜성,넥센,WO,13,0.27,136,473,430,79,116,15,6,5,158,45,3,2,33,1,5,119,6,0.367,0.328,0.695,28,0.333,0.0,26,108,89,1.21,2,0.28,3.86,0.098,55.2,0.239
2018,67394,초이스,넥센,WO,14,0.258,96,397,349,55,90,19,0,17,160,61,0,5,33,2,10,79,4,0.458,0.335,0.793,20,0.242,0.125,36,69,116,0.59,7,0.42,3.94,0.201,56.1,0.265
2018,65399,허정협,넥센,WO,15,0.25,25,24,24,4,6,2,0,0,8,2,0,0,0,0,0,7,1,0.333,0.25,0.583,1,0.286,0.182,2,4,7,0.57,0,0.0,3.63,0.083,1.4,0.196
2018,79365,박동원,넥센,WO,16,0.248,39,128,117,19,29,3,0,6,50,17,2,0,9,1,0,25,3,0.427,0.302,0.729,7,0.278,0.25,9,28,35,0.8,4,0.36,3.73,0.179,14.6,0.243
2018,62332,김재현,넥센,WO,17,0.228,116,234,202,22,46,7,0,3,62,18,9,3,12,0,8,58,2,0.307,0.293,0.6,8,0.167,0.0,10,50,51,0.98,4,0.21,3.54,0.079,20.4,0.209
2018,79334,장영석,넥센,WO,18,0.224,93,221,196,24,44,15,0,7,80,25,0,0,23,0,2,61,2,0.408,0.312,0.72,9,0.232,0.059,22,44,47,0.94,2,0.38,4.37,0.184,25.7,0.242
2018,66354,주효상,넥센,WO,19,0.218,80,126,110,9,24,3,0,1,30,12,4,0,10,0,2,36,2,0.273,0.295,0.568,4,0.212,0.333,4,27,23,1.17,2,0.28,4.1,0.055,8.6,0.201
2018,76746,김태완,넥센,WO,20,0.197,29,74,66,5,13,2,0,1,18,5,0,1,5,1,2,25,4,0.273,0.27,0.543,3,0.176,0.167,3,16,13,1.23,1,0.2,4.11,0.076,4.1,0.19
2018,79300,김지수,넥센,WO,21,0.147,47,39,34,4,5,0,0,0,5,0,0,0,5,0,0,15,2,0.147,0.256,0.403,1,0.111,0.0,0,8,6,1.33,0,0.33,4.26,0.0,0.4,0.152
2018,68330,예진원,넥센,WO,22,0.143,5,7,7,2,1,0,0,0,1,0,0,0,0,0,0,0,0,0.143,0.143,0.286,0,0.0,0.0,0,4,2,2.0,0,,3.0,0.0,0.0,0.1
2018,62353,박정음,넥센,WO,23,0.063,16,17,16,1,1,0,0,1,4,1,0,0,0,0,1,4,0,0.25,0.118,0.368,0,0.0,0.25,1,5,6,0.83,0,0.0,3.29,0.188,0.4,0.116
2018,67828,김성민,넥센,WO,24,,1,0,0,0,0,0,0,0,0,0,0,0,0,0,0,0,0,,,,0,0.0,0.0,0,0,0,,0,,,,0.0,0.0
2018,67313,브리검,넥센,WO,24,,1,0,0,0,0,0,0,0,0,0,0,0,0,0,0,0,0,,,,0,0.0,0.0,0,0,0,,0,,,,0.0,0.0
2018,63342,조상우,넥센,WO,24,,1,0,0,0,0,0,0,0,0,0,0,0,0,0,0,0,0,,,,0,0.0,0.0,0,0,0,,0,,,,0.0,0.0
2018,61366,홍성갑,넥센,WO,24,0.0,6,8,8,1,0,0,0,0,0,0,0,0,0,0,0,3,1,0.0,0.0,0.0,0,0.0,0.0,0,4,1,4.0,0,0.0,3.88,0.0,-1.1,0.0
2019,79192,채은성,LG,LG,1,0.315,128,514,470,59,148,18,1,12,204,72,0,8,24,1,12,67,9,0.434,0.358,0.792,43,0.331,0.333,31,130,133,0.98,9,0.36,3.64,0.119,71.8,0.27
2019,61186,이천웅,LG,LG,2,0.308,138,613,546,88,168,24,3,2,204,48,4,1,57,1,5,82,13,0.374,0.378,0.752,52,0.333,0.333,29,186,111,1.68,6,0.7,3.81,0.066,75.4,0.264
2019,76290,김현수,LG,LG,3,0.304,140,595,526,75,160,37,0,11,230,82,0,9,54,9,6,52,11,0.437,0.37,0.807,49,0.329,0.0,48,165,158,1.04,9,1.04,3.67,0.133,84.2,0.276
2019,69165,페게로,LG,LG,4,0.286,52,214,199,24,57,10,0,9,94,44,0,1,12,0,2,63,2,0.472,0.332,0.804,15,0.277,0.0,19,32,48,0.67,6,0.19,3.86,0.186,30.3,0.267
2019,78135,이형종,LG,LG,5,0.286,120,482,419,56,120,24,1,13,185,63,1,10,42,1,10,78,9,0.442,0.358,0.8,35,0.248,0.222,38,103,128,0.8,4,0.54,3.67,0.155,68.0,0.272
2019,72133,박용택,LG,LG,6,0.282,64,215,195,19,55,9,0,1,67,22,0,2,18,1,0,30,3,0.344,0.34,0.684,15,0.22,0.273,10,48,64,0.75,0,0.6,3.62,0.062,23.5,0.239
2019,69150,조셉,LG,LG,7,0.274,55,217,197,17,54,3,0,9,84,36,0,2,14,0,4,46,3,0.426,0.332,0.758,13,0.263,0.5,12,44,55,0.8,3,0.3,3.6,0.152,28.3,0.256
2019,61102,유강남,LG,LG,8,0.27,132,468,418,44,113,22,0,16,183,49,1,6,30,2,13,82,21,0.438,0.334,0.772,25,0.21,0.273,38,115,114,1.01,8,0.37,3.86,0.167,56.8,0.26
2019,77564,김민성,LG,LG,9,0.26,107,401,361,44,94,16,0,8,134,50,5,1,30,0,4,75,12,0.371,0.323,0.694,25,0.33,0.0,24,86,107,0.8,8,0.4,3.91,0.111,41.1,0.238
2019,79109,오지환,LG,LG,10,0.252,134,547,473,63,119,23,5,9,179,53,7,3,57,1,7,113,7,0.378,0.339,0.717,32,0.256,0.0,37,122,122,1.0,8,0.5,4.11,0.127,66.7,0.247
2019,66108,홍창기,LG,LG,11,0.25,23,26,24,3,6,2,0,0,8,0,0,0,1,0,1,12,1,0.333,0.308,0.641,1,0.167,0.143,2,4,2,2.0,0,0.08,4.42,0.083,2.6,0.222
2019,78361,전민수,LG,LG,12,0.24,75,106,96,8,23,7,0,0,30,8,1,0,9,0,0,18,4,0.313,0.305,0.618,3,0.241,0.282,7,26,29,0.9,1,0.5,4.02,0.073,8.0,0.216
2019,62164,서상우,LG,LG,13,0.238,13,24,21,2,5,1,0,0,6,1,0,0,3,0,0,8,1,0.286,0.333,0.619,2,0.0,0.143,1,6,2,3.0,0,0.38,4.04,0.048,1.9,0.221
2019,65207,신민재,LG,LG,14,0.235,81,94,81,25,19,3,0,0,22,5,1,1,8,0,3,17,0,0.272,0.323,0.595,2,0.211,0.286,3,35,11,3.18,1,0.47,4.31,0.037,7.8,0.213
2019,79150,정주현,LG,LG,15,0.231,129,425,376,53,87,19,2,2,116,27,16,1,31,0,1,91,10,0.309,0.291,0.6,21,0.195,0.0,23,105,94,1.12,3,0.34,3.83,0.077,32.9,0.208
2019,78217,김용의,LG,LG,16,0.218,114,210,179,35,39,5,3,0,50,17,4,1,24,1,2,38,1,0.279,0.316,0.595,8,0.25,0.0,8,58,45,1.29,3,0.63,3.88,0.061,18.7,0.212
2019,65132,김재성,LG,LG,17,0.2,3,7,5,0,1,0,0,0,1,1,0,0,2,0,0,2,0,0.2,0.429,0.629,0,0.333,0.0,0,2,0,,0,1.0,4.29,0.0,0.8,0.243
2019,64164,류형우,LG,LG,18,0.182,10,12,11,2,2,0,0,0,2,1,0,0,1,0,0,3,1,0.182,0.25,0.432,0,0.333,0.0,0,6,0,,0,0.33,3.33,0.0,0.1,0.158
2019,69100,구본혁,LG,LG,19,0.176,57,95,85,10,15,1,0,1,19,6,1,1,6,0,2,17,0,0.224,0.245,0.469,3,0.133,0.0,2,24,30,0.8,2,0.35,3.64,0.047,5.4,0.166
2019,65109,백승현,LG,LG,20,0.167,14,30,30,1,5,1,0,0,6,0,0,0,0,0,0,10,1,0.2,0.167,0.367,0,0.0,0.0,1,10,5,2.0,0,0.0,3.3,0.033,0.2,0.125
2019,71184,이성우,LG,LG,21,0.156,55,74,64,2,10,3,0,0,13,6,3,0,4,0,3,11,2,0.203,0.239,0.442,0,0.188,0.0,3,30,13,2.31,2,0.36,3.55,0.047,2.5,0.158
2019,79530,양종민,LG,LG,22,0.136,18,49,44,1,6,2,0,0,8,5,2,1,2,0,0,15,3,0.182,0.17,0.352,1,0.083,0.0,2,16,8,2.0,0,0.13,3.78,0.045,-0.1,0.122
2019,61114,김재율,LG,LG,23,0.111,4,9,9,0,1,0,0,0,1,0,0,0,0,0,0,0,0,0.111,0.111,0.222,0,0.0,0.0,0,4,4,1.0,0,,4.33,0.0,-0.2,0.078
2019,79198,윤진호,LG,LG,24,0.102,106,62,59,6,6,2,0,1,11,5,2,0,1,0,0,13,0,0.186,0.117,0.303,0,0.188,0.0,3,19,21,0.9,0,0.08,3.37,0.085,-0.2,0.099
2019,65136,박지규,LG,LG,25,0.091,10,18,11,2,1,0,0,0,1,1,1,0,4,0,2,7,0,0.091,0.412,0.503,0,0.0,0.0,0,2,1,2.0,0,0.57,4.39,0.0,1.6,0.208
2019,71842,정상호,LG,LG,26,0.083,22,24,24,1,2,1,0,0,3,2,0,0,0,0,0,11,3,0.125,0.083,0.208,1,0.25,0.0,1,6,5,1.2,0,0.0,3.5,0.042,-2.0,0.069
2019,67119,고우석,LG,LG,27,,1,0,0,0,0,0,0,0,0,0,0,0,0,0,0,0,0,,,,0,0.0,0.0,0,0,0,,0,,,,0.0,0.0
2019,60845,문광은,LG,LG,27,,2,0,0,0,0,0,0,0,0,0,0,0,0,0,0,0,0,,,,0,0.0,0.0,0,0,0,,0,,,,0.0,0.0
2019,64117,양원혁,LG,LG,27,,1,0,0,1,0,0,0,0,0,0,0,0,0,0,0,0,0,,,,0,0.0,0.0,0,0,0,,0,,,,0.0,0.0
2019,79825,여건욱,LG,LG,27,,3,0,0,0,0,0,0,0,0,0,0,0,0,0,0,0,0,,,,0,0.0,0.0,0,0,0,,0,,,,0.0,0.0
2019,69168,이상영,LG,LG,27,,1,0,0,0,0,0,0,0,0,0,0,0,0,0,0,0,0,,,,0,0.0,0.0,0,0,0,,0,,,,0.0,0.0
2019,76355,장원삼,LG,LG,27,,1,0,0,0,0,0,0,0,0,0,0,0,0,0,0,0,0,,,,0,0.0,0.0,0,0,0,,0,,,,0.0,0.0
2019,67123,전준호,LG,LG,27,0.0,8,5,5,0,0,0,0,0,0,0,0,0,0,0,0,1,0,0.0,0.0,0.0,0,0.0,0.0,0,3,1,3.0,0,0.0,4.4,0.0,-0.5,0.0
2019,69159,정우영,LG,LG,27,,1,0,0,0,0,0,0,0,0,0,0,0,0,0,0,0,0,,,,0,0.0,0.0,0,0,0,,0,,,,0.0,0.0
2019,78148,정찬헌,LG,LG,27,,1,0,0,0,0,0,0,0,0,0,0,0,0,0,0,0,0,,,,0,0.0,0.0,0,0,0,,0,,,,0.0,0.0
2019,79140,최동환,LG,LG,27,,2,0,0,0,0,0,0,0,0,0,0,0,0,0,0,0,0,,,,0,0.0,0.0,0,0,0,,0,,,,0.0,0.0
2019,71752,김태균,한화,HH,1,0.305,127,500,433,47,132,21,0,6,171,62,0,8,54,5,5,94,15,0.395,0.382,0.777,30,0.301,0.25,27,104,111,0.94,4,0.57,3.94,0.09,66.0,0.271
2019,66702,이시원,한화,HH,2,0.29,14,31,31,3,9,1,0,0,10,4,0,0,0,0,0,8,1,0.323,0.29,0.613,1,0.231,0.5,1,11,3,3.67,0,0.0,3.13,0.032,2.8,0.211
2019,78288,최재훈,한화,HH,3,0.29,135,451,373,47,108,18,0,3,135,31,4,4,56,0,14,61,9,0.362,0.398,0.76,28,0.225,0.0,21,110,98,1.12,2,0.92,4.07,0.072,55.9,0.27
2019,68730,호잉,한화,HH,4,0.284,124,525,476,74,135,26,2,18,219,73,1,5,38,5,5,90,6,0.46,0.34,0.8,40,0.262,0.0,46,89,167,0.53,9,0.42,3.54,0.176,75.4,0.268
2019,75808,정근우,한화,HH,5,0.278,88,305,277,37,77,10,1,3,98,30,3,1,20,1,4,43,11,0.354,0.334,0.688,17,0.361,0.417,14,91,67,1.36,7,0.47,3.61,0.076,30.0,0.239
2019,76753,송광민,한화,HH,6,0.264,122,486,454,50,120,21,0,7,162,51,3,5,21,0,3,91,18,0.357,0.298,0.655,35,0.261,0.333,28,128,120,1.07,2,0.23,3.39,0.093,44.7,0.223
2019,62700,하주석,한화,HH,7,0.263,5,20,19,3,5,2,0,0,7,2,1,0,0,0,0,4,1,0.368,0.263,0.631,2,0.333,0.0,2,9,1,9.0,0,0.0,2.9,0.105,1.3,0.21
2019,68743,정은원,한화,HH,8,0.262,142,624,564,83,148,27,6,8,211,57,6,6,48,0,0,101,6,0.374,0.317,0.691,44,0.241,0.333,41,175,146,1.2,2,0.48,3.99,0.112,69.3,0.236
2019,73136,이성열,한화,HH,9,0.256,129,476,414,60,106,21,1,21,192,85,1,4,48,1,9,114,7,0.464,0.343,0.807,25,0.314,0.077,43,110,88,1.25,12,0.42,3.81,0.208,67.6,0.27
2019,61554,김민하,한화,HH,10,0.256,72,140,125,14,32,6,0,2,44,14,2,1,9,0,3,41,4,0.352,0.319,0.671,5,0.267,0.4,8,28,25,1.12,2,0.22,3.66,0.096,13.8,0.232
2019,66706,장진혁,한화,HH,11,0.254,113,349,315,42,80,16,5,1,109,24,2,1,26,0,5,74,4,0.346,0.32,0.666,17,0.234,0.182,22,89,73,1.22,3,0.35,3.74,0.092,35.7,0.231
2019,66704,김태연,한화,HH,12,0.25,9,6,4,0,1,1,0,0,2,0,0,0,2,0,0,2,0,0.5,0.5,1.0,0,0.0,0.0,1,0,1,0.0,0,1.0,4.67,0.25,1.1,0.35
2019,64717,지시완,한화,HH,12,0.25,58,109,104,7,26,6,0,2,38,11,0,0,5,0,0,21,3,0.365,0.284,0.649,5,0.226,0.111,8,21,36,0.58,1,0.24,3.64,0.115,9.6,0.219
2019,60805,최윤석,한화,HH,12,0.25,7,15,12,3,3,0,0,0,3,1,0,0,3,0,0,4,0,0.25,0.4,0.65,0,0.5,0.0,0,3,2,1.5,0,0.75,3.93,0.0,1.7,0.243
2019,61700,강경학,한화,HH,15,0.239,52,135,113,21,27,4,0,0,31,12,3,1,15,0,3,32,3,0.274,0.341,0.615,5,0.222,0.286,4,28,27,1.04,1,0.47,4.13,0.035,11.4,0.222
2019,79705,김회성,한화,HH,16,0.231,58,117,104,7,24,4,0,3,37,18,1,1,11,0,0,24,1,0.356,0.302,0.658,4,0.303,0.25,7,22,35,0.63,2,0.46,3.95,0.125,12.1,0.225
2019,74729,최진행,한화,HH,16,0.231,45,129,117,10,27,6,0,6,51,19,0,1,9,0,2,28,3,0.436,0.295,0.731,7,0.158,0.143,12,28,35,0.8,3,0.32,4.03,0.205,15.1,0.242
2019,60100,백진우,한화,HH,18,0.227,16,48,44,4,10,3,0,0,13,3,2,0,0,0,2,18,1,0.295,0.261,0.556,4,0.167,0.0,3,5,11,0.45,0,0.0,4.0,0.068,2.8,0.191
2019,69727,변우혁,한화,HH,19,0.226,29,61,53,7,12,1,0,1,16,2,0,0,7,0,1,17,3,0.302,0.328,0.63,1,0.231,0.0,2,11,13,0.85,0,0.41,4.11,0.075,4.9,0.223
2019,78756,오선진,한화,HH,20,0.224,122,453,392,37,88,16,0,3,113,36,10,3,38,0,10,72,8,0.288,0.307,0.595,22,0.263,0.0,19,111,124,0.9,5,0.53,3.92,0.064,37.9,0.21
2019,66715,김인환,한화,HH,21,0.214,18,46,42,1,9,1,0,0,10,2,0,2,2,0,0,9,0,0.238,0.239,0.477,1,0.0,0.25,1,14,12,1.17,0,0.22,3.52,0.024,3.1,0.167
2019,79364,김종민,한화,HH,22,0.2,10,21,20,2,4,0,0,1,7,1,1,0,0,0,0,7,1,0.35,0.2,0.55,1,0.0,0.0,1,7,2,3.5,0,0.0,3.76,0.15,1.1,0.178
2019,69737,노시환,한화,HH,23,0.186,91,192,177,19,33,8,1,1,46,13,1,1,11,0,2,72,3,0.26,0.241,0.501,7,0.205,0.111,10,42,31,1.35,0,0.15,4.03,0.073,9.6,0.173
2019,63703,박한결,한화,HH,24,0.182,9,11,11,0,2,0,0,0,2,0,0,0,0,0,0,4,1,0.182,0.182,0.364,0,0.0,0.0,0,4,1,4.0,0,0.0,3.36,0.0,-0.5,0.127
2019,62797,양성우,한화,HH,25,0.168,56,129,119,11,20,3,0,1,26,6,1,0,9,0,0,28,2,0.218,0.227,0.445,1,0.143,0.143,4,45,26,1.73,0,0.32,3.91,0.05,5.0,0.157
2019,69766,유로결,한화,HH,26,0.164,38,61,55,10,9,1,0,1,13,4,0,1,5,0,0,17,0,0.236,0.23,0.466,1,0.143,0.333,2,15,15,1.0,0,0.29,3.7,0.073,4.0,0.163
2019,64706,이창열,한화,HH,27,0.154,11,16,13,3,2,0,0,0,2,1,1,0,1,0,1,5,1,0.154,0.267,0.421,0,0.25,0.0,0,2,4,0.5,0,0.2,3.44,0.0,0.3,0.159
2019,63700,장운호,한화,HH,28,0.1,7,12,10,2,1,0,0,0,1,0,1,0,1,0,0,1,0,0.1,0.182,0.282,0,0.0,0.0,0,4,4,1.0,0,1.0,3.58,0.0,-0.3,0.107
2019,60757,김경태,한화,HH,29,,1,0,0,0,0,0,0,0,0,0,0,0,0,0,0,0,0,,,,0,0.0,0.0,0,0,0,,0,,,,0.0,0.0
2019,63765,김종수,한화,HH,29,,1,0,0,0,0,0,0,0,0,0,0,0,0,0,0,0,0,,,,0,0.0,0.0,0,0,0,,0,,,,0.0,0.0
2019,60184,김창혁,한화,HH,29,0.0,3,2,2,0,0,0,0,0,0,0,0,0,0,0,0,1,0,0.0,0.0,0.0,0,0.0,0.0,0,1,0,,0,0.0,3.5,0.0,-0.2,0.0
2019,66707,박상언,한화,HH,29,0.0,1,1,1,0,0,0,0,0,0,0,0,0,0,0,0,1,0,0.0,0.0,0.0,0,0.0,0.0,0,0,0,,0,0.0,4.0,0.0,-0.1,0.0
2019,64724,박준혁,한화,HH,29,0.0,4,2,2,0,0,0,0,0,0,0,0,0,0,0,0,1,0,0.0,0.0,0.0,0,0.0,0.0,0,1,0,,0,0.0,6.0,0.0,-0.2,0.0
2019,69744,서폴드,한화,HH,29,,1,0,0,0,0,0,0,0,0,0,0,0,0,0,0,0,0,,,,0,0.0,0.0,0,0,0,,0,,,,0.0,0.0
2019,60140,신정락,한화,HH,29,,1,0,0,0,0,0,0,0,0,0,0,0,0,0,0,0,0,,,,0,0.0,0.0,0,0,0,,0,,,,0.0,0.0
2019,73738,안영명,한화,HH,29,,1,0,0,0,0,0,0,0,0,0,0,0,0,0,0,0,0,,,,0,0.0,0.0,0,0,0,,0,,,,0.0,0.0
2019,68700,이원석,한화,HH,29,0.0,13,9,6,3,0,0,0,0,0,0,0,0,2,0,1,5,0,0.0,0.333,0.333,0,0.0,0.0,0,1,0,,0,0.4,4.78,0.0,0.8,0.15
2019,62611,임준섭,한화,HH,29,,2,0,0,0,0,0,0,0,0,0,0,0,0,0,0,0,0,,,,0,0.0,0.0,0,0,0,,0,,,,0.0,0.0
2019,74857,정우람,한화,HH,29,,4,0,0,0,0,0,0,0,0,0,0,0,0,0,0,0,0,,,,0,0.0,0.0,0,0,0,,0,,,,0.0,0.0
2019,64803,임재현,SSG,SK,1,0.667,6,3,3,1,2,0,0,0,2,0,0,0,0,0,0,1,0,0.667,0.667,1.334,0,0.0,0.0,0,0,0,,0,0.0,3.67,0.0,0.9,0.467
2019,61353,고종욱,SSG,SK,2,0.323,137,513,492,76,159,25,7,3,207,56,0,2,18,1,1,89,5,0.421,0.347,0.768,48,0.341,0.231,35,147,99,1.48,8,0.2,3.61,0.098,68.6,0.261
2019,75847,최정,SSG,SK,3,0.292,141,606,503,86,147,27,0,29,261,99,0,8,69,6,26,92,4,0.519,0.399,0.918,40,0.333,0.0,56,82,190,0.43,14,0.75,3.85,0.227,107.1,0.309
2019,76869,김재현,SSG,SK,4,0.286,83,49,42,29,12,2,1,0,16,2,3,0,4,0,0,11,0,0.381,0.348,0.729,2,0.25,0.333,3,8,11,0.73,0,0.36,3.61,0.095,6.1,0.252
2019,75151,정의윤,SSG,SK,5,0.282,110,419,380,44,107,24,0,13,170,59,0,2,30,1,6,60,9,0.447,0.342,0.789,29,0.279,0.25,37,99,116,0.85,7,0.5,3.62,0.166,55.5,0.266
2019,67872,로맥,SSG,SK,6,0.276,137,589,504,86,139,28,1,29,256,95,0,6,73,3,6,117,11,0.508,0.37,0.878,39,0.266,0.0,58,90,164,0.55,12,0.62,4.19,0.232,94.5,0.294
2019,71837,김강민,SSG,SK,7,0.27,127,460,422,54,114,14,2,8,156,50,0,3,31,3,4,103,2,0.37,0.324,0.694,31,0.298,0.25,24,88,120,0.73,7,0.3,3.95,0.1,52.3,0.238
2019,76812,이재원,SSG,SK,8,0.268,139,502,451,33,121,19,0,12,176,75,1,7,34,2,9,59,16,0.39,0.327,0.717,29,0.303,0.364,31,137,141,0.97,10,0.58,3.57,0.122,57.1,0.245
2019,62895,한유섬,SSG,SK,9,0.265,125,502,427,52,113,20,0,12,169,52,0,0,55,4,20,100,6,0.396,0.375,0.771,28,0.264,0.3,32,108,106,1.02,7,0.55,4.0,0.131,65.7,0.268
2019,69860,김성민,SSG,SK,10,0.25,2,4,4,0,1,0,0,0,1,0,0,0,0,0,0,3,0,0.25,0.25,0.5,0,0.0,0.0,0,0,0,,0,0.0,4.0,0.0,0.2,0.175
2019,63704,노수광,SSG,SK,10,0.25,117,445,388,69,97,16,1,2,121,28,9,0,46,0,2,68,1,0.312,0.333,0.645,27,0.333,0.5,19,121,102,1.19,3,0.68,3.96,0.062,45.7,0.228
2019,76802,김성현,SSG,SK,12,0.246,144,472,426,45,105,16,2,1,128,34,8,3,33,0,2,43,15,0.3,0.302,0.602,24,0.216,0.0,19,148,133,1.11,3,0.77,3.47,0.054,37.0,0.211
2019,66864,안상현,SSG,SK,13,0.235,65,108,102,14,24,3,0,0,27,5,1,1,4,0,0,28,3,0.265,0.262,0.527,4,0.227,0.0,3,29,22,1.32,1,0.14,3.76,0.029,6.4,0.184
2019,62884,최항,SSG,SK,14,0.228,52,147,127,12,29,5,0,0,34,14,1,1,16,0,2,24,3,0.268,0.322,0.59,5,0.25,0.0,5,36,39,0.92,2,0.67,3.68,0.039,12.4,0.212
2019,66052,남태혁,SSG,SK,15,0.227,12,24,22,1,5,0,0,0,5,1,0,0,2,0,0,3,3,0.227,0.292,0.519,0,0.167,0.2,0,8,6,1.33,0,0.67,3.96,0.0,0.5,0.188
2019,76158,최승준,SSG,SK,15,0.227,10,24,22,2,5,0,0,0,5,0,0,0,2,0,0,10,1,0.227,0.292,0.519,1,0.0,0.0,0,4,3,1.33,0,0.2,3.54,0.0,1.2,0.188
2019,79465,배영섭,SSG,SK,17,0.225,30,80,71,5,16,1,0,0,17,7,0,1,6,0,2,15,0,0.239,0.3,0.539,2,0.385,0.25,1,15,26,0.58,3,0.4,4.0,0.014,6.6,0.195
2019,73209,나주환,SSG,SK,18,0.222,94,245,225,14,50,9,0,3,68,20,4,1,12,0,3,54,6,0.302,0.27,0.572,12,0.226,0.385,12,57,65,0.88,4,0.22,3.77,0.08,16.6,0.197
2019,68868,최준우,SSG,SK,19,0.212,15,36,33,3,7,2,0,0,9,0,0,0,3,0,0,3,2,0.273,0.278,0.551,2,0.0,0.5,2,15,8,1.88,0,1.0,4.03,0.061,1.9,0.193
2019,74846,박정권,SSG,SK,20,0.188,18,37,32,5,6,1,0,1,10,5,0,0,5,0,0,11,0,0.313,0.297,0.61,2,0.25,0.2,2,7,8,0.88,0,0.45,3.86,0.125,3.4,0.212
2019,61869,정진기,SSG,SK,20,0.188,13,17,16,1,3,0,0,0,3,2,0,0,1,0,0,2,0,0.188,0.235,0.423,1,0.5,1.0,0,6,5,1.2,0,0.5,5.06,0.0,0.7,0.153
2019,69825,김창평,SSG,SK,22,0.178,18,53,45,4,8,2,0,0,10,3,3,0,4,0,1,11,1,0.222,0.26,0.482,3,0.25,0.0,2,15,11,1.36,0,0.36,4.08,0.044,2.5,0.173
2019,63123,강승호,SSG,SK,23,0.154,15,42,39,5,6,0,0,2,12,5,1,0,2,0,0,18,1,0.308,0.195,0.503,1,0.25,0.0,2,7,8,0.88,1,0.11,4.0,0.154,2.1,0.165
2019,77243,허도환,SSG,SK,24,0.127,56,93,79,3,10,3,0,1,16,6,4,2,5,0,3,18,3,0.203,0.202,0.405,0,0.0,0.0,4,30,23,1.3,1,0.28,3.69,0.076,2.4,0.142
2019,63450,정현,SSG,SK,25,0.079,27,45,38,3,3,0,0,0,3,2,0,1,6,0,0,17,1,0.079,0.2,0.279,0,0.167,0.0,0,10,9,1.11,0,0.35,4.53,0.0,0.1,0.11
2019,69802,최경모,SSG,SK,26,0.063,17,16,16,2,1,1,0,0,2,1,0,0,0,0,0,2,0,0.125,0.063,0.188,0,0.0,0.0,1,5,8,0.63,0,0.0,3.31,0.063,-0.6,0.06
2019,79847,김태훈,SSG,SK,27,,1,0,0,0,0,0,0,0,0,0,0,0,0,0,0,0,0,,,,0,0.0,0.0,0,0,0,,0,,,,0.0,0.0
2019,75138,신재웅,SSG,SK,27,,1,0,0,0,0,0,0,0,0,0,0,0,0,0,0,0,0,,,,0,0.0,0.0,0,0,0,,0,,,,0.0,0.0
2019,61743,오준혁,SSG,SK,27,0.0,2,1,1,1,0,0,0,0,0,0,0,0,0,0,0,1,0,0.0,0.0,0.0,0,0.0,0.0,0,0,0,,0,0.0,3.0,0.0,-0.1,0.0
2019,64805,이승진,SSG,SK,27,,1,0,0,0,0,0,0,0,0,0,0,0,0,0,0,0,0,,,,0,0.0,0.0,0,0,0,,0,,,,0.0,0.0
2019,65869,이현석,SSG,SK,27,0.0,2,3,3,0,0,0,0,0,0,0,0,0,0,0,0,0,0,0.0,0.0,0.0,0,0.0,0.0,0,1,2,0.5,0,,4.0,0.0,-0.3,0.0
2019,69804,채현우,SSG,SK,27,0.0,9,1,1,2,0,0,0,0,0,0,0,0,0,0,0,1,0,0.0,0.0,0.0,0,0.0,0.0,0,0,0,,0,0.0,4.0,0.0,0.1,0.0
2019,63895,최민재,SSG,SK,27,0.0,1,2,2,0,0,0,0,0,0,0,0,0,0,0,0,0,0,0.0,0.0,0.0,0,0.0,0.0,0,1,1,1.0,0,,3.0,0.0,-0.2,0.0
2019,61404,김헌곤,삼성,SS,1,0.297,114,467,411,57,122,20,1,5,159,46,5,6,37,1,8,41,18,0.387,0.361,0.748,33,0.313,0.0,26,138,116,1.19,1,0.9,3.9,0.09,54.5,0.259
2019,67450,러프,삼성,SS,2,0.292,133,568,472,80,138,35,2,22,243,101,0,9,80,6,7,87,18,0.515,0.396,0.911,39,0.317,0.0,59,129,127,1.02,10,0.92,4.08,0.222,93.5,0.307
2019,62409,박찬도,삼성,SS,3,0.281,30,34,32,10,9,1,0,0,10,2,0,0,2,1,0,10,0,0.313,0.324,0.637,2,0.111,0.5,1,8,5,1.6,0,0.2,3.65,0.031,2.8,0.224
2019,69405,윌리엄슨,삼성,SS,4,0.273,40,168,154,19,42,7,1,4,63,15,0,1,13,0,0,50,2,0.409,0.327,0.736,13,0.233,0.0,12,28,35,0.8,3,0.26,3.88,0.136,20.1,0.249
2019,79402,김상수,삼성,SS,5,0.271,129,543,468,76,127,20,2,5,166,38,6,4,50,1,15,67,14,0.355,0.358,0.713,36,0.228,0.25,27,145,133,1.09,4,0.75,3.95,0.083,63.8,0.25
2019,62404,구자욱,삼성,SS,6,0.267,122,526,475,66,127,27,6,15,211,71,0,6,38,2,7,88,5,0.444,0.327,0.771,32,0.302,0.5,48,110,156,0.71,9,0.43,3.65,0.177,71.3,0.258
2019,69453,이학주,삼성,SS,7,0.262,118,436,385,43,101,14,3,7,142,36,5,4,32,0,10,89,3,0.369,0.332,0.701,28,0.232,0.25,24,81,118,0.69,10,0.36,3.71,0.106,51.5,0.242
2019,71432,박한이,삼성,SS,8,0.257,30,85,74,6,19,3,0,2,28,13,1,1,9,0,0,17,0,0.378,0.333,0.711,3,0.217,0.25,5,16,23,0.7,2,0.53,4.01,0.122,10.4,0.244
2019,64468,박계범,삼성,SS,9,0.256,58,204,168,26,43,8,1,4,65,25,6,3,22,0,5,45,7,0.387,0.354,0.741,9,0.255,0.0,13,40,43,0.93,1,0.49,4.1,0.131,24.5,0.256
2019,66409,이성규,삼성,SS,10,0.256,16,46,43,3,11,2,0,2,19,7,0,0,2,0,1,16,1,0.442,0.304,0.746,1,0.3,0.667,4,8,8,1.0,1,0.13,3.93,0.186,5.3,0.247
2019,61197,최영진,삼성,SS,11,0.251,96,275,251,29,63,15,1,5,95,20,8,0,14,2,2,47,4,0.378,0.296,0.674,15,0.228,0.167,21,74,67,1.1,2,0.3,3.71,0.127,27.2,0.228
2019,75566,이원석,삼성,SS,12,0.246,111,455,395,44,97,20,0,19,174,76,2,7,43,0,8,73,10,0.441,0.327,0.768,24,0.304,0.0,39,87,145,0.6,4,0.59,4.0,0.195,59.7,0.257
2019,68407,공민규,삼성,SS,13,0.245,28,60,53,4,13,1,0,3,23,6,0,0,6,0,1,18,0,0.434,0.333,0.767,2,0.0,0.222,4,12,10,1.2,0,0.33,4.17,0.189,8.2,0.258
2019,62415,박해민,삼성,SS,14,0.239,144,581,506,64,121,16,7,5,166,44,12,3,58,0,2,82,4,0.328,0.318,0.646,34,0.239,0.143,28,152,154,0.99,2,0.71,4.1,0.089,59.8,0.225
2019,64410,백승민,삼성,SS,15,0.238,19,45,42,4,10,1,0,0,11,4,0,1,2,0,0,12,2,0.262,0.267,0.529,3,0.357,0.143,1,10,11,0.91,0,0.17,4.44,0.024,2.6,0.186
2019,64469,송준석,삼성,SS,16,0.235,26,56,51,6,12,3,0,1,18,4,1,1,2,0,1,14,3,0.353,0.273,0.626,3,0.063,0.0,4,16,10,1.6,0,0.14,3.66,0.118,4.3,0.211
2019,74540,강민호,삼성,SS,17,0.234,112,393,346,36,81,20,0,13,140,45,2,3,33,2,9,76,9,0.405,0.315,0.72,18,0.235,0.0,33,102,90,1.13,4,0.43,3.91,0.171,44.6,0.243
2019,60288,김응민,삼성,SS,18,0.231,8,13,13,0,3,1,0,0,4,0,0,0,0,0,0,6,1,0.308,0.231,0.539,0,0.0,1.0,1,1,3,0.33,0,0.0,3.46,0.077,0.4,0.181
2019,64407,김호재,삼성,SS,19,0.219,28,33,32,1,7,1,0,0,8,0,0,0,1,0,0,7,1,0.25,0.242,0.492,1,0.0,0.333,1,10,8,1.25,0,0.14,3.82,0.031,1.1,0.171
2019,66838,김동엽,삼성,SS,20,0.215,60,211,195,15,42,4,1,6,66,25,0,2,12,0,2,47,2,0.338,0.265,0.603,11,0.239,0.167,11,49,59,0.83,2,0.26,3.35,0.123,18.7,0.204
2019,64793,김민수,삼성,SS,21,0.205,29,41,39,5,8,1,0,0,9,2,0,1,1,0,0,16,0,0.231,0.22,0.451,1,0.1,0.5,1,7,9,0.78,0,0.06,3.88,0.026,2.0,0.157
2019,69442,김도환,삼성,SS,22,0.204,61,106,93,7,19,6,0,2,31,7,4,1,8,0,0,36,0,0.333,0.265,0.598,0,0.238,0.0,8,15,24,0.63,1,0.22,4.18,0.129,9.0,0.203
2019,72456,손주인,삼성,SS,23,0.194,20,35,31,2,6,0,0,1,9,4,2,0,2,0,0,6,3,0.29,0.242,0.532,0,0.222,0.333,1,11,8,1.38,0,0.33,3.49,0.097,1.0,0.181
2019,69418,박승규,삼성,SS,24,0.19,14,23,21,2,4,0,0,0,4,2,0,0,2,0,0,7,0,0.19,0.261,0.451,1,0.111,0.0,0,5,5,1.0,0,0.29,3.57,0.0,1.0,0.165
2019,66462,김성훈,삼성,SS,25,0.182,65,88,77,14,14,1,1,1,20,5,4,0,7,0,0,11,0,0.26,0.25,0.51,1,0.231,0.0,3,30,22,1.36,0,0.64,3.5,0.078,5.2,0.178
2019,64266,이성곤,삼성,SS,26,0.179,13,28,28,1,5,3,0,0,8,0,0,0,0,0,0,6,0,0.286,0.179,0.465,1,0.0,0.0,3,10,7,1.43,0,0.0,3.61,0.107,1.0,0.152
2019,64493,최선호,삼성,SS,27,0.167,17,8,6,1,1,0,0,0,1,0,0,0,2,0,0,0,0,0.167,0.375,0.542,0,0.0,0.0,0,1,4,0.25,0,,3.38,0.0,0.9,0.211
2019,99445,권오준,삼성,SS,28,,2,0,0,0,0,0,0,0,0,0,0,0,0,0,0,0,0,,,,0,0.0,0.0,0,0,0,,0,,,,0.0,0.0
2019,64499,김재현,삼성,SS,28,0.0,6,2,2,1,0,0,0,0,0,0,0,0,0,0,0,1,0,0.0,0.0,0.0,0,0.0,0.0,0,1,0,,0,0.0,6.0,0.0,-0.2,0.0
2019,69403,양우현,삼성,SS,28,0.0,1,1,1,0,0,0,0,0,0,0,0,0,0,0,0,0,0,0.0,0.0,0.0,0,0.0,0.0,0,1,0,,0,,1.0,0.0,-0.1,0.0
2019,62499,이현동,삼성,SS,28,0.0,1,2,2,0,0,0,0,0,0,0,0,0,0,0,0,1,0,0.0,0.0,0.0,0,0.0,0.0,0,1,0,,0,0.0,3.0,0.0,-0.2,0.0
2019,67421,최지광,삼성,SS,28,,1,0,0,0,0,0,0,0,0,0,0,0,0,0,0,0,0,,,,0,0.0,0.0,0,0,0,,0,,,,0.0,0.0
2019,65905,최승민,NC,NC,1,0.444,24,10,9,5,4,1,0,0,5,1,0,0,1,0,0,2,0,0.556,0.5,1.056,0,0.0,0.0,1,1,2,0.5,0,0.5,3.8,0.111,2.5,0.364
2019,62947,나성범,NC,NC,2,0.366,23,106,93,19,34,12,1,4,60,14,0,0,12,0,1,26,2,0.645,0.443,1.088,12,0.28,0.0,17,13,20,0.65,3,0.46,3.95,0.28,22.1,0.361
2019,76232,양의지,NC,NC,3,0.354,118,459,390,61,138,26,0,20,224,68,0,6,48,4,15,43,13,0.574,0.438,1.012,43,0.364,0.167,46,86,129,0.67,4,1.12,3.74,0.221,88.7,0.341
2019,62907,박민우,NC,NC,4,0.344,125,526,468,89,161,23,8,1,203,45,2,6,41,1,9,40,10,0.434,0.403,0.837,45,0.333,0.0,32,129,144,0.9,5,1.03,3.74,0.09,79.4,0.29
2019,78813,모창민,NC,NC,5,0.305,101,386,341,49,104,21,2,10,159,55,0,11,31,1,3,62,8,0.466,0.358,0.824,30,0.261,0.625,33,75,111,0.68,8,0.5,3.57,0.161,57.8,0.278
2019,76849,이명기,NC,NC,6,0.293,139,547,484,62,142,17,3,2,171,36,7,4,48,2,4,66,12,0.353,0.359,0.712,39,0.269,0.0,22,169,111,1.52,4,0.73,3.83,0.06,63.0,0.25
2019,60566,이상호,NC,NC,7,0.278,102,256,234,30,65,7,0,0,72,12,8,3,9,0,2,22,10,0.308,0.306,0.614,18,0.179,0.083,7,102,48,2.13,3,0.41,3.07,0.03,20.3,0.215
2019,66917,김찬형,NC,NC,8,0.277,76,154,141,16,39,4,2,1,50,12,2,1,6,0,4,21,1,0.355,0.322,0.677,10,0.143,0.167,7,50,32,1.56,3,0.29,3.3,0.078,15.8,0.234
2019,64984,김태진,NC,NC,9,0.275,123,399,374,44,103,14,5,5,142,46,5,3,16,0,1,67,3,0.38,0.305,0.685,28,0.296,0.111,24,102,105,0.97,4,0.24,3.56,0.104,43.9,0.232
2019,74465,박석민,NC,NC,10,0.267,112,444,360,49,96,17,1,19,172,74,4,3,65,2,12,69,17,0.478,0.393,0.871,20,0.28,0.333,37,108,90,1.2,5,0.94,4.19,0.211,66.3,0.296
2019,73213,손시헌,NC,NC,10,0.267,68,149,135,17,36,4,1,2,48,10,4,0,5,0,5,23,2,0.356,0.317,0.673,11,0.3,0.25,7,34,42,0.81,1,0.22,3.68,0.089,14.6,0.232
2019,62931,노진혁,NC,NC,12,0.264,110,390,348,51,92,23,2,13,158,43,6,3,31,2,2,80,7,0.454,0.326,0.78,23,0.241,0.0,38,83,96,0.86,4,0.39,3.9,0.19,50.2,0.26
2019,62025,이원재,NC,NC,13,0.258,94,285,256,31,66,11,0,8,101,36,5,3,20,0,1,47,5,0.395,0.311,0.706,16,0.279,0.182,19,78,68,1.15,4,0.43,3.74,0.137,31.6,0.239
2019,63963,권희동,NC,NC,14,0.256,116,413,348,37,89,17,0,6,124,41,5,3,50,1,7,60,10,0.356,0.358,0.714,18,0.227,0.231,23,90,112,0.8,6,0.83,4.16,0.101,47.5,0.25
2019,63920,김준완,NC,NC,15,0.25,8,19,16,0,4,0,0,0,4,1,0,1,2,0,0,2,0,0.25,0.316,0.566,1,0.0,0.0,0,5,6,0.83,0,1.0,4.42,0.0,2.0,0.205
2019,62537,윤수강,NC,NC,15,0.25,2,4,4,0,1,0,0,0,1,0,0,0,0,0,0,1,1,0.25,0.25,0.5,0,0.0,0.0,0,2,0,,0,0.0,3.75,0.0,-0.1,0.175
2019,68901,이인혁,NC,NC,15,0.25,6,9,8,1,2,0,0,1,5,1,0,0,1,0,0,3,0,0.625,0.333,0.958,0,0.0,1.0,1,2,1,2.0,0,0.33,4.0,0.375,1.7,0.306
2019,62925,강진성,NC,NC,18,0.247,41,104,97,11,24,4,1,2,36,14,0,0,3,0,4,20,6,0.371,0.298,0.669,6,0.207,0.167,7,22,31,0.71,0,0.15,3.54,0.124,8.8,0.227
2019,69950,베탄코트,NC,NC,19,0.246,53,224,203,23,50,8,0,8,82,29,0,2,18,0,1,51,1,0.404,0.308,0.712,13,0.267,0.0,16,56,48,1.17,3,0.35,3.79,0.158,26.8,0.24
2019,62934,김성욱,NC,NC,20,0.23,116,333,287,38,66,16,1,9,111,36,9,5,29,1,3,69,4,0.387,0.302,0.689,18,0.297,0.25,26,64,93,0.69,5,0.42,3.86,0.157,36.4,0.233
2019,69901,스몰린스키,NC,NC,21,0.229,55,228,205,32,47,14,1,9,90,42,0,2,16,0,5,31,7,0.439,0.298,0.737,14,0.333,0.0,24,58,71,0.82,7,0.52,3.76,0.21,26.6,0.244
2019,73306,지석훈,NC,NC,22,0.228,76,169,149,15,34,9,0,2,49,15,2,2,10,1,6,37,6,0.329,0.299,0.628,6,0.15,0.0,11,39,41,0.95,3,0.27,3.79,0.101,13.8,0.217
2019,76720,정범모,NC,NC,23,0.225,25,45,40,4,9,1,0,2,16,4,2,0,3,0,0,15,0,0.4,0.279,0.679,1,0.125,0.0,3,6,10,0.6,1,0.2,3.64,0.175,4.7,0.226
2019,68912,김형준,NC,NC,24,0.224,55,119,107,13,24,5,0,2,35,9,4,0,8,0,0,24,1,0.327,0.278,0.605,7,0.122,0.125,7,40,19,2.11,0,0.33,3.75,0.103,9.8,0.207
2019,78122,김태군,NC,NC,25,0.182,18,28,22,0,4,0,0,0,4,1,0,0,4,0,2,8,1,0.182,0.357,0.539,0,0.143,0.0,0,8,2,4.0,0,0.5,3.54,0.0,2.0,0.206
2019,79234,김진형,NC,NC,26,0.15,11,23,20,2,3,1,0,0,4,2,1,2,0,0,0,4,1,0.2,0.136,0.336,0,0.0,0.333,1,7,8,0.88,0,0.0,3.0,0.05,0.6,0.111
2019,68904,오영수,NC,NC,27,0.125,3,8,8,0,1,0,0,0,1,0,0,0,0,0,0,4,0,0.125,0.125,0.25,0,0.0,0.0,0,3,0,,0,0.0,4.0,0.0,-0.2,0.088
2019,62921,박헌욱,NC,NC,28,0.111,6,9,9,0,1,1,0,0,2,1,0,0,0,0,0,5,1,0.222,0.111,0.333,0,0.333,0.0,1,2,1,2.0,0,0.0,3.44,0.111,-0.4,0.105
2019,79358,강윤구,NC,NC,29,,1,0,0,0,0,0,0,0,0,0,0,0,0,0,0,0,0,,,,0,0.0,0.0,0,0,0,,0,,,,0.0,0.0
2019,60339,김건태,NC,NC,29,,1,0,0,0,0,0,0,0,0,0,0,0,0,0,0,0,0,,,,0,0.0,0.0,0,0,0,,0,,,,0.0,0.0
2019,68900,김영규,NC,NC,29,,1,0,0,0,0,0,0,0,0,0,0,0,0,0,0,0,0,,,,0,0.0,0.0,0,0,0,,0,,,,0.0,0.0
2019,75867,김진성,NC,NC,29,,3,0,0,0,0,0,0,0,0,0,0,0,0,0,0,0,0,,,,0,0.0,0.0,0,0,0,,0,,,,0.0,0.0
2019,68906,김철호,NC,NC,29,0.0,2,2,2,0,0,0,0,0,0,0,0,0,0,0,0,0,0,0.0,0.0,0.0,0,0.0,0.0,0,1,1,1.0,0,,2.0,0.0,-0.2,0.0
2019,78366,민태호,NC,NC,29,,1,0,0,0,0,0,0,0,0,0,0,0,0,0,0,0,0,,,,0,0.0,0.0,0,0,0,,0,,,,0.0,0.0
2019,64995,배재환,NC,NC,29,,2,0,0,0,0,0,0,0,0,0,0,0,0,0,0,0,0,,,,0,0.0,0.0,0,0,0,,0,,,,0.0,0.0
2019,76118,원종현,NC,NC,29,,6,0,0,0,0,0,0,0,0,0,0,0,0,0,0,0,0,,,,0,0.0,0.0,0,0,0,,0,,,,0.0,0.0
2019,63903,유영준,NC,NC,29,0.0,3,4,4,0,0,0,0,0,0,0,0,0,0,0,0,1,0,0.0,0.0,0.0,0,0.0,0.0,0,3,0,,0,0.0,3.0,0.0,-0.4,0.0
2019,76757,유원상,NC,NC,29,,3,0,0,0,0,0,0,0,0,0,0,0,0,0,0,0,0,,,,0,0.0,0.0,0,0,0,,0,,,,0.0,0.0
2019,61329,윤지웅,NC,NC,29,,1,0,0,0,0,0,0,0,0,0,0,0,0,0,0,0,0,,,,0,0.0,0.0,0,0,0,,0,,,,0.0,0.0
2019,65964,이우석,NC,NC,29,,1,0,0,0,0,0,0,0,0,0,0,0,0,0,0,0,0,,,,0,0.0,0.0,0,0,0,,0,,,,0.0,0.0
2019,69969,전사민,NC,NC,29,,1,0,0,0,0,0,0,0,0,0,0,0,0,0,0,0,0,,,,0,0.0,0.0,0,0,0,,0,,,,0.0,0.0
2019,66920,최성영,NC,NC,29,,1,0,0,0,0,0,0,0,0,0,0,0,0,0,0,0,0,,,,0,0.0,0.0,0,0,0,,0,,,,0.0,0.0
2019,65042,홍성무,NC,NC,29,,2,0,0,0,0,0,0,0,0,0,0,0,0,0,0,0,0,,,,0,0.0,0.0,0,0,0,,0,,,,0.0,0.0
2019,68050,강백호,KT,KT,1,0.336,116,505,438,72,147,29,1,13,217,65,0,4,61,4,2,87,11,0.495,0.416,0.911,42,0.284,1.0,43,121,87,1.39,11,0.7,3.84,0.16,84.2,0.311
2019,67025,로하스,KT,KT,2,0.322,142,578,521,68,168,30,3,24,276,104,0,5,49,5,3,120,4,0.53,0.381,0.911,51,0.297,0.375,57,103,135,0.76,4,0.41,3.78,0.207,99.1,0.304
2019,74339,유한준,KT,KT,3,0.317,139,562,501,61,159,19,1,14,222,86,0,5,52,1,4,61,20,0.443,0.383,0.826,44,0.373,0.25,34,147,139,1.06,13,0.85,3.96,0.126,80.1,0.283
2019,64012,송민섭,KT,KT,4,0.302,105,64,53,24,16,0,1,0,18,4,1,1,6,0,3,13,0,0.34,0.397,0.737,2,0.308,0.0,1,11,14,0.79,1,0.46,3.58,0.038,7.8,0.264
2019,64868,조용호,KT,KT,5,0.293,87,211,188,15,55,6,3,0,67,19,2,0,21,0,0,28,0,0.356,0.364,0.72,10,0.306,0.393,9,68,37,1.84,1,0.75,4.15,0.064,24.7,0.253
2019,76313,황재균,KT,KT,6,0.283,124,507,448,78,127,16,3,20,209,67,0,5,52,2,2,71,10,0.467,0.357,0.824,32,0.262,0.0,39,106,149,0.71,9,0.73,3.78,0.183,73.9,0.277
2019,64004,김민혁,KT,KT,7,0.281,127,521,466,68,131,10,1,0,143,32,5,5,32,0,13,61,8,0.307,0.341,0.648,36,0.257,0.4,11,163,116,1.41,6,0.52,3.6,0.026,52.8,0.23
2019,64006,심우준,KT,KT,8,0.279,138,433,391,54,109,13,1,3,133,28,12,1,23,0,6,68,7,0.34,0.328,0.668,24,0.253,0.5,17,134,81,1.65,1,0.34,3.87,0.061,46.3,0.233
2019,64906,강민국,KT,KT,9,0.273,58,94,88,12,24,0,1,0,26,7,0,0,6,0,0,17,2,0.295,0.319,0.614,5,0.259,0.0,1,28,19,1.47,1,0.35,4.03,0.023,8.3,0.217
2019,63088,김진곤,KT,KT,10,0.267,19,34,30,4,8,2,0,0,10,6,2,0,2,0,0,8,1,0.333,0.313,0.646,1,0.625,0.286,2,8,6,1.33,1,0.25,3.29,0.067,2.6,0.224
2019,78548,장성우,KT,KT,11,0.262,127,413,366,25,96,7,0,7,124,41,4,6,35,2,2,86,11,0.339,0.325,0.664,25,0.247,0.143,14,98,92,1.07,4,0.41,4.01,0.077,41.5,0.231
2019,60558,오태곤,KT,KT,12,0.25,123,392,352,63,88,16,1,6,124,35,3,2,31,0,4,78,8,0.352,0.316,0.668,23,0.22,0.3,23,98,90,1.09,2,0.4,3.69,0.102,41.9,0.23
2019,73113,박경수,KT,KT,13,0.247,137,490,421,43,104,24,0,10,158,65,4,6,55,1,4,102,14,0.375,0.335,0.71,24,0.281,0.154,34,88,133,0.66,8,0.54,3.93,0.128,54.2,0.245
2019,62802,박승욱,KT,KT,14,0.233,101,245,223,24,52,3,4,3,72,15,6,0,14,0,2,50,5,0.323,0.285,0.608,8,0.178,0.143,10,66,55,1.2,2,0.28,3.58,0.09,20.1,0.209
2019,74215,윤석민,KT,KT,15,0.231,63,178,169,4,39,4,0,2,49,17,0,2,7,0,0,24,4,0.29,0.258,0.548,7,0.216,0.167,6,51,57,0.89,2,0.29,3.53,0.059,12.0,0.189
2019,64166,배정대,KT,KT,16,0.203,66,84,74,15,15,4,0,0,19,6,2,0,7,0,1,23,2,0.257,0.28,0.537,3,0.263,0.0,4,16,20,0.8,0,0.3,3.75,0.054,4.3,0.19
2019,64007,문상철,KT,KT,17,0.2,33,68,60,8,12,1,0,2,19,7,0,2,4,0,2,26,1,0.317,0.265,0.582,2,0.176,0.111,3,11,13,0.85,2,0.15,3.99,0.117,6.3,0.199
2019,77654,이준수,KT,KT,18,0.194,32,49,36,3,7,1,0,0,8,3,3,0,9,0,1,11,1,0.222,0.37,0.592,2,0.2,0.0,1,10,8,1.25,0,0.82,3.65,0.028,4.2,0.222
2019,67006,안치영,KT,KT,19,0.167,5,7,6,1,1,0,0,0,1,0,0,0,0,0,1,2,0,0.167,0.286,0.453,0,0.0,0.0,0,2,1,2.0,0,0.0,3.71,0.0,0.4,0.17
2019,64014,김병희,KT,KT,20,0.143,4,7,7,0,1,0,0,0,1,0,0,0,0,0,0,2,0,0.143,0.143,0.286,0,0.0,0.0,0,2,2,1.0,0,0.0,2.86,0.0,-0.1,0.1
2019,73153,이대형,KT,KT,20,0.143,18,19,14,2,2,1,0,0,3,4,0,1,4,0,0,5,0,0.214,0.316,0.53,0,0.222,0.083,1,5,3,1.67,0,0.8,4.37,0.071,1.8,0.196
2019,64011,안승한,KT,KT,22,0.136,36,47,44,4,6,1,0,0,7,5,1,0,1,0,1,13,1,0.159,0.174,0.333,0,0.111,0.0,1,7,18,0.39,1,0.08,3.68,0.023,0.0,0.118
2019,68069,고명성,KT,KT,23,0.125,30,18,16,4,2,0,0,0,2,0,0,0,2,0,0,7,1,0.125,0.222,0.347,0,0.0,0.0,0,7,0,,0,0.29,4.11,0.0,0.0,0.131
2019,60343,이해창,KT,KT,23,0.125,30,43,40,0,5,0,0,0,5,0,0,0,2,0,1,11,0,0.125,0.186,0.311,0,0.077,0.167,0,10,14,0.71,0,0.18,3.72,0.0,0.3,0.115
2019,63448,김영환,KT,KT,25,0.071,13,15,14,1,1,0,0,0,1,0,0,0,1,0,0,3,1,0.071,0.133,0.204,0,0.0,0.0,0,3,7,0.43,0,0.33,3.4,0.0,-0.7,0.078
2019,65062,김재윤,KT,KT,26,0.0,3,1,1,0,0,0,0,0,0,0,0,0,0,0,0,0,0,0.0,0.0,0.0,0,0.0,0.0,0,1,0,,0,,4.0,0.0,-0.1,0.0
2019,69056,박민석,KT,KT,26,0.0,3,1,1,0,0,0,0,0,0,0,0,0,0,0,0,0,0,0.0,0.0,0.0,0,0.0,0.0,0,1,0,,0,,6.0,0.0,-0.1,0.0
2019,69041,손동현,KT,KT,26,,2,0,0,0,0,0,0,0,0,0,0,0,0,0,0,0,0,,,,0,0.0,0.0,0,0,0,,0,,,,0.0,0.0
2019,65056,엄상백,KT,KT,26,,1,0,0,0,0,0,0,0,0,0,0,0,0,0,0,0,0,,,,0,0.0,0.0,0,0,0,,0,,,,0.0,0.0
2019,67008,이대은,KT,KT,26,,4,0,0,0,0,0,0,0,0,0,0,0,0,0,0,0,0,,,,0,0.0,0.0,0,0,0,,0,,,,0.0,0.0
2019,65058,정성곤,KT,KT,26,,2,0,0,0,0,0,0,0,0,0,0,0,0,0,0,0,0,,,,0,0.0,0.0,0,0,0,,0,,,,0.0,0.0
2019,65060,주권,KT,KT,26,,1,0,0,0,0,0,0,0,0,0,0,0,0,0,0,0,0,,,,0,0.0,0.0,0,0,0,,0,,,,0.0,0.0
2019,78517,하준호,KT,KT,26,,1,0,0,0,0,0,0,0,0,0,0,0,0,0,0,0,0,,,,0,0.0,0.0,0,0,0,,0,,,,0.0,0.0
2019,76249,민병헌,롯데,LT,1,0.304,101,420,369,52,112,24,2,9,167,43,1,3,42,0,5,55,9,0.453,0.379,0.832,32,0.289,0.333,35,90,115,0.78,5,0.76,3.6,0.149,61.5,0.284
2019,78513,전준우,롯데,LT,2,0.301,141,606,545,85,164,30,1,22,262,83,1,7,46,2,7,71,19,0.481,0.359,0.84,45,0.279,0.0,53,163,154,1.06,9,0.65,3.63,0.18,89.2,0.282
2019,77532,손아섭,롯데,LT,3,0.295,134,568,512,78,151,22,1,10,205,63,1,2,52,1,1,92,6,0.4,0.36,0.76,41,0.293,0.2,33,164,107,1.53,4,0.57,3.95,0.105,73.3,0.262
2019,71564,이대호,롯데,LT,4,0.285,135,549,485,48,138,23,1,16,211,88,0,7,47,4,10,65,19,0.435,0.355,0.79,38,0.29,0.0,40,146,143,1.02,7,0.72,3.58,0.151,72.5,0.269
2019,61204,김동한,롯데,LT,5,0.282,42,85,78,9,22,4,0,0,26,2,1,0,6,0,0,15,1,0.333,0.333,0.666,5,0.167,0.222,4,18,23,0.78,0,0.4,3.6,0.051,8.3,0.233
2019,63558,정준혁,롯데,LT,6,0.273,6,11,11,1,3,0,0,0,3,1,0,0,0,0,0,6,0,0.273,0.273,0.546,0,0.333,0.333,0,2,0,,0,0.0,4.27,0.0,0.7,0.191
2019,62556,신본기,롯데,LT,7,0.256,121,413,375,43,96,9,0,1,108,26,5,1,24,1,8,62,9,0.288,0.314,0.602,23,0.223,0.0,10,123,95,1.29,3,0.39,3.74,0.032,32.9,0.213
2019,61566,허일,롯데,LT,8,0.255,71,162,149,14,38,4,0,1,45,17,0,0,12,0,1,28,1,0.302,0.315,0.617,6,0.292,0.424,5,54,29,1.86,2,0.43,3.78,0.047,14.7,0.217
2019,69517,고승민,롯데,LT,9,0.253,30,89,83,7,21,6,2,0,31,6,1,1,4,0,0,16,1,0.373,0.284,0.657,5,0.357,0.0,8,20,27,0.74,1,0.25,3.49,0.12,8.6,0.221
2019,69530,아수아헤,롯데,LT,10,0.252,49,194,163,34,41,5,4,2,60,21,3,1,26,1,1,24,0,0.368,0.356,0.724,10,0.378,0.0,11,39,60,0.65,0,1.08,3.82,0.117,24.1,0.252
2019,77463,채태인,롯데,LT,11,0.251,59,182,167,11,42,11,0,5,68,29,0,2,11,1,2,45,5,0.407,0.302,0.709,10,0.255,0.182,16,39,43,0.91,1,0.24,3.63,0.156,19.7,0.238
2019,69569,윌슨,롯데,LT,12,0.251,68,268,231,21,58,15,0,9,100,37,0,1,31,0,5,60,8,0.433,0.351,0.784,16,0.274,0.25,24,49,65,0.75,5,0.52,3.89,0.182,33.9,0.266
2019,72546,문규현,롯데,LT,13,0.25,40,72,64,7,16,2,0,0,18,10,2,3,3,0,0,10,1,0.281,0.271,0.552,5,0.357,0.2,2,21,20,1.05,0,0.3,3.72,0.031,5.9,0.192
2019,76509,김문호,롯데,LT,14,0.243,51,109,103,6,25,7,0,0,32,4,1,1,4,0,0,30,1,0.311,0.269,0.58,6,0.095,0.182,7,29,20,1.45,0,0.13,4.05,0.068,8.5,0.199
2019,65515,강로한,롯데,LT,15,0.24,104,306,288,38,69,15,6,4,108,25,1,1,13,0,3,107,3,0.375,0.279,0.654,15,0.276,0.333,25,60,53,1.13,3,0.12,3.83,0.135,29.9,0.219
2019,67504,김정율,롯데,LT,16,0.235,11,37,34,0,8,3,0,0,11,1,0,0,1,0,2,14,2,0.324,0.297,0.621,1,0.333,0.0,3,7,5,1.4,1,0.07,4.3,0.088,2.5,0.215
2019,60523,정훈,롯데,LT,17,0.226,88,222,190,26,43,4,1,2,55,17,3,1,23,1,5,47,4,0.289,0.324,0.613,12,0.176,0.05,7,57,44,1.3,2,0.49,4.2,0.063,19.4,0.218
2019,64504,오윤석,롯데,LT,18,0.222,76,228,198,21,44,2,0,1,49,21,4,4,20,1,2,43,4,0.247,0.295,0.542,9,0.291,0.25,3,68,47,1.45,2,0.47,3.97,0.025,16.7,0.195
2019,64501,배성근,롯데,LT,19,0.205,36,48,44,4,9,1,0,0,10,2,0,0,4,0,0,13,0,0.227,0.271,0.498,1,0.182,0.0,1,15,7,2.14,0,0.31,4.02,0.023,3.0,0.179
2019,68525,한동희,롯데,LT,20,0.203,59,207,187,12,38,9,0,2,53,9,0,2,18,0,0,57,3,0.283,0.271,0.554,6,0.114,0.5,11,53,41,1.29,0,0.32,3.88,0.08,14.9,0.193
2019,66508,나경민,롯데,LT,21,0.2,45,49,45,10,9,0,2,0,13,7,0,0,3,0,1,12,0,0.289,0.265,0.554,0,0.333,0.0,2,15,9,1.67,0,0.25,4.2,0.089,4.0,0.192
2019,64022,안중열,롯데,LT,22,0.191,73,145,136,10,26,6,1,2,40,4,1,0,6,0,2,41,2,0.294,0.236,0.53,3,0.08,0.5,9,33,36,0.92,0,0.15,3.71,0.103,8.2,0.18
2019,62558,김준태,롯데,LT,23,0.159,43,104,88,10,14,3,0,0,17,8,2,0,12,0,2,23,1,0.193,0.275,0.468,1,0.222,0.0,3,27,24,1.13,0,0.52,4.1,0.034,5.3,0.172
2019,76100,이병규,롯데,LT,24,0.158,8,22,19,1,3,2,0,0,5,0,0,0,2,0,1,7,1,0.263,0.273,0.536,1,0.0,0.0,2,3,6,0.5,0,0.29,3.82,0.105,1.1,0.189
2019,68518,정보근,롯데,LT,25,0.125,15,35,32,3,4,0,0,0,4,1,0,0,2,0,1,10,2,0.125,0.2,0.325,0,0.167,0.0,0,10,8,1.25,0,0.2,3.77,0.0,-0.3,0.121
2019,67539,나균안,롯데,LT,26,0.124,104,209,185,12,23,4,0,3,36,13,7,2,9,0,6,88,5,0.195,0.188,0.383,4,0.098,0.0,7,44,32,1.38,1,0.1,4.11,0.07,4.2,0.133
2019,63593,조홍석,롯데,LT,27,0.117,42,65,60,8,7,2,1,0,11,5,0,1,4,0,0,14,1,0.183,0.169,0.352,1,0.118,0.0,3,22,18,1.22,1,0.29,3.77,0.067,1.1,0.122
2019,69508,신윤후,롯데,LT,28,0.1,17,20,20,4,2,0,0,1,5,2,0,0,0,0,0,4,0,0.25,0.1,0.35,0,0.0,0.0,1,9,5,1.8,0,0.0,3.25,0.15,0.3,0.108
2019,65586,전병우,롯데,LT,29,0.098,29,55,51,2,5,1,0,0,6,0,1,0,3,0,0,22,0,0.118,0.148,0.266,0,0.0,0.0,1,6,18,0.33,0,0.14,3.75,0.02,-0.5,0.096
2019,72523,고효준,롯데,LT,30,,1,0,0,0,0,0,0,0,0,0,0,0,0,0,0,0,0,,,,0,0.0,0.0,0,0,0,,0,,,,0.0,0.0
2019,63543,구승민,롯데,LT,30,,2,0,0,0,0,0,0,0,0,0,0,0,0,0,0,0,0,,,,0,0.0,0.0,0,0,0,,0,,,,0.0,0.0
2019,61591,김사훈,롯데,LT,30,0.0,3,1,1,0,0,0,0,0,0,0,0,0,0,0,0,0,0,0.0,0.0,0.0,0,0.0,0.0,0,1,0,,0,,4.0,0.0,-0.1,0.0
2019,60559,박시영,롯데,LT,30,,3,0,0,0,0,0,0,0,0,0,0,0,0,0,0,0,0,,,,0,0.0,0.0,0,0,0,,0,,,,0.0,0.0
2019,63512,박진형,롯데,LT,30,,2,0,0,0,0,0,0,0,0,0,0,0,0,0,0,0,0,,,,0,0.0,0.0,0,0,0,,0,,,,0.0,0.0
2019,75321,손승락,롯데,LT,30,,2,0,0,0,0,0,0,0,0,0,0,0,0,0,0,0,0,,,,0,0.0,0.0,0,0,0,,0,,,,0.0,0.0
2019,79293,오현택,롯데,LT,30,,1,0,0,0,0,0,0,0,0,0,0,0,0,0,0,0,0,,,,0,0.0,0.0,0,0,0,,0,,,,0.0,0.0
2019,66504,이찬건,롯데,LT,30,0.0,2,2,2,0,0,0,0,0,0,0,0,0,0,0,0,2,0,0.0,0.0,0.0,0,0.0,0.0,0,0,0,,0,0.0,4.5,0.0,-0.2,0.0
2019,68556,정성종,롯데,LT,30,0.0,2,1,1,0,0,0,0,0,0,0,0,0,0,0,0,0,0,0.0,0.0,0.0,0,0.0,0.0,0,0,1,0.0,0,,2.0,0.0,-0.1,0.0
2019,64718,최설우,롯데,LT,30,,1,0,0,0,0,0,0,0,0,0,0,0,0,0,0,0,0,,,,0,0.0,0.0,0,0,0,,0,,,,0.0,0.0
2019,78566,황진수,롯데,LT,30,0.0,6,4,3,1,0,0,0,0,0,0,0,0,1,0,0,2,0,0.0,0.25,0.25,0,0.0,0.0,0,1,0,,0,0.5,4.75,0.0,0.1,0.113
2019,79608,안치홍,KIA,HT,1,0.315,105,408,362,45,114,18,1,5,149,49,0,5,40,1,1,37,9,0.412,0.38,0.792,32,0.234,0.2,24,107,109,0.98,5,1.08,3.56,0.097,56.0,0.274
2019,69652,터커,KIA,HT,2,0.311,95,399,357,50,111,33,0,9,171,50,0,1,38,0,3,44,12,0.479,0.381,0.86,29,0.293,0.0,42,98,105,0.93,10,0.86,3.97,0.168,58.6,0.291
2019,62908,황윤호,KIA,HT,3,0.301,57,130,123,9,37,5,2,1,49,9,1,1,5,0,0,12,2,0.398,0.326,0.724,7,0.182,0.333,8,33,42,0.79,0,0.42,3.27,0.098,14.9,0.246
2019,72443,최형우,KIA,HT,4,0.3,136,555,456,65,137,31,1,17,221,86,0,7,85,6,7,77,13,0.485,0.413,0.898,38,0.263,0.0,49,115,134,0.86,10,1.1,4.06,0.184,90.7,0.307
2019,68646,한준수,KIA,HT,5,0.3,7,20,20,2,6,2,0,0,8,2,0,0,0,0,0,2,2,0.4,0.3,0.7,2,0.4,0.0,2,10,2,5.0,0,0.0,3.15,0.1,1.4,0.235
2019,70410,김주찬,KIA,HT,6,0.3,100,363,337,35,101,16,0,3,126,32,1,3,17,3,5,44,6,0.374,0.34,0.714,30,0.25,0.143,19,85,110,0.77,3,0.39,3.39,0.074,41.6,0.247
2019,78603,김선빈,KIA,HT,7,0.292,121,447,394,55,115,22,0,3,146,40,5,4,43,0,1,26,7,0.371,0.36,0.731,32,0.297,0.5,25,136,121,1.12,4,1.65,3.7,0.079,53.5,0.255
2019,62265,유민상,KIA,HT,8,0.291,61,202,175,23,51,15,0,5,81,26,0,0,24,0,3,35,6,0.463,0.386,0.849,13,0.341,0.375,20,54,35,1.54,2,0.69,3.68,0.171,29.0,0.289
2019,67644,이정훈,KIA,HT,9,0.286,7,15,14,0,4,1,0,0,5,3,0,1,0,0,0,1,2,0.357,0.267,0.624,1,0.286,0.0,1,6,4,1.5,0,0.0,3.8,0.071,0.9,0.209
2019,65464,최정용,KIA,HT,9,0.286,8,21,21,4,6,0,0,0,6,1,0,0,0,0,0,10,0,0.286,0.286,0.572,2,0.25,0.5,0,4,1,4.0,0,0.0,3.71,0.0,1.6,0.2
2019,64560,이창진,KIA,HT,11,0.27,133,470,400,57,108,25,1,6,153,48,4,5,57,0,4,92,8,0.383,0.363,0.746,27,0.267,0.333,32,82,123,0.67,4,0.62,3.93,0.113,57.3,0.259
2019,64646,박찬호,KIA,HT,12,0.26,133,541,504,60,131,15,4,2,160,49,5,2,26,0,4,83,8,0.317,0.3,0.617,36,0.308,0.0,21,173,119,1.45,4,0.31,3.88,0.058,51.9,0.214
2019,76368,유재신,KIA,HT,13,0.255,71,59,51,17,13,2,1,0,17,6,1,1,6,0,0,12,1,0.333,0.328,0.661,0,0.3,0.2,3,12,15,0.8,0,0.5,3.97,0.078,5.8,0.231
2019,66615,류승현,KIA,HT,14,0.253,57,163,150,14,38,8,1,0,48,14,0,0,9,0,4,29,3,0.32,0.313,0.633,8,0.222,0.417,9,42,41,1.02,2,0.31,3.99,0.067,14.2,0.221
2019,78643,백용환,KIA,HT,15,0.234,28,51,47,3,11,2,0,2,19,6,0,0,3,0,1,14,0,0.404,0.294,0.698,1,0.231,0.222,4,3,19,0.16,0,0.21,3.57,0.17,5.8,0.233
2019,70756,이범호,KIA,HT,16,0.231,19,31,26,1,6,1,0,1,10,5,0,2,3,0,0,3,1,0.385,0.29,0.675,0,0.25,0.167,2,7,12,0.58,1,1.0,3.23,0.154,3.7,0.227
2019,63636,고장혁,KIA,HT,17,0.226,22,32,31,2,7,0,1,0,9,3,0,0,0,0,1,8,1,0.29,0.25,0.54,2,0.2,0.0,1,10,6,1.67,0,0.0,3.97,0.065,1.5,0.185
2019,63722,한승택,KIA,HT,18,0.223,105,288,251,22,56,9,1,3,76,27,7,2,27,1,1,82,8,0.303,0.299,0.602,11,0.294,0.333,13,59,56,1.05,3,0.33,4.16,0.08,22.8,0.21
2019,63260,이우성,KIA,HT,19,0.219,60,168,151,19,33,4,0,6,55,22,1,2,12,0,2,40,3,0.364,0.281,0.645,7,0.239,0.313,10,41,39,1.05,2,0.3,3.77,0.146,16.5,0.217
2019,66662,신범수,KIA,HT,20,0.211,39,65,57,4,12,5,0,2,23,7,0,0,7,0,1,14,1,0.404,0.308,0.712,1,0.2,0.231,7,13,18,0.72,0,0.5,3.6,0.193,7.2,0.24
2019,60605,홍재호,KIA,HT,20,0.211,10,20,19,2,4,0,0,0,4,0,0,0,1,0,0,5,1,0.211,0.25,0.461,1,0.5,0.5,0,4,6,0.67,0,0.2,4.1,0.0,0.6,0.165
2019,65610,황대인,KIA,HT,22,0.2,12,28,25,0,5,2,0,0,7,0,0,0,1,0,2,8,0,0.28,0.286,0.566,2,0.0,0.0,2,2,10,0.2,0,0.13,3.5,0.08,2.1,0.199
2019,66606,최원준,KIA,HT,23,0.198,90,255,232,33,46,11,3,1,66,18,2,1,16,0,4,51,4,0.284,0.261,0.545,7,0.232,0.083,15,74,62,1.19,2,0.31,3.81,0.086,16.8,0.188
2019,60648,이인행,KIA,HT,24,0.188,9,20,16,1,3,1,0,0,4,2,1,0,2,0,1,6,1,0.25,0.316,0.566,0,0.2,0.0,1,3,4,0.75,0,0.33,3.75,0.063,1.2,0.205
2019,78629,나지완,KIA,HT,25,0.186,56,153,129,12,24,5,0,6,47,17,0,2,19,1,3,37,3,0.364,0.301,0.665,4,0.139,0.059,11,24,46,0.52,1,0.51,4.03,0.178,16.0,0.226
2019,64657,박준태,KIA,HT,26,0.171,38,47,41,13,7,3,0,0,10,4,0,2,4,0,0,15,1,0.244,0.234,0.478,0,0.091,0.0,3,10,11,0.91,0,0.27,3.7,0.073,2.6,0.166
2019,62864,김민식,KIA,HT,27,0.167,53,116,96,6,16,2,0,0,18,14,0,2,15,0,3,29,1,0.188,0.293,0.481,1,0.167,0.143,2,22,31,0.71,0,0.52,4.39,0.021,7.9,0.179
2019,79113,문선재,KIA,HT,28,0.163,29,61,49,7,8,0,0,3,17,6,0,2,9,0,1,18,0,0.347,0.295,0.642,1,0.143,0.0,3,6,19,0.32,1,0.5,3.79,0.184,7.2,0.22
2019,69636,오선우,KIA,HT,29,0.151,27,57,53,5,8,1,1,1,14,4,0,0,3,0,1,24,0,0.264,0.211,0.475,2,0.143,0.143,3,11,10,1.1,0,0.13,3.72,0.113,2.8,0.161
2019,69605,해즐베이커,KIA,HT,30,0.146,11,46,41,5,6,2,0,2,14,5,0,0,4,0,1,18,0,0.341,0.239,0.58,0,0.154,0.0,4,9,8,1.13,2,0.22,4.0,0.195,3.6,0.193
2019,68614,오정환,KIA,HT,31,0.143,30,29,28,8,4,0,0,0,4,1,1,0,0,0,0,12,1,0.143,0.143,0.286,0,0.333,1.0,0,6,6,1.0,0,0.0,3.69,0.0,-1.2,0.1
2019,66657,이진영,KIA,HT,32,0.133,11,15,15,1,2,0,0,0,2,2,0,0,0,0,0,4,0,0.133,0.133,0.266,1,0.286,0.0,0,6,3,2.0,0,0.0,3.87,0.0,-0.2,0.093
2019,63628,고영창,KIA,HT,33,,1,0,0,0,0,0,0,0,0,0,0,0,0,0,0,0,0,,,,0,0.0,0.0,0,0,0,,0,,,,0.0,0.0
2019,76350,김세현,KIA,HT,33,,1,0,0,0,0,0,0,0,0,0,0,0,0,0,0,0,0,,,,0,0.0,0.0,0,0,0,,0,,,,0.0,0.0
2019,65643,문경찬,KIA,HT,33,0.0,2,1,1,0,0,0,0,0,0,0,0,0,0,0,0,1,0,0.0,0.0,0.0,0,0.0,0.0,0,0,0,,0,0.0,3.0,0.0,-0.1,0.0
2019,69646,양승철,KIA,HT,33,,1,0,0,0,0,0,0,0,0,0,0,0,0,0,0,0,0,,,,0,0.0,0.0,0,0,0,,0,,,,0.0,0.0
2019,62668,윤해진,KIA,HT,33,0.0,2,3,3,0,0,0,0,0,0,0,0,0,0,0,0,1,0,0.0,0.0,0.0,0,0.0,0.0,0,1,1,1.0,0,0.0,2.67,0.0,-0.3,0.0
2019,65616,이민우,KIA,HT,33,,1,0,0,0,0,0,0,0,0,0,0,0,0,0,0,0,0,,,,0,0.0,0.0,0,0,0,,0,,,,0.0,0.0
2019,60634,임기준,KIA,HT,33,,1,0,0,0,0,0,0,0,0,0,0,0,0,0,0,0,0,,,,0,0.0,0.0,0,0,0,,0,,,,0.0,0.0
2019,69645,장유호,KIA,HT,33,,1,0,0,0,0,0,0,0,0,0,0,0,0,0,0,0,0,,,,0,0.0,0.0,0,0,0,,0,,,,0.0,0.0
2019,66609,전상현,KIA,HT,33,,1,0,0,0,0,0,0,0,0,0,0,0,0,0,0,0,0,,,,0,0.0,0.0,0,0,0,,0,,,,0.0,0.0
2019,62893,최정민,KIA,HT,33,0.0,4,5,5,0,0,0,0,0,0,0,0,0,0,0,0,2,0,0.0,0.0,0.0,0,0.0,0.0,0,3,0,,0,0.0,3.6,0.0,-0.5,0.0
2019,69209,페르난데스,두산,OB,1,0.344,144,645,572,87,197,34,0,15,276,88,0,6,61,4,6,54,16,0.483,0.409,0.892,63,0.313,0.5,49,169,158,1.07,12,1.13,3.49,0.138,104.2,0.305
2019,79215,박건우,두산,OB,2,0.319,127,537,458,83,146,27,5,10,213,64,1,11,60,0,7,57,23,0.465,0.397,0.862,45,0.284,0.333,42,127,139,0.91,8,1.05,3.83,0.146,82.1,0.295
2019,63440,이흥련,두산,OB,3,0.31,27,44,42,3,13,2,1,0,17,5,0,0,2,0,0,12,1,0.405,0.341,0.746,2,0.222,0.222,3,11,6,1.83,0,0.17,3.64,0.095,5.1,0.255
2019,75334,오재일,두산,OB,4,0.293,130,529,467,76,137,29,1,21,231,102,0,4,55,1,3,99,5,0.495,0.369,0.864,39,0.344,0.0,51,76,159,0.48,13,0.56,3.73,0.201,84.0,0.29
2019,79240,허경민,두산,OB,5,0.288,133,540,475,71,137,25,1,4,176,60,3,11,34,2,17,36,16,0.371,0.35,0.721,37,0.324,1.0,30,148,165,0.9,9,0.94,3.5,0.082,63.4,0.25
2019,78224,김재환,두산,OB,6,0.283,136,574,495,76,140,20,5,15,215,91,0,11,63,5,5,113,7,0.434,0.362,0.796,34,0.3,0.25,40,111,142,0.78,11,0.56,3.57,0.152,82.7,0.271
2019,62244,박세혁,두산,OB,7,0.279,137,505,441,58,123,19,9,4,172,63,10,6,41,1,7,68,5,0.39,0.345,0.735,29,0.291,0.0,32,135,121,1.12,7,0.6,3.78,0.111,62.9,0.253
2019,76267,최주환,두산,OB,8,0.277,87,325,285,27,79,13,0,4,104,47,0,11,28,0,1,35,10,0.365,0.332,0.697,23,0.281,0.25,17,60,122,0.49,4,0.8,4.1,0.088,37.5,0.241
2019,74206,김재호,두산,OB,9,0.268,130,470,377,51,101,22,0,4,135,48,8,11,67,3,7,58,10,0.358,0.379,0.737,22,0.257,0.5,26,84,145,0.58,7,1.16,3.86,0.09,59.0,0.26
2019,79231,정수빈,두산,OB,10,0.265,123,513,441,75,117,19,5,0,146,41,4,5,57,0,6,60,6,0.331,0.354,0.685,30,0.245,0.5,24,145,124,1.17,5,0.95,3.98,0.066,59.1,0.242
2019,62234,류지혁,두산,OB,11,0.25,118,316,276,36,69,6,2,0,79,34,6,3,24,0,7,40,6,0.286,0.323,0.609,19,0.263,0.25,8,93,77,1.21,3,0.6,3.52,0.036,29.3,0.217
2019,63257,김인태,두산,OB,12,0.233,26,70,60,6,14,2,1,2,24,7,1,1,8,0,0,12,2,0.4,0.319,0.719,1,0.1,0.5,5,17,18,0.94,0,0.67,3.84,0.167,7.9,0.244
2019,67207,이유찬,두산,OB,13,0.231,25,13,13,6,3,0,0,0,3,1,0,0,0,0,0,3,0,0.231,0.231,0.462,0,0.286,0.0,0,3,4,0.75,0,0.0,3.23,0.0,1.5,0.162
2019,61208,정진호,두산,OB,14,0.208,66,110,96,13,20,0,0,1,23,3,3,0,11,0,0,24,2,0.24,0.29,0.53,4,0.2,0.2,1,27,25,1.08,1,0.46,3.77,0.031,7.3,0.191
2019,64086,신성현,두산,OB,15,0.195,35,54,41,9,8,0,0,1,11,6,0,2,10,0,1,14,0,0.268,0.352,0.62,1,0.188,0.333,1,9,12,0.75,0,0.71,3.74,0.073,6.3,0.225
2019,64260,김경호,두산,OB,16,0.192,32,27,26,4,5,1,0,0,6,2,1,0,0,0,0,7,0,0.231,0.192,0.423,0,0.125,0.25,1,5,9,0.56,0,0.0,3.37,0.038,0.8,0.144
2019,61104,정병곤,두산,OB,17,0.185,20,31,27,6,5,1,0,0,6,4,0,0,2,0,2,4,2,0.222,0.29,0.512,0,0.333,0.0,1,10,8,1.25,0,0.5,3.55,0.037,1.3,0.186
2019,79290,국해성,두산,OB,18,0.171,21,41,35,2,6,3,0,0,9,2,0,0,5,0,1,13,3,0.257,0.293,0.55,1,0.111,0.167,3,7,9,0.78,0,0.38,4.46,0.086,1.9,0.196
2019,63202,장승현,두산,OB,19,0.171,35,46,41,3,7,2,0,0,9,3,0,1,3,0,1,13,0,0.22,0.239,0.459,1,0.0,0.0,2,10,12,0.83,0,0.23,4.15,0.049,2.5,0.163
2019,63559,백동훈,두산,OB,20,0.17,41,52,47,8,8,2,0,0,10,2,0,0,4,0,1,16,0,0.213,0.25,0.463,2,0.083,0.0,2,12,11,1.09,0,0.25,3.48,0.043,2.2,0.166
2019,77248,오재원,두산,OB,21,0.164,98,204,177,30,29,8,1,3,48,18,2,0,25,0,0,50,3,0.271,0.267,0.538,3,0.212,0.091,12,51,47,1.09,0,0.5,3.91,0.107,13.8,0.188
2019,72447,권혁,두산,OB,22,,1,0,0,0,0,0,0,0,0,0,0,0,0,0,0,0,0,,,,0,0.0,0.0,0,0,0,,0,,,,0.0,0.0
2019,69238,김대한,두산,OB,22,0.0,19,18,15,4,0,0,0,0,0,0,0,0,3,0,0,9,0,0.0,0.167,0.167,0,0.0,0.0,0,2,4,0.5,0,0.33,4.33,0.0,-0.4,0.075
2019,73248,김승회,두산,OB,22,,1,0,0,0,0,0,0,0,0,0,0,0,0,0,0,0,0,,,,0,0.0,0.0,0,0,0,,0,,,,0.0,0.0
2019,69207,김태근,두산,OB,22,,9,0,0,2,0,0,0,0,0,0,0,0,0,0,0,0,0,,,,0,0.0,0.0,0,0,0,,0,,,,-0.5,0.0
2019,67202,박유연,두산,OB,22,0.0,2,1,1,0,0,0,0,0,0,0,0,0,0,0,0,1,0,0.0,0.0,0.0,0,0.0,0.0,0,0,0,,0,0.0,4.0,0.0,-0.1,0.0
2019,70425,배영수,두산,OB,22,,2,0,0,0,0,0,0,0,0,0,0,0,0,0,0,0,0,,,,0,0.0,0.0,0,0,0,,0,,,,0.0,0.0
2019,66203,서예일,두산,OB,22,0.0,7,3,3,0,0,0,0,0,0,0,0,0,0,0,0,0,0,0.0,0.0,0.0,0,0.0,0.0,0,2,1,2.0,0,,4.33,0.0,-0.3,0.0
2019,69203,송승환,두산,OB,22,0.0,2,2,2,0,0,0,0,0,0,0,0,0,0,0,0,1,0,0.0,0.0,0.0,0,0.0,0.0,0,0,1,0.0,0,0.0,3.5,0.0,-0.2,0.0
2019,66291,이영하,두산,OB,22,,1,0,0,0,0,0,0,0,0,0,0,0,0,0,0,0,0,,,,0,0.0,0.0,0,0,0,,0,,,,0.0,0.0
2019,68205,전민재,두산,OB,22,,2,0,0,0,0,0,0,0,0,0,0,0,0,0,0,0,0,,,,0,0.0,0.0,0,0,0,,0,,,,0.0,0.0
2019,63248,함덕주,두산,OB,22,,1,0,0,0,0,0,0,0,0,0,0,0,0,0,0,0,0,,,,0,0.0,0.0,0,0,0,,0,,,,0.0,0.0
2019,67341,이정후,키움,WO,1,0.336,140,630,574,91,193,31,10,6,262,68,3,4,45,0,4,40,15,0.456,0.386,0.842,67,0.307,0.4,47,167,178,0.94,6,1.13,3.72,0.12,92.6,0.288
2019,64300,김하성,키움,WO,2,0.307,139,625,540,112,166,38,2,19,265,104,1,7,70,4,7,80,12,0.491,0.389,0.88,48,0.364,1.0,59,113,188,0.6,10,0.88,3.75,0.183,104.7,0.298
2019,68345,샌즈,키움,WO,3,0.305,139,613,525,100,160,39,1,28,285,113,0,5,77,1,6,101,17,0.543,0.396,0.939,47,0.302,0.0,68,112,157,0.71,14,0.76,3.81,0.238,105.0,0.314
2019,78168,서건창,키움,WO,4,0.3,113,486,426,67,128,23,3,2,163,41,3,5,49,1,3,50,5,0.383,0.373,0.756,35,0.344,0.333,28,125,128,0.98,2,0.98,3.73,0.082,65.2,0.264
2019,79365,박동원,키움,WO,5,0.297,112,361,317,50,94,15,1,10,141,55,7,1,34,0,2,56,10,0.445,0.367,0.812,23,0.337,0.364,26,81,87,0.93,4,0.61,3.73,0.148,49.1,0.276
2019,79456,이지영,키움,WO,6,0.282,106,331,308,40,87,5,1,1,97,39,6,1,15,1,1,28,14,0.315,0.317,0.632,23,0.308,0.313,7,132,62,2.13,5,0.54,3.59,0.032,27.3,0.221
2019,75125,박병호,키움,WO,7,0.28,122,532,432,92,121,22,0,33,242,98,0,9,78,5,13,117,7,0.56,0.398,0.958,31,0.291,0.5,55,85,118,0.72,13,0.67,4.11,0.28,98.3,0.319
2019,67304,김혜성,키움,WO,8,0.276,122,387,348,57,96,16,7,0,126,32,4,4,29,1,2,85,4,0.362,0.332,0.694,22,0.271,0.0,23,99,72,1.38,5,0.34,3.63,0.086,45.2,0.24
2019,65898,김웅빈,키움,WO,9,0.273,4,11,11,1,3,1,0,0,4,3,0,0,0,0,0,2,2,0.364,0.273,0.637,1,0.4,0.0,1,4,2,2.0,2,0.0,3.73,0.091,0.2,0.214
2019,79300,김지수,키움,WO,10,0.267,69,32,30,3,8,2,0,0,10,3,0,0,2,0,0,7,1,0.333,0.313,0.646,0,0.5,0.0,2,5,10,0.5,0,0.29,4.0,0.067,2.7,0.224
2019,62356,김규민,키움,WO,11,0.248,94,250,222,33,55,8,1,3,74,24,0,2,22,0,4,68,4,0.333,0.324,0.657,13,0.212,0.5,12,54,47,1.15,1,0.32,3.75,0.086,24.2,0.229
2019,79334,장영석,키움,WO,12,0.247,119,413,372,41,92,15,0,7,128,62,0,5,27,0,9,77,14,0.344,0.31,0.654,22,0.287,0.143,22,103,105,0.98,6,0.35,4.04,0.097,39.0,0.226
2019,64346,임병욱,키움,WO,13,0.243,117,419,379,39,92,17,5,0,119,41,6,0,23,0,11,110,6,0.314,0.305,0.619,21,0.267,0.0,22,104,73,1.42,5,0.21,3.75,0.071,36.5,0.216
2019,65399,허정협,키움,WO,14,0.235,37,77,68,3,16,1,0,0,17,8,0,1,7,0,1,19,1,0.25,0.312,0.562,2,0.3,0.1,1,14,20,0.7,2,0.37,3.77,0.015,6.1,0.203
2019,65357,송성문,키움,WO,15,0.227,103,335,308,33,70,12,5,3,101,34,4,4,19,0,0,53,7,0.328,0.269,0.597,17,0.229,0.235,20,81,108,0.75,4,0.36,3.72,0.101,26.9,0.203
2019,66354,주효상,키움,WO,16,0.207,18,30,29,3,6,2,1,0,10,5,0,0,1,0,0,7,0,0.345,0.233,0.578,0,0.2,0.333,3,4,12,0.33,1,0.14,4.13,0.138,2.2,0.191
2019,62353,박정음,키움,WO,17,0.197,60,88,71,13,14,2,1,0,18,7,1,0,11,0,5,31,1,0.254,0.345,0.599,3,0.32,0.0,3,15,11,1.36,0,0.35,4.09,0.056,7.2,0.219
2019,68330,예진원,키움,WO,18,0.167,2,8,6,1,1,1,0,0,2,1,0,0,2,0,0,3,0,0.333,0.375,0.708,0,0.5,0.0,1,1,1,1.0,0,0.67,4.13,0.167,0.9,0.252
2019,64340,임지열,키움,WO,19,0.133,11,18,15,0,2,1,0,0,3,3,1,0,1,0,1,7,1,0.2,0.235,0.435,0,0.25,0.25,1,5,1,5.0,0,0.14,4.28,0.067,0.3,0.156
2019,65304,김은성,키움,WO,20,0.125,5,10,8,1,1,0,0,0,1,0,0,0,2,0,0,2,1,0.125,0.3,0.425,0,0.0,0.0,0,2,3,0.67,0,1.0,4.7,0.0,0.2,0.166
2019,69306,김주형,키움,WO,21,0.0,3,1,1,0,0,0,0,0,0,0,0,0,0,0,0,0,0,0.0,0.0,0.0,0,0.0,0.0,0,0,1,0.0,0,,2.0,0.0,-0.1,0.0
2019,61456,윤영삼,키움,WO,21,,1,0,0,0,0,0,0,0,0,0,0,0,0,0,0,0,0,,,,0,0.0,0.0,0,0,0,,0,,,,0.0,0.0
2019,68362,추재현,키움,WO,21,0.0,1,1,1,0,0,0,0,0,0,0,0,0,0,0,0,0,0,0.0,0.0,0.0,0,0.0,0.0,0,0,1,0.0,0,,4.0,0.0,-0.1,0.0
2020,50150,손호영,LG,LG,1,0.367,23,31,30,9,11,2,0,0,13,3,0,0,1,0,0,6,2,0.433,0.387,0.82,3,0.5,0.0,2,5,8,0.63,0,0.17,3.29,0.067,4.7,0.282
2020,76290,김현수,LG,LG,2,0.331,142,619,547,98,181,35,2,22,286,119,0,7,63,7,2,53,9,0.523,0.397,0.92,51,0.446,0.0,59,153,167,0.92,16,1.19,3.8,0.192,106.7,0.309
2020,65207,신민재,LG,LG,3,0.308,68,32,26,26,8,1,0,0,9,5,2,0,4,0,0,4,1,0.346,0.4,0.746,1,0.4,0.0,1,13,1,13.0,1,1.0,3.69,0.038,4.4,0.267
2020,79109,오지환,LG,LG,4,0.3,141,591,527,95,158,41,7,10,243,71,5,5,45,1,9,116,4,0.461,0.362,0.823,41,0.293,0.333,58,123,135,0.91,3,0.39,4.1,0.161,86.9,0.278
2020,72133,박용택,LG,LG,5,0.3,97,236,217,22,65,15,0,2,86,35,0,4,15,1,0,34,7,0.396,0.339,0.735,12,0.328,0.25,17,57,65,0.88,3,0.44,3.67,0.097,28.0,0.252
2020,78135,이형종,LG,LG,6,0.296,81,323,287,41,85,17,2,17,157,50,0,2,27,1,7,61,7,0.547,0.368,0.915,23,0.288,0.143,36,54,89,0.61,3,0.44,3.83,0.251,54.4,0.302
2020,79192,채은성,LG,LG,7,0.293,109,464,416,59,122,17,2,15,188,88,0,7,32,1,9,69,12,0.452,0.351,0.803,35,0.352,0.2,34,114,118,0.97,9,0.46,3.73,0.159,63.9,0.271
2020,66108,홍창기,LG,LG,8,0.279,135,507,408,87,114,29,6,5,170,39,3,3,83,1,10,87,8,0.417,0.411,0.828,31,0.266,0.143,40,113,97,1.16,7,0.95,4.37,0.137,74.3,0.289
2020,50165,라모스,LG,LG,9,0.278,117,494,431,74,120,17,2,38,255,86,0,4,55,5,4,136,7,0.592,0.362,0.954,32,0.274,0.0,57,71,108,0.66,6,0.4,4.05,0.313,90.3,0.311
2020,78217,김용의,LG,LG,10,0.271,101,75,70,28,19,1,1,1,25,12,1,1,3,0,0,15,2,0.357,0.297,0.654,2,0.304,0.375,3,18,19,0.95,0,0.2,3.64,0.086,7.5,0.223
2020,64100,박재욱,LG,LG,11,0.267,15,17,15,0,4,0,0,0,4,1,1,0,0,0,1,4,2,0.267,0.313,0.58,1,0.333,0.0,0,6,1,6.0,0,0.0,3.06,0.0,0.6,0.208
2020,77564,김민성,LG,LG,12,0.266,87,333,297,29,79,20,0,5,114,47,4,4,24,2,4,66,8,0.384,0.325,0.709,20,0.321,0.0,25,59,97,0.61,5,0.36,3.96,0.118,36.5,0.242
2020,61102,유강남,LG,LG,13,0.261,137,478,429,51,112,18,0,16,178,74,2,2,32,1,13,84,18,0.415,0.33,0.745,23,0.352,0.375,34,117,118,0.99,9,0.38,3.6,0.154,55.0,0.252
2020,61186,이천웅,LG,LG,14,0.256,89,359,312,44,80,11,2,3,104,36,2,6,35,0,4,44,7,0.333,0.333,0.666,26,0.279,0.0,16,103,91,1.13,2,0.8,3.93,0.077,37.9,0.233
2020,65109,백승현,LG,LG,15,0.25,27,39,28,5,7,1,0,0,8,2,6,0,4,0,1,8,0,0.286,0.364,0.65,1,0.5,0.0,1,9,4,2.25,0,0.5,3.36,0.036,3.7,0.235
2020,79150,정주현,LG,LG,16,0.247,134,371,328,50,81,10,4,4,111,30,9,2,29,0,3,63,6,0.338,0.312,0.65,20,0.253,0.0,18,89,97,0.92,2,0.46,3.84,0.091,34.8,0.225
2020,64153,양석환,LG,LG,17,0.246,40,132,118,8,29,5,0,3,43,13,2,0,10,0,2,25,1,0.364,0.315,0.679,7,0.313,1.0,8,21,43,0.49,1,0.4,4.32,0.119,14.0,0.233
2020,66113,김호은,LG,LG,18,0.243,69,112,103,12,25,5,0,2,36,11,0,0,7,0,2,14,2,0.35,0.304,0.654,4,0.276,0.235,7,29,35,0.83,2,0.5,3.68,0.107,10.7,0.224
2020,75808,정근우,LG,LG,19,0.24,72,177,154,23,37,4,0,1,44,14,3,1,17,1,2,23,4,0.286,0.322,0.608,6,0.209,0.231,5,48,47,1.02,3,0.74,3.49,0.045,15.6,0.216
2020,71184,이성우,LG,LG,20,0.234,72,88,77,7,18,1,0,3,28,11,5,0,6,0,0,14,3,0.364,0.289,0.653,3,0.316,0.0,4,28,17,1.65,2,0.43,3.88,0.13,7.7,0.221
2020,64115,장준원,LG,LG,21,0.217,46,68,60,10,13,3,0,1,19,6,1,1,6,0,0,7,2,0.317,0.284,0.601,3,0.154,1.0,4,23,18,1.28,1,0.86,3.74,0.1,5.5,0.207
2020,78361,전민수,LG,LG,22,0.2,4,6,5,0,1,0,0,0,1,0,0,0,1,0,0,2,0,0.2,0.333,0.533,0,0.0,0.0,0,0,2,0.0,0,0.5,5.33,0.0,0.5,0.2
2020,69100,구본혁,LG,LG,23,0.163,125,98,86,20,14,0,1,1,19,7,3,0,7,0,2,18,2,0.221,0.242,0.463,3,0.208,0.0,2,28,26,1.08,0,0.39,3.56,0.058,4.3,0.164
2020,68106,이재원,LG,LG,24,0.05,16,22,20,1,1,0,0,0,1,0,0,0,2,0,0,11,0,0.05,0.136,0.186,0,0.0,0.0,0,4,4,1.0,0,0.18,3.5,0.0,-0.6,0.074
2020,66145,김대현,LG,LG,25,,1,0,0,0,0,0,0,0,0,0,0,0,0,0,0,0,0,,,,0,0.0,0.0,0,0,0,,0,,,,0.0,0.0
2020,69104,남호,LG,LG,25,,1,0,0,0,0,0,0,0,0,0,0,0,0,0,0,0,0,,,,0,0.0,0.0,0,0,0,,0,,,,0.0,0.0
2020,63103,류원석,LG,LG,25,,1,0,0,0,0,0,0,0,0,0,0,0,0,0,0,0,0,,,,0,0.0,0.0,0,0,0,,0,,,,0.0,0.0
2020,65136,박지규,LG,LG,25,,4,0,0,0,0,0,0,0,0,0,0,0,0,0,0,0,0,,,,0,0.0,0.0,0,0,0,,0,,,,0.0,0.0
2020,78819,백청훈,LG,LG,25,,1,0,0,0,0,0,0,0,0,0,0,0,0,0,0,0,0,,,,0,0.0,0.0,0,0,0,,0,,,,0.0,0.0
2020,73801,송은범,LG,LG,25,,4,0,0,0,0,0,0,0,0,0,0,0,0,0,0,0,0,,,,0,0.0,0.0,0,0,0,,0,,,,0.0,0.0
2020,61145,이우찬,LG,LG,25,,1,0,0,0,0,0,0,0,0,0,0,0,0,0,0,0,0,,,,0,0.0,0.0,0,0,0,,0,,,,0.0,0.0
2020,69134,이정용,LG,LG,25,,1,0,0,0,0,0,0,0,0,0,0,0,0,0,0,0,0,,,,0,0.0,0.0,0,0,0,,0,,,,0.0,0.0
2020,67164,이찬혁,LG,LG,25,,1,0,0,0,0,0,0,0,0,0,0,0,0,0,0,0,0,,,,0,0.0,0.0,0,0,0,,0,,,,0.0,0.0
2020,69159,정우영,LG,LG,25,,2,0,0,0,0,0,0,0,0,0,0,0,0,0,0,0,0,,,,0,0.0,0.0,0,0,0,,0,,,,0.0,0.0
2020,76650,진해수,LG,LG,25,,1,0,0,0,0,0,0,0,0,0,0,0,0,0,0,0,0,,,,0,0.0,0.0,0,0,0,,0,,,,0.0,0.0
2020,79140,최동환,LG,LG,25,,3,0,0,0,0,0,0,0,0,0,0,0,0,0,0,0,0,,,,0,0.0,0.0,0,0,0,,0,,,,0.0,0.0
2020,62146,최성훈,LG,LG,25,,3,0,0,0,0,0,0,0,0,0,0,0,0,0,0,0,0,,,,0,0.0,0.0,0,0,0,,0,,,,0.0,0.0
2020,63913,최재원,LG,LG,25,0.0,6,6,6,0,0,0,0,0,0,0,0,0,0,0,0,4,1,0.0,0.0,0.0,0,0.0,0.0,0,2,0,,0,0.0,5.17,0.0,-0.9,0.0
2020,64101,한석현,LG,LG,25,0.0,9,3,2,3,0,0,0,0,0,0,0,0,1,0,0,1,0,0.0,0.333,0.333,0,0.0,0.0,0,1,0,,0,1.0,5.33,0.0,0.3,0.15
2020,69706,허관회,한화,HH,1,0.5,1,2,2,0,1,0,0,0,1,0,0,0,0,0,0,1,0,0.5,0.5,1.0,0,0.0,0.0,0,0,0,,0,0.0,3.5,0.0,0.4,0.35
2020,69702,김건,한화,HH,2,0.4,4,5,5,2,2,0,0,0,2,0,0,0,0,0,0,1,0,0.4,0.4,0.8,0,1.0,0.0,0,1,1,1.0,0,0.0,3.6,0.0,0.7,0.28
2020,76158,최승준,한화,HH,3,0.333,2,4,3,1,1,0,0,0,1,1,0,0,0,0,1,2,0,0.333,0.5,0.833,0,0.5,0.0,0,0,0,,0,0.0,4.0,0.0,0.6,0.308
2020,78288,최재훈,한화,HH,4,0.301,126,389,339,46,102,19,0,3,130,36,5,0,29,0,16,44,7,0.383,0.383,0.766,19,0.325,0.3,22,91,102,0.89,3,0.66,3.85,0.083,49.2,0.268
2020,74163,이용규,한화,HH,5,0.286,120,487,419,60,120,14,2,1,141,32,2,1,59,0,6,36,9,0.337,0.381,0.718,31,0.294,0.0,17,139,125,1.11,2,1.64,4.25,0.05,57.6,0.256
2020,62700,하주석,한화,HH,6,0.286,72,281,262,22,75,11,0,2,92,32,2,2,13,0,2,66,3,0.351,0.323,0.674,20,0.306,0.0,13,72,51,1.41,3,0.2,3.59,0.065,29.7,0.233
2020,61554,김민하,한화,HH,7,0.284,36,85,74,10,21,6,0,1,30,11,1,0,8,0,2,16,2,0.405,0.369,0.774,6,0.368,0.2,7,21,16,1.31,1,0.5,3.82,0.122,10.6,0.267
2020,50709,박정현,한화,HH,8,0.279,30,64,61,6,17,3,0,1,23,9,0,0,3,0,0,17,2,0.377,0.313,0.69,2,0.235,0.417,4,16,11,1.45,0,0.18,3.36,0.098,6.3,0.235
2020,61208,정진호,한화,HH,9,0.277,113,326,282,30,78,14,1,2,100,19,10,2,29,1,3,50,5,0.355,0.348,0.703,16,0.192,0.348,17,88,68,1.29,3,0.58,3.75,0.078,35.2,0.245
2020,60343,이해창,한화,HH,10,0.269,70,135,119,11,32,5,0,3,46,17,1,2,9,0,4,23,6,0.387,0.336,0.723,6,0.391,0.333,8,32,34,0.94,1,0.39,3.61,0.118,14.2,0.248
2020,50730,반즈,한화,HH,11,0.265,74,319,283,38,75,17,1,9,121,42,0,2,27,1,7,81,4,0.428,0.342,0.77,23,0.348,0.0,27,55,74,0.74,6,0.33,3.88,0.163,41.6,0.261
2020,63704,노수광,한화,HH,12,0.251,100,330,291,39,73,10,3,1,92,21,2,1,34,2,2,64,2,0.316,0.332,0.648,20,0.219,0.385,14,83,72,1.15,3,0.53,3.99,0.065,32.6,0.228
2020,68743,정은원,한화,HH,13,0.248,79,303,254,28,63,9,2,3,85,29,2,1,41,0,5,41,4,0.335,0.362,0.697,17,0.232,0.333,14,78,73,1.07,3,1.0,4.34,0.087,34.3,0.247
2020,50707,최인호,한화,HH,14,0.236,47,135,127,8,30,0,0,0,30,8,1,2,4,0,1,34,3,0.236,0.261,0.497,7,0.226,0.222,0,33,32,1.03,0,0.12,3.85,0.0,7.4,0.176
2020,76753,송광민,한화,HH,15,0.235,94,298,277,31,65,12,0,9,104,43,1,3,14,1,3,69,17,0.375,0.276,0.651,14,0.27,0.125,21,80,66,1.21,1,0.2,3.52,0.141,24.5,0.218
2020,74729,최진행,한화,HH,16,0.234,84,240,214,23,50,5,0,8,79,30,0,3,18,0,5,59,11,0.369,0.304,0.673,11,0.212,0.292,13,56,52,1.08,3,0.31,4.18,0.136,23.2,0.229
2020,78756,오선진,한화,HH,17,0.234,93,222,197,17,46,4,0,2,56,17,6,0,16,0,3,39,10,0.284,0.301,0.585,7,0.188,0.0,6,61,51,1.2,1,0.41,3.76,0.051,14.5,0.206
2020,50704,임종찬,한화,HH,18,0.231,52,119,108,5,25,5,0,1,33,12,1,0,9,0,1,38,2,0.306,0.297,0.603,5,0.222,0.143,6,19,26,0.73,3,0.24,3.93,0.074,9.1,0.21
2020,61700,강경학,한화,HH,19,0.228,94,238,193,25,44,7,1,4,65,19,5,2,35,0,3,64,2,0.337,0.352,0.689,6,0.182,0.227,12,51,36,1.42,1,0.55,4.19,0.109,26.6,0.243
2020,62797,양성우,한화,HH,20,0.222,5,9,9,1,2,0,0,0,2,0,0,0,0,0,0,3,0,0.222,0.222,0.444,0,0.0,0.0,0,3,1,3.0,0,0.0,4.33,0.0,0.3,0.155
2020,69705,조한민,한화,HH,21,0.22,25,52,50,7,11,4,0,0,15,2,0,0,0,0,2,22,0,0.3,0.25,0.55,3,0.2,0.333,4,9,8,1.13,0,0.0,3.98,0.08,3.4,0.188
2020,69737,노시환,한화,HH,22,0.22,106,387,346,46,76,18,2,12,134,43,1,1,33,1,6,116,8,0.387,0.298,0.685,19,0.16,0.0,32,82,73,1.12,3,0.28,3.88,0.168,39.4,0.231
2020,71752,김태균,한화,HH,23,0.219,67,254,219,14,48,11,0,2,65,29,1,2,30,3,2,42,8,0.297,0.316,0.613,12,0.321,0.0,13,55,76,0.72,4,0.71,3.98,0.078,21.0,0.216
2020,76509,김문호,한화,HH,24,0.217,18,52,46,6,10,1,0,2,17,5,0,0,5,0,1,11,1,0.37,0.308,0.678,3,0.143,0.2,3,18,7,2.57,0,0.45,3.56,0.152,5.4,0.231
2020,66707,박상언,한화,HH,24,0.217,38,47,46,4,10,3,0,0,13,2,0,0,0,0,1,16,1,0.283,0.234,0.517,1,0.0,0.0,3,6,14,0.43,0,0.0,3.83,0.065,2.3,0.176
2020,64704,노태형,한화,HH,26,0.216,55,113,102,14,22,4,1,0,28,6,1,0,7,0,3,31,0,0.275,0.286,0.561,6,0.208,0.286,5,25,24,1.04,1,0.23,3.93,0.059,8.1,0.197
2020,65703,이도윤,한화,HH,27,0.208,14,25,24,3,5,1,0,0,6,1,0,0,1,0,0,6,0,0.25,0.24,0.49,0,0.2,0.0,1,7,6,1.17,1,0.17,3.96,0.042,1.3,0.17
2020,73136,이성열,한화,HH,28,0.203,79,248,227,23,46,5,0,8,75,34,0,0,16,0,5,69,4,0.33,0.27,0.6,8,0.194,0.368,13,59,53,1.11,1,0.23,3.7,0.128,20.3,0.204
2020,68730,호잉,한화,HH,29,0.194,34,134,124,12,24,4,0,4,40,14,0,0,9,0,1,34,4,0.323,0.254,0.577,7,0.214,0.0,8,23,43,0.53,0,0.26,3.63,0.129,9.2,0.195
2020,79705,김회성,한화,HH,30,0.167,15,25,18,1,3,1,0,0,4,1,2,1,3,0,1,6,2,0.222,0.304,0.526,0,0.0,0.0,1,5,5,1.0,0,0.5,4.16,0.056,1.4,0.192
2020,69766,유로결,한화,HH,30,0.167,30,46,42,3,7,1,0,0,8,0,0,0,4,0,0,18,0,0.19,0.239,0.429,2,0.2,0.0,1,13,4,3.25,0,0.22,4.09,0.024,1.5,0.155
2020,64209,정기훈,한화,HH,32,0.161,29,36,31,9,5,2,0,0,7,2,0,0,3,0,2,15,0,0.226,0.278,0.504,0,0.167,0.125,2,5,6,0.83,0,0.2,4.08,0.065,1.9,0.182
2020,65503,김지수,한화,HH,33,0.16,14,26,25,2,4,0,0,1,7,4,0,0,1,0,0,7,0,0.28,0.192,0.472,0,0.4,0.5,1,5,9,0.56,0,0.14,3.77,0.12,1.3,0.156
2020,66706,장진혁,한화,HH,34,0.156,19,37,32,2,5,0,1,0,7,1,0,0,5,0,0,6,0,0.219,0.27,0.489,0,0.182,0.0,1,8,13,0.62,0,0.83,4.05,0.063,2.3,0.176
2020,63703,박한결,한화,HH,35,0.15,13,24,20,5,3,0,0,0,3,1,2,0,2,0,0,8,2,0.15,0.227,0.377,1,0.2,0.0,0,2,7,0.29,0,0.25,3.42,0.0,-0.1,0.14
2020,63700,장운호,한화,HH,36,0.148,24,29,27,5,4,1,0,1,8,4,0,0,2,0,0,9,0,0.296,0.207,0.503,0,0.333,0.0,2,5,9,0.56,0,0.22,3.93,0.148,1.7,0.167
2020,66702,이시원,한화,HH,37,0.105,37,39,38,5,4,0,0,0,4,1,0,0,0,0,1,14,0,0.105,0.128,0.233,0,0.083,0.0,0,15,5,3.0,0,0.0,4.18,0.0,-0.8,0.084
2020,68701,김진욱,한화,HH,38,0.0,1,1,1,0,0,0,0,0,0,0,0,0,0,0,0,1,0,0.0,0.0,0.0,0,0.0,0.0,0,0,0,,0,0.0,3.0,0.0,-0.1,0.0
2020,74857,정우람,한화,HH,38,,1,0,0,0,0,0,0,0,0,0,0,0,0,0,0,0,0,,,,0,0.0,0.0,0,0,0,,0,,,,0.0,0.0
2020,64260,김경호,SSG,SK,1,0.286,56,110,105,17,30,3,1,0,35,9,1,1,3,0,0,16,2,0.333,0.303,0.636,7,0.278,0.143,4,36,24,1.5,0,0.19,3.35,0.048,8.9,0.22
2020,50848,김성민,SSG,SK,1,0.286,9,16,14,4,4,0,0,2,10,4,0,0,1,0,1,3,0,0.714,0.375,1.089,1,0.2,0.0,2,4,3,1.33,0,0.33,3.19,0.429,3.6,0.347
2020,61353,고종욱,SSG,SK,3,0.283,92,288,272,24,77,9,3,3,101,26,0,1,14,0,1,55,3,0.371,0.319,0.69,22,0.263,0.136,15,88,53,1.66,0,0.25,3.57,0.088,30.5,0.236
2020,67872,로맥,SSG,SK,4,0.282,139,586,485,85,137,32,0,32,265,91,0,4,91,5,6,116,5,0.546,0.399,0.945,35,0.316,0.0,64,87,149,0.58,4,0.78,4.15,0.264,105.6,0.316
2020,77463,채태인,SSG,SK,5,0.281,71,189,160,11,45,5,0,7,71,24,0,0,29,2,0,33,4,0.444,0.392,0.836,9,0.342,0.214,12,42,40,1.05,2,0.88,3.74,0.163,27.8,0.287
2020,60558,오태곤,SSG,SK,6,0.274,94,258,234,36,64,12,1,5,93,35,4,0,13,0,7,47,6,0.397,0.331,0.728,16,0.387,0.083,18,58,65,0.89,2,0.28,3.59,0.124,29.7,0.248
2020,76802,김성현,SSG,SK,7,0.271,133,392,343,34,93,9,1,2,110,25,11,3,30,0,5,27,10,0.321,0.336,0.657,23,0.236,0.333,12,104,122,0.85,3,1.11,3.26,0.05,37.8,0.231
2020,61743,오준혁,SSG,SK,8,0.27,70,161,148,19,40,7,0,3,56,18,0,1,11,1,1,34,1,0.378,0.323,0.701,9,0.233,0.25,10,37,38,0.97,2,0.32,3.86,0.108,17.4,0.24
2020,75847,최정,SSG,SK,9,0.27,133,553,452,90,122,22,0,33,243,96,0,6,75,1,20,98,7,0.538,0.392,0.93,32,0.276,0.5,55,76,162,0.47,12,0.77,3.93,0.268,98.7,0.311
2020,62884,최항,SSG,SK,10,0.265,47,155,132,21,35,3,0,2,44,15,0,1,21,1,1,27,3,0.333,0.368,0.701,6,0.229,0.333,5,34,37,0.92,1,0.78,4.01,0.068,17.9,0.249
2020,50854,최지훈,SSG,SK,11,0.258,127,520,466,66,120,19,5,1,152,27,8,3,38,0,5,80,4,0.326,0.318,0.644,30,0.218,1.0,25,139,130,1.07,1,0.48,3.87,0.069,51.9,0.225
2020,71837,김강민,SSG,SK,12,0.253,122,327,289,39,73,11,1,12,122,45,5,2,27,2,4,62,10,0.422,0.323,0.745,18,0.25,0.136,24,73,83,0.88,2,0.44,3.69,0.17,38.1,0.251
2020,64890,유서준,SSG,SK,13,0.25,28,25,24,10,6,1,0,1,10,2,0,0,1,0,0,7,2,0.417,0.28,0.697,0,0.0,0.333,2,8,3,2.67,0,0.14,3.76,0.167,1.9,0.23
2020,62895,한유섬,SSG,SK,14,0.249,62,231,193,35,48,5,0,15,98,31,0,2,30,1,6,49,8,0.508,0.364,0.872,12,0.154,0.429,20,44,54,0.81,2,0.61,4.11,0.259,36.0,0.291
2020,67893,박성한,SSG,SK,15,0.242,41,112,99,7,24,2,0,2,32,8,1,0,11,0,1,21,1,0.323,0.324,0.647,4,0.235,0.0,4,30,24,1.25,1,0.52,4.21,0.081,11.0,0.227
2020,75151,정의윤,SSG,SK,16,0.241,76,203,187,13,45,5,1,1,55,20,0,3,12,1,1,38,7,0.294,0.286,0.58,11,0.231,0.219,7,55,52,1.06,2,0.32,3.7,0.053,14.5,0.202
2020,63440,이흥련,SSG,SK,17,0.24,49,132,125,6,30,1,0,3,40,20,0,1,6,0,0,29,5,0.32,0.273,0.593,6,0.344,0.2,4,37,30,1.23,1,0.21,3.7,0.08,9.8,0.203
2020,61869,정진기,SSG,SK,18,0.238,50,140,126,14,30,2,2,2,42,15,4,2,7,1,1,34,2,0.333,0.279,0.612,5,0.242,0.0,6,38,26,1.46,1,0.21,3.72,0.095,13.2,0.209
2020,68868,최준우,SSG,SK,19,0.236,66,207,182,23,43,4,0,3,56,14,5,1,19,0,0,28,3,0.308,0.307,0.615,11,0.194,1.0,7,68,44,1.55,2,0.68,3.92,0.071,18.2,0.215
2020,66052,남태혁,SSG,SK,20,0.197,35,72,66,3,13,1,0,1,17,11,0,0,6,0,0,22,2,0.258,0.264,0.522,1,0.364,0.2,2,18,13,1.38,1,0.27,4.1,0.061,4.0,0.183
2020,69825,김창평,SSG,SK,21,0.192,35,90,78,10,15,4,1,0,21,7,0,1,11,0,0,16,2,0.269,0.289,0.558,3,0.3,0.0,5,21,27,0.78,1,0.69,4.27,0.077,7.8,0.197
2020,74215,윤석민,SSG,SK,22,0.192,34,76,73,4,14,2,0,3,25,12,0,1,2,0,0,12,3,0.342,0.211,0.553,4,0.211,0.154,5,30,18,1.67,1,0.17,3.79,0.151,4.8,0.18
2020,76812,이재원,SSG,SK,23,0.185,80,251,222,18,41,8,0,2,55,21,3,1,19,3,6,24,12,0.248,0.266,0.514,7,0.237,0.333,10,59,99,0.6,3,0.79,3.58,0.063,11.9,0.182
2020,65869,이현석,SSG,SK,24,0.178,58,109,101,7,18,2,0,2,26,7,2,0,4,0,2,30,4,0.257,0.224,0.481,3,0.091,0.0,4,26,27,0.96,0,0.13,3.39,0.079,4.4,0.165
2020,63450,정현,SSG,SK,25,0.152,89,128,112,14,17,4,0,2,27,4,3,0,11,0,2,34,3,0.241,0.24,0.481,2,0.063,0.0,6,27,34,0.79,1,0.32,3.9,0.089,5.2,0.168
2020,76869,김재현,SSG,SK,26,0.143,8,14,14,3,2,0,0,0,2,0,0,0,0,0,0,4,0,0.143,0.143,0.286,0,0.0,0.0,0,3,5,0.6,0,0.0,3.57,0.0,-0.1,0.1
2020,50802,화이트,SSG,SK,27,0.136,9,30,22,3,3,1,0,1,7,4,0,0,6,0,2,1,0,0.318,0.367,0.685,1,0.25,0.0,2,6,12,0.5,0,6.0,4.77,0.182,3.7,0.245
2020,69804,채현우,SSG,SK,28,0.13,16,24,23,2,3,1,0,0,4,0,0,0,1,0,0,8,2,0.174,0.167,0.341,1,0.0,0.0,1,9,3,3.0,0,0.13,3.83,0.043,0.0,0.119
2020,50868,류효승,SSG,SK,29,0.125,8,9,8,2,1,0,0,1,4,2,0,0,1,0,0,4,0,0.5,0.222,0.722,0,0.0,0.333,1,1,2,0.5,0,0.25,3.78,0.375,1.1,0.225
2020,50819,이거연,SSG,SK,29,0.125,8,10,8,1,1,0,0,0,1,0,0,0,2,0,0,6,0,0.125,0.3,0.425,0,0.0,0.0,0,1,0,,0,0.33,4.3,0.0,0.5,0.166
2020,63339,김민준,SSG,SK,31,0.0,12,5,4,4,0,0,0,0,0,0,1,0,0,0,0,1,0,0.0,0.0,0.0,0,0.0,0.0,0,1,2,0.5,0,0.0,3.2,0.0,-0.5,0.0
2020,63894,김사윤,SSG,SK,31,,4,0,0,0,0,0,0,0,0,0,0,0,0,0,0,0,0,,,,0,0.0,0.0,0,0,0,,0,,,,0.0,0.0
2020,65411,김주온,SSG,SK,31,,2,0,0,0,0,0,0,0,0,0,0,0,0,0,0,0,0,,,,0,0.0,0.0,0,0,0,,0,,,,0.0,0.0
2020,66859,김주한,SSG,SK,31,,1,0,0,0,0,0,0,0,0,0,0,0,0,0,0,0,0,,,,0,0.0,0.0,0,0,0,,0,,,,0.0,0.0
2020,79847,김태훈,SSG,SK,31,,2,0,0,0,0,0,0,0,0,0,0,0,0,0,0,0,0,,,,0,0.0,0.0,0,0,0,,0,,,,0.0,0.0
2020,64893,박민호,SSG,SK,31,,4,0,0,0,0,0,0,0,0,0,0,0,0,0,0,0,0,,,,0,0.0,0.0,0,0,0,,0,,,,0.0,0.0
2020,60841,박종훈,SSG,SK,31,,1,0,0,0,0,0,0,0,0,0,0,0,0,0,0,0,0,,,,0,0.0,0.0,0,0,0,,0,,,,0.0,0.0
2020,64896,서동민,SSG,SK,31,,3,0,0,0,0,0,0,0,0,0,0,0,0,0,0,0,0,,,,0,0.0,0.0,0,0,0,,0,,,,0.0,0.0
2020,61895,서진용,SSG,SK,31,,6,0,0,0,0,0,0,0,0,0,0,0,0,0,0,0,0,,,,0,0.0,0.0,0,0,0,,0,,,,0.0,0.0
2020,75138,신재웅,SSG,SK,31,,1,0,0,0,0,0,0,0,0,0,0,0,0,0,0,0,0,,,,0,0.0,0.0,0,0,0,,0,,,,0.0,0.0
2020,50859,오원석,SSG,SK,31,,2,0,0,0,0,0,0,0,0,0,0,0,0,0,0,0,0,,,,0,0.0,0.0,0,0,0,,0,,,,0.0,0.0
2020,62056,정영일,SSG,SK,31,,1,0,0,0,0,0,0,0,0,0,0,0,0,0,0,0,0,,,,0,0.0,0.0,0,0,0,,0,,,,0.0,0.0
2020,64768,조이현,SSG,SK,31,,1,0,0,0,0,0,0,0,0,0,0,0,0,0,0,0,0,,,,0,0.0,0.0,0,0,0,,0,,,,0.0,0.0
2020,69813,하재훈,SSG,SK,31,,1,0,0,0,0,0,0,0,0,0,0,0,0,0,0,0,0,,,,0,0.0,0.0,0,0,0,,0,,,,0.0,0.0
2020,50840,현원회,SSG,SK,31,,1,0,0,0,0,0,0,0,0,0,0,0,0,0,0,0,0,,,,0,0.0,0.0,0,0,0,,0,,,,0.0,0.0
2020,64407,김호재,삼성,SS,1,0.322,65,138,118,19,38,5,0,1,46,10,1,0,16,0,3,19,1,0.39,0.416,0.806,9,0.214,0.25,6,33,28,1.18,1,0.84,4.56,0.068,20.2,0.285
2020,66838,김동엽,삼성,SS,2,0.312,115,451,413,60,129,21,0,20,210,74,1,4,29,0,4,79,14,0.508,0.36,0.868,32,0.315,0.4,41,99,110,0.9,8,0.37,3.73,0.196,68.7,0.289
2020,62404,구자욱,삼성,SS,3,0.307,118,510,446,70,137,27,2,15,213,78,1,4,51,3,8,91,4,0.478,0.385,0.863,40,0.336,0.0,44,99,123,0.8,8,0.56,4.0,0.17,82.7,0.293
2020,64610,강한울,삼성,SS,4,0.305,34,122,105,13,32,3,0,1,38,10,5,1,11,0,0,24,3,0.362,0.368,0.73,6,0.375,0.333,4,38,12,3.17,2,0.46,4.25,0.057,14.2,0.256
2020,79402,김상수,삼성,SS,5,0.304,120,471,404,71,123,18,3,5,162,47,2,2,55,1,8,55,16,0.401,0.397,0.798,33,0.311,0.0,26,128,100,1.28,8,1.0,4.14,0.097,63.1,0.279
2020,61197,최영진,삼성,SS,6,0.297,58,118,101,15,30,3,0,1,36,11,1,1,13,0,2,16,3,0.356,0.385,0.741,7,0.172,0.357,4,34,22,1.55,2,0.81,3.58,0.059,13.9,0.262
2020,62415,박해민,삼성,SS,7,0.29,132,541,489,84,142,18,5,11,203,55,7,3,39,1,3,77,7,0.415,0.345,0.76,46,0.294,0.6,34,122,151,0.81,3,0.51,3.99,0.125,71.4,0.259
2020,74540,강민호,삼성,SS,8,0.287,119,393,355,46,102,14,0,19,173,61,0,3,31,2,4,54,17,0.487,0.349,0.836,26,0.303,0.143,33,91,111,0.82,5,0.57,3.81,0.2,55.3,0.279
2020,67449,김성윤,삼성,SS,9,0.286,9,9,7,1,2,1,0,0,3,0,0,0,1,0,1,1,0,0.429,0.444,0.873,0,0.0,0.5,1,2,2,1.0,0,1.0,3.33,0.143,1.4,0.307
2020,64266,이성곤,삼성,SS,10,0.281,62,154,139,16,39,7,0,5,61,18,2,2,11,0,0,38,3,0.439,0.329,0.768,9,0.196,0.25,12,35,29,1.21,1,0.29,3.69,0.158,20.2,0.258
2020,50468,살라디노,삼성,SS,11,0.28,44,163,132,26,37,8,0,6,63,27,0,1,23,0,7,41,3,0.477,0.411,0.888,12,0.394,0.0,14,28,27,1.04,3,0.56,4.28,0.197,27.2,0.304
2020,64469,송준석,삼성,SS,12,0.277,32,50,47,5,13,5,0,1,21,7,0,0,2,0,1,6,4,0.447,0.32,0.767,2,0.333,0.294,6,14,14,1.0,0,0.33,3.4,0.17,5.0,0.256
2020,75566,이원석,삼성,SS,13,0.268,121,467,403,46,108,17,0,13,164,74,1,12,49,1,2,82,7,0.407,0.341,0.748,27,0.336,0.0,30,87,138,0.63,4,0.6,4.07,0.139,61.6,0.255
2020,69418,박승규,삼성,SS,14,0.258,91,196,182,24,47,11,0,1,61,14,4,0,7,0,3,32,4,0.335,0.297,0.632,10,0.225,0.222,12,56,47,1.19,3,0.22,3.67,0.077,15.7,0.217
2020,61404,김헌곤,삼성,SS,15,0.248,97,283,254,26,63,8,0,3,80,34,1,3,22,0,3,31,7,0.315,0.312,0.627,15,0.333,0.25,11,82,81,1.01,2,0.71,3.91,0.067,25.4,0.219
2020,50458,김지찬,삼성,SS,16,0.232,135,287,254,47,59,5,1,1,69,13,5,2,24,0,2,44,1,0.272,0.301,0.573,8,0.194,0.333,7,89,64,1.39,1,0.55,3.74,0.039,26.1,0.203
2020,69453,이학주,삼성,SS,17,0.228,64,243,206,30,47,11,0,4,70,28,4,5,26,1,2,58,3,0.34,0.314,0.654,10,0.234,0.0,15,47,59,0.8,2,0.45,4.03,0.112,25.7,0.226
2020,60288,김응민,삼성,SS,18,0.224,45,85,76,7,17,1,0,0,18,5,3,0,5,0,1,22,1,0.237,0.28,0.517,3,0.143,0.667,1,21,16,1.31,1,0.23,3.92,0.013,5.0,0.185
2020,69442,김도환,삼성,SS,19,0.22,34,49,41,2,9,2,0,0,11,9,1,2,5,0,0,16,0,0.268,0.292,0.56,2,0.333,0.0,2,8,10,0.8,0,0.31,3.94,0.049,4.4,0.198
2020,62409,박찬도,삼성,SS,20,0.219,51,116,96,20,21,5,0,1,29,8,2,2,15,1,1,22,2,0.302,0.325,0.627,3,0.3,0.0,6,32,23,1.39,2,0.68,4.16,0.083,11.6,0.222
2020,50469,팔카,삼성,SS,21,0.209,51,217,196,17,41,7,0,8,72,23,0,3,18,0,0,58,5,0.367,0.272,0.639,9,0.143,0.0,15,51,49,1.04,3,0.31,3.82,0.158,20.9,0.214
2020,64468,박계범,삼성,SS,22,0.195,80,175,164,21,32,7,0,3,48,16,3,1,7,0,0,42,3,0.293,0.227,0.52,10,0.213,0.8,10,45,46,0.98,0,0.17,3.87,0.098,9.8,0.175
2020,66409,이성규,삼성,SS,23,0.181,98,245,216,25,39,7,1,10,78,30,4,2,18,0,5,64,7,0.361,0.257,0.618,6,0.145,0.154,18,56,59,0.95,4,0.28,3.94,0.181,20.9,0.206
2020,64793,김민수,삼성,SS,24,0.174,17,26,23,3,4,0,0,0,4,1,1,0,2,0,0,6,0,0.174,0.24,0.414,0,0.143,0.0,0,10,3,3.33,0,0.33,3.08,0.0,1.0,0.152
2020,64499,김재현,삼성,SS,25,0.143,35,18,14,4,2,0,0,0,2,4,1,0,3,0,0,3,1,0.143,0.294,0.437,0,0.222,0.5,0,7,2,3.5,0,1.0,4.56,0.0,0.6,0.168
2020,69403,양우현,삼성,SS,26,0.13,7,24,23,0,3,0,0,0,3,0,0,0,1,0,0,5,1,0.13,0.167,0.297,1,0.0,0.0,0,9,6,1.5,0,0.2,3.54,0.0,-0.4,0.108
2020,63435,김성표,삼성,SS,27,0.125,15,8,8,1,1,0,0,0,1,0,0,0,0,0,0,2,0,0.125,0.125,0.25,0,0.0,0.0,0,2,3,0.67,0,0.0,3.88,0.0,0.0,0.088
2020,65412,권정웅,삼성,SS,28,0.0,3,2,1,0,0,0,0,0,0,0,0,0,1,0,0,0,0,0.0,0.5,0.5,0,0.0,0.0,0,0,1,0.0,0,,5.0,0.0,0.3,0.225
2020,61365,김대우,삼성,SS,28,,1,0,0,0,0,0,0,0,0,0,0,0,0,0,0,0,0,,,,0,0.0,0.0,0,0,0,,0,,,,0.0,0.0
2020,69439,라이블리,삼성,SS,28,0.0,1,1,1,0,0,0,0,0,0,0,0,0,0,0,0,0,0,0.0,0.0,0.0,0,0.0,0.0,0,0,1,0.0,0,,2.0,0.0,-0.1,0.0
2020,64410,백승민,삼성,SS,28,0.0,7,12,9,0,0,0,0,0,0,1,0,0,1,0,2,2,0,0.0,0.25,0.25,0,0.0,0.0,0,5,2,2.5,0,0.5,4.42,0.0,0.2,0.113
2020,68415,양창섭,삼성,SS,28,,1,0,0,0,0,0,0,0,0,0,0,0,0,0,0,0,0,,,,0,0.0,0.0,0,0,0,,0,,,,0.0,0.0
2020,61457,임현준,삼성,SS,28,,1,0,0,0,0,0,0,0,0,0,0,0,0,0,0,0,0,,,,0,0.0,0.0,0,0,0,,0,,,,0.0,0.0
2020,67443,장지훈,삼성,SS,28,,1,0,0,0,0,0,0,0,0,0,0,0,0,0,0,0,0,,,,0,0.0,0.0,0,0,0,,0,,,,0.0,0.0
2020,65496,홍정우,삼성,SS,28,,1,0,0,0,0,0,0,0,0,0,0,0,0,0,0,0,0,,,,0,0.0,0.0,0,0,0,,0,,,,0.0,0.0
2020,65462,김기환,NC,NC,1,0.5,4,2,2,1,1,1,0,0,2,0,0,0,0,0,0,0,0,1.0,0.5,1.5,0,0.0,1.0,1,1,0,,0,,2.5,0.5,0.6,0.475
2020,66968,이재율,NC,NC,2,0.444,25,10,9,9,4,1,0,0,5,3,0,0,1,0,0,1,1,0.556,0.5,1.056,1,0.6,0.667,1,4,0,,0,1.0,2.9,0.111,2.1,0.364
2020,62907,박민우,NC,NC,3,0.345,126,530,467,82,161,27,5,8,222,63,2,10,36,2,15,48,12,0.475,0.402,0.877,47,0.388,0.6,40,123,145,0.85,8,0.75,3.91,0.131,85.7,0.3
2020,76232,양의지,NC,NC,4,0.328,130,528,461,86,151,26,1,33,278,124,1,6,46,7,14,47,11,0.603,0.4,1.003,45,0.425,0.222,60,98,171,0.57,13,0.98,3.58,0.275,102.7,0.331
2020,62947,나성범,NC,NC,5,0.324,130,584,525,115,170,37,2,34,313,112,0,1,49,2,9,148,6,0.596,0.39,0.986,53,0.338,1.0,73,102,106,0.96,20,0.33,3.82,0.272,111.0,0.325
2020,62925,강진성,NC,NC,6,0.309,121,432,395,53,122,25,0,12,183,70,2,6,20,0,9,46,11,0.463,0.351,0.814,32,0.348,0.375,37,111,122,0.91,6,0.43,3.72,0.154,62.2,0.274
2020,74465,박석민,NC,NC,7,0.306,123,448,356,58,109,15,0,14,166,63,2,4,75,2,10,62,11,0.466,0.436,0.902,20,0.327,0.533,29,95,94,1.01,8,1.21,4.24,0.16,74.1,0.313
2020,76849,이명기,NC,NC,8,0.306,136,540,477,82,146,18,3,2,176,45,5,4,50,0,4,78,6,0.369,0.374,0.743,41,0.311,0.154,23,144,113,1.27,3,0.64,3.94,0.063,67.8,0.261
2020,68912,김형준,NC,NC,9,0.306,44,82,72,12,22,1,0,3,32,11,0,0,10,0,0,21,1,0.444,0.39,0.834,4,0.25,0.364,4,12,17,0.71,1,0.48,3.95,0.139,12.4,0.287
2020,78813,모창민,NC,NC,10,0.301,62,149,136,10,41,10,2,2,61,13,2,2,8,1,1,22,5,0.449,0.34,0.789,11,0.282,0.308,14,29,46,0.63,1,0.36,3.68,0.147,18.9,0.265
2020,66917,김찬형,NC,NC,11,0.297,56,72,64,10,19,6,0,0,25,7,2,1,4,0,1,11,0,0.391,0.343,0.734,2,0.316,0.167,6,20,15,1.33,1,0.36,3.71,0.094,9.1,0.252
2020,78122,김태군,NC,NC,12,0.292,80,131,113,16,33,6,0,1,42,18,7,1,6,0,4,14,3,0.372,0.347,0.719,6,0.323,0.333,7,31,36,0.86,0,0.43,3.46,0.08,14.4,0.249
2020,50923,알테어,NC,NC,13,0.278,136,546,482,90,134,20,7,31,261,108,0,6,46,3,12,149,10,0.541,0.352,0.893,38,0.333,0.0,58,83,122,0.68,9,0.31,3.79,0.263,92.8,0.294
2020,69992,최정원,NC,NC,14,0.275,49,48,40,18,11,3,1,0,16,2,1,0,7,0,0,13,1,0.4,0.383,0.783,0,0.222,0.429,4,12,4,3.0,0,0.54,4.06,0.125,6.8,0.272
2020,62931,노진혁,NC,NC,15,0.274,132,484,427,70,117,22,3,20,205,82,3,0,49,3,5,106,8,0.48,0.356,0.836,34,0.351,0.125,45,93,111,0.84,4,0.46,3.9,0.206,69.0,0.28
2020,63963,권희동,NC,NC,16,0.26,123,426,346,67,90,16,0,12,142,50,6,5,58,0,11,72,6,0.41,0.379,0.789,19,0.286,0.316,28,74,115,0.64,5,0.81,4.5,0.15,60.1,0.273
2020,62025,이원재,NC,NC,17,0.258,73,146,132,15,34,5,2,4,55,17,2,1,11,1,0,26,3,0.417,0.313,0.73,8,0.242,0.222,11,40,33,1.21,0,0.42,4.11,0.159,17.1,0.245
2020,62537,윤수강,NC,NC,18,0.25,4,4,4,0,1,0,0,0,1,0,0,0,0,0,0,2,0,0.25,0.25,0.5,0,0.0,0.0,0,1,0,,0,0.0,3.25,0.0,0.2,0.175
2020,62934,김성욱,NC,NC,19,0.221,104,225,195,32,43,4,1,8,73,26,7,2,17,0,4,40,0,0.374,0.294,0.668,9,0.297,0.059,13,38,76,0.5,1,0.43,3.84,0.154,25.2,0.226
2020,63920,김준완,NC,NC,20,0.215,45,75,65,8,14,1,0,1,18,5,0,0,10,0,0,9,3,0.277,0.32,0.597,0,0.158,0.333,2,27,15,1.8,0,1.11,4.11,0.062,5.8,0.213
2020,73306,지석훈,NC,NC,21,0.207,87,142,121,22,25,8,0,1,36,12,2,2,15,0,2,33,4,0.298,0.3,0.598,5,0.214,0.333,9,25,40,0.63,0,0.45,3.94,0.091,11.6,0.21
2020,66965,도태훈,NC,NC,22,0.182,11,13,11,0,2,0,0,0,2,1,0,0,2,0,0,3,0,0.182,0.308,0.49,0,0.333,0.0,0,1,5,0.2,0,0.67,3.46,0.0,0.8,0.184
2020,66928,박준영,NC,NC,23,0.152,32,51,46,4,7,4,0,0,11,3,0,0,2,0,3,17,2,0.239,0.235,0.474,1,0.231,0.111,4,13,9,1.44,0,0.12,4.04,0.087,1.9,0.165
2020,60566,이상호,NC,NC,24,0.131,82,65,61,18,8,1,0,0,9,4,1,0,3,0,0,5,2,0.148,0.172,0.32,0,0.267,0.143,1,25,23,1.09,0,0.6,3.35,0.016,-0.5,0.114
2020,61295,강동연,NC,NC,25,,3,0,0,0,0,0,0,0,0,0,0,0,0,0,0,0,0,,,,0,0.0,0.0,0,0,0,,0,,,,0.0,0.0
2020,60339,김건태,NC,NC,25,,5,0,0,0,0,0,0,0,0,0,0,0,0,0,0,0,0,,,,0,0.0,0.0,0,0,0,,0,,,,0.0,0.0
2020,75867,김진성,NC,NC,25,,2,0,0,0,0,0,0,0,0,0,0,0,0,0,0,0,0,,,,0,0.0,0.0,0,0,0,,0,,,,0.0,0.0
2020,50996,박시원,NC,NC,25,0.0,1,1,1,0,0,0,0,0,0,0,0,0,0,0,0,0,0,0.0,0.0,0.0,0,0.0,0.0,0,1,0,,0,,5.0,0.0,-0.1,0.0
2020,69974,배민서,NC,NC,25,,1,0,0,0,0,0,0,0,0,0,0,0,0,0,0,0,0,,,,0,0.0,0.0,0,0,0,,0,,,,0.0,0.0
2020,64995,배재환,NC,NC,25,,1,0,0,0,0,0,0,0,0,0,0,0,0,0,0,0,0,,,,0,0.0,0.0,0,0,0,,0,,,,0.0,0.0
2020,69995,서호철,NC,NC,25,0.0,2,8,8,0,0,0,0,0,0,0,0,0,0,0,0,2,0,0.0,0.0,0.0,0,0.0,0.0,0,5,1,5.0,0,0.0,3.25,0.0,-0.7,0.0
2020,63914,손정욱,NC,NC,25,,1,0,0,0,0,0,0,0,0,0,0,0,0,0,0,0,0,,,,0,0.0,0.0,0,0,0,,0,,,,0.0,0.0
2020,69962,송명기,NC,NC,25,,1,0,0,0,0,0,0,0,0,0,0,0,0,0,0,0,0,,,,0,0.0,0.0,0,0,0,,0,,,,0.0,0.0
2020,76118,원종현,NC,NC,25,,4,0,0,0,0,0,0,0,0,0,0,0,0,0,0,0,0,,,,0,0.0,0.0,0,0,0,,0,,,,0.0,0.0
2020,63903,유영준,NC,NC,25,0.0,4,3,3,0,0,0,0,0,0,0,0,0,0,0,0,0,0,0.0,0.0,0.0,0,0.0,0.0,0,2,1,2.0,0,,2.33,0.0,-0.3,0.0
2020,65042,홍성무,NC,NC,25,,1,0,0,0,0,0,0,0,0,0,0,0,0,0,0,0,0,,,,0,0.0,0.0,0,0,0,,0,,,,0.0,0.0
2020,67025,로하스,KT,KT,1,0.349,142,628,550,116,192,39,1,47,374,135,0,8,65,5,5,132,11,0.68,0.417,1.097,58,0.351,0.0,87,94,140,0.67,16,0.49,4.06,0.331,137.9,0.358
2020,68050,강백호,KT,KT,2,0.33,129,574,500,95,165,36,1,23,272,89,0,3,66,9,5,93,7,0.544,0.411,0.955,48,0.32,0.5,60,124,121,1.02,8,0.71,3.81,0.214,104.2,0.321
2020,76313,황재균,KT,KT,3,0.312,134,600,541,108,169,35,5,21,277,97,3,4,47,0,5,98,12,0.512,0.37,0.882,49,0.324,0.5,61,112,166,0.67,9,0.48,3.82,0.2,95.3,0.295
2020,64868,조용호,KT,KT,4,0.296,132,482,409,73,121,15,0,0,136,32,5,2,64,1,2,83,6,0.333,0.392,0.725,29,0.317,0.364,15,119,88,1.35,6,0.77,4.46,0.037,59.5,0.26
2020,64166,배정대,KT,KT,5,0.289,144,615,533,88,154,25,3,13,224,65,5,4,68,0,5,142,9,0.42,0.372,0.792,42,0.277,0.0,41,117,124,0.94,7,0.48,3.99,0.131,84.1,0.272
2020,73113,박경수,KT,KT,6,0.281,119,391,324,33,91,17,0,13,147,59,3,7,48,2,9,96,14,0.454,0.381,0.835,20,0.268,0.111,30,64,80,0.8,3,0.5,4.31,0.173,55.8,0.285
2020,74339,유한준,KT,KT,7,0.28,119,428,386,48,108,17,0,11,158,64,1,1,40,2,0,51,9,0.409,0.347,0.756,25,0.309,0.278,28,113,115,0.98,8,0.78,3.91,0.13,53.2,0.258
2020,78548,장성우,KT,KT,8,0.278,130,455,400,39,111,15,0,13,165,79,10,6,38,0,1,64,15,0.413,0.337,0.75,30,0.31,0.286,28,106,125,0.85,6,0.59,3.79,0.135,54.8,0.255
2020,77243,허도환,KT,KT,9,0.264,52,62,53,2,14,1,0,0,15,5,1,0,6,0,2,15,2,0.283,0.361,0.644,2,0.333,0.2,1,11,13,0.85,3,0.4,3.77,0.019,5.6,0.233
2020,62802,박승욱,KT,KT,10,0.264,97,128,110,23,29,3,2,1,39,10,2,1,11,0,4,37,1,0.355,0.349,0.704,3,0.208,0.4,6,17,28,0.61,1,0.3,3.77,0.091,15.4,0.246
2020,64007,문상철,KT,KT,11,0.26,74,172,154,24,40,3,2,8,71,25,3,2,11,0,2,43,4,0.461,0.314,0.775,11,0.191,0.15,13,33,40,0.83,2,0.26,3.55,0.201,22.1,0.257
2020,64004,김민혁,KT,KT,12,0.239,108,249,222,35,53,5,2,5,77,25,2,1,22,0,2,42,4,0.347,0.312,0.659,13,0.21,0.143,12,82,46,1.78,2,0.52,3.81,0.108,25.1,0.227
2020,64006,심우준,KT,KT,13,0.235,144,535,476,58,112,16,3,3,143,51,16,4,37,0,2,98,7,0.3,0.291,0.591,28,0.258,0.0,22,138,132,1.05,5,0.38,4.08,0.065,46.0,0.206
2020,64906,강민국,KT,KT,14,0.224,81,120,107,16,24,3,0,0,27,9,6,0,7,0,0,20,0,0.252,0.272,0.524,4,0.357,0.25,3,34,29,1.17,0,0.35,3.81,0.028,7.3,0.185
2020,50054,천성호,KT,KT,15,0.203,66,77,69,9,14,3,0,0,17,1,0,0,7,0,1,15,0,0.246,0.286,0.532,2,0.167,0.0,3,18,22,0.82,0,0.47,3.68,0.043,5.2,0.19
2020,50066,강현우,KT,KT,16,0.2,26,32,30,2,6,2,0,1,11,3,0,0,2,0,0,11,1,0.367,0.25,0.617,1,0.286,0.0,3,7,6,1.17,0,0.18,4.22,0.167,2.4,0.204
2020,64012,송민섭,KT,KT,17,0.195,114,51,41,21,8,1,1,1,14,5,3,1,5,0,1,13,0,0.341,0.292,0.633,0,0.1,0.0,3,3,18,0.17,0,0.38,3.82,0.146,4.9,0.217
2020,63634,이홍구,KT,KT,18,0.19,49,96,84,5,16,2,0,3,27,8,2,1,6,0,3,26,3,0.321,0.266,0.587,3,0.231,0.333,5,19,24,0.79,1,0.23,3.84,0.131,7.3,0.2
2020,64014,김병희,KT,KT,19,0.143,29,22,21,4,3,0,0,1,6,2,0,1,0,0,0,7,0,0.286,0.136,0.422,1,0.0,0.0,1,2,10,0.2,0,0.0,4.14,0.143,1.1,0.133
2020,68043,김민,KT,KT,20,,2,0,0,0,0,0,0,0,0,0,0,0,0,0,0,0,0,,,,0,0.0,0.0,0,0,0,,0,,,,0.0,0.0
2020,65048,김민수,KT,KT,20,,1,0,0,0,0,0,0,0,0,0,0,0,0,0,0,0,0,,,,0,0.0,0.0,0,0,0,,0,,,,0.0,0.0
2020,69098,김성훈,KT,KT,20,,1,0,0,0,0,0,0,0,0,0,0,0,0,0,0,0,0,,,,0,0.0,0.0,0,0,0,,0,,,,0.0,0.0
2020,65062,김재윤,KT,KT,20,,2,0,0,0,0,0,0,0,0,0,0,0,0,0,0,0,0,,,,0,0.0,0.0,0,0,0,,0,,,,0.0,0.0
2020,65040,김태훈,KT,KT,20,0.0,2,3,3,0,0,0,0,0,0,0,0,0,0,0,0,1,0,0.0,0.0,0.0,0,0.0,0.0,0,1,1,1.0,0,0.0,5.0,0.0,-0.3,0.0
2020,64029,류희운,KT,KT,20,,1,0,0,0,0,0,0,0,0,0,0,0,0,0,0,0,0,,,,0,0.0,0.0,0,0,0,,0,,,,0.0,0.0
2020,67063,문상인,KT,KT,20,0.0,3,2,2,0,0,0,0,0,0,0,0,0,0,0,0,1,0,0.0,0.0,0.0,0,0.0,0.0,0,0,1,0.0,0,0.0,3.0,0.0,-0.2,0.0
2020,68003,박준혁,KT,KT,20,0.0,12,2,2,2,0,0,0,0,0,0,0,0,0,0,0,1,0,0.0,0.0,0.0,0,0.0,0.0,0,1,0,,0,0.0,4.0,0.0,-0.2,0.0
2020,64041,안현준,KT,KT,20,,1,0,0,0,0,0,0,0,0,0,0,0,0,0,0,0,0,,,,0,0.0,0.0,0,0,0,,0,,,,0.0,0.0
2020,76757,유원상,KT,KT,20,,1,0,0,0,0,0,0,0,0,0,0,0,0,0,0,0,0,,,,0,0.0,0.0,0,0,0,,0,,,,0.0,0.0
2020,67008,이대은,KT,KT,20,,2,0,0,0,0,0,0,0,0,0,0,0,0,0,0,0,0,,,,0,0.0,0.0,0,0,0,,0,,,,0.0,0.0
2020,75342,이보근,KT,KT,20,,1,0,0,0,0,0,0,0,0,0,0,0,0,0,0,0,0,,,,0,0.0,0.0,0,0,0,,0,,,,0.0,0.0
2020,77563,이상화,KT,KT,20,,1,0,0,0,0,0,0,0,0,0,0,0,0,0,0,0,0,,,,0,0.0,0.0,0,0,0,,0,,,,0.0,0.0
2020,65057,이창재,KT,KT,20,,1,0,0,0,0,0,0,0,0,0,0,0,0,0,0,0,0,,,,0,0.0,0.0,0,0,0,,0,,,,0.0,0.0
2020,75340,전유수,KT,KT,20,,2,0,0,0,0,0,0,0,0,0,0,0,0,0,0,0,0,,,,0,0.0,0.0,0,0,0,,0,,,,0.0,0.0
2020,65096,정주후,KT,KT,20,0.0,10,2,1,3,0,0,0,0,0,0,0,0,1,0,0,0,0,0.0,0.5,0.5,0,0.0,0.0,0,1,0,,0,,5.0,0.0,-0.1,0.225
2020,67045,조병욱,KT,KT,20,,1,0,0,0,0,0,0,0,0,0,0,0,0,0,0,0,0,,,,0,0.0,0.0,0,0,0,,0,,,,0.0,0.0
2020,65060,주권,KT,KT,20,,2,0,0,0,0,0,0,0,0,0,0,0,0,0,0,0,0,,,,0,0.0,0.0,0,0,0,,0,,,,0.0,0.0
2020,67005,홍현빈,KT,KT,20,0.0,40,24,18,5,0,0,0,0,0,1,1,0,5,1,0,5,0,0.0,0.217,0.217,0,0.0,0.0,0,8,5,1.6,0,1.0,4.21,0.0,-0.3,0.098
2020,65514,강태율,롯데,LT,1,0.455,14,18,11,2,5,0,0,2,11,2,0,0,7,0,0,2,1,1.0,0.667,1.667,0,0.25,0.5,2,2,2,1.0,0,3.5,4.5,0.545,5.8,0.55
2020,69508,신윤후,롯데,LT,2,0.429,5,8,7,2,3,0,0,0,3,2,0,0,1,0,0,0,0,0.429,0.5,0.929,0,0.5,0.0,0,1,3,0.33,0,,3.25,0.0,1.3,0.332
2020,77532,손아섭,롯데,LT,3,0.352,141,611,540,98,190,43,0,11,266,85,1,7,61,4,2,56,9,0.493,0.415,0.908,59,0.333,0.667,54,171,130,1.32,11,1.09,3.71,0.141,104.1,0.31
2020,64504,오윤석,롯데,LT,4,0.298,63,197,168,31,50,7,1,4,71,32,1,2,24,0,2,47,2,0.423,0.388,0.811,12,0.378,0.25,12,32,41,0.78,4,0.51,4.17,0.125,28.8,0.28
2020,60523,정훈,롯데,LT,5,0.295,111,476,410,72,121,19,1,11,175,58,2,4,56,0,4,85,8,0.427,0.382,0.809,36,0.357,0.0,31,89,119,0.75,3,0.66,4.28,0.132,69.5,0.279
2020,71564,이대호,롯데,LT,6,0.292,144,611,542,67,158,27,0,20,245,110,0,11,53,9,5,68,21,0.452,0.354,0.806,40,0.323,0.667,47,154,173,0.89,16,0.78,3.54,0.161,83.7,0.272
2020,79608,안치홍,롯데,LT,7,0.286,124,460,412,49,118,28,0,8,170,54,4,2,35,2,7,47,11,0.413,0.351,0.764,30,0.288,0.286,36,112,137,0.82,3,0.74,3.74,0.126,58.0,0.261
2020,50506,마차도,롯데,LT,8,0.28,144,560,486,79,136,31,1,12,205,67,4,8,54,2,8,60,20,0.422,0.356,0.778,36,0.281,0.0,44,144,154,0.94,2,0.9,3.75,0.142,73.7,0.266
2020,78513,전준우,롯데,LT,9,0.279,143,628,562,95,157,34,1,26,271,96,3,3,52,0,8,79,21,0.482,0.347,0.829,42,0.272,0.667,61,174,155,1.12,10,0.66,3.73,0.203,87.0,0.277
2020,68525,한동희,롯데,LT,10,0.278,135,531,461,62,128,22,0,17,201,67,5,3,57,0,5,97,15,0.436,0.361,0.797,34,0.243,0.5,39,137,102,1.34,4,0.59,3.87,0.158,70.0,0.271
2020,76100,이병규,롯데,LT,11,0.274,53,194,164,28,45,4,0,9,76,32,0,1,28,0,1,55,5,0.463,0.381,0.844,11,0.326,0.25,13,34,31,1.1,3,0.51,4.35,0.189,29.1,0.287
2020,65506,김재유,롯데,LT,12,0.259,68,133,116,20,30,1,0,1,34,9,2,0,12,0,3,35,2,0.293,0.344,0.637,6,0.244,0.3,2,29,22,1.32,0,0.34,4.23,0.034,13.7,0.228
2020,67504,김정율,롯데,LT,13,0.25,3,10,8,1,2,0,0,0,2,0,0,0,2,0,0,4,0,0.25,0.4,0.65,1,0.333,0.0,0,1,1,1.0,0,0.5,5.2,0.0,1.3,0.243
2020,64717,지시완,롯데,LT,13,0.25,3,11,8,0,2,0,0,0,2,2,0,0,3,0,0,4,0,0.25,0.455,0.705,0,0.5,0.0,0,2,0,,0,0.75,4.27,0.0,1.4,0.267
2020,76249,민병헌,롯데,LT,15,0.233,109,342,309,42,72,12,0,2,90,23,5,2,21,1,5,62,12,0.291,0.291,0.582,16,0.175,0.182,14,100,77,1.3,6,0.34,3.57,0.058,23.8,0.204
2020,62558,김준태,롯데,LT,16,0.225,128,369,306,38,69,12,2,5,100,43,3,3,56,0,1,64,5,0.327,0.344,0.671,17,0.267,0.2,19,82,94,0.87,2,0.88,4.07,0.101,39.6,0.237
2020,61204,김동한,롯데,LT,17,0.221,82,73,68,23,15,5,0,0,20,5,0,0,5,0,0,8,2,0.294,0.274,0.568,1,0.13,0.083,5,30,15,2.0,0,0.63,3.23,0.074,5.2,0.197
2020,62556,신본기,롯데,LT,18,0.217,81,123,106,18,23,1,0,2,30,12,1,1,14,0,1,22,3,0.283,0.311,0.594,4,0.393,0.1,3,33,29,1.14,0,0.64,3.8,0.066,10.5,0.211
2020,65515,강로한,롯데,LT,19,0.19,16,26,21,6,4,0,0,0,4,1,0,0,4,0,1,6,0,0.19,0.346,0.536,0,0.111,0.0,0,8,3,2.67,1,0.67,4.23,0.0,2.2,0.203
2020,61566,허일,롯데,LT,20,0.179,60,95,84,5,15,4,0,1,22,6,2,0,8,0,1,29,4,0.262,0.258,0.52,0,0.182,0.063,5,21,19,1.11,1,0.28,3.86,0.083,4.5,0.182
2020,68518,정보근,롯데,LT,21,0.15,85,152,133,9,20,2,0,0,22,5,6,1,11,0,1,32,7,0.165,0.219,0.384,3,0.129,0.0,2,42,40,1.05,0,0.34,3.6,0.015,2.1,0.14
2020,68362,추재현,롯데,LT,22,0.125,13,28,24,3,3,0,0,0,3,0,0,0,4,0,0,8,0,0.125,0.25,0.375,0,0.0,0.2,0,7,6,1.17,0,0.5,4.29,0.0,0.9,0.144
2020,72523,고효준,롯데,LT,23,,1,0,0,0,0,0,0,0,0,0,0,0,0,0,0,0,0,,,,0,0.0,0.0,0,0,0,,0,,,,0.0,0.0
2020,63543,구승민,롯데,LT,23,,1,0,0,0,0,0,0,0,0,0,0,0,0,0,0,0,0,,,,0,0.0,0.0,0,0,0,,0,,,,0.0,0.0
2020,65522,김강현,롯데,LT,23,0.0,5,4,3,0,0,0,0,0,0,0,0,0,1,0,0,2,0,0.0,0.25,0.25,0,0.0,0.0,0,1,0,,0,0.5,6.0,0.0,0.1,0.113
2020,78536,김대우,롯데,LT,23,,1,0,0,0,0,0,0,0,0,0,0,0,0,0,0,0,0,,,,0,0.0,0.0,0,0,0,,0,,,,0.0,0.0
2020,62528,김원중,롯데,LT,23,,3,0,0,0,0,0,0,0,0,0,0,0,0,0,0,0,0,,,,0,0.0,0.0,0,0,0,,0,,,,0.0,0.0
2020,64501,배성근,롯데,LT,23,0.0,4,7,7,0,0,0,0,0,0,0,0,0,0,0,0,2,0,0.0,0.0,0.0,0,0.0,0.0,0,1,4,0.25,0,0.0,3.86,0.0,-1.0,0.0
2020,79293,오현택,롯데,LT,23,,1,0,0,0,0,0,0,0,0,0,0,0,0,0,0,0,0,,,,0,0.0,0.0,0,0,0,,0,,,,0.0,0.0
2020,64565,이인복,롯데,LT,23,,2,0,0,0,0,0,0,0,0,0,0,0,0,0,0,0,0,,,,0,0.0,0.0,0,0,0,,0,,,,0.0,0.0
2020,68504,이호연,롯데,LT,23,0.0,1,2,2,0,0,0,0,0,0,0,0,0,0,0,0,1,0,0.0,0.0,0.0,0,0.0,0.0,0,0,1,0.0,0,0.0,6.5,0.0,-0.2,0.0
2020,79545,진명호,롯데,LT,23,,1,0,0,0,0,0,0,0,0,0,0,0,0,0,0,0,0,,,,0,0.0,0.0,0,0,0,,0,,,,0.0,0.0
2020,62234,류지혁,KIA,HT,1,0.381,25,51,42,13,16,3,0,1,22,5,1,2,1,0,5,6,3,0.524,0.44,0.964,4,0.2,0.0,4,13,9,1.44,0,0.17,3.71,0.143,8.8,0.329
2020,72443,최형우,KIA,HT,2,0.354,140,600,522,93,185,37,1,28,308,115,0,3,70,5,5,101,9,0.59,0.433,1.023,55,0.374,1.0,66,111,128,0.87,18,0.69,4.13,0.236,119.2,0.342
2020,70410,김주찬,KIA,HT,3,0.333,7,18,18,3,6,0,0,1,9,2,0,0,0,0,0,2,2,0.5,0.333,0.833,1,0.143,0.0,1,4,6,0.67,0,0.0,3.11,0.167,1.8,0.275
2020,78603,김선빈,KIA,HT,4,0.33,85,351,303,42,100,19,0,1,122,37,1,5,40,0,2,43,12,0.403,0.406,0.809,22,0.345,0.2,20,100,65,1.54,7,0.93,4.04,0.073,48.1,0.283
2020,64560,이창진,KIA,HT,5,0.33,22,99,88,19,29,8,1,0,39,7,0,0,10,0,1,17,2,0.443,0.404,0.847,7,0.294,0.0,9,17,25,0.68,0,0.59,3.85,0.114,14.0,0.293
2020,66606,최원준,KIA,HT,6,0.326,123,412,359,72,117,16,6,2,151,35,9,5,33,0,6,35,1,0.421,0.387,0.808,30,0.364,0.6,24,100,112,0.89,6,0.94,3.71,0.095,61.7,0.279
2020,69652,터커,KIA,HT,7,0.306,142,631,542,100,166,40,0,32,302,113,0,4,76,3,9,67,12,0.557,0.398,0.955,44,0.3,0.0,72,130,183,0.71,10,1.13,3.87,0.251,112.5,0.318
2020,78629,나지완,KIA,HT,8,0.291,137,556,468,73,136,19,1,17,208,92,0,6,64,1,18,114,6,0.444,0.392,0.836,32,0.338,0.25,37,84,140,0.6,7,0.56,4.01,0.154,85.7,0.287
2020,73209,나주환,KIA,HT,9,0.279,64,222,204,21,57,5,0,6,80,26,4,1,12,0,1,44,6,0.392,0.321,0.713,13,0.28,0.0,11,41,63,0.65,2,0.27,3.98,0.113,24.4,0.242
2020,65610,황대인,KIA,HT,10,0.276,63,138,116,14,32,4,0,4,48,16,0,1,21,0,0,29,5,0.414,0.384,0.798,7,0.258,0.444,8,26,30,0.87,1,0.72,4.22,0.138,18.5,0.276
2020,62864,김민식,KIA,HT,11,0.251,69,238,211,22,53,6,1,2,67,21,6,2,17,0,2,28,3,0.318,0.31,0.628,14,0.245,0.462,9,56,76,0.74,1,0.61,3.8,0.066,22.1,0.219
2020,50600,홍종표,KIA,HT,12,0.25,40,88,80,7,20,3,0,0,23,7,3,1,4,0,0,13,1,0.288,0.282,0.57,4,0.115,0.0,3,28,20,1.4,0,0.31,3.36,0.038,6.0,0.199
2020,62265,유민상,KIA,HT,13,0.246,126,456,391,38,96,23,0,8,143,65,2,4,53,1,6,80,14,0.366,0.341,0.707,15,0.308,0.273,31,108,111,0.97,7,0.66,3.99,0.12,49.7,0.245
2020,62908,황윤호,KIA,HT,14,0.243,25,73,70,5,17,3,0,0,20,5,0,0,3,0,0,10,3,0.286,0.274,0.56,2,0.143,0.0,3,19,24,0.79,0,0.3,3.49,0.043,4.6,0.195
2020,69636,오선우,KIA,HT,15,0.239,59,73,67,11,16,0,0,4,28,14,0,0,3,0,3,26,2,0.418,0.301,0.719,2,0.286,0.24,4,16,9,1.78,2,0.12,3.96,0.179,8.3,0.24
2020,64984,김태진,KIA,HT,16,0.236,82,280,263,28,62,5,1,1,72,23,2,1,13,0,1,45,2,0.274,0.273,0.547,14,0.284,0.25,7,67,90,0.74,2,0.29,3.83,0.038,19.6,0.191
2020,65653,김호령,KIA,HT,17,0.232,89,159,138,36,32,5,2,4,53,16,3,1,14,0,3,55,2,0.384,0.314,0.698,7,0.241,0.5,11,30,22,1.36,2,0.25,4.31,0.152,17.1,0.237
2020,63636,고장혁,KIA,HT,18,0.231,7,13,13,0,3,0,0,0,3,0,0,0,0,0,0,5,0,0.231,0.231,0.462,0,0.333,0.0,0,4,1,4.0,0,0.0,4.0,0.0,0.6,0.162
2020,66657,이진영,KIA,HT,19,0.227,32,27,22,4,5,1,0,0,6,5,0,0,5,0,0,9,1,0.273,0.37,0.643,1,0.3,0.167,1,8,0,,0,0.56,4.52,0.045,2.6,0.235
2020,63722,한승택,KIA,HT,20,0.226,83,262,226,22,51,6,0,9,84,29,9,0,21,0,6,58,7,0.372,0.308,0.68,11,0.222,0.0,15,57,60,0.95,1,0.36,4.15,0.146,26.0,0.232
2020,64646,박찬호,KIA,HT,21,0.223,141,531,480,63,107,16,0,3,132,36,12,3,36,0,0,87,14,0.275,0.276,0.551,30,0.185,0.0,19,153,136,1.13,1,0.41,3.93,0.052,34.4,0.193
2020,78643,백용환,KIA,HT,22,0.22,52,107,91,12,20,4,0,5,39,10,1,0,15,0,0,29,2,0.429,0.33,0.759,4,0.2,0.133,9,18,24,0.75,0,0.52,4.03,0.209,13.4,0.256
2020,63260,이우성,KIA,HT,23,0.203,48,67,59,5,12,1,0,0,13,3,0,0,6,0,2,11,2,0.22,0.299,0.519,1,0.125,0.267,1,18,18,1.0,1,0.55,3.55,0.017,4.1,0.19
2020,65464,최정용,KIA,HT,24,0.196,38,59,56,5,11,1,0,1,15,5,1,0,2,0,0,15,0,0.268,0.224,0.492,2,0.182,0.143,2,11,19,0.58,1,0.13,3.83,0.071,3.2,0.168
2020,66614,김규성,KIA,HT,25,0.178,103,182,157,21,28,2,1,3,41,11,11,0,13,0,1,40,1,0.261,0.246,0.507,5,0.194,0.0,6,28,61,0.46,2,0.33,3.98,0.083,10.7,0.176
2020,79113,문선재,KIA,HT,26,0.167,15,6,6,1,1,0,0,0,1,0,0,0,0,0,0,2,0,0.167,0.167,0.334,0,0.0,0.0,0,0,3,0.0,0,0.0,3.5,0.0,0.0,0.117
2020,79334,장영석,KIA,HT,27,0.129,11,37,31,1,4,0,0,0,4,2,0,1,4,0,1,7,3,0.129,0.243,0.372,0,0.125,0.0,0,10,11,0.91,1,0.57,3.24,0.0,0.5,0.142
2020,62893,최정민,KIA,HT,28,0.111,24,11,9,12,1,0,0,0,1,2,0,0,2,0,0,1,0,0.111,0.273,0.384,0,0.25,0.0,0,7,0,,0,2.0,2.82,0.0,0.6,0.151
2020,63448,김영환,KIA,HT,29,0.0,14,18,16,0,0,0,0,0,0,0,1,0,1,0,0,5,0,0.0,0.059,0.059,0,0.0,0.0,0,4,7,0.57,0,0.2,4.0,0.0,-1.2,0.027
2020,66630,김현준,KIA,HT,29,,1,0,0,0,0,0,0,0,0,0,0,0,0,0,0,0,0,,,,0,0.0,0.0,0,0,0,,0,,,,0.0,0.0
2020,50657,박민,KIA,HT,29,0.0,6,2,1,1,0,0,0,0,0,0,0,0,1,0,0,1,0,0.0,0.5,0.5,0,0.0,0.0,0,0,0,,0,1.0,5.5,0.0,0.2,0.225
2020,67644,이정훈,KIA,HT,29,0.0,3,4,4,0,0,0,0,0,0,0,0,0,0,0,0,2,0,0.0,0.0,0.0,0,0.0,0.0,0,0,2,0.0,0,0.0,4.75,0.0,-0.4,0.0
2020,63950,장현식,KIA,HT,29,,1,0,0,0,0,0,0,0,0,0,0,0,0,0,0,0,0,,,,0,0.0,0.0,0,0,0,,0,,,,0.0,0.0
2020,69209,페르난데스,두산,OB,1,0.34,144,668,586,104,199,29,0,21,291,105,0,11,58,1,13,42,26,0.497,0.404,0.901,62,0.327,0.0,50,206,150,1.37,9,1.38,3.66,0.157,108.6,0.306
2020,79240,허경민,두산,OB,2,0.332,117,487,437,70,145,25,1,7,193,58,3,7,35,2,5,28,10,0.442,0.382,0.824,45,0.375,0.0,33,128,143,0.9,3,1.25,3.45,0.11,71.6,0.282
2020,75334,오재일,두산,OB,3,0.312,127,534,471,62,147,32,0,16,227,89,0,2,61,1,0,92,12,0.482,0.39,0.872,43,0.376,0.0,48,106,128,0.83,17,0.66,3.77,0.17,82.7,0.296
2020,76267,최주환,두산,OB,4,0.306,140,574,509,63,156,29,4,16,241,88,1,10,47,5,7,66,7,0.473,0.366,0.839,41,0.349,0.75,49,103,194,0.53,7,0.71,4.2,0.167,88.1,0.283
2020,79215,박건우,두산,OB,5,0.304,129,551,487,103,148,40,0,14,230,70,3,7,42,2,12,65,9,0.472,0.369,0.841,43,0.28,0.5,54,114,167,0.68,11,0.65,3.72,0.168,83.3,0.284
2020,79231,정수빈,두산,OB,6,0.298,141,559,490,84,146,17,8,5,194,59,7,5,55,3,2,56,10,0.396,0.368,0.764,39,0.265,1.0,30,164,129,1.27,3,0.98,3.84,0.098,72.7,0.265
2020,64213,최용제,두산,OB,7,0.295,28,49,44,9,13,0,1,0,15,9,1,0,4,0,0,8,2,0.341,0.354,0.695,1,0.353,0.333,1,13,10,1.3,1,0.5,3.2,0.045,4.8,0.245
2020,74206,김재호,두산,OB,8,0.289,120,458,402,48,116,15,1,2,139,39,2,5,45,1,4,45,17,0.346,0.362,0.708,29,0.252,0.0,18,120,126,0.95,4,1.0,3.97,0.057,50.3,0.249
2020,50202,안권수,두산,OB,9,0.27,68,41,37,10,10,0,0,0,10,3,1,1,2,0,0,5,1,0.27,0.3,0.57,2,0.091,0.0,0,11,12,0.92,0,0.4,3.51,0.0,3.3,0.203
2020,62244,박세혁,두산,OB,10,0.269,124,423,360,47,97,18,2,4,131,51,9,7,35,0,12,45,7,0.364,0.348,0.712,18,0.298,0.077,24,105,120,0.88,6,0.78,3.73,0.094,49.6,0.248
2020,78224,김재환,두산,OB,11,0.266,140,614,516,82,137,26,1,30,255,113,0,6,91,3,1,154,14,0.494,0.373,0.867,33,0.278,1.0,57,127,104,1.22,12,0.59,3.91,0.229,96.7,0.291
2020,66209,조수행,두산,OB,12,0.263,44,40,38,12,10,0,0,0,10,4,0,0,2,0,0,6,0,0.263,0.3,0.563,2,0.4,0.0,0,13,9,1.44,0,0.33,4.03,0.0,3.0,0.201
2020,68204,권민석,두산,OB,13,0.26,55,57,50,6,13,2,0,0,15,7,2,2,3,0,0,15,0,0.3,0.291,0.591,2,0.357,1.0,2,14,10,1.4,0,0.2,3.86,0.04,5.5,0.206
2020,67207,이유찬,두산,OB,14,0.258,101,108,89,30,23,2,1,0,27,6,2,1,14,0,2,25,2,0.303,0.368,0.671,3,0.219,1.0,3,15,27,0.56,0,0.56,4.37,0.045,12.6,0.241
2020,64086,신성현,두산,OB,15,0.25,9,7,4,2,1,1,0,0,2,0,0,0,3,0,0,3,0,0.5,0.571,1.071,0,0.0,0.333,1,0,0,,0,1.0,5.71,0.25,1.4,0.382
2020,63202,장승현,두산,OB,15,0.25,23,22,20,5,5,3,0,0,8,3,0,0,1,0,1,6,2,0.4,0.318,0.718,1,0.286,0.0,3,4,5,0.8,0,0.17,3.18,0.15,1.7,0.243
2020,66203,서예일,두산,OB,17,0.24,40,29,25,4,6,2,0,0,8,1,0,1,3,0,0,7,0,0.32,0.31,0.63,0,0.0,0.5,2,5,8,0.63,0,0.43,3.9,0.08,3.1,0.22
2020,79290,국해성,두산,OB,18,0.233,46,94,86,10,20,1,0,3,30,17,0,1,6,2,1,21,2,0.349,0.287,0.636,3,0.296,0.278,4,20,26,0.77,1,0.29,3.62,0.116,8.6,0.216
2020,77248,오재원,두산,OB,19,0.232,85,174,155,25,36,7,1,5,60,27,1,2,16,0,0,49,3,0.387,0.301,0.688,8,0.214,0.25,13,32,40,0.8,1,0.33,4.18,0.155,19.0,0.232
2020,50293,양찬열,두산,OB,20,0.227,17,26,22,5,5,0,0,0,5,3,0,0,3,0,1,2,0,0.227,0.346,0.573,1,0.4,0.0,0,9,6,1.5,0,1.5,4.08,0.0,2.3,0.212
2020,63257,김인태,두산,OB,21,0.202,77,110,84,15,17,5,0,1,25,13,2,1,21,0,2,13,3,0.298,0.37,0.668,1,0.2,0.214,6,25,30,0.83,1,1.62,4.05,0.095,11.6,0.241
2020,63559,백동훈,두산,OB,22,0.188,27,19,16,5,3,1,0,0,4,0,0,0,1,0,2,4,0,0.25,0.316,0.566,0,0.0,0.0,1,5,4,1.25,0,0.25,3.16,0.063,1.5,0.205
2020,71842,정상호,두산,OB,23,0.163,42,92,86,3,14,6,0,0,20,8,3,1,2,0,0,29,4,0.233,0.18,0.413,4,0.154,0.5,6,19,25,0.76,0,0.07,3.38,0.07,1.3,0.139
2020,50203,권휘,두산,OB,24,,1,0,0,0,0,0,0,0,0,0,0,0,0,0,0,0,0,,,,0,0.0,0.0,0,0,0,,0,,,,0.0,0.0
2020,77263,김강률,두산,OB,24,,2,0,0,0,0,0,0,0,0,0,0,0,0,0,0,0,0,,,,0,0.0,0.0,0,0,0,,0,,,,0.0,0.0
2020,68200,김민규,두산,OB,24,,3,0,0,0,0,0,0,0,0,0,0,0,0,0,0,0,0,,,,0,0.0,0.0,0,0,0,,0,,,,0.0,0.0
2020,50204,박지훈,두산,OB,24,0.0,10,2,2,1,0,0,0,0,0,0,0,0,0,0,0,2,0,0.0,0.0,0.0,0,0.0,0.0,0,0,0,,0,0.0,6.0,0.0,-0.2,0.0
2020,50208,오명진,두산,OB,24,0.0,5,4,4,0,0,0,0,0,0,0,0,0,0,0,0,1,0,0.0,0.0,0.0,0,0.0,0.0,0,2,1,2.0,0,0.0,4.25,0.0,-0.4,0.0
2020,62242,윤명준,두산,OB,24,,1,0,0,0,0,0,0,0,0,0,0,0,0,0,0,0,0,,,,0,0.0,0.0,0,0,0,,0,,,,0.0,0.0
2020,68211,이승민,두산,OB,24,0.0,3,1,1,1,0,0,0,0,0,0,0,0,0,0,0,1,0,0.0,0.0,0.0,0,0.0,0.0,0,0,0,,0,0.0,3.0,0.0,-0.1,0.0
2020,66291,이영하,두산,OB,24,,1,0,0,0,0,0,0,0,0,0,0,0,0,0,0,0,0,,,,0,0.0,0.0,0,0,0,,0,,,,0.0,0.0
2020,62951,이형범,두산,OB,24,,1,0,0,0,0,0,0,0,0,0,0,0,0,0,0,0,0,,,,0,0.0,0.0,0,0,0,,0,,,,0.0,0.0
2020,50296,조제영,두산,OB,24,,1,0,0,0,0,0,0,0,0,0,0,0,0,0,0,0,0,,,,0,0.0,0.0,0,0,0,,0,,,,0.0,0.0
2020,63248,함덕주,두산,OB,24,,2,0,0,0,0,0,0,0,0,0,0,0,0,0,0,0,0,,,,0,0.0,0.0,0,0,0,,0,,,,0.0,0.0
2020,61643,홍건희,두산,OB,24,,1,0,0,0,0,0,0,0,0,0,0,0,0,0,0,0,0,,,,0,0.0,0.0,0,0,0,,0,,,,0.0,0.0
2020,64340,임지열,키움,WO,1,1.0,1,1,1,1,1,0,0,0,1,0,0,0,0,0,0,0,0,1.0,1.0,2.0,0,0.0,1.0,0,0,0,,0,,4.0,0.0,0.5,0.7
2020,65304,김은성,키움,WO,2,0.5,16,6,4,0,2,0,0,0,2,0,0,0,1,0,1,1,1,0.5,0.667,1.167,0,0.333,0.0,0,1,0,,0,1.0,4.83,0.0,1.1,0.425
2020,67341,이정후,키움,WO,3,0.333,140,617,544,85,181,49,5,15,285,101,2,8,59,6,4,47,16,0.524,0.397,0.921,52,0.354,0.5,69,124,200,0.62,13,1.26,3.74,0.191,104.6,0.31
2020,79456,이지영,키움,WO,4,0.309,101,289,262,22,81,10,2,0,95,36,3,1,19,1,4,28,8,0.363,0.364,0.727,19,0.333,0.207,12,98,56,1.75,4,0.68,3.39,0.053,32.4,0.255
2020,64300,김하성,키움,WO,5,0.306,138,622,533,111,163,24,1,30,279,109,3,3,75,3,8,68,12,0.523,0.397,0.92,45,0.319,0.333,55,104,201,0.52,14,1.1,3.71,0.218,109.9,0.309
2020,67304,김혜성,키움,WO,6,0.285,142,553,499,80,142,24,6,7,199,61,2,4,46,0,2,94,6,0.399,0.345,0.744,36,0.366,0.333,37,140,127,1.1,5,0.49,3.96,0.114,70.8,0.255
2020,78168,서건창,키움,WO,7,0.277,135,595,484,79,134,28,5,5,187,52,5,10,91,1,5,58,8,0.386,0.39,0.776,36,0.3,0.75,38,142,160,0.89,6,1.57,3.97,0.11,83.2,0.272
2020,65898,김웅빈,키움,WO,8,0.275,73,235,207,25,57,13,0,8,94,31,5,3,17,1,3,65,6,0.454,0.335,0.789,12,0.197,0.2,21,41,47,0.87,0,0.26,4.06,0.179,30.8,0.264
2020,68305,변상권,키움,WO,9,0.274,35,64,62,7,17,5,0,1,25,16,0,1,1,0,0,20,2,0.403,0.281,0.684,3,0.348,0.167,6,17,9,1.89,3,0.05,4.0,0.129,6.3,0.227
2020,64346,임병욱,키움,WO,10,0.27,12,41,37,3,10,4,0,0,14,6,0,0,4,1,0,10,1,0.378,0.341,0.719,1,0.5,0.0,4,13,4,3.25,0,0.4,4.02,0.108,4.8,0.248
2020,65399,허정협,키움,WO,11,0.268,111,360,314,45,84,12,0,10,126,43,3,1,40,0,2,73,7,0.401,0.353,0.754,20,0.25,0.2,22,83,75,1.11,9,0.55,4.15,0.134,44.9,0.259
2020,50350,러셀,키움,WO,12,0.254,65,271,244,22,62,14,0,2,82,31,0,3,22,1,2,37,6,0.336,0.317,0.653,16,0.274,0.0,16,73,75,0.97,2,0.59,3.67,0.082,26.6,0.227
2020,79365,박동원,키움,WO,13,0.25,112,372,324,45,81,21,0,12,138,50,2,2,38,0,6,68,10,0.426,0.338,0.764,19,0.25,0.412,33,88,89,0.99,5,0.56,3.97,0.176,46.1,0.259
2020,50357,박주홍,키움,WO,13,0.25,13,25,24,0,6,2,0,0,8,1,0,0,1,0,0,10,0,0.333,0.28,0.613,2,0.0,0.0,2,4,4,1.0,0,0.1,4.68,0.083,1.8,0.209
2020,64657,박준태,키움,WO,15,0.245,128,443,347,71,85,13,1,5,115,29,9,3,65,0,19,120,4,0.331,0.389,0.72,17,0.173,0.0,19,74,71,1.04,1,0.54,4.07,0.086,55.2,0.258
2020,65586,전병우,키움,WO,16,0.237,119,402,359,46,85,13,3,8,128,48,2,2,37,0,2,100,7,0.357,0.31,0.667,17,0.28,0.182,24,69,107,0.64,4,0.37,3.81,0.12,41.8,0.229
2020,69306,김주형,키움,WO,17,0.233,39,50,43,8,10,3,0,1,16,6,1,0,4,0,2,10,0,0.372,0.327,0.699,1,0.333,0.0,4,6,17,0.35,0,0.4,3.8,0.14,5.3,0.24
2020,75125,박병호,키움,WO,18,0.223,93,383,309,56,69,7,0,21,139,66,0,8,57,2,9,114,8,0.45,0.352,0.802,16,0.227,0.0,28,53,81,0.65,7,0.5,4.38,0.227,55.5,0.271
2020,62356,김규민,키움,WO,19,0.208,54,111,101,13,21,2,1,1,28,6,3,1,5,0,1,24,3,0.277,0.25,0.527,2,0.182,0.143,4,34,23,1.48,0,0.21,3.87,0.069,6.6,0.182
2020,73342,이택근,키움,WO,20,0.193,20,64,57,5,11,5,0,0,16,7,0,0,7,0,0,21,1,0.281,0.281,0.562,2,0.286,0.333,5,16,9,1.78,0,0.33,4.06,0.088,4.3,0.197
2020,66354,주효상,키움,WO,21,0.19,63,101,84,6,16,4,0,0,20,7,3,1,13,0,0,26,0,0.238,0.296,0.534,1,0.095,0.174,4,21,22,0.95,2,0.5,3.99,0.048,7.5,0.193
2020,62353,박정음,키움,WO,22,0.186,86,47,43,20,8,0,1,0,10,2,0,0,2,0,2,14,0,0.233,0.255,0.488,0,0.182,0.0,1,12,9,1.33,1,0.14,3.79,0.047,3.9,0.173
2020,68346,김수환,키움,WO,23,0.182,9,12,11,1,2,1,0,0,3,2,0,0,1,0,0,5,1,0.273,0.25,0.523,1,0.2,0.2,1,3,1,3.0,0,0.2,4.42,0.091,0.3,0.181
2020,50300,모터,키움,WO,24,0.114,10,37,35,4,4,0,0,1,7,3,0,1,1,0,0,10,0,0.2,0.135,0.335,0,0.091,0.0,1,9,13,0.69,0,0.1,4.24,0.086,0.8,0.111
2020,50360,김동혁,키움,WO,25,,1,0,0,0,0,0,0,0,0,0,0,0,0,0,0,0,0,,,,0,0.0,0.0,0,0,0,,0,,,,0.0,0.0
2020,50304,김병휘,키움,WO,25,0.0,1,1,1,1,0,0,0,0,0,0,0,0,0,0,0,1,0,0.0,0.0,0.0,0,0.0,0.0,0,0,0,,0,0.0,7.0,0.0,-0.1,0.0
2020,76430,김태혁,키움,WO,25,,1,0,0,0,0,0,0,0,0,0,0,0,0,0,0,0,0,,,,0,0.0,0.0,0,0,0,,0,,,,0.0,0.0
2020,67828,김성민,키움,WO,25,,3,0,0,0,0,0,0,0,0,0,0,0,0,0,0,0,0,,,,0,0.0,0.0,0,0,0,,0,,,,0.0,0.0
2020,67391,김재웅,키움,WO,25,,2,0,0,0,0,0,0,0,0,0,0,0,0,0,0,0,0,,,,0,0.0,0.0,0,0,0,,0,,,,0.0,0.0
2020,62332,김재현,키움,WO,25,0.0,4,3,3,0,0,0,0,0,0,0,0,0,0,0,0,2,0,0.0,0.0,0.0,0,0.0,0.0,0,1,0,,0,0.0,5.0,0.0,-0.3,0.0
2020,50365,문찬종,키움,WO,25,0.0,5,1,1,0,0,0,0,0,0,0,0,0,0,0,0,0,0,0.0,0.0,0.0,0,0.0,0.0,0,0,1,0.0,0,,1.0,0.0,-0.1,0.0
2020,65362,송우현,키움,WO,25,0.0,14,15,12,3,0,0,0,0,0,0,0,0,2,0,1,4,0,0.0,0.2,0.2,0,0.0,0.0,0,3,5,0.6,0,0.5,3.87,0.0,-0.1,0.09
2020,62937,신재영,키움,WO,25,,1,0,0,0,0,0,0,0,0,0,0,0,0,0,0,0,0,,,,0,0.0,0.0,0,0,0,,0,,,,0.0,0.0
2020,68341,안우진,키움,WO,25,,1,0,0,0,0,0,0,0,0,0,0,0,0,0,0,0,0,,,,0,0.0,0.0,0,0,0,,0,,,,0.0,0.0
2020,67365,양지율,키움,WO,25,,1,0,0,0,0,0,0,0,0,0,0,0,0,0,0,0,0,,,,0,0.0,0.0,0,0,0,,0,,,,0.0,0.0
2020,61268,양현,키움,WO,25,,1,0,0,0,0,0,0,0,0,0,0,0,0,0,0,0,0,,,,0,0.0,0.0,0,0,0,,0,,,,0.0,0.0
2020,69399,윤정현,키움,WO,25,,2,0,0,0,0,0,0,0,0,0,0,0,0,0,0,0,0,,,,0,0.0,0.0,0,0,0,,0,,,,0.0,0.0
2020,65398,임규빈,키움,WO,25,,2,0,0,0,0,0,0,0,0,0,0,0,0,0,0,0,0,,,,0,0.0,0.0,0,0,0,,0,,,,0.0,0.0
2020,63342,조상우,키움,WO,25,,6,0,0,0,0,0,0,0,0,0,0,0,0,0,0,0,0,,,,0,0.0,0.0,0,0,0,,0,,,,0.0,0.0
2020,63348,조성운,키움,WO,25,,4,0,0,0,0,0,0,0,0,0,0,0,0,0,0,0,0,,,,0,0.0,0.0,0,0,0,,0,,,,0.0,0.0
2020,69360,조영건,키움,WO,25,,3,0,0,0,0,0,0,0,0,0,0,0,0,0,0,0,0,,,,0,0.0,0.0,0,0,0,,0,,,,0.0,0.0
2021,66108,홍창기,LG,LG,1,0.328,144,651,524,103,172,26,2,4,214,52,0,2,109,4,16,95,6,0.408,0.456,0.864,57,0.343,0.5,32,138,121,1.14,8,1.15,4.17,0.08,106.4,0.307
2021,60566,이상호,LG,LG,2,0.308,45,68,65,5,20,2,0,0,22,12,2,0,1,0,0,10,2,0.338,0.318,0.656,3,0.55,0.667,2,20,15,1.33,1,0.1,3.46,0.031,6.0,0.228
2021,64101,한석현,LG,LG,3,0.286,16,26,21,5,6,2,1,0,10,1,0,1,3,0,1,7,1,0.476,0.385,0.861,1,0.0,0.5,3,3,6,0.5,0,0.43,4.31,0.19,4.3,0.292
2021,76290,김현수,LG,LG,4,0.285,140,595,506,70,144,23,1,17,220,96,0,9,77,5,3,42,7,0.435,0.376,0.811,43,0.279,0.0,41,156,173,0.9,19,1.83,3.79,0.15,88.7,0.278
2021,79192,채은성,LG,LG,5,0.276,110,448,387,59,107,20,0,16,175,82,0,7,38,2,16,80,9,0.452,0.359,0.811,27,0.317,0.167,36,89,118,0.75,7,0.48,3.88,0.176,64.6,0.275
2021,79109,오지환,LG,LG,6,0.254,134,532,464,62,118,19,2,8,165,57,4,5,54,0,5,82,11,0.356,0.335,0.691,30,0.248,0.25,29,142,127,1.12,8,0.66,3.86,0.101,58.2,0.24
2021,78168,서건창,LG,LG,7,0.253,144,600,513,78,130,24,2,6,176,52,5,4,69,2,9,78,14,0.343,0.35,0.693,32,0.24,0.286,32,154,155,0.99,4,0.88,3.93,0.09,65.6,0.243
2021,61102,유강남,LG,LG,8,0.252,130,441,397,39,100,16,0,11,149,60,3,2,25,1,14,75,11,0.375,0.317,0.692,22,0.254,0.5,27,120,104,1.15,11,0.33,3.9,0.123,46.9,0.236
2021,68106,이재원,LG,LG,9,0.247,62,171,154,22,38,6,0,5,59,17,0,1,14,0,2,48,2,0.383,0.316,0.699,9,0.191,0.0,11,30,39,0.77,0,0.29,4.18,0.136,19.8,0.238
2021,50165,라모스,LG,LG,10,0.243,51,205,185,14,45,7,1,8,78,25,0,0,18,0,2,43,2,0.422,0.317,0.739,11,0.218,0.333,16,36,61,0.59,2,0.42,3.99,0.178,25.2,0.248
2021,51100,이영빈,LG,LG,10,0.243,72,169,148,21,36,9,0,2,51,16,2,1,15,0,3,51,1,0.345,0.323,0.668,7,0.297,0.467,11,33,29,1.14,4,0.29,3.99,0.101,17.7,0.232
2021,79150,정주현,LG,LG,12,0.238,73,214,181,26,43,7,1,3,61,10,9,0,24,0,0,32,4,0.337,0.327,0.664,8,0.159,1.0,11,56,50,1.12,1,0.75,3.79,0.099,20.3,0.231
2021,69102,문보경,LG,LG,13,0.23,107,329,278,37,64,11,1,8,101,39,3,2,46,1,0,64,5,0.363,0.337,0.7,14,0.324,0.308,20,80,72,1.11,1,0.72,4.22,0.133,37.5,0.242
2021,68119,문성주,LG,LG,14,0.228,31,89,79,11,18,1,0,1,22,10,0,1,7,0,2,15,1,0.278,0.303,0.581,4,0.375,0.0,2,26,21,1.24,1,0.47,3.79,0.051,7.5,0.206
2021,77564,김민성,LG,LG,15,0.222,121,426,360,35,80,22,0,8,126,39,11,5,42,2,8,73,7,0.35,0.313,0.663,19,0.207,0.111,30,91,121,0.75,1,0.58,4.19,0.128,42.7,0.228
2021,78135,이형종,LG,LG,16,0.218,90,281,239,32,52,11,0,10,93,34,1,0,34,1,7,65,10,0.389,0.332,0.721,11,0.154,0.222,21,46,76,0.61,3,0.52,4.12,0.172,30.9,0.247
2021,71184,이성우,LG,LG,17,0.212,36,39,33,0,7,0,0,0,7,2,5,0,1,0,0,8,1,0.212,0.235,0.447,1,0.111,0.0,0,13,5,2.6,0,0.13,3.9,0.0,1.3,0.159
2021,61186,이천웅,LG,LG,18,0.199,68,211,181,20,36,7,0,2,49,16,1,1,25,0,3,23,11,0.271,0.305,0.576,7,0.273,0.3,9,71,52,1.37,1,1.09,3.89,0.072,13.9,0.205
2021,51144,보어,LG,LG,19,0.17,32,117,100,7,17,2,0,3,28,17,0,3,11,0,3,30,2,0.28,0.265,0.545,1,0.16,0.0,5,26,30,0.87,3,0.37,4.12,0.11,9.2,0.189
2021,66162,김주성,LG,LG,20,0.167,3,7,6,1,1,0,0,1,4,1,0,0,1,0,0,3,0,0.667,0.286,0.953,0,0.0,0.0,1,1,1,1.0,0,0.33,4.29,0.5,1.3,0.295
2021,78217,김용의,LG,LG,21,0.148,102,41,27,19,4,2,0,0,6,2,4,1,9,0,0,5,1,0.222,0.351,0.573,0,0.125,0.0,2,11,8,1.38,0,1.8,3.63,0.074,4.6,0.213
2021,65115,안익훈,LG,LG,22,0.143,48,16,14,4,2,1,0,0,3,1,0,0,0,0,2,2,1,0.214,0.25,0.464,0,0.0,0.0,1,5,5,1.0,0,0.0,4.13,0.071,0.4,0.166
2021,65132,김재성,LG,LG,23,0.138,58,73,65,6,9,2,1,1,16,3,1,1,5,0,1,13,2,0.246,0.208,0.454,1,0.105,0.25,4,11,33,0.33,0,0.38,3.58,0.108,3.2,0.155
2021,69100,구본혁,LG,LG,24,0.132,123,45,38,10,5,2,0,0,7,3,1,2,3,0,1,7,0,0.184,0.205,0.389,0,0.2,0.0,2,12,16,0.75,0,0.43,4.58,0.053,2.1,0.138
2021,65207,신민재,LG,LG,25,0.13,32,27,23,8,3,0,0,0,3,2,0,0,4,0,0,6,0,0.13,0.259,0.389,1,0.4,0.0,0,8,6,1.33,0,0.67,4.11,0.0,1.1,0.149
2021,50167,이주형,LG,LG,26,0.125,14,19,16,3,2,0,0,0,2,0,1,0,1,0,1,7,0,0.125,0.222,0.347,0,0.0,0.0,0,2,5,0.4,0,0.14,3.95,0.0,0.4,0.131
2021,50150,손호영,LG,LG,27,0.1,8,12,10,2,1,0,0,0,1,0,0,0,1,0,1,2,0,0.1,0.25,0.35,0,0.0,1.0,0,2,5,0.4,0,0.5,3.58,0.0,0.4,0.138
2021,67119,고우석,LG,LG,28,,5,0,0,0,0,0,0,0,0,0,0,0,0,0,0,0,0,,,,0,0.0,0.0,0,0,0,,0,,,,0.0,0.0
2021,60181,김지용,LG,LG,28,,1,0,0,0,0,0,0,0,0,0,0,0,0,0,0,0,0,,,,0,0.0,0.0,0,0,0,,0,,,,0.0,0.0
2021,51154,김진수,LG,LG,28,,1,0,0,0,0,0,0,0,0,0,0,0,0,0,0,0,0,,,,0,0.0,0.0,0,0,0,,0,,,,0.0,0.0
2021,66113,김호은,LG,LG,28,0.0,7,9,9,0,0,0,0,0,0,0,0,0,0,0,0,4,0,0.0,0.0,0.0,0,0.0,0.0,0,4,1,4.0,0,0.0,4.56,0.0,-0.8,0.0
2021,63103,류원석,LG,LG,28,,1,0,0,0,0,0,0,0,0,0,0,0,0,0,0,0,0,,,,0,0.0,0.0,0,0,0,,0,,,,0.0,0.0
2021,65117,이상규,LG,LG,28,,3,0,0,0,0,0,0,0,0,0,0,0,0,0,0,0,0,,,,0,0.0,0.0,0,0,0,,0,,,,0.0,0.0
2021,69168,이상영,LG,LG,28,,3,0,0,0,0,0,0,0,0,0,0,0,0,0,0,0,0,,,,0,0.0,0.0,0,0,0,,0,,,,0.0,0.0
2021,61145,이우찬,LG,LG,28,,1,0,0,0,0,0,0,0,0,0,0,0,0,0,0,0,0,,,,0,0.0,0.0,0,0,0,,0,,,,0.0,0.0
2021,69134,이정용,LG,LG,28,,1,0,0,0,0,0,0,0,0,0,0,0,0,0,0,0,0,,,,0,0.0,0.0,0,0,0,,0,,,,0.0,0.0
2021,67164,이찬혁,LG,LG,28,,1,0,0,0,0,0,0,0,0,0,0,0,0,0,0,0,0,,,,0,0.0,0.0,0,0,0,,0,,,,0.0,0.0
2021,64115,장준원,LG,LG,28,0.0,5,3,3,0,0,0,0,0,0,0,0,0,0,0,0,0,0,0.0,0.0,0.0,0,0.0,0.0,0,1,2,0.5,0,,1.0,0.0,-0.3,0.0
2021,76650,진해수,LG,LG,28,,2,0,0,0,0,0,0,0,0,0,0,0,0,0,0,0,0,,,,0,0.0,0.0,0,0,0,,0,,,,0.0,0.0
2021,65241,채원후,LG,LG,28,,4,0,0,0,0,0,0,0,0,0,0,0,0,0,0,0,0,,,,0,0.0,0.0,0,0,0,,0,,,,0.0,0.0
2021,65157,최민창,LG,LG,28,0.0,3,2,2,0,0,0,0,0,0,0,0,0,0,0,0,0,0,0.0,0.0,0.0,0,0.0,0.0,0,1,1,1.0,0,,3.5,0.0,-0.2,0.0
2021,62146,최성훈,LG,LG,28,,5,0,0,0,0,0,0,0,0,0,0,0,0,0,0,0,0,,,,0,0.0,0.0,0,0,0,,0,,,,0.0,0.0
2021,66704,김태연,한화,HH,1,0.301,53,220,176,29,53,12,0,3,74,34,0,5,34,0,5,44,4,0.42,0.418,0.838,15,0.322,0.0,15,51,33,1.55,7,0.77,4.21,0.119,34.1,0.293
2021,68743,정은원,한화,HH,2,0.283,139,608,495,85,140,22,5,6,190,39,4,3,105,1,1,105,9,0.384,0.407,0.791,40,0.312,0.5,33,126,127,0.99,2,1.0,4.47,0.101,84.2,0.279
2021,78288,최재훈,한화,HH,3,0.275,116,467,375,52,103,21,0,7,145,44,5,3,72,2,12,68,16,0.387,0.405,0.792,29,0.275,0.0,28,107,100,1.07,2,1.06,4.14,0.112,61.3,0.279
2021,62700,하주석,한화,HH,4,0.272,138,594,525,84,143,27,3,10,206,68,5,3,51,1,10,135,9,0.392,0.346,0.738,39,0.269,0.0,40,146,104,1.4,4,0.38,3.87,0.12,73.9,0.254
2021,69737,노시환,한화,HH,5,0.271,107,458,380,56,103,18,1,18,177,84,0,4,73,9,1,107,15,0.466,0.386,0.852,25,0.341,0.0,37,97,77,1.26,9,0.68,4.17,0.195,67.7,0.29
2021,51714,페레즈,한화,HH,6,0.268,59,252,224,26,60,15,1,5,92,33,0,7,17,0,4,52,4,0.411,0.321,0.732,19,0.209,0.0,21,50,69,0.72,1,0.33,3.94,0.143,30.7,0.247
2021,64266,이성곤,한화,HH,7,0.264,62,208,174,17,46,12,2,1,65,24,1,1,29,0,3,53,4,0.374,0.377,0.751,13,0.241,0.25,15,43,33,1.3,0,0.55,4.26,0.109,24.6,0.263
2021,51725,힐리,한화,HH,8,0.257,67,268,249,27,64,11,1,7,98,37,0,1,16,0,2,58,6,0.394,0.306,0.7,20,0.278,0.333,19,63,65,0.97,4,0.28,3.88,0.137,28.7,0.236
2021,51762,장규현,한화,HH,9,0.25,7,12,12,0,3,1,0,0,4,1,0,0,0,0,0,4,1,0.333,0.25,0.583,0,0.0,0.0,1,4,1,4.0,0,0.0,3.08,0.083,0.5,0.196
2021,63700,장운호,한화,HH,10,0.235,103,338,285,36,67,10,0,0,77,28,7,3,36,0,7,77,7,0.27,0.332,0.602,17,0.265,0.0,10,68,76,0.89,2,0.47,3.78,0.035,27.5,0.217
2021,63704,노수광,한화,HH,11,0.231,52,180,160,21,37,7,0,3,53,14,2,0,17,0,1,46,1,0.331,0.309,0.64,8,0.225,0.0,10,39,38,1.03,1,0.37,3.78,0.1,19.3,0.222
2021,61208,정진호,한화,HH,12,0.228,47,167,145,9,33,9,0,0,42,15,4,2,15,1,1,22,5,0.29,0.301,0.591,8,0.146,0.0,9,54,38,1.42,2,0.68,4.1,0.062,13.0,0.208
2021,73136,이성열,한화,HH,13,0.21,46,140,119,15,25,8,0,2,39,20,0,2,18,0,1,36,2,0.328,0.314,0.642,3,0.4,0.375,10,34,26,1.31,2,0.5,4.06,0.118,14.0,0.223
2021,61554,김민하,한화,HH,14,0.209,46,142,115,14,24,4,1,1,33,17,0,2,17,0,8,36,3,0.287,0.345,0.632,2,0.314,0.2,6,31,26,1.19,2,0.47,4.2,0.078,14.1,0.227
2021,50707,최인호,한화,HH,15,0.206,49,164,136,17,28,6,0,4,46,23,0,2,24,0,2,43,1,0.338,0.329,0.667,7,0.195,0.0,10,23,44,0.52,3,0.56,4.3,0.132,18.3,0.233
2021,69705,조한민,한화,HH,16,0.197,52,145,127,15,25,6,2,5,50,18,1,2,13,0,2,57,4,0.394,0.278,0.672,4,0.31,0.0,13,22,25,0.88,0,0.23,4.1,0.197,14.3,0.224
2021,50709,박정현,한화,HH,17,0.196,33,120,107,10,21,4,0,0,25,9,3,1,9,0,0,32,1,0.234,0.256,0.49,4,0.182,0.0,4,26,29,0.9,3,0.28,3.58,0.037,6.7,0.174
2021,69706,허관회,한화,HH,18,0.19,28,79,63,4,12,0,0,0,12,2,0,2,13,0,1,22,1,0.19,0.329,0.519,0,0.056,0.25,0,16,15,1.07,0,0.59,4.19,0.0,6.4,0.196
2021,66702,이시원,한화,HH,19,0.189,33,62,53,8,10,1,0,0,11,2,4,0,3,0,2,12,2,0.208,0.259,0.467,1,0.125,0.4,1,18,13,1.38,0,0.25,3.18,0.019,2.1,0.169
2021,51706,장지승,한화,HH,20,0.18,24,72,61,7,11,1,0,1,15,5,2,1,7,0,1,24,4,0.246,0.271,0.517,1,0.182,0.25,2,11,16,0.69,0,0.29,3.74,0.066,4.0,0.183
2021,68700,이원석,한화,HH,21,0.175,43,130,114,12,20,1,1,1,26,9,4,2,8,0,2,43,1,0.228,0.238,0.466,2,0.217,0.667,3,20,33,0.61,0,0.19,3.96,0.053,6.9,0.164
2021,65703,이도윤,한화,HH,22,0.175,56,68,63,5,11,0,0,0,11,2,1,0,4,0,0,18,1,0.175,0.224,0.399,1,0.063,0.0,0,16,18,0.89,0,0.22,3.93,0.0,1.2,0.145
2021,60343,이해창,한화,HH,23,0.167,20,60,54,4,9,3,0,0,12,4,3,1,1,0,1,13,0,0.222,0.193,0.415,3,0.263,0.0,3,13,20,0.65,0,0.08,3.73,0.056,1.9,0.142
2021,50704,임종찬,한화,HH,24,0.153,42,146,131,9,20,5,0,1,28,8,2,0,12,0,1,49,2,0.214,0.229,0.443,1,0.13,0.0,6,29,33,0.88,0,0.24,3.91,0.061,5.1,0.157
2021,69766,유로결,한화,HH,25,0.143,34,112,98,11,14,5,0,1,22,7,2,2,8,0,2,39,2,0.224,0.218,0.442,2,0.08,0.0,6,27,20,1.35,0,0.21,4.08,0.082,4.7,0.154
2021,78643,백용환,한화,HH,26,0.14,39,102,86,10,12,1,0,4,25,4,2,0,11,0,3,26,4,0.291,0.26,0.551,2,0.059,0.429,5,23,25,0.92,1,0.42,3.92,0.151,6.5,0.19
2021,51764,정민규,한화,HH,27,0.125,6,17,16,1,2,1,0,0,3,0,0,0,1,0,0,6,1,0.188,0.176,0.364,0,0.0,0.0,1,4,4,1.0,0,0.17,4.59,0.063,-0.1,0.126
2021,64704,노태형,한화,HH,28,0.116,18,49,43,6,5,1,0,0,6,1,0,0,6,0,0,15,0,0.14,0.224,0.364,1,0.1,0.0,1,13,10,1.3,0,0.4,4.27,0.023,1.2,0.136
2021,66710,강상원,한화,HH,29,0.108,35,49,37,7,4,0,0,0,4,2,2,0,9,0,1,11,0,0.108,0.298,0.406,1,0.1,0.0,0,13,9,1.44,0,0.82,4.12,0.0,3.0,0.161
2021,65503,김지수,한화,HH,30,0.083,11,25,24,0,2,1,0,0,3,0,0,0,1,0,0,14,0,0.125,0.12,0.245,1,0.125,0.0,1,4,4,1.0,0,0.07,4.84,0.042,-0.5,0.085
2021,69702,김건,한화,HH,30,0.083,5,12,12,0,1,0,0,0,1,0,0,0,0,0,0,4,0,0.083,0.083,0.166,0,0.0,0.0,0,4,3,1.33,0,0.0,4.0,0.0,-0.5,0.058
2021,50705,강재민,한화,HH,32,,2,0,0,0,0,0,0,0,0,0,0,0,0,0,0,0,0,,,,0,0.0,0.0,0,0,0,,0,,,,0.0,0.0
2021,67711,김기탁,한화,HH,32,,1,0,0,0,0,0,0,0,0,0,0,0,0,0,0,0,0,,,,0,0.0,0.0,0,0,0,,0,,,,0.0,0.0
2021,63765,김종수,한화,HH,32,,1,0,0,0,0,0,0,0,0,0,0,0,0,0,0,0,0,,,,0,0.0,0.0,0,0,0,,0,,,,0.0,0.0
2021,71752,김태균,한화,HH,32,,1,0,0,0,0,0,0,0,0,0,0,0,0,0,0,0,0,,,,0,0.0,0.0,0,0,0,,0,,,,0.0,0.0
2021,66707,박상언,한화,HH,32,0.0,1,1,1,0,0,0,0,0,0,0,0,0,0,0,0,0,0,0.0,0.0,0.0,0,0.0,0.0,0,1,0,,0,,3.0,0.0,-0.1,0.0
2021,61156,송윤준,한화,HH,32,,1,0,0,0,0,0,0,0,0,0,0,0,0,0,0,0,0,,,,0,0.0,0.0,0,0,0,,0,,,,0.0,0.0
2021,51767,송호정,한화,HH,32,0.0,10,11,10,1,0,0,0,0,0,0,0,0,1,0,0,8,0,0.0,0.091,0.091,0,0.0,0.0,0,2,0,,0,0.13,4.91,0.0,-0.6,0.041
2021,60140,신정락,한화,HH,32,,1,0,0,0,0,0,0,0,0,0,0,0,0,0,0,0,0,,,,0,0.0,0.0,0,0,0,,0,,,,0.0,0.0
2021,63464,윤대경,한화,HH,32,,1,0,0,0,0,0,0,0,0,0,0,0,0,0,0,0,0,,,,0,0.0,0.0,0,0,0,,0,,,,0.0,0.0
2021,63961,윤호솔,한화,HH,32,,1,0,0,0,0,0,0,0,0,0,0,0,0,0,0,0,0,,,,0,0.0,0.0,0,0,0,,0,,,,0.0,0.0
2021,62611,임준섭,한화,HH,32,,1,0,0,0,0,0,0,0,0,0,0,0,0,0,0,0,0,,,,0,0.0,0.0,0,0,0,,0,,,,0.0,0.0
2021,79764,장민재,한화,HH,32,,1,0,0,0,0,0,0,0,0,0,0,0,0,0,0,0,0,,,,0,0.0,0.0,0,0,0,,0,,,,0.0,0.0
2021,74857,정우람,한화,HH,32,,4,0,0,0,0,0,0,0,0,0,0,0,0,0,0,0,0,,,,0,0.0,0.0,0,0,0,,0,,,,0.0,0.0
2021,67893,박성한,SSG,SK,1,0.302,135,471,407,53,123,21,1,4,158,44,12,2,49,0,1,73,1,0.388,0.377,0.765,26,0.298,0.5,26,109,104,1.05,4,0.67,4.01,0.086,62.7,0.267
2021,66052,남태혁,SSG,SK,2,0.3,12,22,20,2,6,1,0,1,10,4,0,0,1,0,1,7,1,0.5,0.364,0.864,1,0.333,0.0,2,5,2,2.5,0,0.14,4.64,0.2,3.2,0.289
2021,76802,김성현,SSG,SK,3,0.283,110,274,237,27,67,15,0,6,100,37,4,4,29,0,0,29,8,0.422,0.356,0.778,16,0.266,0.0,21,72,73,0.99,5,1.0,3.63,0.139,35.7,0.266
2021,76812,이재원,SSG,SK,4,0.28,107,313,271,29,76,13,0,3,98,30,6,2,29,4,5,47,14,0.362,0.358,0.72,16,0.292,0.25,16,63,87,0.72,5,0.62,3.86,0.081,32.1,0.252
2021,62895,한유섬,SSG,SK,5,0.278,135,519,442,71,123,18,1,31,236,95,1,6,60,4,10,96,11,0.534,0.373,0.907,33,0.304,0.429,50,108,121,0.89,4,0.63,4.04,0.256,87.5,0.301
2021,75847,최정,SSG,SK,6,0.278,134,555,436,92,121,17,1,35,245,100,1,12,84,3,22,102,9,0.562,0.41,0.972,28,0.281,0.6,53,77,148,0.52,13,0.82,4.02,0.284,105.0,0.325
2021,62884,최항,SSG,SK,7,0.275,34,79,69,5,19,2,1,0,23,7,1,1,6,1,2,16,4,0.333,0.346,0.679,6,0.267,0.444,3,17,18,0.94,1,0.38,3.97,0.058,7.6,0.239
2021,60558,오태곤,SSG,SK,8,0.268,122,253,235,47,63,10,0,9,100,35,1,1,14,0,2,52,4,0.426,0.313,0.739,12,0.224,0.167,19,51,70,0.73,2,0.27,3.8,0.157,31.0,0.247
2021,61353,고종욱,SSG,SK,9,0.267,88,199,180,25,48,5,0,2,59,18,1,2,16,0,0,30,6,0.328,0.323,0.651,11,0.31,0.229,7,52,52,1.0,2,0.53,3.9,0.061,18.3,0.227
2021,65869,이현석,SSG,SK,10,0.266,39,89,79,7,21,5,0,4,38,19,3,2,5,0,0,29,0,0.481,0.302,0.783,6,0.286,0.25,9,8,23,0.35,0,0.17,3.76,0.215,12.5,0.256
2021,51817,추신수,SSG,SK,11,0.265,137,580,461,84,122,19,2,21,208,69,0,4,103,4,12,123,8,0.451,0.409,0.86,34,0.274,0.222,42,118,102,1.16,4,0.84,4.11,0.187,93.4,0.297
2021,50854,최지훈,SSG,SK,12,0.262,136,534,461,75,121,19,6,5,167,45,8,6,51,0,8,71,6,0.362,0.342,0.704,30,0.255,0.333,30,111,164,0.68,3,0.72,3.82,0.1,64.6,0.244
2021,66864,안상현,SSG,SK,13,0.256,37,40,39,9,10,2,0,1,15,4,0,0,1,0,0,15,0,0.385,0.275,0.66,2,0.077,0.5,3,7,7,1.0,0,0.07,3.35,0.128,4.2,0.22
2021,76267,최주환,SSG,SK,14,0.256,116,470,406,50,104,16,0,18,174,67,0,2,53,4,9,84,7,0.429,0.353,0.782,29,0.284,0.167,34,77,143,0.54,5,0.63,4.39,0.172,63.5,0.266
2021,67807,이정범,SSG,SK,15,0.254,19,66,59,8,15,4,0,3,28,9,0,0,7,0,0,15,1,0.475,0.333,0.808,5,0.278,0.0,7,17,12,1.42,1,0.47,3.74,0.22,9.1,0.269
2021,71837,김강민,SSG,SK,16,0.238,122,260,223,43,53,11,1,8,90,27,3,3,25,1,6,52,3,0.404,0.327,0.731,9,0.222,0.3,20,49,72,0.68,1,0.48,4.01,0.166,31.4,0.248
2021,63440,이흥련,SSG,SK,17,0.236,90,146,127,15,30,3,0,3,42,14,2,0,12,0,5,31,4,0.331,0.326,0.657,4,0.241,0.143,6,37,29,1.28,1,0.39,3.77,0.094,13.9,0.229
2021,75151,정의윤,SSG,SK,18,0.23,62,178,165,21,38,2,0,7,61,24,0,2,11,1,0,37,5,0.37,0.275,0.645,8,0.297,0.176,9,44,48,0.92,4,0.3,4.08,0.139,16.8,0.216
2021,66917,김찬형,SSG,SK,19,0.227,88,161,132,20,30,7,0,2,43,7,9,0,16,0,4,32,1,0.326,0.329,0.655,6,0.133,0.167,9,28,42,0.67,1,0.5,3.88,0.098,15.8,0.23
2021,67872,로맥,SSG,SK,20,0.225,107,421,355,55,80,11,0,20,151,52,0,3,59,1,4,83,9,0.425,0.34,0.765,23,0.177,0.286,31,82,113,0.73,6,0.71,4.02,0.2,55.1,0.259
2021,61743,오준혁,SSG,SK,21,0.217,26,50,46,7,10,2,0,2,18,5,0,0,4,0,0,15,2,0.391,0.28,0.671,2,0.222,0.2,4,12,9,1.33,0,0.27,3.58,0.174,4.6,0.224
2021,69825,김창평,SSG,SK,22,0.08,40,28,25,6,2,0,0,0,2,1,2,0,1,0,0,6,0,0.08,0.115,0.195,0,0.0,0.333,0,11,6,1.83,0,0.17,3.57,0.0,-0.7,0.072
2021,51868,고명준,SSG,SK,23,0.0,3,5,5,0,0,0,0,0,0,0,0,0,0,0,0,3,1,0.0,0.0,0.0,0,0.0,0.0,0,2,0,,0,0.0,4.2,0.0,-0.8,0.0
2021,69810,김규남,SSG,SK,23,0.0,4,7,7,0,0,0,0,0,0,0,0,0,0,0,0,3,0,0.0,0.0,0.0,0,0.0,0.0,0,1,3,0.33,0,0.0,4.29,0.0,-0.7,0.0
2021,76430,김태혁,SSG,SK,23,,3,0,0,0,0,0,0,0,0,0,0,0,0,0,0,0,0,,,,0,0.0,0.0,0,0,0,,0,,,,0.0,0.0
2021,79847,김태훈,SSG,SK,23,,1,0,0,0,0,0,0,0,0,0,0,0,0,0,0,0,0,,,,0,0.0,0.0,0,0,0,,0,,,,0.0,0.0
2021,65343,김택형,SSG,SK,23,,3,0,0,0,0,0,0,0,0,0,0,0,0,0,0,0,0,,,,0,0.0,0.0,0,0,0,,0,,,,0.0,0.0
2021,64893,박민호,SSG,SK,23,,1,0,0,0,0,0,0,0,0,0,0,0,0,0,0,0,0,,,,0,0.0,0.0,0,0,0,,0,,,,0.0,0.0
2021,64896,서동민,SSG,SK,23,,1,0,0,0,0,0,0,0,0,0,0,0,0,0,0,0,0,,,,0,0.0,0.0,0,0,0,,0,,,,0.0,0.0
2021,61895,서진용,SSG,SK,23,0.0,5,1,1,0,0,0,0,0,0,0,0,0,0,0,0,1,0,0.0,0.0,0.0,0,0.0,0.0,0,0,0,,0,0.0,6.0,0.0,-0.1,0.0
2021,62937,신재영,SSG,SK,23,,1,0,0,0,0,0,0,0,0,0,0,0,0,0,0,0,0,,,,0,0.0,0.0,0,0,0,,0,,,,0.0,0.0
2021,64890,유서준,SSG,SK,23,0.0,6,2,2,1,0,0,0,0,0,0,0,0,0,0,0,1,0,0.0,0.0,0.0,0,0.0,0.0,0,0,1,0.0,0,0.0,3.5,0.0,-0.2,0.0
2021,51895,장지훈,SSG,SK,23,,2,0,0,0,0,0,0,0,0,0,0,0,0,0,0,0,0,,,,0,0.0,0.0,0,0,0,,0,,,,0.0,0.0
2021,71842,정상호,SSG,SK,23,0.0,3,3,3,0,0,0,0,0,0,0,0,0,0,0,0,2,0,0.0,0.0,0.0,0,0.0,0.0,0,0,1,0.0,0,0.0,3.0,0.0,-0.3,0.0
2021,66960,정수민,SSG,SK,23,,1,0,0,0,0,0,0,0,0,0,0,0,0,0,0,0,0,,,,0,0.0,0.0,0,0,0,,0,,,,0.0,0.0
2021,51809,조요한,SSG,SK,23,,1,0,0,0,0,0,0,0,0,0,0,0,0,0,0,0,0,,,,0,0.0,0.0,0,0,0,,0,,,,0.0,0.0
2021,69813,하재훈,SSG,SK,23,,2,0,0,0,0,0,0,0,0,0,0,0,0,0,0,0,0,,,,0,0.0,0.0,0,0,0,,0,,,,0.0,0.0
2021,63435,김성표,삼성,SS,1,0.333,39,24,18,10,6,0,0,0,6,1,1,0,5,0,0,7,0,0.333,0.478,0.811,1,0.25,0.0,0,3,2,1.5,0,0.71,4.21,0.0,3.6,0.298
2021,62404,구자욱,삼성,SS,2,0.306,139,610,543,107,166,30,10,22,282,88,1,12,48,3,6,98,9,0.519,0.361,0.88,45,0.283,0.0,62,122,169,0.72,9,0.49,3.87,0.214,103.8,0.292
2021,62415,박해민,삼성,SS,3,0.291,127,542,454,78,132,22,1,5,171,54,9,7,69,2,3,82,3,0.377,0.383,0.76,36,0.327,0.0,28,116,131,0.89,5,0.84,4.2,0.086,74.3,0.267
2021,74540,강민호,삼성,SS,4,0.291,123,462,406,55,118,22,0,18,194,67,0,7,45,4,4,53,18,0.478,0.361,0.839,34,0.25,0.25,40,129,113,1.14,12,0.85,3.6,0.187,66.6,0.282
2021,51463,피렐라,삼성,SS,5,0.286,140,621,553,102,158,25,2,29,274,97,0,3,57,2,8,89,8,0.495,0.359,0.854,52,0.288,0.0,56,143,166,0.86,10,0.64,3.76,0.21,96.3,0.285
2021,75334,오재일,삼성,SS,6,0.285,120,484,418,64,119,20,0,25,214,97,0,8,58,8,0,106,5,0.512,0.366,0.878,36,0.276,0.0,45,99,102,0.97,9,0.55,3.82,0.227,79.9,0.293
2021,61404,김헌곤,삼성,SS,7,0.281,118,364,317,38,89,8,2,4,113,27,3,5,34,0,5,46,9,0.356,0.355,0.711,24,0.217,0.25,14,111,76,1.46,2,0.74,4.08,0.076,41.7,0.249
2021,61197,최영진,삼성,SS,8,0.281,44,63,57,9,16,1,2,1,24,6,0,0,5,0,1,12,1,0.421,0.349,0.77,3,0.267,0.222,4,19,10,1.9,1,0.42,4.03,0.14,8.3,0.262
2021,50458,김지찬,삼성,SS,9,0.274,120,336,296,50,81,6,0,1,90,26,10,3,27,0,0,31,0,0.304,0.331,0.635,20,0.278,0.333,7,112,75,1.49,6,0.87,3.65,0.03,36.7,0.225
2021,64793,김민수,삼성,SS,10,0.263,47,87,76,9,20,5,0,3,34,13,2,2,6,0,1,13,2,0.447,0.318,0.765,5,0.217,0.0,8,24,21,1.14,1,0.46,3.67,0.184,11.2,0.255
2021,64610,강한울,삼성,SS,11,0.26,124,258,223,25,58,5,0,0,63,27,3,3,29,0,0,58,5,0.283,0.341,0.624,8,0.339,0.348,5,64,46,1.39,0,0.5,4.13,0.022,23.7,0.224
2021,51417,김현준,삼성,SS,12,0.25,13,4,4,2,1,0,0,0,1,0,0,0,0,0,0,0,1,0.25,0.25,0.5,0,0.0,0.0,0,1,2,0.5,0,,3.25,0.0,-0.1,0.175
2021,66838,김동엽,삼성,SS,13,0.238,69,203,185,20,44,9,0,4,65,24,0,4,10,0,4,42,2,0.351,0.286,0.637,10,0.258,0.111,13,44,59,0.75,4,0.24,3.67,0.114,20.3,0.216
2021,79402,김상수,삼성,SS,14,0.235,132,496,429,46,101,17,1,3,129,42,8,4,52,0,3,51,14,0.301,0.32,0.621,24,0.223,0.333,21,147,134,1.1,6,1.02,3.9,0.065,43.1,0.219
2021,64469,송준석,삼성,SS,15,0.235,19,55,51,5,12,2,0,2,20,4,0,0,3,0,1,13,1,0.392,0.291,0.683,3,0.188,0.0,4,14,12,1.17,0,0.23,3.84,0.157,5.7,0.229
2021,75566,이원석,삼성,SS,16,0.231,131,480,399,40,92,19,0,9,138,59,2,8,60,2,11,80,11,0.346,0.341,0.687,18,0.309,0.25,28,77,158,0.49,7,0.75,3.91,0.115,53.5,0.24
2021,64407,김호재,삼성,SS,17,0.227,87,90,75,9,17,2,0,0,19,7,3,1,9,0,2,14,0,0.253,0.322,0.575,0,0.333,0.333,2,25,20,1.25,1,0.64,4.04,0.027,7.8,0.208
2021,78756,오선진,삼성,SS,18,0.214,23,46,42,5,9,0,0,0,9,2,0,0,3,0,1,8,2,0.214,0.283,0.497,1,0.154,1.0,0,14,11,1.27,0,0.38,4.02,0.0,2.1,0.181
2021,69453,이학주,삼성,SS,19,0.206,66,174,155,17,32,8,0,4,52,20,4,0,14,0,1,61,3,0.335,0.276,0.611,9,0.244,0.0,12,34,28,1.21,1,0.23,4.16,0.129,13.8,0.208
2021,69418,박승규,삼성,SS,20,0.182,59,78,66,13,12,1,0,3,22,5,1,0,9,0,2,9,4,0.333,0.299,0.632,1,0.143,0.222,4,24,21,1.14,0,1.0,3.73,0.152,6.3,0.218
2021,67449,김성윤,삼성,SS,21,0.167,30,19,18,7,3,0,0,0,3,2,0,1,0,0,0,5,0,0.167,0.158,0.325,0,0.4,0.0,0,7,4,1.75,0,0.0,3.32,0.0,0.2,0.113
2021,69442,김도환,삼성,SS,22,0.146,25,46,41,1,6,2,0,0,8,1,1,0,2,0,2,20,0,0.195,0.222,0.417,1,0.0,0.0,2,7,8,0.88,0,0.1,4.07,0.049,1.2,0.149
2021,65412,권정웅,삼성,SS,23,0.0,2,1,1,0,0,0,0,0,0,0,0,0,0,0,0,0,0,0.0,0.0,0.0,0,0.0,0.0,0,1,0,,0,,6.0,0.0,-0.1,0.0
2021,68403,김무신,삼성,SS,23,,2,0,0,0,0,0,0,0,0,0,0,0,0,0,0,0,0,,,,0,0.0,0.0,0,0,0,,0,,,,0.0,0.0
2021,60288,김응민,삼성,SS,23,0.0,1,2,2,0,0,0,0,0,0,0,0,0,0,0,0,0,0,0.0,0.0,0.0,0,0.0,0.0,0,1,1,1.0,0,,3.5,0.0,-0.2,0.0
2021,62920,노건우,삼성,SS,23,,2,0,0,0,0,0,0,0,0,0,0,0,0,0,0,0,0,,,,0,0.0,0.0,0,0,0,,0,,,,0.0,0.0
2021,67419,문용익,삼성,SS,23,,1,0,0,0,0,0,0,0,0,0,0,0,0,0,0,0,0,,,,0,0.0,0.0,0,0,0,,0,,,,0.0,0.0
2021,64410,백승민,삼성,SS,23,0.0,4,3,3,0,0,0,0,0,0,0,0,0,0,0,0,2,0,0.0,0.0,0.0,0,0.0,0.0,0,1,0,,0,0.0,4.67,0.0,-0.3,0.0
2021,66406,안주형,삼성,SS,23,,1,0,0,0,0,0,0,0,0,0,0,0,0,0,0,0,0,,,,0,0.0,0.0,0,0,0,,0,,,,0.0,0.0
2021,75421,오승환,삼성,SS,23,,2,0,0,0,0,0,0,0,0,0,0,0,0,0,0,0,0,,,,0,0.0,0.0,0,0,0,,0,,,,0.0,0.0
2021,63492,이재익,삼성,SS,23,,1,0,0,0,0,0,0,0,0,0,0,0,0,0,0,0,0,,,,0,0.0,0.0,0,0,0,,0,,,,0.0,0.0
2021,68466,이태훈,삼성,SS,23,0.0,3,2,2,0,0,0,0,0,0,0,0,0,0,0,0,1,0,0.0,0.0,0.0,0,0.0,0.0,0,0,1,0.0,0,0.0,3.5,0.0,-0.2,0.0
2021,76232,양의지,NC,NC,1,0.325,141,570,480,81,156,29,2,30,279,111,0,10,69,5,11,60,12,0.581,0.414,0.995,41,0.374,0.5,61,84,190,0.44,17,1.15,3.74,0.256,110.1,0.332
2021,63905,윤형준,NC,NC,2,0.297,51,81,74,10,22,0,0,5,37,10,3,1,3,0,0,17,2,0.5,0.321,0.821,2,0.083,0.31,5,16,20,0.8,1,0.18,3.56,0.203,11.3,0.269
2021,76849,이명기,NC,NC,3,0.293,56,232,191,30,56,12,0,2,74,14,3,0,37,0,1,27,2,0.387,0.41,0.797,18,0.3,0.25,14,62,46,1.35,1,1.37,4.21,0.094,32.6,0.281
2021,62931,노진혁,NC,NC,4,0.288,107,384,330,41,95,22,0,8,141,58,4,3,42,0,5,90,3,0.427,0.374,0.801,28,0.351,0.0,30,57,91,0.63,5,0.47,4.09,0.139,54.0,0.275
2021,69992,최정원,NC,NC,5,0.283,72,238,212,40,60,4,2,0,68,8,4,0,18,0,4,40,0,0.321,0.35,0.671,14,0.229,0.0,6,71,41,1.73,0,0.45,3.82,0.038,25.2,0.238
2021,62947,나성범,NC,NC,6,0.281,144,623,570,96,160,29,1,33,290,101,0,4,38,2,11,155,5,0.509,0.335,0.844,46,0.263,0.0,63,119,140,0.85,9,0.25,3.74,0.228,95.5,0.278
2021,50923,알테어,NC,NC,7,0.272,143,565,492,83,134,19,2,32,253,84,0,5,57,2,11,156,6,0.514,0.358,0.872,31,0.248,0.0,53,92,115,0.8,10,0.37,3.97,0.242,93.4,0.29
2021,63963,권희동,NC,NC,8,0.263,55,171,133,25,35,3,0,8,62,26,1,3,29,1,5,24,4,0.466,0.406,0.872,6,0.345,0.429,11,34,43,0.79,3,1.21,4.47,0.203,28.2,0.299
2021,62907,박민우,NC,NC,9,0.261,50,215,180,30,47,5,3,1,61,18,4,2,22,0,7,23,4,0.339,0.36,0.699,12,0.303,0.0,9,51,61,0.84,1,0.96,3.86,0.078,25.5,0.247
2021,74465,박석민,NC,NC,10,0.257,59,205,171,27,44,8,0,10,82,41,3,2,27,1,2,43,8,0.48,0.361,0.841,11,0.304,0.143,18,47,39,1.21,4,0.63,4.09,0.222,29.1,0.282
2021,78361,전민수,NC,NC,11,0.255,71,109,98,12,25,3,0,3,37,16,0,0,11,1,0,23,2,0.378,0.33,0.708,4,0.375,0.233,6,18,32,0.56,2,0.48,3.99,0.122,12.1,0.243
2021,68909,최보성,NC,NC,12,0.25,10,14,12,0,3,0,0,0,3,1,1,0,0,0,1,5,0,0.25,0.308,0.558,0,0.5,0.0,0,1,3,0.33,0,0.0,2.71,0.0,0.7,0.201
2021,62925,강진성,NC,NC,13,0.249,124,462,406,49,101,20,0,7,142,38,4,2,36,2,14,68,12,0.35,0.33,0.68,25,0.227,0.2,27,114,125,0.91,5,0.53,3.74,0.101,47.4,0.236
2021,51907,김주원,NC,NC,14,0.241,69,189,166,20,40,7,1,5,64,16,2,2,17,0,2,57,5,0.386,0.316,0.702,4,0.162,1.0,13,30,41,0.73,2,0.3,3.76,0.145,20.9,0.239
2021,62025,이원재,NC,NC,15,0.231,31,69,65,3,15,2,0,0,17,7,1,1,1,0,1,11,1,0.262,0.25,0.512,1,0.235,0.375,2,23,17,1.35,0,0.09,3.68,0.031,4.3,0.178
2021,65905,최승민,NC,NC,16,0.226,48,34,31,8,7,1,0,0,8,1,2,0,1,0,0,7,0,0.258,0.25,0.508,1,0.1,0.0,1,11,6,1.83,0,0.14,3.03,0.032,1.7,0.177
2021,61869,정진기,NC,NC,17,0.223,88,206,193,27,43,8,0,6,69,21,2,0,10,0,1,39,2,0.358,0.265,0.623,9,0.188,0.238,14,63,48,1.31,2,0.26,3.51,0.135,18.3,0.209
2021,63450,정현,NC,NC,18,0.222,68,149,117,14,26,5,1,0,33,7,8,0,17,0,7,24,7,0.282,0.355,0.637,5,0.238,0.167,6,30,37,0.81,1,0.71,3.76,0.06,11.8,0.23
2021,78122,김태군,NC,NC,19,0.22,102,276,232,23,51,7,0,7,79,24,9,3,21,0,11,30,4,0.341,0.311,0.652,10,0.158,0.0,14,71,83,0.86,2,0.7,3.57,0.121,27.6,0.225
2021,64944,박대온,NC,NC,20,0.212,42,95,85,4,18,1,0,0,19,5,4,2,4,0,0,21,0,0.224,0.242,0.466,2,0.182,0.0,1,21,27,0.78,0,0.19,3.43,0.012,5.3,0.165
2021,76720,정범모,NC,NC,21,0.211,19,23,19,2,4,1,0,1,8,5,1,0,2,0,1,4,2,0.421,0.318,0.739,0,0.333,0.0,2,5,6,0.83,0,0.5,3.43,0.211,2.1,0.248
2021,66928,박준영,NC,NC,22,0.209,111,315,273,37,57,7,2,8,92,31,3,2,27,0,10,92,9,0.337,0.301,0.638,15,0.215,0.167,17,52,74,0.7,0,0.29,4.09,0.128,28.3,0.22
2021,65462,김기환,NC,NC,23,0.207,62,149,140,19,29,7,2,3,49,13,1,0,8,0,0,45,1,0.35,0.25,0.6,7,0.276,1.0,12,39,27,1.44,0,0.18,3.73,0.143,13.4,0.2
2021,66968,이재율,NC,NC,24,0.2,23,17,15,5,3,2,0,0,5,1,0,0,0,0,2,3,1,0.333,0.294,0.627,0,0.0,0.0,2,6,3,2.0,0,0.0,3.0,0.133,1.0,0.216
2021,66965,도태훈,NC,NC,25,0.182,77,76,66,10,12,1,0,1,16,9,0,0,6,0,4,14,3,0.242,0.289,0.531,0,0.227,0.2,2,23,17,1.35,0,0.43,3.93,0.061,4.7,0.191
2021,63920,김준완,NC,NC,26,0.167,13,14,12,3,2,0,1,0,4,1,0,0,2,0,0,0,0,0.333,0.286,0.619,0,0.0,0.0,1,4,6,0.67,0,,3.5,0.167,1.3,0.212
2021,73306,지석훈,NC,NC,27,0.147,28,43,34,6,5,1,0,0,6,2,0,1,6,0,2,12,0,0.176,0.302,0.478,0,0.143,0.0,1,7,11,0.64,0,0.5,3.67,0.029,3.1,0.18
2021,60339,김건태,NC,NC,28,,1,0,0,0,0,0,0,0,0,0,0,0,0,0,0,0,0,,,,0,0.0,0.0,0,0,0,,0,,,,0.0,0.0
2021,67900,김수윤,NC,NC,28,0.0,7,7,7,0,0,0,0,0,0,0,0,0,0,0,0,2,0,0.0,0.0,0.0,0,0.0,0.0,0,2,3,0.67,0,0.0,2.14,0.0,-0.6,0.0
2021,68900,김영규,NC,NC,28,,1,0,0,0,0,0,0,0,0,0,0,0,0,0,0,0,0,,,,0,0.0,0.0,0,0,0,,0,,,,0.0,0.0
2021,75867,김진성,NC,NC,28,,1,0,0,0,0,0,0,0,0,0,0,0,0,0,0,0,0,,,,0,0.0,0.0,0,0,0,,0,,,,0.0,0.0
2021,67956,김태현,NC,NC,28,,1,0,0,0,0,0,0,0,0,0,0,0,0,0,0,0,0,,,,0,0.0,0.0,0,0,0,,0,,,,0.0,0.0
2021,69996,노시훈,NC,NC,28,,1,0,0,0,0,0,0,0,0,0,0,0,0,0,0,0,0,,,,0,0.0,0.0,0,0,0,,0,,,,0.0,0.0
2021,65949,류진욱,NC,NC,28,,1,0,0,0,0,0,0,0,0,0,0,0,0,0,0,0,0,,,,0,0.0,0.0,0,0,0,,0,,,,0.0,0.0
2021,78813,모창민,NC,NC,28,0.0,3,6,5,0,0,0,0,0,0,0,0,0,1,0,0,1,0,0.0,0.167,0.167,0,0.0,0.0,0,3,1,3.0,0,1.0,4.5,0.0,-0.4,0.075
2021,50996,박시원,NC,NC,28,0.0,1,1,1,0,0,0,0,0,0,0,0,0,0,0,0,0,0,0.0,0.0,0.0,0,0.0,0.0,0,0,1,0.0,0,,4.0,0.0,-0.1,0.0
2021,69974,배민서,NC,NC,28,,2,0,0,0,0,0,0,0,0,0,0,0,0,0,0,0,0,,,,0,0.0,0.0,0,0,0,,0,,,,0.0,0.0
2021,68902,신민혁,NC,NC,28,,1,0,0,0,0,0,0,0,0,0,0,0,0,0,0,0,0,,,,0,0.0,0.0,0,0,0,,0,,,,0.0,0.0
2021,50901,안인산,NC,NC,28,,2,0,0,0,0,0,0,0,0,0,0,0,0,0,0,0,0,,,,0,0.0,0.0,0,0,0,,0,,,,0.0,0.0
2021,51991,오장한,NC,NC,28,0.0,1,1,1,0,0,0,0,0,0,0,0,0,0,0,0,1,0,0.0,0.0,0.0,0,0.0,0.0,0,0,0,,0,0.0,5.0,0.0,-0.1,0.0
2021,51996,오태양,NC,NC,28,0.0,1,1,1,0,0,0,0,0,0,0,0,0,0,0,0,0,0,0.0,0.0,0.0,0,0.0,0.0,0,1,0,,0,,2.0,0.0,-0.1,0.0
2021,76118,원종현,NC,NC,28,,4,0,0,0,0,0,0,0,0,0,0,0,0,0,0,0,0,,,,0,0.0,0.0,0,0,0,,0,,,,0.0,0.0
2021,77211,이용찬,NC,NC,28,,6,0,0,0,0,0,0,0,0,0,0,0,0,0,0,0,0,,,,0,0.0,0.0,0,0,0,,0,,,,0.0,0.0
2021,65964,이우석,NC,NC,28,,1,0,0,0,0,0,0,0,0,0,0,0,0,0,0,0,0,,,,0,0.0,0.0,0,0,0,,0,,,,0.0,0.0
2021,63959,임정호,NC,NC,28,,1,0,0,0,0,0,0,0,0,0,0,0,0,0,0,0,0,,,,0,0.0,0.0,0,0,0,,0,,,,0.0,0.0
2021,78352,임창민,NC,NC,28,,1,0,0,0,0,0,0,0,0,0,0,0,0,0,0,0,0,,,,0,0.0,0.0,0,0,0,,0,,,,0.0,0.0
2021,62966,최금강,NC,NC,28,,1,0,0,0,0,0,0,0,0,0,0,0,0,0,0,0,0,,,,0,0.0,0.0,0,0,0,,0,,,,0.0,0.0
2021,66963,최우재,NC,NC,28,0.0,2,2,2,0,0,0,0,0,0,0,0,0,0,0,0,0,0,0.0,0.0,0.0,0,0.0,0.0,0,1,1,1.0,0,,3.0,0.0,-0.2,0.0
2021,62655,홍성민,NC,NC,28,,2,0,0,0,0,0,0,0,0,0,0,0,0,0,0,0,0,,,,0,0.0,0.0,0,0,0,,0,,,,0.0,0.0
2021,68050,강백호,KT,KT,1,0.347,142,627,516,76,179,40,1,16,269,102,0,8,103,10,0,85,7,0.521,0.45,0.971,53,0.34,0.0,57,131,129,1.02,11,1.21,4.2,0.174,117.6,0.333
2021,62802,박승욱,KT,KT,2,0.333,8,6,6,5,2,1,0,0,3,0,0,0,0,0,0,1,0,0.5,0.333,0.833,0,0.333,0.0,1,3,0,,0,0.0,3.0,0.167,1.0,0.275
2021,64004,김민혁,KT,KT,3,0.32,75,199,172,22,55,6,2,1,68,13,5,0,20,0,2,26,3,0.395,0.397,0.792,13,0.22,0.381,9,49,42,1.17,1,0.77,3.82,0.076,26.8,0.277
2021,74339,유한준,KT,KT,4,0.309,104,337,282,30,87,16,0,5,118,42,0,4,44,5,7,34,12,0.418,0.409,0.827,25,0.263,0.333,21,77,88,0.88,5,1.29,3.86,0.11,48.0,0.289
2021,76313,황재균,KT,KT,5,0.291,117,507,453,74,132,16,2,10,182,56,1,4,46,1,3,92,11,0.402,0.358,0.76,37,0.289,0.0,28,88,145,0.61,5,0.5,4.02,0.11,65.1,0.262
2021,64014,김병희,KT,KT,6,0.288,34,70,52,16,15,3,0,5,33,13,2,0,13,0,3,15,0,0.635,0.456,1.091,2,0.455,0.2,8,9,13,0.69,1,0.87,4.0,0.346,15.5,0.364
2021,50054,천성호,KT,KT,7,0.286,41,47,42,13,12,1,0,0,13,4,0,0,3,0,2,9,0,0.31,0.362,0.672,2,0.25,0.111,1,14,7,2.0,1,0.33,3.43,0.024,5.3,0.24
2021,77243,허도환,KT,KT,8,0.276,62,125,105,8,29,6,0,2,41,21,10,0,8,0,2,28,3,0.39,0.339,0.729,6,0.393,0.0,8,28,20,1.4,3,0.29,3.77,0.114,13.3,0.25
2021,51004,알몬테,KT,KT,9,0.271,60,250,225,18,61,9,0,7,91,36,0,2,22,0,1,50,9,0.404,0.336,0.74,15,0.323,0.0,16,60,56,1.07,1,0.44,3.92,0.133,29.3,0.252
2021,64006,심우준,KT,KT,10,0.268,139,460,407,61,109,20,2,6,151,48,10,6,32,0,4,65,2,0.371,0.323,0.694,26,0.271,0.5,28,92,147,0.63,7,0.49,4.12,0.103,53.4,0.238
2021,64166,배정대,KT,KT,11,0.259,144,595,510,85,132,23,1,12,193,68,3,5,65,2,12,132,9,0.378,0.353,0.731,35,0.22,0.0,36,121,130,0.93,7,0.49,4.02,0.12,73.6,0.253
2021,51003,권동진,KT,KT,12,0.254,86,86,67,21,17,5,0,1,25,6,1,0,18,0,0,30,0,0.373,0.412,0.785,2,0.125,0.25,6,14,6,2.33,0,0.6,4.07,0.119,11.5,0.279
2021,64906,강민국,KT,KT,13,0.244,18,50,45,2,11,2,0,0,13,4,2,0,3,0,0,6,1,0.289,0.292,0.581,2,0.235,0.5,2,20,8,2.5,1,0.5,3.94,0.044,3.6,0.204
2021,64504,오윤석,KT,KT,14,0.244,97,198,164,23,40,11,0,4,63,16,5,0,27,1,2,47,4,0.384,0.358,0.742,5,0.16,0.308,15,34,43,0.79,0,0.57,3.95,0.14,23.9,0.257
2021,68730,호잉,KT,KT,15,0.239,68,294,259,32,62,11,1,11,108,52,0,5,26,2,4,52,2,0.417,0.313,0.73,17,0.238,0.0,23,67,83,0.81,8,0.5,3.78,0.178,37.5,0.245
2021,64868,조용호,KT,KT,16,0.236,138,515,428,71,101,14,1,0,117,48,5,5,74,0,3,85,8,0.273,0.349,0.622,27,0.33,0.143,15,145,102,1.42,5,0.87,4.3,0.037,48.6,0.225
2021,62556,신본기,KT,KT,17,0.236,96,206,174,25,41,8,0,1,52,19,5,1,22,0,4,45,6,0.299,0.333,0.632,9,0.306,0.2,9,53,36,1.47,1,0.49,3.91,0.063,17.6,0.225
2021,78548,장성우,KT,KT,18,0.231,127,460,385,46,89,13,0,14,144,63,9,3,60,3,3,69,16,0.374,0.337,0.711,15,0.239,0.2,27,113,117,0.97,10,0.87,3.95,0.143,49.6,0.245
2021,65040,김태훈,KT,KT,19,0.23,44,91,87,6,20,4,1,1,29,6,1,0,2,0,1,19,1,0.333,0.256,0.589,3,0.2,0.316,6,25,23,1.09,1,0.11,3.51,0.103,7.0,0.198
2021,64012,송민섭,KT,KT,20,0.229,122,65,48,39,11,0,0,0,11,7,5,0,12,0,0,22,0,0.229,0.383,0.612,1,0.462,0.0,0,8,7,1.14,0,0.55,4.09,0.0,8.7,0.23
2021,64007,문상철,KT,KT,21,0.219,53,106,96,14,21,6,0,2,33,16,0,0,8,0,2,33,1,0.344,0.292,0.636,1,0.25,0.364,8,17,25,0.68,1,0.24,3.73,0.125,10.1,0.217
2021,51005,김건형,KT,KT,22,0.212,11,39,33,4,7,1,0,0,8,0,0,0,6,1,0,6,0,0.242,0.333,0.575,1,0.0,0.0,1,13,7,1.86,0,1.0,3.72,0.03,3.5,0.21
2021,62558,김준태,KT,KT,23,0.195,58,149,128,17,25,5,0,4,42,15,0,2,18,0,1,40,3,0.328,0.295,0.623,3,0.154,0.182,9,27,38,0.71,0,0.45,4.25,0.133,13.9,0.215
2021,73113,박경수,KT,KT,24,0.192,118,280,239,24,46,10,0,9,83,33,4,0,34,2,3,76,7,0.347,0.301,0.648,8,0.19,0.074,19,41,76,0.54,4,0.45,4.08,0.155,25.3,0.222
2021,67005,홍현빈,KT,KT,25,0.182,43,12,11,8,2,0,0,0,2,0,1,0,0,0,0,8,0,0.182,0.182,0.364,0,0.0,0.0,0,1,0,,0,0.0,4.75,0.0,-0.2,0.127
2021,63634,이홍구,KT,KT,26,0.164,37,58,55,4,9,0,0,1,12,5,0,1,2,1,0,28,4,0.218,0.19,0.408,0,0.214,0.286,1,9,10,0.9,0,0.07,3.83,0.055,0.6,0.14
2021,68069,고명성,KT,KT,27,0.0,7,1,1,1,0,0,0,0,0,0,0,0,0,0,0,0,0,0.0,0.0,0.0,0,0.0,0.0,0,0,1,0.0,0,,1.0,0.0,-0.1,0.0
2021,64001,고영표,KT,KT,27,,1,1,0,0,0,0,0,0,0,0,0,0,1,0,0,0,0,,1.0,1.0,0,0.0,0.0,0,0,0,,0,,6.0,,0.3,0.45
2021,65048,김민수,KT,KT,27,,6,0,0,0,0,0,0,0,0,0,0,0,0,0,0,0,0,,,,0,0.0,0.0,0,0,0,,0,,,,0.0,0.0
2021,65062,김재윤,KT,KT,27,,8,0,0,0,0,0,0,0,0,0,0,0,0,0,0,0,0,,,,0,0.0,0.0,0,0,0,,0,,,,0.0,0.0
2021,60559,박시영,KT,KT,27,,3,0,0,0,0,0,0,0,0,0,0,0,0,0,0,0,0,,,,0,0.0,0.0,0,0,0,,0,,,,0.0,0.0
2021,64017,심재민,KT,KT,27,,3,0,0,0,0,0,0,0,0,0,0,0,0,0,0,0,0,,,,0,0.0,0.0,0,0,0,,0,,,,0.0,0.0
2021,73738,안영명,KT,KT,27,,1,0,0,0,0,0,0,0,0,0,0,0,0,0,0,0,0,,,,0,0.0,0.0,0,0,0,,0,,,,0.0,0.0
2021,76757,유원상,KT,KT,27,,1,0,0,0,0,0,0,0,0,0,0,0,0,0,0,0,0,,,,0,0.0,0.0,0,0,0,,0,,,,0.0,0.0
2021,67008,이대은,KT,KT,27,,1,0,0,0,0,0,0,0,0,0,0,0,0,0,0,0,0,,,,0,0.0,0.0,0,0,0,,0,,,,0.0,0.0
2021,65057,이창재,KT,KT,27,,1,0,0,0,0,0,0,0,0,0,0,0,0,0,0,0,0,,,,0,0.0,0.0,0,0,0,,0,,,,0.0,0.0
2021,64047,조현우,KT,KT,27,,3,0,0,0,0,0,0,0,0,0,0,0,0,0,0,0,0,,,,0,0.0,0.0,0,0,0,,0,,,,0.0,0.0
2021,78517,하준호,KT,KT,27,,2,0,0,0,0,0,0,0,0,0,0,0,0,0,0,0,0,,,,0,0.0,0.0,0,0,0,,0,,,,0.0,0.0
2021,78513,전준우,롯데,LT,1,0.348,144,619,552,88,192,46,0,7,259,92,1,8,53,0,5,71,10,0.469,0.405,0.874,53,0.416,0.6,53,145,152,0.95,10,0.75,3.64,0.121,98.9,0.3
2021,77532,손아섭,롯데,LT,2,0.319,139,610,542,88,173,29,2,3,215,58,3,1,61,3,3,67,15,0.397,0.39,0.787,58,0.318,0.0,34,179,124,1.44,9,0.91,3.65,0.077,79.5,0.275
2021,51528,손성빈,롯데,LT,3,0.316,20,22,19,4,6,0,0,0,6,0,0,0,3,0,0,6,0,0.316,0.409,0.725,1,0.0,0.25,0,4,3,1.33,0,0.5,4.27,0.0,2.8,0.263
2021,79608,안치홍,롯데,LT,4,0.306,119,490,421,58,129,30,2,10,193,82,5,9,52,2,3,58,10,0.458,0.379,0.837,38,0.359,0.5,42,129,114,1.13,9,0.9,4.0,0.152,71.8,0.285
2021,60523,정훈,롯데,LT,5,0.292,135,561,486,70,142,27,1,14,213,79,1,3,68,8,3,89,6,0.438,0.38,0.818,42,0.24,0.167,42,114,144,0.79,6,0.76,4.18,0.146,82.4,0.281
2021,65506,김재유,롯데,LT,6,0.287,87,192,174,27,50,8,0,1,61,18,4,0,10,0,4,36,1,0.351,0.34,0.691,10,0.462,0.421,9,49,39,1.26,2,0.28,3.84,0.063,22.1,0.241
2021,71564,이대호,롯데,LT,7,0.286,114,465,420,39,120,11,0,19,188,81,0,6,34,3,5,50,12,0.448,0.342,0.79,36,0.256,0.143,30,121,135,0.9,5,0.68,3.69,0.162,63.7,0.266
2021,50506,마차도,롯데,LT,8,0.279,134,539,466,83,130,21,1,5,168,58,4,7,58,1,4,65,9,0.361,0.359,0.72,27,0.339,0.0,27,133,145,0.92,2,0.89,3.69,0.082,64.4,0.252
2021,68518,정보근,롯데,LT,9,0.278,11,20,18,0,5,0,0,0,5,0,0,0,2,0,0,2,1,0.278,0.35,0.628,1,0.0,0.0,0,6,5,1.2,0,1.0,3.2,0.0,1.3,0.227
2021,68525,한동희,롯데,LT,10,0.267,129,496,424,54,113,24,0,17,188,69,1,4,61,1,6,95,21,0.443,0.364,0.807,32,0.252,0.5,41,135,85,1.59,7,0.64,4.04,0.177,65.1,0.275
2021,69508,신윤후,롯데,LT,11,0.261,71,136,119,23,31,5,2,1,43,6,2,1,11,0,3,20,2,0.361,0.336,0.697,8,0.192,0.167,8,33,36,0.92,0,0.55,4.02,0.101,15.2,0.241
2021,68362,추재현,롯데,LT,12,0.252,95,300,262,37,66,15,0,5,96,26,5,0,26,0,7,57,3,0.366,0.336,0.702,17,0.254,0.0,20,83,56,1.48,2,0.46,3.84,0.115,33.0,0.243
2021,66749,김주현,롯데,LT,13,0.25,8,17,16,1,4,0,0,0,4,0,0,0,1,0,0,6,0,0.25,0.294,0.544,0,0.0,0.0,0,1,5,0.2,0,0.17,3.88,0.0,1.2,0.195
2021,67504,김정율,롯데,LT,14,0.241,82,224,199,19,48,11,1,3,70,25,3,1,18,0,3,62,4,0.352,0.312,0.664,14,0.241,0.091,15,56,34,1.65,4,0.29,3.89,0.111,21.8,0.228
2021,64717,지시완,롯데,LT,15,0.241,73,187,166,23,40,9,0,7,70,26,2,0,14,0,5,54,6,0.422,0.319,0.741,9,0.212,0.0,16,33,39,0.85,4,0.26,4.07,0.181,20.7,0.249
2021,76100,이병규,롯데,LT,16,0.235,29,43,34,4,8,0,0,0,8,4,0,0,8,0,1,14,2,0.235,0.395,0.63,0,0.357,0.25,0,8,4,2.0,1,0.57,4.33,0.0,3.9,0.237
2021,64022,안중열,롯데,LT,17,0.232,58,157,125,19,29,5,0,3,43,16,3,1,27,0,1,25,1,0.344,0.37,0.714,7,0.275,0.5,8,37,35,1.06,2,1.08,3.73,0.112,19.2,0.253
2021,68504,이호연,롯데,LT,18,0.222,7,11,9,0,2,0,0,0,2,1,0,1,1,0,0,1,1,0.222,0.273,0.495,1,0.0,0.0,0,5,2,2.5,0,1.0,3.82,0.0,0.7,0.178
2021,68507,장두성,롯데,LT,18,0.222,43,41,36,12,8,2,1,0,12,4,0,0,5,0,0,12,0,0.333,0.317,0.65,0,0.1,0.5,3,8,8,1.0,0,0.42,3.85,0.111,4.1,0.226
2021,64501,배성근,롯데,LT,20,0.204,78,109,93,21,19,4,0,1,26,9,2,0,14,0,0,36,1,0.28,0.308,0.588,2,0.265,0.25,5,28,10,2.8,0,0.39,4.27,0.075,9.0,0.209
2021,51551,나승엽,롯데,LT,21,0.204,60,128,113,16,23,2,0,2,31,10,0,1,14,0,0,33,1,0.274,0.289,0.563,4,0.148,0.214,4,35,23,1.52,0,0.42,4.44,0.071,10.4,0.199
2021,76249,민병헌,롯데,LT,22,0.19,14,49,42,5,8,3,0,0,11,2,1,0,6,0,0,11,2,0.262,0.292,0.554,0,0.273,0.5,3,9,14,0.64,0,0.55,3.73,0.071,2.5,0.197
2021,65515,강로한,롯데,LT,23,0.121,21,35,33,7,4,0,0,2,10,4,0,0,2,0,0,18,0,0.303,0.171,0.474,1,0.111,0.0,2,7,4,1.75,0,0.11,4.31,0.182,1.8,0.153
2021,63895,최민재,롯데,LT,24,0.08,21,27,25,2,2,1,0,0,3,2,0,0,2,0,0,8,1,0.12,0.148,0.268,0,0.286,0.333,1,12,3,4.0,0,0.25,3.3,0.04,-0.2,0.097
2021,65514,강태율,롯데,LT,25,0.077,19,31,26,1,2,1,0,1,6,5,0,1,4,0,0,10,1,0.231,0.194,0.425,0,0.111,0.0,2,9,6,1.5,0,0.4,3.61,0.154,1.0,0.145
2021,79358,강윤구,롯데,LT,26,,1,0,0,0,0,0,0,0,0,0,0,0,0,0,0,0,0,,,,0,0.0,0.0,0,0,0,,0,,,,0.0,0.0
2021,62528,김원중,롯데,LT,26,,3,0,0,0,0,0,0,0,0,0,0,0,0,0,0,0,0,,,,0,0.0,0.0,0,0,0,,0,,,,0.0,0.0
2021,64596,김유영,롯데,LT,26,,2,0,0,0,0,0,0,0,0,0,0,0,0,0,0,0,0,,,,0,0.0,0.0,0,0,0,,0,,,,0.0,0.0
2021,67539,나균안,롯데,LT,26,,1,0,0,0,0,0,0,0,0,0,0,0,0,0,0,0,0,,,,0,0.0,0.0,0,0,0,,0,,,,0.0,0.0
2021,67454,나원탁,롯데,LT,26,0.0,1,1,1,0,0,0,0,0,0,0,0,0,0,0,0,1,0,0.0,0.0,0.0,0,0.0,0.0,0,0,0,,0,0.0,5.0,0.0,-0.1,0.0
2021,51594,송재영,롯데,LT,26,,1,0,0,0,0,0,0,0,0,0,0,0,0,0,0,0,0,,,,0,0.0,0.0,0,0,0,,0,,,,0.0,0.0
2021,79293,오현택,롯데,LT,26,,1,0,0,0,0,0,0,0,0,0,0,0,0,0,0,0,0,,,,0,0.0,0.0,0,0,0,,0,,,,0.0,0.0
2021,64565,이인복,롯데,LT,26,,1,0,0,0,0,0,0,0,0,0,0,0,0,0,0,0,0,,,,0,0.0,0.0,0,0,0,,0,,,,0.0,0.0
2021,51560,이주찬,롯데,LT,26,0.0,3,8,7,0,0,0,0,0,0,0,1,0,0,0,0,5,0,0.0,0.0,0.0,0,0.0,0.0,0,1,1,1.0,0,0.0,3.63,0.0,-0.6,0.0
2021,51574,최종은,롯데,LT,26,0.0,1,1,1,0,0,0,0,0,0,0,0,0,0,0,0,1,0,0.0,0.0,0.0,0,0.0,0.0,0,0,0,,0,0.0,3.0,0.0,-0.1,0.0
2021,62893,최정민,KIA,HT,1,0.333,39,19,15,5,5,0,0,0,5,1,0,0,3,0,1,7,1,0.333,0.474,0.807,0,0.75,0.0,0,1,2,0.5,0,0.43,4.0,0.0,1.9,0.297
2021,78603,김선빈,KIA,HT,2,0.307,130,564,501,55,154,32,0,5,201,67,1,5,56,2,1,39,19,0.401,0.375,0.776,47,0.32,0.0,37,181,132,1.37,7,1.44,3.82,0.094,71.3,0.269
2021,66606,최원준,KIA,HT,3,0.295,143,668,589,82,174,21,6,4,219,44,4,3,61,0,11,68,7,0.372,0.37,0.742,46,0.264,0.0,31,185,165,1.12,5,0.9,3.82,0.076,86.9,0.26
2021,62234,류지혁,KIA,HT,4,0.278,92,327,273,37,76,8,0,2,90,34,2,3,42,1,7,46,7,0.33,0.385,0.715,21,0.346,0.167,10,80,74,1.08,2,0.91,3.63,0.051,38.7,0.256
2021,64984,김태진,KIA,HT,5,0.276,99,414,381,43,105,12,5,1,130,36,6,4,23,1,0,64,7,0.341,0.314,0.655,27,0.287,1.0,18,120,96,1.25,0,0.36,3.56,0.066,40.1,0.227
2021,67610,김석환,KIA,HT,6,0.263,5,20,19,1,5,0,0,1,8,3,0,0,0,0,1,7,0,0.421,0.3,0.721,2,0.333,0.0,1,4,3,1.33,0,0.0,3.45,0.158,2.5,0.24
2021,67644,이정훈,KIA,HT,7,0.248,41,151,129,14,32,6,0,2,44,14,0,0,19,0,3,33,3,0.341,0.358,0.699,8,0.25,0.111,8,32,32,1.0,1,0.58,4.15,0.093,16.6,0.246
2021,64646,박찬호,KIA,HT,8,0.246,131,483,418,51,103,15,5,1,131,59,8,3,54,0,0,73,11,0.313,0.331,0.644,22,0.291,1.0,21,147,98,1.5,7,0.74,4.1,0.067,45.6,0.227
2021,65610,황대인,KIA,HT,9,0.238,86,308,282,30,67,10,1,13,118,45,1,5,18,0,2,62,8,0.418,0.283,0.701,18,0.205,0.364,24,69,89,0.78,2,0.29,3.67,0.181,34.3,0.232
2021,69652,터커,KIA,HT,10,0.237,127,539,468,42,111,24,1,9,164,59,0,2,61,1,8,66,12,0.35,0.334,0.684,24,0.266,0.0,34,121,172,0.7,4,0.92,3.76,0.113,56.8,0.238
2021,68614,오정환,KIA,HT,11,0.235,9,18,17,1,4,1,0,0,5,2,0,0,1,0,0,9,0,0.294,0.278,0.572,1,0.5,0.0,1,2,2,1.0,0,0.11,4.61,0.059,1.3,0.199
2021,62265,유민상,KIA,HT,12,0.233,24,74,60,7,14,2,0,1,19,6,0,0,8,0,6,18,1,0.317,0.378,0.695,4,0.2,0.25,3,15,13,1.15,1,0.44,4.16,0.083,8.5,0.249
2021,72443,최형우,KIA,HT,13,0.233,104,446,373,52,87,15,1,12,140,55,0,2,67,10,4,67,9,0.375,0.354,0.729,22,0.264,0.333,28,110,111,0.99,11,1.0,4.0,0.142,53.0,0.253
2021,51640,권다결,KIA,HT,14,0.222,5,18,18,1,4,0,0,0,4,0,0,0,0,0,0,6,2,0.222,0.222,0.444,1,0.25,0.0,0,4,4,1.0,0,0.0,3.39,0.0,0.0,0.155
2021,62864,김민식,KIA,HT,15,0.22,100,301,250,30,55,8,0,3,72,26,3,3,41,1,4,49,2,0.288,0.336,0.624,9,0.255,0.238,11,57,92,0.62,4,0.84,4.2,0.068,29.8,0.223
2021,63722,한승택,KIA,HT,16,0.217,82,239,203,17,44,7,0,3,60,16,5,0,28,0,3,61,6,0.296,0.321,0.617,8,0.213,0.0,10,50,48,1.04,1,0.46,3.96,0.079,20.1,0.218
2021,64560,이창진,KIA,HT,17,0.209,105,293,249,35,52,8,1,3,71,33,4,3,36,0,1,54,10,0.285,0.308,0.593,10,0.27,0.222,12,80,66,1.21,6,0.67,4.03,0.076,24.0,0.21
2021,65653,김호령,KIA,HT,18,0.208,62,154,130,16,27,2,0,4,41,15,2,0,16,0,6,44,2,0.315,0.322,0.637,6,0.175,0.0,6,29,30,0.97,3,0.36,4.06,0.108,15.3,0.224
2021,63260,이우성,KIA,HT,19,0.2,65,100,85,12,17,5,0,0,22,4,1,1,13,0,0,17,2,0.259,0.303,0.562,2,0.111,0.5,5,26,26,1.0,0,0.76,3.94,0.059,7.5,0.201
2021,66657,이진영,KIA,HT,19,0.2,17,47,40,8,8,2,1,2,18,5,0,0,3,0,4,22,0,0.45,0.319,0.769,2,0.182,0.0,5,6,4,1.5,0,0.14,4.45,0.25,6.4,0.256
2021,65464,최정용,KIA,HT,21,0.192,53,65,52,7,10,1,0,0,11,2,3,1,9,0,0,16,1,0.212,0.306,0.518,2,0.091,0.167,1,9,18,0.5,0,0.56,3.94,0.019,4.9,0.191
2021,67609,박정우,KIA,HT,22,0.188,32,61,48,3,9,1,0,0,10,4,1,0,10,0,2,8,2,0.208,0.35,0.558,0,0.154,0.0,1,21,10,2.1,2,1.25,4.02,0.021,3.9,0.21
2021,62908,황윤호,KIA,HT,23,0.176,6,19,17,2,3,0,0,0,3,0,0,0,1,0,1,3,1,0.176,0.263,0.439,1,0.0,0.0,0,4,7,0.57,0,0.33,3.05,0.0,0.5,0.162
2021,50657,박민,KIA,HT,24,0.171,18,38,35,3,6,1,0,0,7,3,0,0,2,0,1,10,1,0.2,0.237,0.437,1,0.25,1.0,1,6,13,0.46,0,0.2,4.34,0.029,0.9,0.157
2021,73209,나주환,KIA,HT,25,0.161,19,32,31,0,5,0,0,0,5,3,0,1,0,0,0,12,2,0.161,0.156,0.317,1,0.25,0.0,0,4,11,0.36,0,0.0,3.94,0.0,-0.3,0.11
2021,78629,나지완,KIA,HT,26,0.16,31,102,81,3,13,1,0,0,14,7,0,1,14,0,6,29,3,0.173,0.324,0.497,3,0.2,0.0,1,26,14,1.86,1,0.48,4.27,0.012,6.4,0.189
2021,61700,강경학,KIA,HT,27,0.152,25,39,33,3,5,0,0,0,5,1,0,0,5,0,1,13,0,0.152,0.282,0.434,1,0.143,0.25,0,6,9,0.67,0,0.38,4.28,0.0,2.1,0.165
2021,66614,김규성,KIA,HT,28,0.139,54,41,36,8,5,1,0,0,6,2,0,0,5,0,0,17,0,0.167,0.244,0.411,0,0.25,0.0,1,10,4,2.5,0,0.29,4.32,0.028,1.2,0.152
2021,69636,오선우,KIA,HT,29,0.067,9,16,15,1,1,0,0,0,1,0,0,0,1,0,0,9,0,0.067,0.125,0.192,0,0.0,0.0,0,4,1,4.0,0,0.11,3.56,0.0,-0.5,0.073
2021,63950,장현식,KIA,HT,30,,1,0,0,0,0,0,0,0,0,0,0,0,0,0,0,0,0,,,,0,0.0,0.0,0,0,0,,0,,,,0.0,0.0
2021,50662,정해영,KIA,HT,30,,3,0,0,0,0,0,0,0,0,0,0,0,0,0,0,0,0,,,,0,0.0,0.0,0,0,0,,0,,,,0.0,0.0
2021,50204,박지훈,두산,OB,1,0.333,34,14,12,6,4,1,0,0,5,2,0,0,1,0,1,3,0,0.417,0.429,0.846,0,0.333,0.0,1,3,2,1.5,0,0.33,3.57,0.083,2.4,0.297
2021,79215,박건우,두산,OB,2,0.325,126,525,458,82,149,31,2,6,202,63,0,6,50,2,11,72,16,0.441,0.4,0.841,44,0.325,0.25,39,111,132,0.84,3,0.69,3.7,0.116,78.9,0.29
2021,69209,페르난데스,두산,OB,3,0.315,141,617,540,73,170,24,0,15,239,81,0,6,65,3,6,35,25,0.443,0.391,0.834,48,0.279,0.0,39,170,171,0.99,4,1.86,3.48,0.128,87.0,0.287
2021,66209,조수행,두산,OB,4,0.286,115,104,84,34,24,2,1,1,31,8,1,0,16,0,3,26,1,0.369,0.417,0.786,3,0.231,0.143,4,21,13,1.62,0,0.62,4.08,0.083,16.9,0.28
2021,64213,최용제,두산,OB,5,0.279,79,119,104,7,29,3,0,0,32,15,1,1,11,0,2,21,0,0.308,0.356,0.664,3,0.279,0.371,3,27,28,0.96,1,0.52,3.89,0.029,13.1,0.237
2021,79240,허경민,두산,OB,6,0.278,136,518,468,61,130,24,1,5,171,59,3,3,36,1,8,35,21,0.365,0.338,0.703,34,0.285,0.444,30,175,131,1.34,6,1.03,3.76,0.088,51.8,0.243
2021,78224,김재환,두산,OB,7,0.274,137,566,475,86,130,23,2,27,238,102,0,5,81,3,5,127,9,0.501,0.382,0.883,40,0.338,0.5,52,109,114,0.96,15,0.64,4.01,0.227,91.3,0.297
2021,64153,양석환,두산,OB,8,0.273,133,546,488,66,133,22,0,28,239,96,0,7,42,2,9,136,10,0.49,0.337,0.827,34,0.29,0.25,50,79,147,0.54,12,0.31,3.98,0.217,80.1,0.274
2021,64468,박계범,두산,OB,9,0.267,118,385,322,44,86,12,1,5,115,46,7,3,44,0,9,68,8,0.357,0.368,0.725,21,0.267,0.0,18,87,84,1.04,7,0.65,4.12,0.09,45.3,0.255
2021,79231,정수빈,두산,OB,10,0.259,104,351,313,50,81,19,4,3,117,37,4,2,29,1,3,50,7,0.374,0.326,0.7,19,0.301,0.25,26,112,72,1.56,2,0.58,3.82,0.115,37.4,0.24
2021,63257,김인태,두산,OB,11,0.259,133,418,344,51,89,15,1,8,130,46,5,4,62,0,3,67,10,0.378,0.373,0.751,20,0.337,0.381,24,92,100,0.92,3,0.93,3.88,0.119,51.8,0.262
2021,51203,안재석,두산,OB,12,0.255,96,224,200,28,51,8,2,2,69,14,0,4,16,0,4,53,4,0.345,0.317,0.662,11,0.213,0.182,12,49,51,0.96,2,0.3,3.94,0.09,23.4,0.229
2021,68205,전민재,두산,OB,13,0.25,9,5,4,1,1,0,0,0,1,1,0,1,0,0,0,2,0,0.25,0.2,0.45,0,0.0,0.0,0,0,2,0.0,0,0.0,3.2,0.0,0.6,0.153
2021,63123,강승호,두산,OB,14,0.239,113,340,301,47,72,16,2,7,113,37,8,3,22,1,6,78,8,0.375,0.301,0.676,17,0.287,0.0,25,76,78,0.97,2,0.28,3.79,0.136,34.6,0.229
2021,50202,안권수,두산,OB,15,0.238,87,47,42,17,10,0,1,0,12,4,2,0,3,0,0,3,0,0.286,0.289,0.575,2,0.267,0.0,1,20,9,2.22,0,1.0,3.47,0.048,4.3,0.202
2021,63202,장승현,두산,OB,16,0.232,92,211,177,18,41,10,0,2,57,27,6,1,19,0,8,50,2,0.322,0.332,0.654,8,0.365,0.0,12,51,36,1.42,3,0.38,3.81,0.09,21.0,0.23
2021,62244,박세혁,두산,OB,17,0.219,96,270,237,25,52,12,0,0,64,30,3,3,22,0,5,43,6,0.27,0.296,0.566,11,0.258,0.273,12,77,68,1.13,1,0.51,4.02,0.051,19.9,0.201
2021,68204,권민석,두산,OB,18,0.214,33,15,14,8,3,2,0,0,5,1,0,0,1,0,0,7,0,0.357,0.267,0.624,0,0.25,0.0,2,3,1,3.0,0,0.14,4.2,0.143,1.2,0.209
2021,74206,김재호,두산,OB,19,0.209,89,251,211,23,44,8,0,1,55,24,6,3,29,0,2,34,7,0.261,0.306,0.567,12,0.186,0.222,9,56,80,0.7,3,0.85,3.91,0.052,18.6,0.203
2021,64086,신성현,두산,OB,20,0.182,11,15,11,3,2,0,0,0,2,0,0,0,3,0,1,6,0,0.182,0.4,0.582,1,0.0,0.0,0,2,1,2.0,0,0.5,4.6,0.0,1.5,0.226
2021,77248,오재원,두산,OB,21,0.167,45,79,72,6,12,3,0,0,15,5,0,1,6,0,0,18,3,0.208,0.228,0.436,1,0.05,0.111,3,19,24,0.79,2,0.33,3.9,0.042,2.8,0.155
2021,79290,국해성,두산,OB,22,0.125,4,8,8,0,1,0,0,0,1,0,0,0,0,0,0,2,0,0.125,0.125,0.25,0,0.0,0.0,0,3,2,1.5,0,0.0,4.38,0.0,-0.1,0.088
2021,50203,권휘,두산,OB,23,,2,0,0,0,0,0,0,0,0,0,0,0,0,0,0,0,0,,,,0,0.0,0.0,0,0,0,,0,,,,0.0,0.0
2021,77263,김강률,두산,OB,23,,8,0,0,0,0,0,0,0,0,0,0,0,0,0,0,0,0,,,,0,0.0,0.0,0,0,0,,0,,,,0.0,0.0
2021,67246,김명신,두산,OB,23,,4,0,0,0,0,0,0,0,0,0,0,0,0,0,0,0,0,,,,0,0.0,0.0,0,0,0,,0,,,,0.0,0.0
2021,68200,김민규,두산,OB,23,,2,0,0,0,0,0,0,0,0,0,0,0,0,0,0,0,0,,,,0,0.0,0.0,0,0,0,,0,,,,0.0,0.0
2021,65269,김민혁,두산,OB,23,0.0,6,8,6,0,0,0,0,0,0,0,0,0,2,0,0,2,0,0.0,0.25,0.25,0,0.0,0.0,0,3,1,3.0,0,1.0,4.25,0.0,0.1,0.113
2021,69104,남호,두산,OB,23,,1,0,0,0,0,0,0,0,0,0,0,0,0,0,0,0,0,,,,0,0.0,0.0,0,0,0,,0,,,,0.0,0.0
2021,67259,문원,두산,OB,23,,1,0,0,0,0,0,0,0,0,0,0,0,0,0,0,0,0,,,,0,0.0,0.0,0,0,0,,0,,,,0.0,0.0
2021,51298,박성재,두산,OB,23,0.0,1,1,1,0,0,0,0,0,0,0,0,0,0,0,0,1,0,0.0,0.0,0.0,0,0.0,0.0,0,0,0,,0,0.0,8.0,0.0,-0.1,0.0
2021,63292,박소준,두산,OB,23,,1,0,0,0,0,0,0,0,0,0,0,0,0,0,0,0,0,,,,0,0.0,0.0,0,0,0,,0,,,,0.0,0.0
2021,67266,박치국,두산,OB,23,,1,0,0,0,0,0,0,0,0,0,0,0,0,0,0,0,0,,,,0,0.0,0.0,0,0,0,,0,,,,0.0,0.0
2021,63559,백동훈,두산,OB,23,0.0,5,3,3,1,0,0,0,0,0,0,0,0,0,0,0,2,0,0.0,0.0,0.0,0,0.0,0.0,0,0,1,0.0,0,0.0,3.0,0.0,-0.3,0.0
2021,66203,서예일,두산,OB,23,0.0,5,1,1,0,0,0,0,0,0,0,0,0,0,0,0,0,0,0.0,0.0,0.0,0,0.0,0.0,0,0,1,0.0,0,,3.0,0.0,-0.1,0.0
2021,50208,오명진,두산,OB,23,0.0,2,3,3,1,0,0,0,0,0,0,0,0,0,0,0,1,0,0.0,0.0,0.0,0,0.0,0.0,0,2,0,,0,0.0,4.33,0.0,-0.3,0.0
2021,62242,윤명준,두산,OB,23,,4,0,0,0,0,0,0,0,0,0,0,0,0,0,0,0,0,,,,0,0.0,0.0,0,0,0,,0,,,,0.0,0.0
2021,69205,이교훈,두산,OB,23,,2,0,0,0,0,0,0,0,0,0,0,0,0,0,0,0,0,,,,0,0.0,0.0,0,0,0,,0,,,,0.0,0.0
2021,64805,이승진,두산,OB,23,,1,0,0,0,0,0,0,0,0,0,0,0,0,0,0,0,0,,,,0,0.0,0.0,0,0,0,,0,,,,0.0,0.0
2021,66291,이영하,두산,OB,23,,1,0,0,0,0,0,0,0,0,0,0,0,0,0,0,0,0,,,,0,0.0,0.0,0,0,0,,0,,,,0.0,0.0
2021,61643,홍건희,두산,OB,23,,1,0,0,0,0,0,0,0,0,0,0,0,0,0,0,0,0,,,,0,0.0,0.0,0,0,0,,0,,,,0.0,0.0
2021,66207,황경태,두산,OB,23,0.0,1,1,1,0,0,0,0,0,0,0,0,0,0,0,0,1,0,0.0,0.0,0.0,0,0.0,0.0,0,0,0,,0,0.0,5.0,0.0,-0.1,0.0
2021,67341,이정후,키움,WO,1,0.36,123,544,464,78,167,42,6,7,242,84,0,9,62,1,9,37,8,0.522,0.438,0.96,51,0.341,0.0,55,131,138,0.95,7,1.68,3.94,0.162,100.8,0.328
2021,67304,김혜성,키움,WO,2,0.304,144,635,559,99,170,20,3,3,205,66,0,10,65,3,1,97,8,0.367,0.372,0.739,45,0.289,0.5,26,165,137,1.2,7,0.67,4.01,0.063,88.0,0.259
2021,74163,이용규,키움,WO,3,0.296,133,547,459,88,136,16,8,1,171,43,6,6,71,2,5,46,5,0.373,0.392,0.765,38,0.276,0.333,25,152,131,1.16,5,1.54,4.24,0.076,76.0,0.27
2021,65362,송우현,키움,WO,4,0.296,69,282,250,34,74,17,2,3,104,42,1,1,28,1,2,49,4,0.416,0.37,0.786,22,0.361,0.5,22,76,52,1.46,3,0.57,3.71,0.12,37.3,0.271
2021,65304,김은성,키움,WO,5,0.278,6,18,18,1,5,3,0,0,8,2,0,0,0,0,0,6,0,0.444,0.278,0.722,1,0.4,0.0,3,5,2,2.5,0,0.0,3.44,0.167,1.9,0.236
2021,79456,이지영,키움,WO,6,0.275,108,258,233,29,64,5,1,0,71,31,2,3,19,2,1,17,10,0.305,0.328,0.633,18,0.328,0.133,6,102,53,1.92,4,1.12,3.5,0.03,22.6,0.224
2021,51324,프레이타스,키움,WO,7,0.259,43,148,139,13,36,10,0,2,52,14,0,1,7,0,1,29,7,0.374,0.297,0.671,9,0.211,0.0,12,40,35,1.14,3,0.24,3.7,0.115,13.1,0.227
2021,79365,박동원,키움,WO,8,0.249,131,481,413,61,103,21,0,22,190,83,5,3,53,0,7,114,12,0.46,0.342,0.802,26,0.277,0.2,43,105,94,1.12,11,0.46,4.06,0.211,65.6,0.269
2021,65357,송성문,키움,WO,9,0.249,66,274,245,30,61,10,1,6,91,33,2,1,25,0,1,42,2,0.371,0.32,0.691,17,0.267,0.333,17,58,85,0.68,4,0.6,3.76,0.122,30.5,0.237
2021,51309,크레익,키움,WO,10,0.248,61,247,222,25,55,12,0,6,85,30,0,1,20,1,4,43,4,0.383,0.32,0.703,16,0.27,0.333,18,51,74,0.69,3,0.47,3.67,0.135,27.0,0.24
2021,65898,김웅빈,키움,WO,11,0.241,97,279,232,24,56,13,1,6,89,35,2,2,34,2,9,73,2,0.384,0.357,0.741,10,0.315,0.348,20,54,51,1.06,2,0.47,4.16,0.142,35.0,0.257
2021,68305,변상권,키움,WO,12,0.239,72,171,159,19,38,5,4,0,51,20,0,3,9,0,0,40,2,0.321,0.275,0.596,7,0.213,0.182,9,55,29,1.9,1,0.23,3.76,0.082,14.5,0.204
2021,75125,박병호,키움,WO,13,0.227,118,477,409,48,93,23,0,20,176,76,0,7,47,3,14,141,9,0.43,0.323,0.753,22,0.233,0.333,43,77,105,0.73,9,0.33,4.05,0.203,60.2,0.253
2021,68346,김수환,키움,WO,14,0.22,13,44,41,5,9,2,0,2,17,5,0,1,2,0,0,17,2,0.415,0.25,0.665,2,0.25,0.0,4,7,9,0.78,0,0.12,3.91,0.195,4.1,0.216
2021,62332,김재현,키움,WO,15,0.217,39,51,46,2,10,7,0,0,17,8,2,0,3,0,0,12,1,0.37,0.265,0.635,1,0.176,0.0,7,14,10,1.4,0,0.25,3.57,0.152,3.6,0.212
2021,50304,김병휘,키움,WO,16,0.2,13,11,10,5,2,0,0,0,2,0,0,0,1,0,0,2,0,0.2,0.273,0.473,0,0.333,0.0,0,1,5,0.2,0,0.5,3.27,0.0,0.6,0.173
2021,64657,박준태,키움,WO,17,0.196,27,58,46,10,9,3,0,0,12,4,0,0,10,0,2,16,0,0.261,0.362,0.623,1,0.214,1.0,3,13,8,1.63,0,0.63,4.05,0.065,6.0,0.228
2021,65586,전병우,키움,WO,18,0.187,115,261,214,35,40,8,0,6,66,31,4,1,33,0,9,83,0,0.308,0.319,0.627,7,0.286,0.2,14,33,59,0.56,1,0.4,4.1,0.121,26.1,0.221
2021,69306,김주형,키움,WO,19,0.18,36,70,50,5,9,3,0,0,12,5,3,0,4,0,13,15,0,0.24,0.388,0.628,1,0.364,1.0,3,12,14,0.86,1,0.27,3.7,0.06,7.4,0.235
2021,50312,신준우,키움,WO,20,0.167,56,51,42,7,7,3,0,0,10,4,1,1,4,0,3,21,1,0.238,0.28,0.518,0,0.154,1.0,3,5,10,0.5,0,0.19,3.84,0.071,2.9,0.186
2021,69366,이명기,키움,WO,20,0.167,3,8,6,0,1,0,0,0,1,1,0,0,2,0,0,3,0,0.167,0.375,0.542,0,0.0,0.0,0,1,1,1.0,0,0.67,4.38,0.0,0.7,0.211
2021,68330,예진원,키움,WO,22,0.158,52,132,114,16,18,6,1,1,29,8,3,1,12,0,2,28,2,0.254,0.248,0.502,0,0.105,0.2,8,26,43,0.6,1,0.43,3.89,0.096,7.1,0.175
2021,65399,허정협,키움,WO,23,0.156,29,52,45,5,7,0,0,0,7,2,0,0,7,0,0,10,1,0.156,0.269,0.425,0,0.214,0.235,0,11,17,0.65,0,0.7,3.83,0.0,2.0,0.16
2021,50365,문찬종,키움,WO,24,0.143,13,17,14,0,2,0,0,0,2,1,0,0,3,0,0,4,1,0.143,0.294,0.437,0,0.333,0.0,0,4,4,1.0,0,0.75,4.41,0.0,0.5,0.168
2021,51344,김휘집,키움,WO,25,0.129,34,89,70,9,9,1,0,1,13,8,3,1,13,0,2,23,0,0.186,0.279,0.465,2,0.313,0.0,2,16,23,0.7,0,0.57,4.21,0.057,5.8,0.172
2021,64340,임지열,키움,WO,26,0.12,19,30,25,5,3,0,0,0,3,0,0,0,4,0,1,10,1,0.12,0.267,0.387,1,0.0,0.0,0,5,7,0.71,0,0.4,3.77,0.0,0.5,0.15
2021,50357,박주홍,키움,WO,27,0.106,23,56,47,4,5,2,0,0,7,3,0,0,9,0,0,21,1,0.149,0.25,0.399,0,0.071,0.25,2,12,9,1.33,0,0.43,4.54,0.043,1.5,0.15
2021,51302,이주형,키움,WO,28,0.1,5,11,10,1,1,0,0,1,4,3,0,0,1,0,0,7,0,0.4,0.182,0.582,0,0.25,0.0,1,2,0,,0,0.14,4.27,0.3,0.9,0.182
2021,50393,김동욱,키움,WO,29,,1,0,0,0,0,0,0,0,0,0,0,0,0,0,0,0,0,,,,0,0.0,0.0,0,0,0,,0,,,,0.0,0.0
2021,67828,김성민,키움,WO,29,,5,0,0,0,0,0,0,0,0,0,0,0,0,0,0,0,0,,,,0,0.0,0.0,0,0,0,,0,,,,0.0,0.0
2021,51301,김성진,키움,WO,29,,3,0,0,0,0,0,0,0,0,0,0,0,0,0,0,0,0,,,,0,0.0,0.0,0,0,0,,0,,,,0.0,0.0
2021,67391,김재웅,키움,WO,29,,3,0,0,0,0,0,0,0,0,0,0,0,0,0,0,0,0,,,,0,0.0,0.0,0,0,0,,0,,,,0.0,0.0
2021,65392,김정인,키움,WO,29,,3,0,0,0,0,0,0,0,0,0,0,0,0,0,0,0,0,,,,0,0.0,0.0,0,0,0,,0,,,,0.0,0.0
2021,62360,김태훈,키움,WO,29,,5,0,0,0,0,0,0,0,0,0,0,0,0,0,0,0,0,,,,0,0.0,0.0,0,0,0,,0,,,,0.0,0.0
2021,60336,문성현,키움,WO,29,,1,0,0,0,0,0,0,0,0,0,0,0,0,0,0,0,0,,,,0,0.0,0.0,0,0,0,,0,,,,0.0,0.0
2021,50397,박관진,키움,WO,29,,1,0,0,0,0,0,0,0,0,0,0,0,0,0,0,0,0,,,,0,0.0,0.0,0,0,0,,0,,,,0.0,0.0
2021,66305,박승주,키움,WO,29,,1,0,0,0,0,0,0,0,0,0,0,0,0,0,0,0,0,,,,0,0.0,0.0,0,0,0,,0,,,,0.0,0.0
2021,62353,박정음,키움,WO,29,0.0,70,18,14,19,0,0,0,0,0,1,0,1,2,0,1,3,1,0.0,0.167,0.167,0,0.0,0.0,0,6,6,1.0,0,0.67,3.61,0.0,-0.2,0.075
2021,61268,양현,키움,WO,29,,4,0,0,0,0,0,0,0,0,0,0,0,0,0,0,0,0,,,,0,0.0,0.0,0,0,0,,0,,,,0.0,0.0
2021,74359,오주원,키움,WO,29,,2,0,0,0,0,0,0,0,0,0,0,0,0,0,0,0,0,,,,0,0.0,0.0,0,0,0,,0,,,,0.0,0.0
2021,69399,윤정현,키움,WO,29,,1,0,0,0,0,0,0,0,0,0,0,0,0,0,0,0,0,,,,0,0.0,0.0,0,0,0,,0,,,,0.0,0.0
2021,67603,이승호,키움,WO,29,,3,0,0,0,0,0,0,0,0,0,0,0,0,0,0,0,0,,,,0,0.0,0.0,0,0,0,,0,,,,0.0,0.0
2021,51359,장재영,키움,WO,29,,1,0,0,0,0,0,0,0,0,0,0,0,0,0,0,0,0,,,,0,0.0,0.0,0,0,0,,0,,,,0.0,0.0
2021,63342,조상우,키움,WO,29,,4,0,0,0,0,0,0,0,0,0,0,0,0,0,0,0,0,,,,0,0.0,0.0,0,0,0,,0,,,,0.0,0.0
2021,69360,조영건,키움,WO,29,,1,0,0,0,0,0,0,0,0,0,0,0,0,0,0,0,0,,,,0,0.0,0.0,0,0,0,,0,,,,0.0,0.0
2022,69102,문보경,LG,LG,1,0.315,126,466,406,52,128,22,3,9,183,56,5,7,47,1,1,56,11,0.451,0.382,0.833,35,0.287,0.25,34,124,105,1.18,7,0.84,3.73,0.135,69.7,0.285
2022,68119,문성주,LG,LG,2,0.303,106,390,327,55,99,15,3,6,138,41,8,1,51,2,3,36,13,0.422,0.401,0.823,25,0.265,0.286,24,116,77,1.51,3,1.42,3.81,0.119,53.0,0.286
2022,79192,채은성,LG,LG,3,0.296,126,526,467,48,138,26,2,12,204,83,0,11,27,3,21,88,16,0.437,0.354,0.791,31,0.279,0.0,40,115,137,0.84,11,0.31,3.71,0.141,69.8,0.269
2022,62415,박해민,LG,LG,4,0.289,144,636,570,97,165,20,8,3,210,49,7,6,44,0,9,85,4,0.368,0.347,0.715,42,0.333,0.0,31,158,168,0.94,9,0.52,4.01,0.079,78.4,0.248
2022,76290,김현수,LG,LG,5,0.286,141,604,524,78,150,25,2,23,248,106,0,3,71,7,5,62,5,0.473,0.375,0.848,43,0.275,0.0,50,145,170,0.85,17,1.15,3.76,0.187,93.6,0.287
2022,66108,홍창기,LG,LG,6,0.286,118,525,437,76,125,19,4,1,155,51,5,5,59,0,19,75,11,0.355,0.39,0.745,34,0.385,0.0,24,154,88,1.75,8,0.79,4.1,0.069,66.7,0.264
2022,79109,오지환,LG,LG,7,0.269,142,569,494,75,133,16,4,25,232,87,3,3,62,2,7,107,11,0.47,0.357,0.827,35,0.32,1.0,45,135,122,1.11,11,0.58,4.07,0.2,84.1,0.278
2022,78135,이형종,LG,LG,8,0.264,26,63,53,3,14,3,0,0,17,7,1,3,5,0,1,10,0,0.321,0.323,0.644,0,0.231,0.364,3,13,19,0.68,1,0.5,3.81,0.057,7.3,0.226
2022,50150,손호영,LG,LG,9,0.257,36,82,74,13,19,0,2,3,32,14,1,1,6,0,0,14,2,0.432,0.309,0.741,4,0.455,1.0,5,22,20,1.1,1,0.43,3.73,0.176,9.1,0.247
2022,61102,유강남,LG,LG,10,0.255,139,469,416,54,106,16,0,8,146,47,6,2,34,1,11,98,9,0.351,0.326,0.677,27,0.255,0.385,24,102,112,0.91,4,0.35,3.93,0.096,48.2,0.234
2022,60566,이상호,LG,LG,11,0.25,60,80,72,9,18,2,0,0,20,5,3,0,4,0,1,6,1,0.278,0.299,0.577,1,0.15,0.286,2,31,17,1.82,1,0.67,3.51,0.028,5.5,0.204
2022,77243,허도환,LG,LG,12,0.247,64,92,85,7,21,5,0,1,29,6,3,0,2,0,2,26,2,0.341,0.281,0.622,5,0.174,0.0,6,24,14,1.71,0,0.08,3.97,0.094,7.3,0.212
2022,68110,송찬의,LG,LG,13,0.236,33,78,72,8,17,4,0,3,30,10,0,1,2,0,3,24,0,0.417,0.282,0.699,4,0.294,0.0,7,11,21,0.52,0,0.08,3.82,0.181,9.2,0.231
2022,68106,이재원,LG,LG,14,0.224,85,253,223,31,50,8,2,13,101,43,0,0,18,2,12,77,3,0.453,0.316,0.769,10,0.262,0.286,23,44,52,0.85,2,0.23,3.72,0.229,33.0,0.255
2022,78168,서건창,LG,LG,15,0.224,77,247,219,39,49,10,1,2,67,18,3,1,20,0,4,44,5,0.306,0.299,0.605,10,0.172,0.2,13,58,69,0.84,1,0.45,3.99,0.082,20.7,0.211
2022,66112,김기연,LG,LG,16,0.222,12,9,9,0,2,0,0,0,2,1,0,0,0,0,0,3,0,0.222,0.222,0.444,0,0.5,0.0,0,2,2,1.0,0,0.0,3.89,0.0,0.3,0.155
2022,64101,한석현,LG,LG,16,0.222,6,10,9,1,2,0,0,0,2,0,1,0,0,0,0,3,0,0.222,0.222,0.444,0,0.0,0.0,0,2,2,1.0,0,0.0,3.4,0.0,0.1,0.155
2022,77564,김민성,LG,LG,18,0.207,92,157,140,16,29,4,0,3,42,20,3,1,10,0,3,27,4,0.3,0.273,0.573,4,0.211,0.214,7,40,45,0.89,1,0.37,3.76,0.093,11.1,0.198
2022,52125,가르시아,LG,LG,19,0.206,39,156,136,21,28,6,1,4,48,19,0,0,19,0,1,40,4,0.353,0.308,0.661,8,0.2,0.0,11,24,44,0.55,3,0.48,4.34,0.147,15.3,0.227
2022,61186,이천웅,LG,LG,20,0.2,19,23,20,3,4,0,0,0,4,0,0,0,3,0,0,3,0,0.2,0.304,0.504,0,0.0,0.154,0,7,6,1.17,0,1.0,3.52,0.0,1.6,0.187
2022,65157,최민창,LG,LG,20,0.2,4,5,5,1,1,0,0,0,1,0,0,0,0,0,0,1,0,0.2,0.2,0.4,0,0.0,0.0,0,3,0,,0,0.0,3.2,0.0,0.1,0.14
2022,51100,이영빈,LG,LG,22,0.184,60,83,76,16,14,3,0,1,20,5,0,0,7,0,0,25,3,0.263,0.253,0.516,2,0.077,0.105,4,18,19,0.95,0,0.28,3.46,0.079,4.1,0.18
2022,52112,루이즈,LG,LG,23,0.155,27,94,84,10,13,4,1,1,22,6,0,1,9,0,0,13,5,0.262,0.234,0.496,1,0.176,0.0,6,36,23,1.57,1,0.69,3.69,0.107,4.1,0.171
2022,67119,고우석,LG,LG,24,0.0,4,1,1,0,0,0,0,0,0,0,0,0,0,0,0,0,0,0.0,0.0,0.0,0,0.0,0.0,0,1,0,,0,,4.0,0.0,-0.1,0.0
2022,75867,김진성,LG,LG,24,,2,0,0,0,0,0,0,0,0,0,0,0,0,0,0,0,0,,,,0,0.0,0.0,0,0,0,,0,,,,0.0,0.0
2022,66113,김호은,LG,LG,24,0.0,2,2,2,0,0,0,0,0,0,0,0,0,0,0,0,1,0,0.0,0.0,0.0,0,0.0,0.0,0,1,0,,0,0.0,4.0,0.0,-0.2,0.0
2022,72133,박용택,LG,LG,24,,1,0,0,0,0,0,0,0,0,0,0,0,0,0,0,0,0,,,,0,0.0,0.0,0,0,0,,0,,,,0.0,0.0
2022,64100,박재욱,LG,LG,24,,1,0,0,0,0,0,0,0,0,0,0,0,0,0,0,0,0,,,,0,0.0,0.0,0,0,0,,0,,,,0.0,0.0
2022,63145,배재준,LG,LG,24,,1,0,0,0,0,0,0,0,0,0,0,0,0,0,0,0,0,,,,0,0.0,0.0,0,0,0,,0,,,,0.0,0.0
2022,65109,백승현,LG,LG,24,,1,0,0,0,0,0,0,0,0,0,0,0,0,0,0,0,0,,,,0,0.0,0.0,0,0,0,,0,,,,0.0,0.0
2022,51111,송승기,LG,LG,24,,1,0,0,0,0,0,0,0,0,0,0,0,0,0,0,0,0,,,,0,0.0,0.0,0,0,0,,0,,,,0.0,0.0
2022,73801,송은범,LG,LG,24,,2,0,0,0,0,0,0,0,0,0,0,0,0,0,0,0,0,,,,0,0.0,0.0,0,0,0,,0,,,,0.0,0.0
2022,65207,신민재,LG,LG,24,0.0,14,3,3,2,0,0,0,0,0,0,0,0,0,0,0,0,0,0.0,0.0,0.0,0,0.0,0.0,0,2,1,2.0,0,,4.33,0.0,-0.6,0.0
2022,65115,안익훈,LG,LG,24,0.0,14,4,3,0,0,0,0,0,0,0,0,0,1,0,0,0,0,0.0,0.25,0.25,0,0.0,0.0,0,1,2,0.5,0,,5.25,0.0,0.1,0.113
2022,69159,정우영,LG,LG,24,,1,0,0,0,0,0,0,0,0,0,0,0,0,0,0,0,0,,,,0,0.0,0.0,0,0,0,,0,,,,0.0,0.0
2022,76650,진해수,LG,LG,24,,1,0,0,0,0,0,0,0,0,0,0,0,0,0,0,0,0,,,,0,0.0,0.0,0,0,0,,0,,,,0.0,0.0
2022,65241,채원후,LG,LG,24,,1,0,0,0,0,0,0,0,0,0,0,0,0,0,0,0,0,,,,0,0.0,0.0,0,0,0,,0,,,,0.0,0.0
2022,79140,최동환,LG,LG,24,,4,0,0,0,0,0,0,0,0,0,0,0,0,0,0,0,0,,,,0,0.0,0.0,0,0,0,,0,,,,0.0,0.0
2022,62146,최성훈,LG,LG,24,,2,0,0,0,0,0,0,0,0,0,0,0,0,0,0,0,0,,,,0,0.0,0.0,0,0,0,,0,,,,0.0,0.0
2022,63248,함덕주,LG,LG,24,,1,0,0,0,0,0,0,0,0,0,0,0,0,0,0,0,0,,,,0,0.0,0.0,0,0,0,,0,,,,0.0,0.0
2022,52119,허준혁,LG,LG,24,,1,0,0,0,0,0,0,0,0,0,0,0,0,0,0,0,0,,,,0,0.0,0.0,0,0,0,,0,,,,0.0,0.0
2022,52705,유상빈,한화,HH,1,0.326,17,49,46,3,15,5,0,0,20,4,2,1,0,0,0,11,0,0.435,0.319,0.754,5,0.182,0.667,5,7,14,0.5,1,0.0,3.2,0.109,5.9,0.252
2022,52712,터크먼,한화,HH,2,0.289,144,648,575,88,166,37,4,12,247,43,0,2,64,5,7,104,12,0.43,0.366,0.796,47,0.216,0.0,53,150,157,0.96,2,0.62,4.0,0.141,86.8,0.272
2022,69737,노시환,한화,HH,3,0.281,115,490,434,55,122,24,1,6,166,59,0,4,48,1,4,95,13,0.382,0.355,0.737,33,0.322,1.0,31,119,102,1.17,5,0.51,3.91,0.101,58.3,0.255
2022,68743,정은원,한화,HH,4,0.274,140,601,508,67,139,20,2,8,187,49,4,3,85,0,1,109,10,0.368,0.377,0.745,37,0.254,0.333,30,138,125,1.1,4,0.78,4.33,0.094,75.1,0.262
2022,69727,변우혁,한화,HH,5,0.262,21,61,61,5,16,3,0,3,28,8,0,0,0,0,0,21,3,0.459,0.262,0.721,4,0.176,0.333,6,9,15,0.6,0,0.0,3.38,0.197,6.2,0.233
2022,66715,김인환,한화,HH,6,0.261,113,429,398,48,104,14,0,16,166,54,0,4,24,2,3,111,4,0.417,0.305,0.722,26,0.203,0.273,30,105,82,1.28,5,0.22,3.92,0.156,52.1,0.242
2022,62700,하주석,한화,HH,7,0.258,125,483,445,50,115,18,2,5,152,58,1,3,31,1,3,126,4,0.342,0.309,0.651,29,0.255,0.75,25,134,73,1.84,9,0.25,3.83,0.083,49.4,0.225
2022,50709,박정현,한화,HH,8,0.244,81,220,205,23,50,4,1,3,65,19,2,0,12,0,1,56,2,0.317,0.289,0.606,12,0.276,0.222,8,42,57,0.74,1,0.21,3.62,0.073,19.4,0.209
2022,66704,김태연,한화,HH,9,0.24,119,464,404,46,97,18,0,7,136,53,3,4,48,1,5,106,9,0.337,0.325,0.662,25,0.239,0.0,25,102,103,0.99,3,0.45,4.11,0.097,46.7,0.231
2022,63700,장운호,한화,HH,10,0.238,57,146,122,12,29,3,0,1,35,15,2,2,17,1,3,24,2,0.287,0.34,0.627,7,0.244,0.167,4,35,36,0.97,0,0.71,3.89,0.049,13.7,0.225
2022,66706,장진혁,한화,HH,11,0.233,41,132,116,11,27,2,0,2,35,17,1,3,12,0,0,28,1,0.302,0.298,0.6,6,0.209,0.0,4,28,36,0.78,2,0.43,4.16,0.069,12.5,0.21
2022,63704,노수광,한화,HH,12,0.229,117,361,315,33,72,18,6,4,114,30,10,3,32,1,1,107,2,0.362,0.299,0.661,19,0.258,0.231,28,70,69,1.01,3,0.3,3.92,0.133,37.3,0.225
2022,52769,권광민,한화,HH,13,0.225,32,87,71,6,16,3,1,0,21,8,0,2,13,0,1,30,0,0.296,0.345,0.641,1,0.263,0.0,4,14,13,1.08,0,0.43,4.23,0.07,9.2,0.229
2022,66707,박상언,한화,HH,14,0.224,56,151,134,16,30,5,1,4,49,17,5,1,11,0,0,28,2,0.366,0.281,0.647,6,0.244,0.5,10,33,44,0.75,1,0.39,3.76,0.142,13.4,0.218
2022,78288,최재훈,한화,HH,15,0.223,114,437,364,38,81,14,0,5,110,30,5,2,44,0,21,65,17,0.302,0.339,0.641,19,0.263,0.5,19,109,111,0.98,0,0.68,4.15,0.08,38.9,0.228
2022,69706,허관회,한화,HH,16,0.217,15,25,23,3,5,2,0,0,7,1,1,0,1,0,0,7,2,0.304,0.25,0.554,0,0.0,0.25,2,8,3,2.67,1,0.14,3.8,0.087,1.1,0.189
2022,78643,백용환,한화,HH,17,0.2,4,5,5,1,1,1,0,0,2,0,0,0,0,0,0,1,0,0.4,0.2,0.6,0,0.0,0.0,1,2,1,2.0,0,0.0,4.0,0.2,0.4,0.19
2022,66657,이진영,한화,HH,17,0.2,70,240,220,27,44,12,1,8,82,31,0,3,17,0,0,90,4,0.373,0.254,0.627,11,0.222,0.375,21,55,34,1.62,0,0.19,4.24,0.173,21.3,0.208
2022,64266,이성곤,한화,HH,19,0.192,41,117,99,6,19,5,0,0,24,5,0,1,17,0,0,32,0,0.242,0.308,0.55,3,0.091,0.125,5,30,19,1.58,0,0.53,4.59,0.051,9.2,0.199
2022,50704,임종찬,한화,HH,20,0.189,20,57,53,2,10,1,0,2,17,6,0,1,3,1,0,23,1,0.321,0.228,0.549,2,0.222,0.0,3,12,9,1.33,2,0.13,3.37,0.132,3.7,0.183
2022,52764,허인서,한화,HH,21,0.167,8,19,18,1,3,0,0,0,3,0,0,0,1,0,0,8,0,0.167,0.211,0.378,0,0.0,0.0,0,4,3,1.33,0,0.13,3.68,0.0,0.4,0.137
2022,65703,이도윤,한화,HH,22,0.159,80,126,113,9,18,7,0,1,28,8,4,1,8,0,0,30,1,0.248,0.213,0.461,2,0.208,0.1,8,28,38,0.74,1,0.27,3.72,0.088,5.5,0.158
2022,69766,유로결,한화,HH,23,0.133,30,68,60,5,8,0,0,0,8,4,3,0,4,0,1,9,1,0.133,0.2,0.333,1,0.235,0.0,0,24,19,1.26,0,0.44,3.72,0.0,0.7,0.123
2022,51764,정민규,한화,HH,24,0.13,9,24,23,3,3,0,0,0,3,0,0,0,0,0,1,11,0,0.13,0.167,0.297,0,0.0,0.0,0,4,5,0.8,0,0.0,4.08,0.0,0.0,0.108
2022,68700,이원석,한화,HH,25,0.114,20,39,35,4,4,0,0,1,7,1,1,0,3,0,0,18,1,0.2,0.184,0.384,0,0.0,0.0,1,6,7,0.86,0,0.17,4.1,0.086,0.7,0.133
2022,67760,원혁재,한화,HH,26,0.095,11,23,21,2,2,1,0,0,3,0,0,0,2,0,0,12,0,0.143,0.174,0.317,0,0.2,0.0,1,6,1,6.0,0,0.17,3.78,0.048,0.1,0.114
2022,66710,강상원,한화,HH,27,,1,0,0,0,0,0,0,0,0,0,0,0,0,0,0,0,0,,,,0,0.0,0.0,0,0,0,,0,,,,0.0,0.0
2022,65764,김민우,한화,HH,27,,1,0,0,0,0,0,0,0,0,0,0,0,0,0,0,0,0,,,,0,0.0,0.0,0,0,0,,0,,,,0.0,0.0
2022,65769,김범수,한화,HH,27,,1,0,0,0,0,0,0,0,0,0,0,0,0,0,0,0,0,,,,0,0.0,0.0,0,0,0,,0,,,,0.0,0.0
2022,64029,류희운,한화,HH,27,,2,0,0,0,0,0,0,0,0,0,0,0,0,0,0,0,0,,,,0,0.0,0.0,0,0,0,,0,,,,0.0,0.0
2022,60140,신정락,한화,HH,27,,1,0,0,0,0,0,0,0,0,0,0,0,0,0,0,0,0,,,,0,0.0,0.0,0,0,0,,0,,,,0.0,0.0
2022,63961,윤호솔,한화,HH,27,,1,0,0,0,0,0,0,0,0,0,0,0,0,0,0,0,0,,,,0,0.0,0.0,0,0,0,,0,,,,0.0,0.0
2022,60343,이해창,한화,HH,27,0.0,4,11,10,0,0,0,0,0,0,0,1,0,0,0,0,2,1,0.0,0.0,0.0,0,0.0,0.0,0,4,4,1.0,0,0.0,3.73,0.0,-1.2,0.0
2022,77318,장시환,한화,HH,27,,3,0,0,0,0,0,0,0,0,0,0,0,0,0,0,0,0,,,,0,0.0,0.0,0,0,0,,0,,,,0.0,0.0
2022,65707,주현상,한화,HH,27,,2,0,0,0,0,0,0,0,0,0,0,0,0,0,0,0,0,,,,0,0.0,0.0,0,0,0,,0,,,,0.0,0.0
2022,52806,라가레스,SSG,SK,1,0.315,49,202,181,24,57,9,0,6,84,32,3,3,14,1,1,18,4,0.464,0.362,0.826,16,0.378,0.0,15,50,59,0.85,1,0.78,3.82,0.149,29.8,0.279
2022,50854,최지훈,SSG,SK,2,0.304,144,640,569,93,173,32,4,10,243,61,13,4,47,0,7,77,7,0.427,0.362,0.789,43,0.362,1.0,46,151,172,0.88,9,0.61,3.63,0.123,90.0,0.27
2022,71837,김강민,SSG,SK,3,0.303,84,202,178,24,54,11,0,5,80,18,2,1,18,2,3,39,1,0.449,0.375,0.824,13,0.317,0.364,16,47,39,1.21,1,0.46,3.7,0.146,28.9,0.281
2022,69802,최경모,SSG,SK,4,0.301,98,75,73,16,22,2,0,0,24,4,1,0,1,0,0,18,1,0.329,0.311,0.64,5,0.333,0.5,2,17,16,1.06,0,0.06,3.51,0.027,7.1,0.222
2022,67893,박성한,SSG,SK,5,0.298,140,564,494,68,147,24,4,2,185,56,6,2,60,1,2,81,5,0.374,0.375,0.749,35,0.31,0.0,30,156,112,1.39,7,0.74,3.99,0.077,70.7,0.262
2022,67807,이정범,SSG,SK,6,0.273,7,11,11,2,3,0,0,0,3,1,0,0,0,0,0,2,0,0.273,0.273,0.546,0,0.5,0.667,0,5,1,5.0,0,0.0,3.45,0.0,0.8,0.191
2022,75847,최정,SSG,SK,7,0.266,121,505,414,80,110,21,0,26,209,87,0,6,66,3,19,96,6,0.505,0.386,0.891,27,0.292,0.5,47,72,142,0.51,9,0.69,3.92,0.239,85.1,0.3
2022,62895,한유섬,SSG,SK,8,0.264,135,545,458,62,121,33,1,21,219,100,0,5,66,6,16,137,8,0.478,0.372,0.85,31,0.284,0.111,55,114,91,1.25,15,0.48,4.02,0.214,82.7,0.287
2022,51817,추신수,SSG,SK,9,0.259,112,499,409,77,106,20,1,16,176,58,2,4,71,1,13,100,6,0.43,0.382,0.812,29,0.299,0.25,37,101,106,0.95,5,0.71,4.09,0.171,73.8,0.279
2022,68868,최준우,SSG,SK,10,0.25,10,16,12,0,3,0,0,0,3,1,0,1,3,0,0,3,0,0.25,0.375,0.625,1,0.0,0.333,0,4,3,1.33,0,1.0,3.63,0.0,2.1,0.231
2022,50820,전의산,SSG,SK,11,0.249,77,266,241,36,60,15,1,13,116,45,0,1,24,3,0,84,6,0.481,0.316,0.797,15,0.323,0.3,29,47,51,0.92,3,0.29,3.73,0.232,35.1,0.262
2022,60558,오태곤,SSG,SK,12,0.232,130,295,263,48,61,14,1,4,89,23,5,3,15,1,9,68,3,0.338,0.293,0.631,15,0.257,0.286,19,56,81,0.69,5,0.22,3.55,0.106,28.1,0.216
2022,61743,오준혁,SSG,SK,13,0.23,47,67,61,3,14,2,0,0,16,6,1,0,5,0,0,15,4,0.262,0.288,0.55,2,0.286,0.167,2,15,17,0.88,0,0.33,3.43,0.033,3.4,0.195
2022,64499,김재현,SSG,SK,14,0.222,18,20,18,2,4,1,0,0,5,4,2,0,0,0,0,3,2,0.278,0.222,0.5,1,0.222,0.0,1,6,5,1.2,0,0.0,3.5,0.056,0.3,0.169
2022,52804,석정우,SSG,SK,14,0.222,9,9,9,1,2,0,0,0,2,0,0,0,0,0,0,3,0,0.222,0.222,0.444,0,0.0,0.0,0,3,1,3.0,0,0.0,2.89,0.0,0.0,0.155
2022,52827,크론,SSG,SK,14,0.222,67,259,243,21,54,13,1,11,102,35,0,4,9,0,3,68,3,0.42,0.255,0.675,13,0.158,0.0,25,49,76,0.64,7,0.13,3.88,0.198,27.6,0.22
2022,62864,김민식,SSG,SK,17,0.221,104,266,222,30,49,9,1,2,66,28,7,3,32,1,2,45,4,0.297,0.32,0.617,8,0.254,0.167,12,46,85,0.54,4,0.71,3.9,0.077,24.4,0.218
2022,76802,김성현,SSG,SK,18,0.219,130,359,302,38,66,9,1,2,83,37,20,3,31,0,3,36,13,0.275,0.295,0.57,14,0.238,0.333,12,114,89,1.28,7,0.86,3.46,0.056,24.1,0.202
2022,69813,하재훈,SSG,SK,19,0.215,60,114,107,18,23,6,1,6,49,13,0,2,4,0,1,40,0,0.458,0.246,0.704,2,0.172,0.278,13,20,26,0.77,2,0.1,3.65,0.243,13.7,0.225
2022,76267,최주환,SSG,SK,20,0.211,97,333,298,36,63,14,2,9,108,41,0,2,29,2,4,55,5,0.362,0.288,0.65,15,0.195,0.125,25,65,117,0.56,4,0.53,4.06,0.151,32.5,0.22
2022,76812,이재원,SSG,SK,21,0.201,105,279,234,27,47,6,0,4,65,28,9,3,25,1,8,44,13,0.278,0.296,0.574,5,0.208,0.125,10,72,74,0.97,0,0.57,3.43,0.077,19.4,0.203
2022,51865,조형우,SSG,SK,22,0.167,9,13,12,2,2,1,0,0,3,1,0,0,1,0,0,3,0,0.25,0.231,0.481,1,1.0,0.0,1,4,3,1.33,0,0.33,3.31,0.083,0.6,0.166
2022,66864,안상현,SSG,SK,23,0.158,46,47,38,12,6,0,0,2,12,5,3,0,5,0,1,12,2,0.316,0.273,0.589,0,0.273,0.25,2,14,6,2.33,1,0.42,3.36,0.158,3.7,0.202
2022,65869,이현석,SSG,SK,24,0.133,9,15,15,0,2,0,0,0,2,1,0,0,0,0,0,5,1,0.133,0.133,0.266,0,0.25,0.25,0,3,5,0.6,0,0.0,3.6,0.0,-0.6,0.093
2022,63440,이흥련,SSG,SK,24,0.133,22,55,45,4,6,2,0,0,8,1,3,0,5,0,2,22,2,0.178,0.25,0.428,0,0.111,0.0,2,9,8,1.13,0,0.23,3.96,0.044,1.5,0.157
2022,62884,최항,SSG,SK,26,0.1,15,24,20,0,2,0,0,0,2,1,0,1,2,0,1,7,0,0.1,0.208,0.308,1,0.0,0.0,0,4,8,0.5,0,0.29,3.83,0.0,0.7,0.119
2022,68805,최상민,SSG,SK,27,0.071,27,18,14,3,1,0,0,0,1,1,1,0,3,0,0,4,0,0.071,0.235,0.306,0,0.0,0.0,0,7,2,3.5,1,0.75,4.06,0.0,0.6,0.124
2022,72523,고효준,SSG,SK,28,,2,0,0,0,0,0,0,0,0,0,0,0,0,0,0,0,0,,,,0,0.0,0.0,0,0,0,,0,,,,0.0,0.0
2022,69810,김규남,SSG,SK,28,0.0,2,5,5,0,0,0,0,0,0,0,0,0,0,0,0,2,1,0.0,0.0,0.0,0,0.0,0.0,0,1,2,0.5,0,0.0,3.8,0.0,-0.8,0.0
2022,65343,김택형,SSG,SK,28,,1,0,0,0,0,0,0,0,0,0,0,0,0,0,0,0,0,,,,0,0.0,0.0,0,0,0,,0,,,,0.0,0.0
2022,64893,박민호,SSG,SK,28,,1,0,0,0,0,0,0,0,0,0,0,0,0,0,0,0,0,,,,0,0.0,0.0,0,0,0,,0,,,,0.0,0.0
2022,64896,서동민,SSG,SK,28,,1,0,0,0,0,0,0,0,0,0,0,0,0,0,0,0,0,,,,0,0.0,0.0,0,0,0,,0,,,,0.0,0.0
2022,68869,전경원,SSG,SK,28,0.0,1,1,1,0,0,0,0,0,0,0,0,0,0,0,0,0,0,0.0,0.0,0.0,0,0.0,0.0,0,1,0,,0,,2.0,0.0,-0.1,0.0
2022,51809,조요한,SSG,SK,28,,1,0,0,0,0,0,0,0,0,0,0,0,0,0,0,0,0,,,,0,0.0,0.0,0,0,0,,0,,,,0.0,0.0
2022,68856,최민준,SSG,SK,28,,1,0,0,0,0,0,0,0,0,0,0,0,0,0,0,0,0,,,,0,0.0,0.0,0,0,0,,0,,,,0.0,0.0
2022,69428,이병헌,삼성,SS,1,0.75,3,4,4,1,3,1,0,0,4,1,0,0,0,0,0,1,0,1.0,0.75,1.75,1,0.5,0.0,1,0,0,,0,0.0,4.75,0.25,1.6,0.588
2022,51463,피렐라,삼성,SS,2,0.342,141,630,561,102,192,33,4,28,317,109,0,2,55,12,12,81,19,0.565,0.411,0.976,57,0.375,0.0,65,149,141,1.06,12,0.68,3.45,0.223,114.4,0.326
2022,65132,김재성,삼성,SS,3,0.335,63,185,161,16,54,10,0,3,73,26,1,3,18,0,2,40,4,0.453,0.402,0.855,14,0.311,0.286,13,37,33,1.12,3,0.45,4.05,0.118,28.5,0.294
2022,64610,강한울,삼성,SS,4,0.323,94,252,226,31,73,12,1,1,90,26,4,2,20,0,0,48,2,0.398,0.375,0.773,19,0.257,0.25,14,63,44,1.43,1,0.42,3.81,0.075,33.5,0.268
2022,52405,조민성,삼성,SS,5,0.308,12,16,13,3,4,0,0,1,7,3,0,0,2,0,1,7,0,0.538,0.438,0.976,0,0.25,0.333,1,1,1,1.0,0,0.29,4.94,0.231,3.3,0.332
2022,78122,김태군,삼성,SS,6,0.298,102,235,205,20,61,11,0,2,78,25,6,3,17,0,4,34,15,0.38,0.358,0.738,8,0.31,0.435,13,59,54,1.09,3,0.5,3.68,0.083,24.5,0.256
2022,62404,구자욱,삼성,SS,7,0.293,99,442,409,69,120,23,3,5,164,38,1,2,27,2,3,84,7,0.401,0.34,0.741,32,0.248,0.0,31,102,105,0.97,2,0.32,3.79,0.108,54.6,0.253
2022,50458,김지찬,삼성,SS,8,0.28,113,429,361,62,101,7,6,0,120,25,19,2,45,0,2,64,2,0.332,0.361,0.693,24,0.262,0.286,13,112,86,1.3,5,0.7,3.93,0.053,51.3,0.245
2022,78756,오선진,삼성,SS,9,0.276,100,306,268,30,74,8,0,3,91,24,16,1,18,0,3,51,5,0.34,0.328,0.668,13,0.288,0.2,11,91,53,1.72,2,0.35,4.1,0.063,29.7,0.233
2022,51417,김현준,삼성,SS,10,0.275,118,422,363,57,100,19,4,0,127,22,8,0,45,0,6,80,1,0.35,0.365,0.715,23,0.278,0.333,23,115,68,1.69,4,0.56,3.93,0.074,49.4,0.252
2022,75334,오재일,삼성,SS,11,0.268,135,536,470,57,126,42,0,21,231,94,0,7,57,8,2,133,7,0.491,0.345,0.836,31,0.304,0.333,63,88,130,0.68,5,0.43,4.01,0.223,79.3,0.278
2022,75566,이원석,삼성,SS,12,0.267,88,335,288,31,77,13,0,10,120,60,3,6,33,2,5,70,7,0.417,0.346,0.763,18,0.368,0.5,23,55,92,0.6,5,0.47,3.97,0.149,43.7,0.26
2022,74540,강민호,삼성,SS,13,0.258,130,444,396,38,102,19,1,13,162,66,1,3,41,4,3,58,21,0.409,0.33,0.739,19,0.287,0.4,33,122,117,1.04,9,0.71,3.66,0.152,49.0,0.251
2022,79402,김상수,삼성,SS,14,0.251,72,260,235,30,59,11,0,2,76,29,4,2,18,0,1,44,6,0.323,0.305,0.628,14,0.3,0.4,13,69,65,1.06,2,0.41,3.95,0.072,22.8,0.218
2022,51403,김동진,삼성,SS,15,0.25,5,4,4,0,1,1,0,0,2,0,0,0,0,0,0,2,0,0.5,0.25,0.75,0,0.0,0.0,1,0,1,0.0,0,0.0,3.25,0.25,0.4,0.238
2022,52424,김재혁,삼성,SS,16,0.242,15,39,33,5,8,1,0,0,9,3,0,1,4,0,1,9,0,0.273,0.333,0.606,1,0.25,0.25,1,8,9,0.89,0,0.44,4.15,0.03,4.7,0.218
2022,52415,이재현,삼성,SS,17,0.235,75,239,230,23,54,4,0,7,79,23,3,0,5,0,1,44,6,0.343,0.254,0.597,13,0.25,0.0,11,58,74,0.78,2,0.11,3.61,0.109,18.2,0.2
2022,69416,이해승,삼성,SS,18,0.232,46,106,99,11,23,3,0,0,26,5,6,0,1,0,0,29,1,0.263,0.24,0.503,6,0.286,0.0,3,25,22,1.14,2,0.03,3.44,0.03,5.3,0.174
2022,66838,김동엽,삼성,SS,19,0.221,30,100,95,9,21,5,0,2,32,4,0,1,4,0,0,22,1,0.337,0.25,0.587,4,0.133,0.25,7,28,25,1.12,0,0.18,3.68,0.116,7.0,0.197
2022,69418,박승규,삼성,SS,20,0.216,62,83,74,10,16,2,0,0,18,4,5,1,3,0,0,15,0,0.243,0.244,0.487,2,0.211,0.25,2,19,25,0.76,0,0.2,3.58,0.027,5.1,0.171
2022,61404,김헌곤,삼성,SS,21,0.192,80,239,224,18,43,8,0,1,54,20,2,3,9,0,1,22,10,0.241,0.224,0.465,12,0.184,0.25,9,95,67,1.42,1,0.41,3.59,0.049,8.8,0.161
2022,67449,김성윤,삼성,SS,22,0.19,48,49,42,14,8,3,0,1,14,2,1,0,5,0,1,10,0,0.333,0.292,0.625,0,0.125,0.25,4,16,8,2.0,0,0.5,3.61,0.143,5.7,0.215
2022,61197,최영진,삼성,SS,23,0.188,43,91,80,5,15,4,0,2,25,10,1,0,8,0,2,20,2,0.313,0.278,0.591,3,0.182,0.25,6,32,13,2.46,1,0.4,3.92,0.125,6.7,0.203
2022,68466,이태훈,삼성,SS,24,0.176,10,18,17,2,3,0,0,0,3,0,0,0,1,0,0,6,0,0.176,0.222,0.398,1,0.0,0.167,0,4,4,1.0,0,0.17,3.67,0.0,0.5,0.144
2022,68407,공민규,삼성,SS,25,0.158,15,22,19,0,3,0,0,0,3,2,0,1,1,0,1,10,0,0.158,0.227,0.385,0,0.167,0.0,0,3,4,0.75,1,0.1,3.82,0.0,1.0,0.142
2022,66406,안주형,삼성,SS,26,0.15,18,23,20,2,3,0,0,0,3,2,1,1,1,0,0,6,0,0.15,0.182,0.332,0,0.125,1.0,0,8,4,2.0,0,0.17,3.74,0.0,0.7,0.119
2022,64407,김호재,삼성,SS,27,0.143,21,29,28,1,4,1,0,0,5,1,0,0,1,0,0,9,1,0.179,0.172,0.351,0,0.143,0.0,1,10,5,2.0,0,0.11,4.48,0.036,0.0,0.122
2022,64469,송준석,삼성,SS,28,0.138,17,32,29,3,4,0,0,0,4,1,1,0,1,0,1,5,1,0.138,0.194,0.332,0,0.143,0.0,0,12,8,1.5,0,0.2,3.34,0.0,0.1,0.122
2022,52430,김영웅,삼성,SS,29,0.133,13,15,15,2,2,0,0,1,5,1,0,0,0,0,0,7,0,0.333,0.133,0.466,0,0.0,0.0,1,3,3,1.0,1,0.0,4.73,0.2,0.7,0.143
2022,63435,김성표,삼성,SS,30,0.118,17,18,17,5,2,0,0,0,2,0,0,0,1,0,0,5,0,0.118,0.167,0.285,0,0.0,0.0,0,5,5,1.0,0,0.2,3.56,0.0,0.3,0.105
2022,66409,이성규,삼성,SS,31,0.074,13,34,27,5,2,0,0,0,2,1,0,0,5,0,2,8,1,0.074,0.265,0.339,0,0.143,0.5,0,10,7,1.43,0,0.63,3.91,0.0,0.7,0.138
2022,52460,김서준,삼성,SS,32,,1,0,0,0,0,0,0,0,0,0,0,0,0,0,0,0,0,,,,0,0.0,0.0,0,0,0,,0,,,,0.0,0.0
2022,50411,박주혁,삼성,SS,32,,2,0,0,0,0,0,0,0,0,0,0,0,0,0,0,0,0,,,,0,0.0,0.0,0,0,0,,0,,,,0.0,0.0
2022,75421,오승환,삼성,SS,32,,3,0,0,0,0,0,0,0,0,0,0,0,0,0,0,0,0,,,,0,0.0,0.0,0,0,0,,0,,,,0.0,0.0
2022,73117,우규민,삼성,SS,32,,1,0,0,0,0,0,0,0,0,0,0,0,0,0,0,0,0,,,,0,0.0,0.0,0,0,0,,0,,,,0.0,0.0
2022,68463,윤정빈,삼성,SS,32,0.0,13,10,10,1,0,0,0,0,0,0,0,0,0,0,0,5,0,0.0,0.0,0.0,0,0.0,0.0,0,1,4,0.25,0,0.0,3.7,0.0,-0.9,0.0
2022,63960,이상민,삼성,SS,32,,1,0,0,0,0,0,0,0,0,0,0,0,0,0,0,0,0,,,,0,0.0,0.0,0,0,0,,0,,,,0.0,0.0
2022,65496,홍정우,삼성,SS,32,,2,0,0,0,0,0,0,0,0,0,0,0,0,0,0,0,0,,,,0,0.0,0.0,0,0,0,,0,,,,0.0,0.0
2022,79215,박건우,NC,NC,1,0.336,111,463,408,52,137,18,1,10,187,61,0,3,44,1,8,62,10,0.458,0.408,0.866,40,0.317,0.0,29,100,112,0.89,7,0.71,3.87,0.123,72.1,0.298
2022,65905,최승민,NC,NC,2,0.324,44,34,34,19,11,0,0,0,11,3,0,0,0,0,0,7,1,0.324,0.324,0.648,1,0.154,0.0,0,10,6,1.67,0,0.0,3.18,0.0,3.1,0.227
2022,52904,마티니,NC,NC,3,0.296,139,576,510,67,151,34,1,16,235,85,0,7,51,5,8,86,8,0.461,0.365,0.826,42,0.306,1.0,51,123,157,0.78,6,0.59,3.81,0.165,85.7,0.28
2022,76232,양의지,NC,NC,4,0.283,130,510,427,61,121,24,0,20,205,94,0,10,60,6,13,48,16,0.48,0.38,0.86,28,0.35,0.667,44,105,163,0.64,12,1.25,3.63,0.197,78.9,0.291
2022,62931,노진혁,NC,NC,5,0.28,115,451,396,50,111,24,0,15,180,75,3,5,45,3,2,105,11,0.455,0.353,0.808,26,0.295,0.0,39,88,97,0.91,8,0.43,3.93,0.174,62.4,0.273
2022,77532,손아섭,NC,NC,6,0.277,138,617,548,72,152,29,4,4,201,48,1,6,59,2,3,76,9,0.367,0.347,0.714,45,0.3,0.0,37,198,128,1.55,4,0.78,3.9,0.089,72.2,0.248
2022,78361,전민수,NC,NC,7,0.275,20,41,40,3,11,2,0,0,13,2,0,0,1,0,0,14,0,0.325,0.293,0.618,2,0.2,0.5,2,8,7,1.14,1,0.07,3.76,0.05,3.6,0.213
2022,62907,박민우,NC,NC,8,0.267,104,451,390,61,104,22,1,4,140,38,6,3,42,5,10,55,7,0.359,0.351,0.71,28,0.264,0.0,27,123,111,1.11,4,0.76,3.92,0.092,53.5,0.248
2022,76849,이명기,NC,NC,9,0.26,94,341,300,36,78,13,2,0,95,23,6,2,30,0,3,56,8,0.317,0.331,0.648,20,0.253,0.167,15,106,62,1.71,3,0.54,3.77,0.057,31.4,0.228
2022,68904,오영수,NC,NC,10,0.238,83,259,231,25,55,10,0,6,83,31,0,3,22,0,3,58,4,0.359,0.309,0.668,12,0.3,0.3,16,65,56,1.16,5,0.38,3.8,0.121,25.6,0.229
2022,63963,권희동,NC,NC,11,0.227,82,280,238,30,54,5,1,5,76,22,2,1,31,1,8,44,3,0.319,0.335,0.654,13,0.218,0.0,11,67,74,0.91,3,0.7,4.3,0.092,29.0,0.231
2022,51907,김주원,NC,NC,12,0.223,96,326,273,35,61,9,3,10,106,47,9,0,30,1,14,89,4,0.388,0.331,0.719,13,0.293,0.333,22,52,71,0.73,4,0.34,3.88,0.165,38.3,0.246
2022,65462,김기환,NC,NC,13,0.221,73,131,113,26,25,5,1,0,32,6,2,1,13,0,2,38,0,0.283,0.31,0.593,4,0.241,0.0,6,31,20,1.55,1,0.34,4.04,0.062,13.3,0.21
2022,66928,박준영,NC,NC,14,0.216,75,240,208,27,45,8,1,4,67,19,3,1,27,0,1,54,6,0.322,0.308,0.63,11,0.179,0.0,13,49,61,0.8,1,0.5,4.39,0.106,21.9,0.219
2022,66965,도태훈,NC,NC,15,0.216,91,163,139,18,30,7,0,2,43,13,7,3,13,0,1,23,5,0.309,0.282,0.591,6,0.086,0.167,9,46,43,1.07,1,0.57,3.74,0.094,12.7,0.204
2022,63905,윤형준,NC,NC,16,0.209,35,69,67,5,14,1,0,1,18,5,0,0,1,0,1,21,1,0.269,0.232,0.501,2,0.333,0.267,2,14,18,0.78,0,0.05,3.51,0.06,3.7,0.172
2022,69995,서호철,NC,NC,17,0.205,89,214,195,26,40,8,0,2,54,14,3,0,12,0,4,41,6,0.277,0.265,0.542,9,0.137,0.143,10,63,51,1.24,0,0.29,3.71,0.072,12.9,0.189
2022,67993,이재용,NC,NC,18,0.2,8,6,5,1,1,0,0,1,4,2,0,0,1,0,0,2,1,0.8,0.333,1.133,0,1.0,0.0,1,1,1,1.0,0,0.5,3.83,0.6,1.0,0.35
2022,61869,정진기,NC,NC,19,0.189,39,59,53,4,10,2,0,1,15,4,0,0,6,0,0,19,1,0.283,0.271,0.554,0,0.231,0.273,3,14,10,1.4,1,0.32,4.12,0.094,4.2,0.193
2022,64944,박대온,NC,NC,20,0.181,59,133,127,8,23,4,0,1,30,10,3,1,0,0,2,37,4,0.236,0.192,0.428,5,0.194,0.0,5,32,36,0.89,1,0.0,3.36,0.055,3.4,0.145
2022,74465,박석민,NC,NC,21,0.149,16,58,47,3,7,2,0,0,9,2,1,0,9,0,1,8,3,0.191,0.298,0.489,2,0.0,0.0,2,15,17,0.88,0,1.13,4.38,0.043,2.6,0.182
2022,76720,정범모,NC,NC,22,0.143,5,7,7,0,1,0,0,0,1,1,0,0,0,0,0,1,0,0.143,0.143,0.286,0,0.5,0.0,0,4,1,4.0,0,0.0,3.0,0.0,0.0,0.1
2022,67905,천재환,NC,NC,22,0.143,29,36,35,4,5,1,0,1,9,1,0,0,0,0,1,11,1,0.257,0.167,0.424,0,0.0,0.286,2,10,9,1.11,0,0.0,3.83,0.114,1.0,0.139
2022,60288,김응민,NC,NC,24,0.134,34,75,67,7,9,1,0,1,13,5,2,1,3,0,2,12,3,0.194,0.192,0.386,1,0.105,0.0,2,26,21,1.24,0,0.25,3.49,0.06,1.4,0.135
2022,67900,김수윤,NC,NC,25,0.118,10,18,17,1,2,1,0,1,6,2,0,0,1,0,0,7,0,0.353,0.167,0.52,0,0.333,0.0,2,4,4,1.0,1,0.14,3.61,0.235,1.1,0.163
2022,50902,김한별,NC,NC,26,0.095,24,23,21,0,2,0,0,0,2,0,2,0,0,0,0,6,0,0.095,0.095,0.19,0,0.0,0.0,0,6,7,0.86,0,0.0,3.35,0.0,-1.0,0.067
2022,67954,김진호,NC,NC,27,,1,0,0,0,0,0,0,0,0,0,0,0,0,0,0,0,0,,,,0,0.0,0.0,0,0,0,,0,,,,0.0,0.0
2022,50992,김태경,NC,NC,27,,2,0,0,0,0,0,0,0,0,0,0,0,0,0,0,0,0,,,,0,0.0,0.0,0,0,0,,0,,,,0.0,0.0
2022,65949,류진욱,NC,NC,27,,1,0,0,0,0,0,0,0,0,0,0,0,0,0,0,0,0,,,,0,0.0,0.0,0,0,0,,0,,,,0.0,0.0
2022,51996,오태양,NC,NC,27,0.0,15,4,3,5,0,0,0,0,0,0,0,0,0,0,1,1,0,0.0,0.25,0.25,0,0.0,0.0,0,2,0,,0,0.0,2.5,0.0,-0.2,0.113
2022,76118,원종현,NC,NC,27,,1,0,0,0,0,0,0,0,0,0,0,0,0,0,0,0,0,,,,0,0.0,0.0,0,0,0,,0,,,,0.0,0.0
2022,51948,이용준,NC,NC,27,,1,0,0,0,0,0,0,0,0,0,0,0,0,0,0,0,0,,,,0,0.0,0.0,0,0,0,,0,,,,0.0,0.0
2022,77211,이용찬,NC,NC,27,,4,0,0,0,0,0,0,0,0,0,0,0,0,0,0,0,0,,,,0,0.0,0.0,0,0,0,,0,,,,0.0,0.0
2022,68639,하준영,NC,NC,27,,1,0,0,0,0,0,0,0,0,0,0,0,0,0,0,0,0,,,,0,0.0,0.0,0,0,0,,0,,,,0.0,0.0
2022,51994,한재승,NC,NC,27,,1,0,0,0,0,0,0,0,0,0,0,0,0,0,0,0,0,,,,0,0.0,0.0,0,0,0,,0,,,,0.0,0.0
2022,50007,문상준,KT,KT,1,0.333,2,3,3,0,1,1,0,0,2,0,0,0,0,0,0,2,0,0.667,0.333,1.0,0,1.0,0.0,1,0,0,,0,0.0,3.67,0.333,0.5,0.317
2022,51009,전진영,KT,KT,1,0.333,4,3,3,0,1,0,0,0,1,1,0,0,0,0,0,0,0,0.333,0.333,0.666,0,0.5,0.0,0,0,2,0.0,0,,3.67,0.0,0.3,0.233
2022,64868,조용호,KT,KT,3,0.308,131,531,474,52,146,18,4,3,181,44,2,3,49,3,3,74,3,0.382,0.374,0.756,39,0.293,0.2,25,134,123,1.09,9,0.66,3.97,0.074,68.9,0.264
2022,52009,알포드,KT,KT,4,0.286,80,323,283,48,81,19,1,14,144,50,0,4,33,3,3,90,3,0.509,0.362,0.871,22,0.239,0.0,34,45,71,0.63,9,0.37,4.06,0.223,52.4,0.29
2022,64004,김민혁,KT,KT,5,0.284,132,434,373,47,106,10,2,0,120,35,19,3,37,2,2,62,10,0.322,0.349,0.671,20,0.279,0.296,12,121,87,1.39,5,0.6,3.68,0.038,41.2,0.238
2022,75125,박병호,KT,KT,6,0.275,124,487,429,72,118,17,0,35,240,98,0,6,40,3,12,131,7,0.559,0.349,0.908,24,0.259,0.429,52,75,111,0.68,11,0.31,3.93,0.284,83.6,0.297
2022,62558,김준태,KT,KT,7,0.273,98,270,231,28,63,16,1,4,93,27,3,3,33,1,0,77,4,0.403,0.36,0.763,16,0.25,0.182,21,46,48,0.96,0,0.43,4.21,0.13,34.8,0.263
2022,64166,배정대,KT,KT,8,0.266,144,575,508,64,135,24,2,6,181,56,5,4,54,0,4,126,2,0.356,0.339,0.695,34,0.281,0.333,32,117,134,0.87,9,0.43,4.12,0.091,67.7,0.242
2022,76313,황재균,KT,KT,9,0.262,141,581,519,59,136,25,3,10,197,64,2,2,53,5,5,99,17,0.38,0.335,0.715,36,0.303,0.0,38,132,154,0.86,4,0.54,3.82,0.118,63.2,0.246
2022,78548,장성우,KT,KT,10,0.26,117,420,362,48,94,11,0,18,159,55,1,3,52,2,2,79,12,0.439,0.353,0.792,26,0.277,0.1,29,83,109,0.76,10,0.66,4.05,0.18,56.7,0.269
2022,52025,라모스,KT,KT,11,0.25,18,80,72,10,18,1,1,3,30,11,1,1,4,0,2,18,2,0.417,0.304,0.721,3,0.1,0.0,5,17,20,0.85,1,0.22,3.74,0.167,9.6,0.241
2022,64115,장준원,KT,KT,12,0.246,35,63,57,7,14,2,0,3,25,10,3,0,3,0,0,17,5,0.439,0.283,0.722,2,0.364,0.5,5,15,11,1.36,0,0.18,3.48,0.193,5.7,0.237
2022,68050,강백호,KT,KT,13,0.245,62,264,237,24,58,12,0,6,88,29,1,2,23,2,1,44,6,0.371,0.312,0.683,18,0.23,0.0,18,66,71,0.93,4,0.52,4.11,0.127,27.4,0.233
2022,64006,심우준,KT,KT,14,0.24,132,449,388,69,93,8,2,4,117,34,11,4,43,0,2,75,11,0.302,0.316,0.618,23,0.175,0.333,14,104,120,0.87,4,0.57,4.31,0.062,42.6,0.218
2022,67005,홍현빈,KT,KT,15,0.237,61,92,76,8,18,2,0,0,20,1,6,0,10,0,0,26,1,0.263,0.326,0.589,2,0.087,1.0,2,24,8,3.0,1,0.38,4.22,0.026,8.0,0.212
2022,64504,오윤석,KT,KT,16,0.234,112,337,286,23,67,13,0,6,98,37,5,6,34,0,6,69,9,0.343,0.322,0.665,14,0.186,0.333,19,73,83,0.88,7,0.49,3.84,0.108,34.5,0.231
2022,64007,문상철,KT,KT,17,0.224,28,52,49,5,11,3,0,2,20,4,0,0,3,0,0,17,2,0.408,0.269,0.677,2,0.083,0.188,5,10,11,0.91,0,0.18,4.0,0.184,4.9,0.223
2022,51013,유준규,KT,KT,18,0.214,7,16,14,3,3,0,0,0,3,0,1,0,1,0,0,6,0,0.214,0.267,0.481,1,0.25,0.0,0,2,3,0.67,0,0.17,3.63,0.0,0.8,0.174
2022,64014,김병희,KT,KT,19,0.203,41,85,74,8,15,2,0,1,20,6,0,1,7,0,3,26,2,0.27,0.294,0.564,3,0.19,0.273,3,14,20,0.7,0,0.27,3.76,0.068,5.4,0.2
2022,62556,신본기,KT,KT,20,0.182,74,138,121,9,22,3,0,1,28,8,4,1,10,0,2,28,5,0.231,0.254,0.485,3,0.179,0.4,4,40,32,1.25,1,0.36,3.8,0.05,5.9,0.172
2022,64012,송민섭,KT,KT,21,0.156,119,72,64,17,10,1,2,0,15,3,3,0,5,0,0,19,0,0.234,0.217,0.451,1,0.214,0.182,3,20,15,1.33,0,0.26,3.75,0.078,2.5,0.156
2022,66702,이시원,KT,KT,22,0.133,31,16,15,6,2,0,0,0,2,1,0,0,0,0,1,4,0,0.133,0.188,0.321,0,0.2,0.5,0,6,3,2.0,0,0.0,3.81,0.0,0.5,0.118
2022,51003,권동진,KT,KT,23,0.132,48,40,38,9,5,1,1,0,8,4,1,0,1,0,0,16,0,0.211,0.154,0.365,0,0.091,0.0,2,13,4,3.25,0,0.06,3.83,0.079,1.3,0.122
2022,73113,박경수,KT,KT,24,0.12,100,194,166,13,20,3,0,3,32,10,2,1,24,0,1,70,3,0.193,0.234,0.427,1,0.122,0.176,6,26,51,0.51,0,0.34,4.63,0.072,7.6,0.154
2022,68069,고명성,KT,KT,25,,1,0,0,0,0,0,0,0,0,0,0,0,0,0,0,0,0,,,,0,0.0,0.0,0,0,0,,0,,,,0.0,0.0
2022,65062,김재윤,KT,KT,25,,1,0,0,0,0,0,0,0,0,0,0,0,0,0,0,0,0,,,,0,0.0,0.0,0,0,0,,0,,,,0.0,0.0
2022,65040,김태훈,KT,KT,25,0.0,7,10,10,0,0,0,0,0,0,0,0,0,0,0,0,2,0,0.0,0.0,0.0,0,0.0,0.0,0,3,5,0.6,0,0.0,3.9,0.0,-0.9,0.0
2022,67063,문상인,KT,KT,25,0.0,12,3,3,2,0,0,0,0,0,0,0,0,0,0,0,2,1,0.0,0.0,0.0,0,0.0,0.0,0,1,0,,0,0.0,3.67,0.0,-0.7,0.0
2022,52060,박영현,KT,KT,25,,4,0,0,0,0,0,0,0,0,0,0,0,0,0,0,0,0,,,,0,0.0,0.0,0,0,0,,0,,,,0.0,0.0
2022,65516,배제성,KT,KT,25,,1,0,0,0,0,0,0,0,0,0,0,0,0,0,0,0,0,,,,0,0.0,0.0,0,0,0,,0,,,,0.0,0.0
2022,64017,심재민,KT,KT,25,,2,0,0,0,0,0,0,0,0,0,0,0,0,0,0,0,0,,,,0,0.0,0.0,0,0,0,,0,,,,0.0,0.0
2022,68002,양승혁,KT,KT,25,0.0,11,5,5,0,0,0,0,0,0,0,0,0,0,0,0,1,0,0.0,0.0,0.0,0,0.0,0.0,0,3,1,3.0,0,0.0,3.2,0.0,-0.6,0.0
2022,52063,이상우,KT,KT,25,,1,0,0,0,0,0,0,0,0,0,0,0,0,0,0,0,0,,,,0,0.0,0.0,0,0,0,,0,,,,0.0,0.0
2022,67048,이정현,KT,KT,25,,1,0,0,0,0,0,0,0,0,0,0,0,0,0,0,0,0,,,,0,0.0,0.0,0,0,0,,0,,,,0.0,0.0
2022,68089,조대현,KT,KT,25,0.0,6,4,4,0,0,0,0,0,0,0,0,0,0,0,0,3,0,0.0,0.0,0.0,0,0.0,0.0,0,1,0,,0,0.0,4.0,0.0,-0.4,0.0
2022,65060,주권,KT,KT,25,,1,0,0,0,0,0,0,0,0,0,0,0,0,0,0,0,0,,,,0,0.0,0.0,0,0,0,,0,,,,0.0,0.0
2022,51060,지명성,KT,KT,25,,1,0,0,0,0,0,0,0,0,0,0,0,0,0,0,0,0,,,,0,0.0,0.0,0,0,0,,0,,,,0.0,0.0
2022,71564,이대호,롯데,LT,1,0.331,142,591,540,53,179,23,0,23,271,101,0,6,43,7,2,56,26,0.502,0.379,0.881,53,0.318,0.2,46,150,161,0.93,9,0.77,3.58,0.17,90.5,0.296
2022,52547,렉스,롯데,LT,2,0.33,56,251,218,32,72,10,1,8,108,34,0,2,26,2,5,44,4,0.495,0.41,0.905,24,0.449,0.0,19,43,61,0.7,3,0.59,4.0,0.165,42.9,0.308
2022,69517,고승민,롯데,LT,3,0.316,92,262,234,31,74,15,1,5,106,30,2,1,25,0,0,47,6,0.453,0.381,0.834,17,0.328,0.455,21,71,43,1.65,3,0.53,3.85,0.137,36.4,0.285
2022,68525,한동희,롯데,LT,4,0.307,129,499,456,43,140,27,0,14,209,65,0,4,33,2,6,64,15,0.458,0.359,0.817,41,0.278,0.444,41,154,102,1.51,4,0.52,3.52,0.151,69.2,0.276
2022,78513,전준우,롯데,LT,5,0.304,120,517,470,73,143,31,1,11,209,68,0,9,35,1,3,73,14,0.445,0.35,0.795,45,0.285,0.25,43,146,117,1.25,7,0.48,3.57,0.14,70.3,0.269
2022,50500,황성빈,롯데,LT,6,0.294,102,353,320,62,94,12,4,1,117,16,7,2,22,0,2,55,2,0.366,0.341,0.707,22,0.241,0.25,17,103,70,1.47,4,0.4,3.63,0.072,38.4,0.245
2022,79608,안치홍,롯데,LT,7,0.284,132,562,493,71,140,27,3,14,215,58,8,5,51,4,5,52,13,0.436,0.354,0.79,38,0.222,0.333,44,152,154,0.99,7,0.98,3.85,0.152,75.2,0.268
2022,67504,김정율,롯데,LT,8,0.257,57,156,140,9,36,6,0,0,42,11,3,0,9,0,4,48,2,0.3,0.32,0.62,7,0.333,0.5,6,31,25,1.24,0,0.19,3.84,0.043,13.1,0.219
2022,60523,정훈,롯데,LT,9,0.245,91,340,294,39,72,8,0,3,89,32,6,6,32,0,2,66,6,0.303,0.317,0.62,18,0.235,0.231,11,70,92,0.76,3,0.48,4.1,0.058,32.3,0.218
2022,68504,이호연,롯데,LT,10,0.244,88,222,205,20,50,10,1,2,68,16,4,0,11,1,2,38,5,0.332,0.289,0.621,11,0.222,0.167,13,71,46,1.54,0,0.29,3.58,0.088,18.2,0.213
2022,69508,신윤후,롯데,LT,11,0.235,49,73,68,8,16,4,2,2,30,7,0,0,4,0,1,15,0,0.441,0.288,0.729,2,0.176,0.4,8,20,17,1.18,1,0.27,3.63,0.206,9.0,0.24
2022,52526,피터스,롯데,LT,12,0.228,85,354,316,32,72,16,0,13,127,48,0,4,26,1,8,77,5,0.402,0.299,0.701,18,0.215,0.0,29,73,98,0.74,7,0.34,3.62,0.174,40.2,0.235
2022,62802,박승욱,롯데,LT,13,0.227,100,228,198,29,45,7,2,1,59,16,12,0,16,0,2,69,1,0.298,0.292,0.59,11,0.255,0.0,10,47,37,1.27,3,0.23,3.83,0.071,18.8,0.206
2022,68362,추재현,롯데,LT,14,0.224,33,66,58,10,13,4,0,0,17,5,0,0,7,0,1,17,1,0.293,0.318,0.611,1,0.25,0.25,4,14,14,1.0,1,0.41,3.89,0.069,5.7,0.216
2022,64717,지시완,롯데,LT,15,0.213,75,199,174,16,37,7,0,3,53,17,2,1,20,1,2,55,7,0.305,0.299,0.604,6,0.227,0.313,10,40,43,0.93,2,0.36,4.13,0.092,15.3,0.211
2022,69453,이학주,롯데,LT,16,0.207,91,260,232,29,48,11,1,3,70,15,9,1,16,0,2,54,3,0.302,0.263,0.565,9,0.19,0.0,15,58,73,0.79,1,0.3,3.59,0.095,17.6,0.194
2022,68518,정보근,롯데,LT,17,0.191,95,226,199,8,38,2,0,1,43,15,10,1,14,0,2,55,4,0.216,0.25,0.466,6,0.208,0.0,3,50,57,0.88,3,0.25,3.77,0.025,10.4,0.167
2022,52516,조세진,롯데,LT,18,0.186,39,88,86,6,16,3,0,0,19,6,1,0,1,0,0,25,4,0.221,0.195,0.416,4,0.222,0.125,3,32,13,2.46,1,0.04,3.92,0.035,0.7,0.143
2022,68507,장두성,롯데,LT,19,0.174,53,28,23,7,4,0,0,0,4,0,0,0,5,0,0,11,0,0.174,0.321,0.495,0,0.0,0.0,0,7,1,7.0,0,0.45,4.25,0.0,2.3,0.188
2022,64022,안중열,롯데,LT,20,0.155,33,84,71,8,11,0,0,2,17,2,0,0,11,0,2,19,2,0.239,0.286,0.525,2,0.0,0.167,2,21,20,1.05,0,0.58,4.19,0.085,5.2,0.188
2022,52591,윤동희,롯데,LT,21,0.154,4,13,13,1,2,1,0,0,3,1,0,0,0,0,0,2,1,0.231,0.154,0.385,1,0.0,0.0,1,5,4,1.25,0,0.0,3.92,0.077,-0.2,0.127
2022,52568,한태양,롯데,LT,22,0.148,38,72,61,14,9,1,0,0,10,3,4,0,5,0,2,24,1,0.164,0.235,0.399,1,0.273,0.0,1,15,13,1.15,0,0.21,3.97,0.016,2.2,0.147
2022,69500,김민수,롯데,LT,23,0.143,5,7,7,0,1,0,0,0,1,1,0,0,0,0,0,4,0,0.143,0.143,0.286,0,0.333,0.0,0,2,0,,0,0.0,4.14,0.0,-0.1,0.1
2022,64501,배성근,롯데,LT,24,0.128,22,41,39,3,5,1,0,0,6,0,0,0,2,0,0,12,3,0.154,0.171,0.325,1,0.167,0.0,1,13,9,1.44,0,0.17,3.71,0.026,-0.9,0.115
2022,65514,강태율,롯데,LT,25,0.094,19,38,32,0,3,1,0,0,4,3,3,0,2,0,1,9,2,0.125,0.171,0.296,0,0.1,0.0,1,11,9,1.22,0,0.22,3.66,0.031,-0.6,0.108
2022,65515,강로한,롯데,LT,26,,1,0,0,0,0,0,0,0,0,0,0,0,0,0,0,0,0,,,,0,0.0,0.0,0,0,0,,0,,,,-0.3,0.0
2022,79358,강윤구,롯데,LT,26,,1,0,0,0,0,0,0,0,0,0,0,0,0,0,0,0,0,,,,0,0.0,0.0,0,0,0,,0,,,,0.0,0.0
2022,63543,구승민,롯데,LT,26,,1,0,0,0,0,0,0,0,0,0,0,0,0,0,0,0,0,,,,0,0.0,0.0,0,0,0,,0,,,,0.0,0.0
2022,52514,김세민,롯데,LT,26,0.0,4,4,1,1,0,0,0,0,0,0,2,0,1,0,0,0,0,0.0,0.5,0.5,0,0.0,0.0,0,0,1,0.0,0,,2.5,0.0,0.3,0.225
2022,62528,김원중,롯데,LT,26,,1,0,0,0,0,0,0,0,0,0,0,0,0,0,0,0,0,,,,0,0.0,0.0,0,0,0,,0,,,,0.0,0.0
2022,65506,김재유,롯데,LT,26,,1,0,0,0,0,0,0,0,0,0,0,0,0,0,0,0,0,,,,0,0.0,0.0,0,0,0,,0,,,,0.0,0.0
2022,65643,문경찬,롯데,LT,26,,1,0,0,0,0,0,0,0,0,0,0,0,0,0,0,0,0,,,,0,0.0,0.0,0,0,0,,0,,,,0.0,0.0
2022,51640,권다결,KIA,HT,1,0.5,2,2,2,0,1,0,0,0,1,1,0,0,0,0,0,0,0,0.5,0.5,1.0,0,0.5,0.0,0,0,1,0.0,0,,5.5,0.0,0.4,0.35
2022,51604,김선우,KIA,HT,2,0.333,3,4,3,1,1,0,0,0,1,0,0,0,0,0,1,0,0,0.333,0.5,0.833,0,0.0,0.0,0,1,1,1.0,0,,2.75,0.0,0.7,0.308
2022,67609,박정우,KIA,HT,2,0.333,16,3,3,2,1,0,0,0,1,2,0,0,0,0,0,1,0,0.333,0.333,0.666,0,0.5,0.0,0,0,1,0.0,0,0.0,3.33,0.0,0.3,0.233
2022,62947,나성범,KIA,HT,4,0.32,144,649,563,92,180,39,2,21,286,97,0,5,64,6,17,137,7,0.508,0.402,0.91,54,0.316,0.0,62,117,134,0.87,9,0.47,3.75,0.188,110.9,0.308
2022,52630,소크라테스,KIA,HT,5,0.311,127,554,514,83,160,29,7,17,254,77,0,4,34,4,2,81,11,0.494,0.354,0.848,47,0.296,0.0,53,125,152,0.82,8,0.42,3.65,0.183,82.8,0.283
2022,64560,이창진,KIA,HT,6,0.301,111,404,346,56,104,14,0,7,139,48,11,4,41,0,2,63,7,0.402,0.374,0.776,30,0.29,0.333,21,102,81,1.26,2,0.65,4.03,0.101,52.3,0.269
2022,63260,이우성,KIA,HT,7,0.292,80,137,120,23,35,7,0,1,45,12,4,0,12,0,1,20,5,0.375,0.361,0.736,7,0.258,0.333,8,42,23,1.83,1,0.6,3.93,0.083,14.1,0.256
2022,78603,김선빈,KIA,HT,8,0.287,140,587,505,51,145,23,0,3,177,61,7,3,65,0,6,47,14,0.35,0.373,0.723,40,0.265,0.333,26,182,134,1.36,6,1.38,3.96,0.063,69.7,0.255
2022,61353,고종욱,KIA,HT,9,0.283,62,114,106,13,30,7,1,2,45,14,1,0,7,0,0,21,2,0.425,0.327,0.752,6,0.296,0.297,10,32,23,1.39,2,0.33,3.91,0.142,13.8,0.253
2022,62234,류지혁,KIA,HT,10,0.274,127,477,405,55,111,19,2,2,140,48,8,2,56,0,6,83,6,0.346,0.369,0.715,28,0.305,0.286,23,130,83,1.57,8,0.67,3.93,0.072,55.6,0.253
2022,65653,김호령,KIA,HT,11,0.273,54,88,77,21,21,1,1,1,27,8,4,0,7,0,0,22,4,0.351,0.333,0.684,5,0.222,0.25,3,15,19,0.79,0,0.32,3.82,0.078,8.1,0.238
2022,64646,박찬호,KIA,HT,12,0.272,130,566,493,81,134,22,0,4,168,45,8,7,57,0,1,67,9,0.341,0.344,0.685,34,0.277,0.0,26,160,139,1.15,8,0.85,4.0,0.069,67.1,0.24
2022,72443,최형우,KIA,HT,13,0.264,132,530,454,55,120,27,1,14,191,71,0,2,73,5,1,92,9,0.421,0.366,0.787,33,0.282,0.286,42,114,130,0.88,6,0.79,4.22,0.156,71.1,0.27
2022,65610,황대인,KIA,HT,14,0.256,129,524,476,40,122,27,0,14,191,91,0,5,36,2,7,92,20,0.401,0.315,0.716,34,0.296,0.0,41,121,146,0.83,8,0.39,3.53,0.145,56.4,0.242
2022,79365,박동원,KIA,HT,15,0.242,123,447,385,52,93,21,0,18,168,57,7,1,45,4,9,95,9,0.436,0.334,0.77,21,0.234,0.077,39,104,94,1.11,6,0.47,4.1,0.195,56.5,0.259
2022,52605,김도영,KIA,HT,16,0.237,103,254,224,37,53,11,4,3,81,19,4,1,22,0,3,62,3,0.362,0.312,0.674,12,0.259,0.222,18,48,62,0.77,0,0.35,4.0,0.125,27.3,0.231
2022,66614,김규성,KIA,HT,17,0.18,70,52,50,14,9,0,1,1,14,4,1,0,1,0,0,12,0,0.28,0.196,0.476,0,0.077,0.0,2,15,14,1.07,0,0.08,3.31,0.1,2.6,0.158
2022,63722,한승택,KIA,HT,18,0.176,66,119,102,11,18,2,0,1,23,12,4,1,9,0,3,30,2,0.225,0.261,0.486,3,0.16,0.25,3,26,29,0.9,0,0.3,3.76,0.049,6.5,0.174
2022,67610,김석환,KIA,HT,19,0.149,51,107,94,15,14,2,0,3,25,7,0,0,10,0,3,32,1,0.266,0.252,0.518,3,0.125,0.071,5,27,21,1.29,1,0.31,4.23,0.117,6.9,0.18
2022,65464,최정용,KIA,HT,20,0.091,30,23,22,5,2,0,0,0,2,0,1,0,0,0,0,6,0,0.091,0.091,0.182,0,0.0,0.25,0,7,7,1.0,0,0.0,3.43,0.0,-0.8,0.064
2022,66833,임석진,KIA,HT,21,0.071,10,17,14,4,1,0,0,1,4,1,0,0,2,0,1,9,1,0.286,0.235,0.521,0,0.0,1.0,1,3,1,3.0,0,0.22,4.94,0.214,0.8,0.177
2022,64580,김재열,KIA,HT,22,,1,0,0,0,0,0,0,0,0,0,0,0,0,0,0,0,0,,,,0,0.0,0.0,0,0,0,,0,,,,0.0,0.0
2022,78629,나지완,KIA,HT,22,0.0,2,1,1,0,0,0,0,0,0,0,0,0,0,0,0,0,0,0.0,0.0,0.0,0,0.0,0.0,0,0,1,0.0,0,,5.0,0.0,-0.1,0.0
2022,66615,류승현,KIA,HT,22,0.0,3,3,3,0,0,0,0,0,0,0,0,0,0,0,0,1,0,0.0,0.0,0.0,0,0.0,0.0,0,1,1,1.0,0,0.0,3.67,0.0,-0.3,0.0
2022,50657,박민,KIA,HT,22,0.0,6,2,2,1,0,0,0,0,0,0,0,0,0,0,0,0,0,0.0,0.0,0.0,0,0.0,0.0,0,1,1,1.0,0,,2.5,0.0,-0.2,0.0
2022,66662,신범수,KIA,HT,22,0.0,2,3,3,0,0,0,0,0,0,0,0,0,0,0,0,1,0,0.0,0.0,0.0,0,0.0,0.0,0,1,1,1.0,0,0.0,5.67,0.0,-0.3,0.0
2022,67644,이정훈,KIA,HT,22,0.0,6,10,8,0,0,0,0,0,0,0,0,0,2,0,0,3,0,0.0,0.2,0.2,0,0.0,0.0,0,3,2,1.5,0,0.67,5.3,0.0,-0.1,0.09
2022,69207,김태근,두산,OB,1,0.5,2,6,4,0,2,1,0,0,3,2,0,0,1,0,1,1,0,0.75,0.667,1.417,0,1.0,0.0,1,1,0,,0,1.0,5.33,0.25,1.4,0.488
2022,51269,강현구,두산,OB,2,0.333,3,5,3,0,1,0,0,0,1,0,0,0,1,0,1,0,0,0.333,0.6,0.933,0,0.0,0.0,0,1,1,1.0,0,,3.8,0.0,1.0,0.353
2022,64011,안승한,두산,OB,2,0.333,30,39,36,5,12,3,0,0,15,8,1,0,2,0,0,12,0,0.417,0.368,0.785,2,0.385,1.0,3,7,5,1.4,0,0.17,3.1,0.083,5.1,0.27
2022,69209,페르난데스,두산,OB,4,0.309,139,550,508,52,157,28,0,6,203,77,0,5,35,0,2,45,34,0.4,0.353,0.753,43,0.343,0.5,34,194,117,1.66,4,0.78,3.78,0.091,60.2,0.259
2022,50202,안권수,두산,OB,5,0.297,76,267,239,43,71,7,2,0,82,20,1,0,26,0,1,40,6,0.343,0.368,0.711,19,0.32,0.0,9,79,49,1.61,0,0.65,3.99,0.046,28.9,0.251
2022,79240,허경민,두산,OB,6,0.289,121,493,432,59,125,23,0,8,172,60,2,7,36,3,16,40,12,0.398,0.36,0.758,33,0.317,0.0,31,141,133,1.06,8,0.9,3.83,0.109,63.6,0.262
2022,68205,전민재,두산,OB,7,0.289,35,46,45,11,13,1,0,0,14,0,1,0,0,0,0,12,3,0.311,0.289,0.6,1,0.0,0.0,1,11,9,1.22,0,0.0,3.04,0.022,3.2,0.208
2022,65269,김민혁,두산,OB,8,0.284,38,97,88,11,25,2,0,5,42,16,0,0,7,0,2,25,6,0.477,0.351,0.828,5,0.32,0.294,7,17,21,0.81,4,0.28,3.82,0.193,12.6,0.277
2022,63123,강승호,두산,OB,9,0.264,134,487,444,54,117,28,1,10,177,62,6,5,29,0,3,100,8,0.399,0.31,0.709,34,0.299,0.25,39,98,134,0.73,11,0.29,3.45,0.135,55.1,0.239
2022,79231,정수빈,두산,OB,10,0.259,127,455,405,58,105,12,4,3,134,41,6,4,39,1,1,56,2,0.331,0.323,0.654,29,0.237,0.0,19,153,95,1.61,3,0.7,3.81,0.072,47.3,0.228
2022,69203,송승환,두산,OB,11,0.25,11,28,28,3,7,1,0,1,11,4,0,0,0,0,0,7,0,0.393,0.25,0.643,1,0.182,0.667,2,5,9,0.56,2,0.0,4.25,0.143,2.7,0.211
2022,62244,박세혁,두산,OB,12,0.248,128,402,351,33,87,13,1,3,111,41,8,4,33,1,6,71,4,0.316,0.32,0.636,18,0.354,0.2,17,89,108,0.82,5,0.46,3.88,0.068,38.6,0.223
2022,78224,김재환,두산,OB,13,0.248,128,517,448,64,111,24,1,23,206,72,0,4,61,4,4,133,5,0.46,0.34,0.8,22,0.271,0.333,48,98,110,0.89,4,0.46,3.93,0.212,73.0,0.268
2022,63257,김인태,두산,OB,14,0.247,83,279,235,25,58,6,0,5,79,25,0,0,41,1,3,47,6,0.336,0.366,0.702,11,0.246,0.25,11,69,61,1.13,3,0.87,4.19,0.089,31.5,0.249
2022,64153,양석환,두산,OB,15,0.244,107,446,405,58,99,14,1,20,175,51,0,2,32,3,7,101,3,0.432,0.309,0.741,23,0.245,0.0,35,67,140,0.48,5,0.32,3.85,0.188,56.4,0.247
2022,50293,양찬열,두산,OB,16,0.244,41,94,82,15,20,4,0,3,33,12,1,0,11,0,0,23,2,0.402,0.333,0.735,3,0.238,0.5,7,18,21,0.86,0,0.48,3.78,0.159,11.0,0.25
2022,67207,이유찬,두산,OB,17,0.241,13,31,29,3,7,0,0,1,10,2,1,1,0,0,0,12,0,0.345,0.233,0.578,2,0.0,0.0,1,4,7,0.57,0,0.0,3.87,0.103,2.6,0.191
2022,69238,김대한,두산,OB,18,0.24,51,110,96,13,23,6,1,4,43,11,2,1,5,0,6,27,0,0.448,0.315,0.763,2,0.222,0.5,11,16,31,0.52,0,0.19,3.44,0.208,14.6,0.254
2022,67202,박유연,두산,OB,19,0.235,13,19,17,0,4,0,0,0,4,2,0,0,1,0,1,5,1,0.235,0.316,0.551,0,0.25,0.333,0,4,4,1.0,0,0.2,3.89,0.0,1.1,0.201
2022,66209,조수행,두산,OB,19,0.235,117,134,119,36,28,4,1,1,37,9,2,2,10,0,1,31,4,0.311,0.295,0.606,3,0.219,0.0,6,41,21,1.95,0,0.32,3.92,0.076,12.7,0.211
2022,64468,박계범,두산,OB,21,0.221,77,168,145,21,32,8,0,2,46,14,6,2,12,1,3,40,1,0.317,0.29,0.607,3,0.156,0.0,10,37,38,0.97,2,0.3,3.83,0.097,14.7,0.21
2022,74206,김재호,두산,OB,22,0.215,102,264,223,26,48,7,0,1,58,21,7,4,28,0,2,33,5,0.26,0.304,0.564,8,0.149,0.2,8,59,87,0.68,1,0.85,3.9,0.045,19.9,0.202
2022,51203,안재석,두산,OB,23,0.213,99,264,235,22,50,10,0,3,69,17,4,2,19,1,4,71,5,0.294,0.281,0.575,8,0.217,0.5,13,43,73,0.59,3,0.27,3.78,0.081,20.3,0.2
2022,63202,장승현,두산,OB,24,0.208,60,109,96,6,20,3,0,0,23,9,3,1,5,0,4,27,2,0.24,0.274,0.514,4,0.241,0.0,3,27,23,1.17,0,0.19,3.58,0.031,6.4,0.183
2022,77248,오재원,두산,OB,25,0.172,18,31,29,2,5,2,0,0,7,4,0,1,1,0,0,9,1,0.241,0.194,0.435,0,0.111,0.0,2,12,4,3.0,1,0.11,3.68,0.069,0.6,0.148
2022,66233,홍성호,두산,OB,26,0.167,12,19,18,3,3,0,0,0,3,0,0,0,1,0,0,7,1,0.167,0.211,0.378,1,0.0,0.0,0,4,4,1.0,0,0.14,3.37,0.0,0.1,0.137
2022,62925,강진성,두산,OB,27,0.163,40,94,80,7,13,2,0,1,18,8,1,0,11,1,2,20,2,0.225,0.28,0.505,2,0.217,0.273,3,22,25,0.88,1,0.55,3.97,0.063,6.0,0.182
2022,66203,서예일,두산,OB,28,0.16,35,27,25,2,4,1,0,0,5,2,1,0,1,0,0,6,1,0.2,0.192,0.392,0,0.167,0.0,1,10,5,2.0,0,0.17,3.52,0.04,0.3,0.136
2022,64086,신성현,두산,OB,29,0.087,17,25,23,3,2,0,0,1,5,2,0,0,2,0,0,5,2,0.217,0.16,0.377,0,0.125,0.0,1,10,6,1.67,0,0.4,3.72,0.13,0.1,0.126
2022,68204,권민석,두산,OB,30,0.0,16,3,3,3,0,0,0,0,0,0,0,0,0,0,0,1,0,0.0,0.0,0.0,0,0.0,0.0,0,1,1,1.0,0,0.0,2.67,0.0,-0.3,0.0
2022,77263,김강률,두산,OB,30,,5,0,0,0,0,0,0,0,0,0,0,0,0,0,0,0,0,,,,0,0.0,0.0,0,0,0,,0,,,,0.0,0.0
2022,51230,김동주,두산,OB,30,,1,0,0,0,0,0,0,0,0,0,0,0,0,0,0,0,0,,,,0,0.0,0.0,0,0,0,,0,,,,0.0,0.0
2022,67246,김명신,두산,OB,30,,3,0,0,0,0,0,0,0,0,0,0,0,0,0,0,0,0,,,,0,0.0,0.0,0,0,0,,0,,,,0.0,0.0
2022,60181,김지용,두산,OB,30,,3,0,0,0,0,0,0,0,0,0,0,0,0,0,0,0,0,,,,0,0.0,0.0,0,0,0,,0,,,,0.0,0.0
2022,68249,박신지,두산,OB,30,,1,0,0,0,0,0,0,0,0,0,0,0,0,0,0,0,0,,,,0,0.0,0.0,0,0,0,,0,,,,0.0,0.0
2022,65639,박정수,두산,OB,30,,1,0,0,0,0,0,0,0,0,0,0,0,0,0,0,0,0,,,,0,0.0,0.0,0,0,0,,0,,,,0.0,0.0
2022,62242,윤명준,두산,OB,30,,1,0,0,0,0,0,0,0,0,0,0,0,0,0,0,0,0,,,,0,0.0,0.0,0,0,0,,0,,,,0.0,0.0
2022,64805,이승진,두산,OB,30,,1,0,0,0,0,0,0,0,0,0,0,0,0,0,0,0,0,,,,0,0.0,0.0,0,0,0,,0,,,,0.0,0.0
2022,78352,임창민,두산,OB,30,,3,0,0,0,0,0,0,0,0,0,0,0,0,0,0,0,0,,,,0,0.0,0.0,0,0,0,,0,,,,0.0,0.0
2022,74513,장원준,두산,OB,30,,1,0,0,0,0,0,0,0,0,0,0,0,0,0,0,0,0,,,,0,0.0,0.0,0,0,0,,0,,,,0.0,0.0
2022,68242,정철원,두산,OB,30,,2,0,0,0,0,0,0,0,0,0,0,0,0,0,0,0,0,,,,0,0.0,0.0,0,0,0,,0,,,,0.0,0.0
2022,64213,최용제,두산,OB,30,,1,1,0,0,0,0,0,0,0,0,0,0,0,0,1,0,0,,1.0,1.0,0,0.0,0.0,0,0,0,,0,,5.0,,0.3,0.45
2022,61643,홍건희,두산,OB,30,,7,0,0,0,0,0,0,0,0,0,0,0,0,0,0,0,0,,,,0,0.0,0.0,0,0,0,,0,,,,0.0,0.0
2022,67341,이정후,키움,WO,1,0.349,142,627,553,85,193,36,10,23,318,113,0,3,66,12,5,32,10,0.575,0.421,0.996,58,0.387,0.333,69,154,177,0.87,15,2.06,3.69,0.226,120.2,0.333
2022,67304,김혜성,키움,WO,2,0.318,129,566,516,81,164,18,7,4,208,48,0,3,47,3,0,83,9,0.403,0.373,0.776,43,0.295,0.0,29,165,107,1.54,5,0.57,3.87,0.085,78.5,0.269
2022,52366,푸이그,키움,WO,3,0.277,126,547,473,65,131,30,0,21,224,73,0,4,58,1,12,100,6,0.474,0.367,0.841,37,0.268,0.0,51,88,158,0.56,8,0.58,3.83,0.197,83.4,0.284
2022,64340,임지열,키움,WO,4,0.275,40,148,131,16,36,6,0,1,45,15,3,2,10,0,2,43,2,0.344,0.331,0.675,10,0.306,0.5,7,23,31,0.74,0,0.23,4.11,0.069,15.7,0.235
2022,64984,김태진,키움,WO,5,0.268,77,276,254,37,68,5,1,0,75,20,3,1,17,0,1,30,4,0.295,0.315,0.61,18,0.211,0.4,6,94,63,1.49,2,0.57,3.8,0.028,23.3,0.216
2022,79456,이지영,키움,WO,6,0.267,137,450,420,38,112,13,4,2,139,37,8,0,20,2,2,44,16,0.331,0.303,0.634,26,0.262,0.364,19,158,106,1.49,6,0.45,3.37,0.064,36.4,0.219
2022,69366,이명기,키움,WO,7,0.25,2,4,4,0,1,0,0,0,1,0,0,0,0,0,0,2,0,0.25,0.25,0.5,0,0.0,0.0,0,1,0,,0,0.0,3.25,0.0,0.2,0.175
2022,51307,이재홍,키움,WO,7,0.25,4,4,4,0,1,0,0,0,1,0,0,0,0,0,0,2,0,0.25,0.25,0.5,0,0.0,0.0,0,0,1,0.0,0,0.0,3.0,0.0,0.2,0.175
2022,65357,송성문,키움,WO,9,0.247,142,601,547,67,135,21,4,13,203,79,1,7,45,6,1,65,8,0.371,0.302,0.673,31,0.269,0.0,38,156,198,0.79,11,0.69,3.57,0.124,63.4,0.229
2022,65898,김웅빈,키움,WO,10,0.226,45,135,115,17,26,5,1,1,36,11,3,0,13,1,4,38,2,0.313,0.326,0.639,4,0.129,0.231,7,32,19,1.68,2,0.34,3.81,0.087,11.7,0.225
2022,50357,박주홍,키움,WO,11,0.224,21,57,49,4,11,1,1,0,14,3,0,0,8,1,0,18,1,0.286,0.333,0.619,2,0.111,0.0,2,15,5,3.0,0,0.44,4.09,0.061,5.0,0.221
2022,51344,김휘집,키움,WO,12,0.222,112,393,333,40,74,12,1,8,112,36,3,4,39,0,14,115,6,0.336,0.326,0.662,14,0.177,0.0,21,57,91,0.63,6,0.34,4.26,0.114,40.9,0.231
2022,52348,박찬혁,키움,WO,13,0.211,52,175,161,13,34,5,0,6,57,17,0,0,9,0,5,67,1,0.354,0.274,0.628,4,0.237,0.0,11,24,36,0.67,0,0.13,3.92,0.143,15.8,0.212
2022,62332,김재현,키움,WO,14,0.207,56,88,82,4,17,4,0,1,24,9,2,1,2,0,1,19,3,0.293,0.233,0.526,3,0.286,0.0,5,26,21,1.24,1,0.11,3.53,0.085,4.7,0.178
2022,65586,전병우,키움,WO,15,0.203,115,231,197,14,40,7,0,5,62,21,9,1,17,0,7,68,5,0.315,0.288,0.603,9,0.103,0.286,12,39,51,0.76,5,0.25,3.9,0.112,18.6,0.208
2022,69306,김주형,키움,WO,16,0.2,55,130,110,16,22,7,1,1,34,5,2,1,4,0,13,29,4,0.309,0.305,0.614,4,0.0,0.5,9,34,26,1.31,0,0.14,3.7,0.109,10.8,0.215
2022,74163,이용규,키움,WO,17,0.199,86,326,271,34,54,6,0,0,60,21,1,2,45,0,7,42,7,0.221,0.326,0.547,12,0.211,0.154,6,113,64,1.77,3,1.07,4.42,0.022,25.8,0.202
2022,63920,김준완,키움,WO,18,0.192,111,398,317,43,61,10,2,1,78,28,6,3,64,0,8,71,4,0.246,0.339,0.585,12,0.219,0.0,13,108,80,1.35,3,0.9,4.59,0.054,35.3,0.214
2022,67363,이병규,키움,WO,19,0.184,24,40,38,7,7,1,1,0,10,5,0,0,2,0,0,11,0,0.263,0.225,0.488,1,0.25,0.0,2,15,5,3.0,0,0.18,4.2,0.079,2.2,0.167
2022,68346,김수환,키움,WO,20,0.179,57,168,140,18,25,6,0,4,43,14,3,1,21,0,3,56,0,0.307,0.297,0.604,5,0.107,0.167,10,24,36,0.67,2,0.38,4.08,0.129,15.4,0.21
2022,51302,이주형,키움,WO,21,0.169,32,85,71,7,12,0,0,1,15,8,0,1,10,0,3,27,0,0.211,0.294,0.505,0,0.143,0.111,1,20,13,1.54,2,0.37,3.98,0.042,6.2,0.185
2022,64657,박준태,키움,WO,22,0.157,52,84,70,9,11,4,0,1,18,10,1,0,11,0,2,33,0,0.257,0.289,0.546,0,0.235,0.0,5,11,15,0.73,1,0.33,4.43,0.1,6.2,0.194
2022,50312,신준우,키움,WO,23,0.14,76,54,43,6,6,3,0,0,9,0,2,0,7,0,2,19,0,0.209,0.288,0.497,0,0.091,0.0,3,9,9,1.0,0,0.37,3.65,0.07,3.3,0.182
2022,68330,예진원,키움,WO,24,0.1,20,14,10,0,1,0,0,0,1,0,1,0,3,0,0,3,0,0.1,0.308,0.408,0,0.0,0.0,0,4,2,2.0,0,1.0,3.93,0.0,0.7,0.164
2022,51303,김시앙,키움,WO,25,0.083,13,14,12,1,1,0,0,0,1,0,1,0,1,0,0,8,1,0.083,0.154,0.237,0,0.0,0.0,0,2,1,2.0,0,0.13,4.0,0.0,-0.5,0.09
2022,64906,강민국,키움,WO,26,0.0,3,4,3,0,0,0,0,0,0,1,0,0,1,0,0,1,0,0.0,0.25,0.25,0,0.0,0.0,0,1,1,1.0,1,1.0,3.75,0.0,0.1,0.113
2022,51301,김성진,키움,WO,26,,2,0,0,0,0,0,0,0,0,0,0,0,0,0,0,0,0,,,,0,0.0,0.0,0,0,0,,0,,,,0.0,0.0
2022,62360,김태훈,키움,WO,26,,1,0,0,0,0,0,0,0,0,0,0,0,0,0,0,0,0,,,,0,0.0,0.0,0,0,0,,0,,,,0.0,0.0
2022,52394,노운현,키움,WO,26,,1,0,0,0,0,0,0,0,0,0,0,0,0,0,0,0,0,,,,0,0.0,0.0,0,0,0,,0,,,,0.0,0.0
2022,66305,박승주,키움,WO,26,,1,0,0,0,0,0,0,0,0,0,0,0,0,0,0,0,0,,,,0,0.0,0.0,0,0,0,,0,,,,0.0,0.0
2022,69328,박주성,키움,WO,26,,2,0,0,0,0,0,0,0,0,0,0,0,0,0,0,0,0,,,,0,0.0,0.0,0,0,0,,0,,,,0.0,0.0
2022,52308,애플러,키움,WO,26,,1,0,0,0,0,0,0,0,0,0,0,0,0,0,0,0,0,,,,0,0.0,0.0,0,0,0,,0,,,,0.0,0.0
2022,64350,하영민,키움,WO,26,,3,0,0,0,0,0,0,0,0,0,0,0,0,0,0,0,0,,,,0,0.0,0.0,0,0,0,,0,,,,0.0,0.0
2023,61186,이천웅,LG,LG,1,1.0,4,3,3,0,3,0,0,0,3,1,0,0,0,0,0,0,0,1.0,1.0,2.0,0,1.0,1.0,0,0,0,,1,,2.33,0.0,1.5,0.7
2023,66108,홍창기,LG,LG,2,0.332,141,643,524,109,174,35,2,1,216,65,3,6,88,3,22,83,6,0.412,0.444,0.856,58,0.361,0.5,38,158,115,1.37,5,1.06,4.14,0.08,98.6,0.303
2023,65115,안익훈,LG,LG,3,0.318,11,23,22,1,7,1,0,0,8,2,0,0,0,0,1,2,0,0.364,0.348,0.712,2,0.333,0.0,1,9,4,2.25,0,0.0,3.09,0.045,2.7,0.248
2023,53123,오스틴,LG,LG,4,0.313,139,583,520,87,163,29,4,23,269,95,0,7,53,2,3,75,11,0.517,0.376,0.893,43,0.299,0.5,56,107,182,0.59,15,0.71,3.78,0.204,96.6,0.298
2023,69102,문보경,LG,LG,5,0.301,131,542,469,77,141,29,5,10,210,72,9,4,58,2,2,83,5,0.448,0.377,0.825,39,0.281,0.25,44,125,124,1.01,11,0.7,3.87,0.147,78.1,0.282
2023,68119,문성주,LG,LG,6,0.294,136,534,449,77,132,21,4,2,167,57,6,4,67,0,8,34,10,0.372,0.392,0.764,31,0.297,0.375,27,168,119,1.41,5,1.97,3.79,0.078,69.2,0.269
2023,76290,김현수,LG,LG,7,0.293,133,556,488,53,143,22,2,6,187,88,1,8,58,4,1,53,10,0.383,0.364,0.747,43,0.348,0.25,30,148,152,0.97,10,1.09,3.85,0.09,70.6,0.26
2023,62415,박해민,LG,LG,8,0.285,144,558,485,80,138,14,2,6,174,59,24,1,45,0,3,74,7,0.359,0.348,0.707,33,0.313,0.5,22,124,150,0.83,3,0.61,3.9,0.074,62.9,0.246
2023,65207,신민재,LG,LG,9,0.277,122,331,282,47,78,5,2,0,87,28,17,2,29,0,1,34,5,0.309,0.344,0.653,19,0.329,1.0,7,116,56,2.07,2,0.85,3.87,0.032,33.5,0.232
2023,79150,정주현,LG,LG,10,0.273,89,101,88,17,24,2,0,1,29,12,2,1,9,0,0,16,1,0.33,0.337,0.667,5,0.304,0.0,3,25,24,1.04,2,0.56,3.9,0.057,9.2,0.234
2023,79109,오지환,LG,LG,11,0.268,126,502,422,65,113,24,3,8,167,62,4,4,64,0,8,82,4,0.396,0.371,0.767,25,0.298,0.333,35,108,123,0.88,11,0.78,4.03,0.128,67.7,0.266
2023,79365,박동원,LG,LG,12,0.249,130,481,409,54,102,17,1,20,181,75,8,8,49,3,7,90,7,0.443,0.334,0.777,27,0.212,0.333,38,118,107,1.1,8,0.54,3.83,0.193,64.9,0.261
2023,77564,김민성,LG,LG,13,0.249,112,316,273,34,68,11,0,8,103,41,9,2,25,0,7,58,7,0.377,0.326,0.703,17,0.253,0.167,19,72,77,0.94,5,0.43,3.99,0.128,34.5,0.241
2023,68106,이재원,LG,LG,14,0.214,57,129,112,15,24,5,0,4,41,18,0,3,12,2,2,40,1,0.366,0.295,0.661,4,0.242,0.133,9,20,31,0.65,1,0.3,3.88,0.152,14.0,0.224
2023,50150,손호영,LG,LG,15,0.205,27,45,44,8,9,0,0,1,12,6,0,0,1,0,0,12,5,0.273,0.222,0.495,1,0.417,0.0,1,14,9,1.56,1,0.08,3.98,0.068,0.7,0.168
2023,66162,김주성,LG,LG,16,0.2,11,7,5,1,1,0,0,0,1,0,0,0,1,0,1,2,0,0.2,0.429,0.629,0,0.0,0.0,0,1,1,1.0,0,0.5,3.57,0.0,0.8,0.243
2023,78168,서건창,LG,LG,16,0.2,44,126,110,14,22,5,2,0,31,12,3,3,10,0,0,14,5,0.282,0.26,0.542,5,0.241,0.1,7,36,41,0.88,0,0.71,3.77,0.082,7.5,0.188
2023,77243,허도환,LG,LG,18,0.141,47,81,64,8,9,3,0,2,18,10,7,1,3,0,6,20,3,0.281,0.243,0.524,1,0.333,0.0,5,18,18,1.0,2,0.15,3.78,0.141,4.5,0.18
2023,66112,김기연,LG,LG,19,0.118,28,40,34,3,4,0,0,0,4,2,1,0,5,0,0,10,0,0.118,0.231,0.349,0,0.167,0.0,0,7,13,0.54,0,0.5,3.83,0.0,1.1,0.133
2023,53144,김범석,LG,LG,20,0.111,10,29,27,3,3,1,0,1,7,4,0,1,1,0,0,5,1,0.259,0.138,0.397,0,0.125,0.0,2,12,8,1.5,0,0.2,4.41,0.148,0.8,0.127
2023,65905,최승민,LG,LG,21,0.071,38,15,14,10,1,0,0,0,1,1,0,0,1,0,0,4,1,0.071,0.133,0.204,0,0.2,0.0,0,5,4,1.25,0,0.25,3.87,0.0,-0.3,0.078
2023,68110,송찬의,LG,LG,22,0.056,19,22,18,2,1,1,0,0,2,1,0,0,4,0,0,6,0,0.111,0.227,0.338,0,0.5,0.0,1,5,6,0.83,0,0.67,3.82,0.056,0.7,0.13
2023,67119,고우석,LG,LG,23,,1,0,0,0,0,0,0,0,0,0,0,0,0,0,0,0,0,,,,0,0.0,0.0,0,0,0,,0,,,,0.0,0.0
2023,66145,김대현,LG,LG,23,,2,0,0,0,0,0,0,0,0,0,0,0,0,0,0,0,0,,,,0,0.0,0.0,0,0,0,,0,,,,0.0,0.0
2023,53139,박명근,LG,LG,23,,2,0,0,0,0,0,0,0,0,0,0,0,0,0,0,0,0,,,,0,0.0,0.0,0,0,0,,0,,,,0.0,0.0
2023,53105,송대현,LG,LG,23,0.0,4,3,3,0,0,0,0,0,0,0,0,0,0,0,0,2,0,0.0,0.0,0.0,0,0.0,0.0,0,0,1,0.0,0,0.0,4.67,0.0,-0.3,0.0
2023,67116,오석주,LG,LG,23,,1,0,0,0,0,0,0,0,0,0,0,0,0,0,0,0,0,,,,0,0.0,0.0,0,0,0,,0,,,,0.0,0.0
2023,69134,이정용,LG,LG,23,,1,0,0,0,0,0,0,0,0,0,0,0,0,0,0,0,0,,,,0,0.0,0.0,0,0,0,,0,,,,0.0,0.0
2023,67123,전준호,LG,LG,23,0.0,2,1,1,0,0,0,0,0,0,1,0,0,0,0,0,0,0,0.0,0.0,0.0,0,0.0,0.0,0,1,0,,0,,5.0,0.0,-0.1,0.0
2023,79140,최동환,LG,LG,23,,3,0,0,0,0,0,0,0,0,0,0,0,0,0,0,0,0,,,,0,0.0,0.0,0,0,0,,0,,,,0.0,0.0
2023,67993,이재용,한화,HH,1,0.5,2,2,2,1,1,0,0,0,1,0,0,0,0,0,0,1,0,0.5,0.5,1.0,0,0.0,0.0,0,0,0,,0,0.0,3.0,0.0,0.4,0.35
2023,50707,최인호,한화,HH,2,0.298,41,148,131,23,39,5,3,2,56,11,2,1,10,0,4,22,2,0.427,0.363,0.79,10,0.24,0.25,10,34,37,0.92,1,0.45,3.86,0.13,20.3,0.27
2023,69737,노시환,한화,HH,3,0.298,131,595,514,85,153,30,1,31,278,101,0,3,74,5,4,118,13,0.541,0.388,0.929,47,0.299,0.0,62,120,126,0.95,13,0.63,4.16,0.243,101.8,0.31
2023,53764,문현빈,한화,HH,4,0.266,137,481,428,47,114,22,2,5,155,49,9,5,33,2,6,84,7,0.362,0.324,0.686,31,0.252,0.25,29,122,113,1.08,4,0.39,3.56,0.096,52.0,0.236
2023,79192,채은성,한화,HH,5,0.263,137,596,521,71,137,17,0,23,223,84,0,3,52,8,20,102,16,0.428,0.351,0.779,39,0.311,0.0,40,118,167,0.71,10,0.51,3.81,0.165,77.4,0.265
2023,66704,김태연,한화,HH,6,0.261,91,280,245,25,64,13,0,4,89,25,1,4,27,1,3,59,3,0.363,0.337,0.7,16,0.242,0.273,17,53,73,0.73,2,0.46,3.97,0.102,33.0,0.242
2023,65703,이도윤,한화,HH,7,0.252,106,346,309,36,78,13,2,1,98,13,15,0,18,1,4,55,6,0.317,0.302,0.619,19,0.144,0.333,16,87,89,0.98,0,0.33,3.5,0.065,29.4,0.215
2023,66657,이진영,한화,HH,8,0.249,121,422,358,57,89,22,0,10,141,50,4,5,53,0,2,127,4,0.394,0.344,0.738,22,0.24,0.154,32,73,74,0.99,5,0.42,4.28,0.145,53.6,0.253
2023,78288,최재훈,한화,HH,9,0.248,125,417,327,23,81,12,0,1,96,33,9,2,56,1,23,48,9,0.294,0.392,0.686,19,0.247,0.25,13,85,115,0.74,2,1.17,4.23,0.046,46.0,0.25
2023,53716,윌리엄스,한화,HH,10,0.244,68,273,258,29,63,14,0,9,104,45,0,3,8,0,4,63,6,0.403,0.275,0.678,13,0.301,0.333,23,63,72,0.88,4,0.13,3.67,0.159,27.8,0.225
2023,78756,오선진,한화,HH,11,0.23,90,199,165,17,38,6,0,0,44,14,3,2,24,0,5,34,7,0.267,0.342,0.609,8,0.297,0.071,6,47,48,0.98,1,0.71,4.38,0.036,17.1,0.221
2023,66715,김인환,한화,HH,12,0.225,112,365,325,34,73,16,0,7,110,42,0,3,35,2,2,91,4,0.338,0.301,0.639,16,0.254,0.136,23,73,91,0.8,4,0.38,3.92,0.114,35.4,0.22
2023,63700,장운호,한화,HH,13,0.222,4,11,9,1,2,0,0,0,2,1,0,0,2,0,0,2,0,0.222,0.364,0.586,0,0.25,0.0,0,1,4,0.25,0,1.0,3.91,0.0,1.0,0.219
2023,66706,장진혁,한화,HH,13,0.222,68,178,162,24,36,5,1,0,43,12,0,1,15,0,0,41,3,0.265,0.287,0.552,6,0.229,0.364,6,39,47,0.83,1,0.37,4.09,0.043,12.0,0.195
2023,68743,정은원,한화,HH,15,0.222,122,459,388,50,86,12,0,2,104,30,5,1,62,1,3,73,4,0.268,0.333,0.601,16,0.214,0.0,14,111,119,0.93,1,0.85,4.26,0.046,41.0,0.217
2023,63704,노수광,한화,HH,16,0.221,30,94,77,6,17,5,0,0,22,4,2,2,13,0,0,27,3,0.286,0.326,0.612,4,0.154,0.0,5,19,16,1.19,1,0.48,4.21,0.065,8.2,0.218
2023,66707,박상언,한화,HH,17,0.2,86,161,145,13,29,5,1,1,39,13,3,2,10,0,1,38,6,0.269,0.253,0.522,2,0.186,0.333,7,26,54,0.48,1,0.26,3.75,0.069,8.3,0.181
2023,68700,이원석,한화,HH,18,0.19,81,138,116,20,22,1,1,0,25,8,0,0,21,0,1,33,3,0.216,0.319,0.535,3,0.212,0.0,2,30,31,0.97,0,0.64,4.14,0.026,10.8,0.198
2023,50709,박정현,한화,HH,19,0.181,53,113,105,12,19,6,0,2,31,4,3,0,3,0,2,36,2,0.295,0.218,0.513,3,0.043,0.286,8,23,27,0.85,0,0.08,3.73,0.114,5.8,0.172
2023,76849,이명기,한화,HH,20,0.175,14,42,40,2,7,1,0,0,8,5,0,0,2,0,0,9,0,0.2,0.214,0.414,2,0.2,0.0,1,17,7,2.43,0,0.22,3.62,0.025,1.5,0.146
2023,69702,김건,한화,HH,21,0.167,7,12,12,1,2,0,0,0,2,0,0,0,0,0,0,8,0,0.167,0.167,0.334,1,0.25,0.0,0,1,1,1.0,0,0.0,3.83,0.0,0.0,0.117
2023,52769,권광민,한화,HH,22,0.151,66,81,73,11,11,1,1,2,20,9,1,0,6,0,1,24,2,0.274,0.225,0.499,1,0.3,0.267,4,18,20,0.9,0,0.25,3.94,0.123,4.4,0.17
2023,69766,유로결,한화,HH,23,0.146,27,53,48,5,7,1,0,0,8,5,1,2,1,0,1,10,3,0.167,0.173,0.34,1,0.125,0.0,1,18,15,1.2,0,0.1,3.7,0.021,0.5,0.12
2023,64266,이성곤,한화,HH,24,0.143,8,16,14,2,2,0,0,0,2,0,1,0,1,0,0,3,0,0.143,0.2,0.343,0,0.0,0.0,0,5,4,1.25,0,0.33,3.5,0.0,0.3,0.126
2023,53712,오그레디,한화,HH,25,0.125,22,86,80,3,10,3,0,0,13,8,0,1,5,0,0,40,0,0.163,0.174,0.337,1,0.13,0.0,3,11,20,0.55,2,0.13,4.44,0.038,1.3,0.119
2023,62700,하주석,한화,HH,26,0.114,25,38,35,4,4,1,0,0,5,2,0,0,2,0,1,10,0,0.143,0.184,0.327,0,0.167,0.2,1,15,6,2.5,0,0.2,3.13,0.029,0.4,0.119
2023,50705,강재민,한화,HH,27,,1,0,0,0,0,0,0,0,0,0,0,0,0,0,0,0,0,,,,0,0.0,0.0,0,0,0,,0,,,,0.0,0.0
2023,53754,김서현,한화,HH,27,,1,0,0,0,0,0,0,0,0,0,0,0,0,0,0,0,0,,,,0,0.0,0.0,0,0,0,,0,,,,0.0,0.0
2023,67703,박상원,한화,HH,27,,3,0,0,0,0,0,0,0,0,0,0,0,0,0,0,0,0,,,,0,0.0,0.0,0,0,0,,0,,,,0.0,0.0
2023,52731,박준영,한화,HH,27,,1,0,0,0,0,0,0,0,0,0,0,0,0,0,0,0,0,,,,0,0.0,0.0,0,0,0,,0,,,,0.0,0.0
2023,52705,유상빈,한화,HH,27,0.0,3,8,6,1,0,0,0,0,0,0,0,0,1,0,1,1,0,0.0,0.25,0.25,0,0.0,0.0,0,1,4,0.25,0,1.0,4.75,0.0,0.1,0.113
2023,63464,윤대경,한화,HH,27,,1,0,0,0,0,0,0,0,0,0,0,0,0,0,0,0,0,,,,0,0.0,0.0,0,0,0,,0,,,,0.0,0.0
2023,53795,이민준,한화,HH,27,0.0,4,2,1,0,0,0,0,0,0,0,0,0,1,0,0,0,0,0.0,0.5,0.5,0,0.0,0.0,0,0,1,0.0,0,,4.0,0.0,0.3,0.225
2023,52704,이상혁,한화,HH,27,0.0,7,2,2,0,0,0,0,0,0,0,0,0,0,0,0,1,0,0.0,0.0,0.0,0,0.0,0.0,0,1,0,,0,0.0,4.0,0.0,-0.3,0.0
2023,60768,이태양,한화,HH,27,,1,0,0,0,0,0,0,0,0,0,0,0,0,0,0,0,0,,,,0,0.0,0.0,0,0,0,,0,,,,0.0,0.0
2023,51706,장지승,한화,HH,27,0.0,3,3,3,0,0,0,0,0,0,0,0,0,0,0,0,0,0,0.0,0.0,0.0,0,0.0,0.0,0,1,2,0.5,0,,2.67,0.0,-0.3,0.0
2023,74857,정우람,한화,HH,27,,1,0,0,0,0,0,0,0,0,0,0,0,0,0,0,0,0,,,,0,0.0,0.0,0,0,0,,0,,,,0.0,0.0
2023,69706,허관회,한화,HH,27,0.0,10,7,7,1,0,0,0,0,0,0,0,0,0,0,0,2,0,0.0,0.0,0.0,0,0.0,0.0,0,3,2,1.5,0,0.0,3.71,0.0,-0.6,0.0
2023,53865,김정민,SSG,SK,1,0.5,8,2,2,1,1,0,0,0,1,0,0,0,0,0,0,1,0,0.5,0.5,1.0,0,0.0,0.0,0,0,0,,0,0.0,4.0,0.0,0.4,0.35
2023,53827,에레디아,SSG,SK,2,0.323,122,523,473,76,153,29,0,12,218,76,1,1,39,4,9,75,13,0.461,0.385,0.846,43,0.338,0.0,41,117,129,0.91,12,0.52,3.6,0.137,75.9,0.289
2023,69813,하재훈,SSG,SK,3,0.303,77,229,201,35,61,10,1,7,94,35,2,2,19,1,5,53,0,0.468,0.374,0.842,16,0.327,0.167,18,32,57,0.56,3,0.36,3.82,0.164,37.7,0.285
2023,75847,최정,SSG,SK,4,0.297,128,552,471,94,140,31,0,29,258,87,1,6,59,6,15,87,12,0.548,0.388,0.936,39,0.264,0.0,60,84,166,0.51,13,0.68,3.88,0.251,96.3,0.312
2023,62884,최항,SSG,SK,5,0.286,21,35,28,3,8,1,0,1,12,6,1,1,5,0,0,12,1,0.429,0.382,0.811,2,0.333,0.25,2,4,5,0.8,1,0.42,3.66,0.143,5.0,0.279
2023,62895,한유섬,SSG,SK,6,0.273,109,388,333,29,91,15,2,7,131,55,2,7,34,1,12,81,3,0.393,0.355,0.748,20,0.333,0.063,24,69,99,0.7,7,0.42,4.02,0.12,51.2,0.258
2023,50854,최지훈,SSG,SK,7,0.268,117,503,462,65,124,19,8,2,165,30,8,1,29,0,3,50,3,0.357,0.315,0.672,31,0.223,0.0,29,124,165,0.75,4,0.58,3.65,0.089,55.2,0.231
2023,76802,김성현,SSG,SK,8,0.268,112,354,310,35,83,14,0,1,100,27,13,2,29,1,0,36,6,0.323,0.328,0.651,22,0.23,0.0,15,101,92,1.1,2,0.81,3.6,0.055,34.0,0.228
2023,68868,최준우,SSG,SK,9,0.267,38,69,60,5,16,1,0,0,17,6,0,1,8,0,0,10,3,0.283,0.348,0.631,4,0.294,0.333,1,24,11,2.18,0,0.8,4.01,0.017,5.8,0.227
2023,67893,박성한,SSG,SK,10,0.266,128,529,459,53,122,19,0,9,168,47,7,4,58,1,1,56,7,0.366,0.347,0.713,30,0.254,0.0,28,140,145,0.97,7,1.04,4.02,0.1,62.4,0.248
2023,62925,강진성,SSG,SK,11,0.261,58,145,134,10,35,6,1,3,52,17,1,1,6,0,3,20,2,0.388,0.306,0.694,8,0.275,0.15,10,31,49,0.63,0,0.3,3.68,0.127,15.8,0.235
2023,51817,추신수,SSG,SK,12,0.254,112,462,382,65,97,17,1,12,152,41,0,2,65,1,13,79,8,0.398,0.379,0.777,24,0.26,0.3,30,105,103,1.02,3,0.82,3.94,0.144,61.8,0.27
2023,66864,안상현,SSG,SK,13,0.241,58,66,58,10,14,3,0,0,17,2,3,0,5,0,0,15,1,0.293,0.302,0.595,3,0.15,0.5,3,16,13,1.23,0,0.33,3.55,0.052,5.3,0.209
2023,60558,오태곤,SSG,SK,14,0.239,123,305,272,37,65,14,1,7,102,28,8,3,18,0,4,67,6,0.375,0.293,0.668,17,0.192,0.4,22,65,78,0.83,3,0.27,3.66,0.136,33.5,0.226
2023,68805,최상민,SSG,SK,15,0.235,51,41,34,5,8,0,0,0,8,3,2,1,4,0,0,7,0,0.235,0.308,0.543,2,0.182,0.0,0,13,7,1.86,0,0.57,3.85,0.0,3.1,0.197
2023,76267,최주환,SSG,SK,16,0.235,134,478,426,48,100,24,0,20,184,63,1,3,44,4,4,94,6,0.432,0.31,0.742,22,0.212,0.286,44,88,147,0.6,7,0.47,4.26,0.197,58.9,0.248
2023,66917,김찬형,SSG,SK,17,0.229,36,53,48,6,11,3,0,1,17,5,2,0,2,0,1,10,1,0.354,0.275,0.629,2,0.417,0.0,4,13,14,0.93,0,0.2,3.74,0.125,4.4,0.212
2023,71837,김강민,SSG,SK,18,0.226,70,166,137,20,31,3,0,2,40,7,2,3,23,1,1,38,2,0.292,0.335,0.627,7,0.061,0.238,5,25,46,0.54,0,0.61,4.22,0.066,16.8,0.224
2023,62864,김민식,SSG,SK,19,0.218,122,318,266,28,58,9,1,5,84,34,17,2,31,1,2,57,6,0.316,0.302,0.618,15,0.28,0.0,15,61,92,0.66,4,0.54,3.86,0.098,27.4,0.215
2023,50820,전의산,SSG,SK,20,0.201,56,153,134,11,27,6,0,4,45,21,0,1,15,0,3,40,1,0.336,0.294,0.63,4,0.225,0.188,10,32,36,0.89,3,0.38,4.07,0.134,14.1,0.216
2023,51865,조형우,SSG,SK,21,0.185,62,133,119,9,22,4,1,2,34,12,4,1,8,0,1,25,2,0.286,0.24,0.526,3,0.208,0.0,7,28,45,0.62,0,0.32,3.64,0.101,8.2,0.18
2023,67807,이정범,SSG,SK,22,0.172,15,33,29,2,5,0,0,0,5,4,0,2,2,0,0,6,1,0.172,0.212,0.384,0,0.091,0.0,0,12,8,1.5,2,0.33,3.0,0.0,1.3,0.138
2023,69802,최경모,SSG,SK,23,0.15,28,20,20,6,3,0,0,0,3,1,0,0,0,0,0,5,0,0.15,0.15,0.3,0,0.167,0.0,0,3,9,0.33,0,0.0,3.65,0.0,0.3,0.105
2023,76812,이재원,SSG,SK,24,0.091,27,48,44,3,4,1,0,0,5,2,1,1,2,0,0,8,4,0.114,0.128,0.242,0,0.1,1.0,1,12,21,0.57,0,0.25,3.56,0.023,-1.8,0.086
2023,63440,이흥련,SSG,SK,25,0.071,16,17,14,1,1,0,0,1,4,2,1,0,2,0,0,6,0,0.286,0.188,0.474,0,0.0,0.0,1,3,4,0.75,0,0.33,3.47,0.214,0.9,0.156
2023,51868,고명준,SSG,SK,26,0.0,2,4,4,0,0,0,0,0,0,0,0,0,0,0,0,3,0,0.0,0.0,0.0,0,0.0,0.0,0,1,0,,0,0.0,4.25,0.0,-0.4,0.0
2023,72523,고효준,SSG,SK,26,,2,0,0,0,0,0,0,0,0,0,0,0,0,0,0,0,0,,,,0,0.0,0.0,0,0,0,,0,,,,0.0,0.0
2023,53844,김건웅,SSG,SK,26,0.0,1,3,3,0,0,0,0,0,0,0,0,0,0,0,0,2,0,0.0,0.0,0.0,0,0.0,0.0,0,1,0,,0,0.0,2.67,0.0,-0.3,0.0
2023,73211,노경은,SSG,SK,26,,1,0,0,0,0,0,0,0,0,0,0,0,0,0,0,0,0,,,,0,0.0,0.0,0,0,0,,0,,,,0.0,0.0
2023,50868,류효승,SSG,SK,26,0.0,3,4,3,0,0,0,0,0,0,0,0,0,0,0,1,0,1,0.0,0.25,0.25,0,0.0,0.0,0,3,0,,0,,3.0,0.0,-0.3,0.113
2023,62869,문승원,SSG,SK,26,,1,0,0,0,0,0,0,0,0,0,0,0,0,0,0,0,0,,,,0,0.0,0.0,0,0,0,,0,,,,0.0,0.0
2023,69839,백승건,SSG,SK,26,,1,0,0,0,0,0,0,0,0,0,0,0,0,0,0,0,0,,,,0,0.0,0.0,0,0,0,,0,,,,0.0,0.0
2023,61895,서진용,SSG,SK,26,,3,0,0,0,0,0,0,0,0,0,0,0,0,0,0,0,0,,,,0,0.0,0.0,0,0,0,,0,,,,0.0,0.0
2023,64861,이건욱,SSG,SK,26,,1,0,0,0,0,0,0,0,0,0,0,0,0,0,0,0,0,,,,0,0.0,0.0,0,0,0,,0,,,,0.0,0.0
2023,62611,임준섭,SSG,SK,26,,1,0,0,0,0,0,0,0,0,0,0,0,0,0,0,0,0,,,,0,0.0,0.0,0,0,0,,0,,,,0.0,0.0
2023,69804,채현우,SSG,SK,26,,1,0,0,1,0,0,0,0,0,0,0,0,0,0,0,0,0,,,,0,0.0,0.0,0,0,0,,0,,,,0.0,0.0
2023,68856,최민준,SSG,SK,26,,1,0,0,0,0,0,0,0,0,0,0,0,0,0,0,0,0,,,,0,0.0,0.0,0,0,0,,0,,,,0.0,0.0
2023,62404,구자욱,삼성,SS,1,0.336,119,515,453,65,152,37,1,11,224,71,2,3,53,2,4,81,5,0.494,0.407,0.901,50,0.395,0.0,49,97,126,0.77,8,0.65,4.04,0.159,86.7,0.307
2023,67449,김성윤,삼성,SS,2,0.314,101,272,245,40,77,4,6,2,99,28,4,5,14,0,4,35,2,0.404,0.354,0.758,24,0.293,0.222,12,83,55,1.51,1,0.4,3.44,0.09,38.8,0.26
2023,50458,김지찬,삼성,SS,3,0.292,99,355,291,59,85,4,2,1,96,18,7,0,48,0,9,36,1,0.33,0.408,0.738,22,0.274,0.167,7,94,76,1.24,3,1.33,3.84,0.038,47.9,0.266
2023,74540,강민호,삼성,SS,4,0.29,125,495,434,60,126,19,0,16,193,77,1,5,49,4,6,65,17,0.445,0.366,0.811,32,0.301,0.0,35,128,120,1.07,8,0.75,3.64,0.154,68.7,0.276
2023,51463,피렐라,삼성,SS,5,0.285,139,605,557,66,159,28,1,16,237,80,0,2,42,5,4,69,20,0.425,0.339,0.764,43,0.253,0.0,45,164,167,0.98,8,0.61,3.61,0.14,73.2,0.259
2023,51417,김현준,삼성,SS,6,0.275,109,479,433,62,119,10,6,3,150,46,8,3,30,0,5,84,5,0.346,0.327,0.673,28,0.288,0.0,19,145,88,1.65,5,0.36,3.9,0.072,49.6,0.234
2023,62234,류지혁,삼성,SS,7,0.268,132,522,455,63,122,11,1,2,141,45,10,5,46,1,6,73,12,0.31,0.34,0.65,35,0.271,0.167,14,161,104,1.55,1,0.63,3.8,0.042,54.7,0.231
2023,51403,김동진,삼성,SS,8,0.262,44,137,122,14,32,7,0,0,39,8,3,2,9,0,1,26,4,0.32,0.313,0.633,7,0.25,0.333,7,42,24,1.75,2,0.35,3.74,0.057,12.6,0.221
2023,66838,김동엽,삼성,SS,9,0.255,69,182,165,20,42,7,0,5,64,18,0,2,13,0,2,29,8,0.388,0.313,0.701,8,0.186,0.148,12,41,55,0.75,1,0.45,3.8,0.133,18.7,0.238
2023,64469,송준석,삼성,SS,10,0.25,7,8,8,0,2,0,0,0,2,1,0,0,0,0,0,0,0,0.25,0.25,0.5,0,0.0,0.5,0,4,2,2.0,0,,3.88,0.0,0.5,0.175
2023,69416,이해승,삼성,SS,10,0.25,9,4,4,0,1,1,0,0,2,0,0,0,0,0,0,1,0,0.5,0.25,0.75,0,0.0,0.0,1,1,1,1.0,0,0.0,3.0,0.25,0.4,0.238
2023,52415,이재현,삼성,SS,12,0.249,143,538,458,61,114,19,2,12,173,60,16,6,52,0,6,89,9,0.378,0.33,0.708,24,0.24,0.0,33,116,145,0.8,9,0.58,4.01,0.129,60.7,0.243
2023,66406,안주형,삼성,SS,13,0.241,53,91,79,12,19,2,0,1,24,10,1,1,10,0,0,20,3,0.304,0.322,0.626,2,0.292,0.231,3,26,15,1.73,2,0.5,4.04,0.063,8.0,0.221
2023,68466,이태훈,삼성,SS,14,0.231,12,14,13,1,3,1,0,0,4,0,0,0,1,0,0,7,0,0.308,0.286,0.594,0,0.0,0.5,1,2,1,2.0,0,0.14,4.0,0.077,1.1,0.206
2023,64610,강한울,삼성,SS,15,0.217,72,240,212,30,46,7,2,0,57,10,6,2,20,1,0,54,4,0.269,0.282,0.551,12,0.156,0.333,9,60,54,1.11,1,0.37,3.88,0.052,15.7,0.194
2023,64407,김호재,삼성,SS,16,0.216,75,127,116,6,25,7,0,0,32,9,5,0,6,0,0,17,4,0.276,0.254,0.53,7,0.226,0.0,7,42,32,1.31,0,0.35,4.24,0.06,6.8,0.183
2023,53460,강준서,삼성,SS,17,0.214,10,15,14,2,3,1,0,0,4,0,0,0,1,0,0,2,0,0.286,0.267,0.553,0,0.0,0.0,1,7,2,3.5,0,0.5,3.8,0.071,0.7,0.192
2023,53404,류승민,삼성,SS,18,0.212,24,57,52,5,11,3,0,0,14,5,2,0,2,0,1,19,0,0.269,0.255,0.524,4,0.357,0.333,3,10,12,0.83,0,0.11,4.02,0.058,3.4,0.182
2023,66409,이성규,삼성,SS,19,0.207,109,162,145,23,30,10,1,1,45,18,4,2,8,0,3,42,4,0.31,0.259,0.569,4,0.341,0.182,12,26,49,0.53,2,0.19,3.81,0.103,10.9,0.194
2023,52405,조민성,삼성,SS,19,0.207,15,29,29,1,6,2,0,0,8,5,0,0,0,0,0,6,1,0.276,0.207,0.483,2,0.333,0.0,2,12,5,2.4,0,0.0,3.38,0.069,0.6,0.162
2023,75334,오재일,삼성,SS,21,0.203,106,364,315,31,64,15,0,11,112,54,0,3,43,1,3,110,1,0.356,0.302,0.658,14,0.213,0.167,26,40,104,0.38,6,0.39,4.17,0.152,38.6,0.225
2023,68407,공민규,삼성,SS,22,0.194,22,33,31,0,6,1,1,0,9,2,0,0,2,0,0,13,1,0.29,0.242,0.532,1,0.125,0.0,2,7,5,1.4,0,0.15,3.76,0.097,1.7,0.181
2023,65132,김재성,삼성,SS,23,0.192,57,125,99,7,19,3,0,1,25,7,2,0,19,1,5,31,4,0.253,0.35,0.603,3,0.192,0.3,4,22,27,0.81,0,0.61,4.23,0.061,10.0,0.221
2023,52430,김영웅,삼성,SS,24,0.187,55,103,91,11,17,6,0,2,29,12,3,1,8,0,0,28,2,0.319,0.25,0.569,0,0.227,0.25,8,20,27,0.74,1,0.29,3.93,0.132,7.5,0.192
2023,53400,김재상,삼성,SS,25,0.15,17,22,20,1,3,0,0,1,6,2,0,0,2,0,0,4,1,0.3,0.227,0.527,0,0.0,0.25,1,7,6,1.17,0,0.5,3.82,0.15,1.2,0.177
2023,68463,윤정빈,삼성,SS,26,0.147,28,43,34,5,5,0,0,1,8,3,0,0,7,0,2,12,1,0.235,0.326,0.561,1,0.0,0.333,1,15,2,7.5,0,0.58,4.58,0.088,3.6,0.205
2023,69442,김도환,삼성,SS,27,0.143,9,8,7,0,1,0,0,0,1,0,0,0,1,0,0,0,0,0.143,0.25,0.393,0,0.0,0.0,0,3,3,1.0,0,,4.38,0.0,0.3,0.148
2023,69428,이병헌,삼성,SS,27,0.143,23,33,28,3,4,0,0,0,4,2,1,1,3,0,0,11,0,0.143,0.219,0.362,1,0.111,0.0,0,8,6,1.33,0,0.27,4.52,0.0,1.2,0.134
2023,65040,김태훈,삼성,SS,29,0.095,11,22,21,0,2,1,0,0,3,1,1,0,0,0,0,9,1,0.143,0.095,0.238,1,0.25,0.0,1,4,6,0.67,0,0.0,3.27,0.048,-1.2,0.079
2023,52402,김상민,삼성,SS,30,0.083,8,13,12,3,1,0,0,0,1,0,0,0,1,0,0,3,0,0.083,0.154,0.237,0,0.0,0.0,0,5,3,1.67,0,0.33,3.46,0.0,-0.2,0.09
2023,61365,김대우,삼성,SS,31,,1,0,0,0,0,0,0,0,0,0,0,0,0,0,0,0,0,,,,0,0.0,0.0,0,0,0,,0,,,,0.0,0.0
2023,64793,김민수,삼성,SS,31,0.0,2,1,1,0,0,0,0,0,0,0,0,0,0,0,0,1,0,0.0,0.0,0.0,0,0.0,0.0,0,0,0,,0,0.0,3.0,0.0,-0.1,0.0
2023,52460,김서준,삼성,SS,31,,1,0,0,0,0,0,0,0,0,0,0,0,0,0,0,0,0,,,,0,0.0,0.0,0,0,0,,0,,,,0.0,0.0
2023,62360,김태훈,삼성,SS,31,,2,0,0,0,0,0,0,0,0,0,0,0,0,0,0,0,0,,,,0,0.0,0.0,0,0,0,,0,,,,0.0,0.0
2023,61404,김헌곤,삼성,SS,31,0.0,6,4,4,0,0,0,0,0,0,0,0,0,0,0,0,1,0,0.0,0.0,0.0,0,0.0,0.0,0,1,2,0.5,0,0.0,2.25,0.0,-0.4,0.0
2023,75421,오승환,삼성,SS,31,,3,0,0,0,0,0,0,0,0,0,0,0,0,0,0,0,0,,,,0,0.0,0.0,0,0,0,,0,,,,0.0,0.0
2023,63960,이상민,삼성,SS,31,0.0,1,1,1,0,0,0,0,0,0,0,0,0,0,0,0,0,0,0.0,0.0,0.0,0,0.0,0.0,0,1,0,,0,,3.0,0.0,-0.1,0.0
2023,60146,이승현,삼성,SS,31,,2,0,0,0,0,0,0,0,0,0,0,0,0,0,0,0,0,,,,0,0.0,0.0,0,0,0,,0,,,,0.0,0.0
2023,51454,이승현,삼성,SS,31,,2,0,0,0,0,0,0,0,0,0,0,0,0,0,0,0,0,,,,0,0.0,0.0,0,0,0,,0,,,,0.0,0.0
2023,63492,이재익,삼성,SS,31,,1,0,0,0,0,0,0,0,0,0,0,0,0,0,0,0,0,,,,0,0.0,0.0,0,0,0,,0,,,,0.0,0.0
2023,77532,손아섭,NC,NC,1,0.339,140,609,551,97,187,36,3,5,244,65,1,5,50,2,2,67,10,0.443,0.393,0.836,54,0.339,0.333,44,181,121,1.5,5,0.75,3.74,0.103,91.7,0.288
2023,53992,박한결,NC,NC,2,0.333,12,18,15,3,5,1,0,1,9,5,0,0,3,0,0,7,0,0.6,0.444,1.044,1,0.333,0.25,2,0,3,0.0,0,0.43,4.06,0.267,3.7,0.35
2023,79215,박건우,NC,NC,3,0.319,130,533,458,70,146,34,2,12,220,85,1,9,56,0,9,71,14,0.48,0.397,0.877,49,0.304,0.0,48,103,147,0.7,10,0.79,3.78,0.162,84.1,0.299
2023,62907,박민우,NC,NC,4,0.316,124,509,452,76,143,20,7,2,183,46,5,3,40,3,9,57,13,0.405,0.381,0.786,39,0.309,0.0,29,140,115,1.22,6,0.7,3.77,0.088,68.6,0.273
2023,69995,서호철,NC,NC,5,0.287,114,435,397,50,114,17,3,5,152,41,6,4,20,0,8,51,9,0.383,0.331,0.714,29,0.294,0.25,25,113,123,0.92,3,0.39,3.54,0.096,48.2,0.245
2023,64944,박대온,NC,NC,6,0.286,25,33,28,6,8,3,0,0,11,3,0,1,3,0,1,8,0,0.393,0.364,0.757,1,0.0,0.2,3,4,9,0.44,0,0.38,3.33,0.107,4.5,0.262
2023,63963,권희동,NC,NC,7,0.285,96,373,309,33,88,16,0,7,125,63,4,5,49,0,6,50,4,0.405,0.388,0.793,23,0.327,0.4,23,73,103,0.71,10,0.98,4.4,0.12,53.4,0.276
2023,53955,마틴,NC,NC,8,0.283,118,503,435,55,123,20,2,17,198,90,0,10,57,2,1,107,8,0.455,0.36,0.815,33,0.317,0.0,39,85,130,0.65,10,0.53,4.1,0.172,76.0,0.276
2023,68909,최보성,NC,NC,9,0.263,12,21,19,2,5,0,0,0,5,0,0,0,2,0,0,2,1,0.263,0.333,0.596,2,0.2,0.0,0,4,8,0.5,0,1.0,3.33,0.0,1.5,0.216
2023,69992,최정원,NC,NC,10,0.26,39,56,50,12,13,3,2,0,20,5,2,0,1,0,3,13,1,0.4,0.315,0.715,3,0.375,0.0,5,13,11,1.18,1,0.08,3.64,0.14,6.3,0.242
2023,63905,윤형준,NC,NC,11,0.252,82,236,218,17,55,12,1,5,84,27,2,3,10,0,3,58,6,0.385,0.291,0.676,12,0.28,0.188,18,48,60,0.8,6,0.17,3.85,0.133,23.5,0.227
2023,67905,천재환,NC,NC,12,0.239,78,179,163,12,39,7,1,2,54,17,2,2,8,0,4,44,5,0.331,0.288,0.619,9,0.224,0.0,10,36,46,0.78,2,0.18,3.55,0.092,14.4,0.212
2023,68912,김형준,NC,NC,13,0.236,26,82,72,10,17,2,0,6,37,13,1,0,8,0,1,24,3,0.514,0.321,0.835,3,0.294,0.0,8,11,20,0.55,0,0.33,4.18,0.278,11.4,0.273
2023,68904,오영수,NC,NC,14,0.236,70,238,208,21,49,9,1,4,72,24,5,3,17,1,5,55,5,0.346,0.305,0.651,15,0.164,0.0,14,62,45,1.38,2,0.31,3.82,0.111,22.5,0.224
2023,66965,도태훈,NC,NC,15,0.234,117,302,239,41,56,6,0,5,77,23,7,1,38,1,17,48,8,0.322,0.376,0.698,12,0.183,0.4,11,68,68,1.0,2,0.79,4.12,0.088,33.5,0.25
2023,51907,김주원,NC,NC,16,0.233,127,474,403,56,94,9,2,10,137,54,8,4,44,1,15,106,6,0.34,0.328,0.668,21,0.267,0.0,21,90,117,0.77,6,0.42,4.11,0.107,52.1,0.233
2023,62934,김성욱,NC,NC,17,0.223,93,204,179,28,40,10,0,6,68,16,3,1,16,0,5,63,7,0.38,0.303,0.683,12,0.102,0.077,16,29,48,0.6,3,0.25,3.88,0.156,20.6,0.231
2023,50902,김한별,NC,NC,18,0.216,79,105,97,8,21,0,1,0,23,4,2,0,4,0,2,23,6,0.237,0.262,0.499,4,0.25,0.2,1,41,12,3.42,0,0.17,3.71,0.021,3.0,0.177
2023,67900,김수윤,NC,NC,19,0.214,16,15,14,0,3,0,0,0,3,2,0,0,1,0,0,4,0,0.214,0.267,0.481,0,0.4,0.333,0,4,3,1.33,1,0.25,4.0,0.0,0.8,0.174
2023,62244,박세혁,NC,NC,20,0.211,88,283,242,35,51,9,3,6,84,32,6,1,30,0,4,43,3,0.347,0.307,0.654,10,0.205,0.0,18,57,92,0.62,3,0.7,3.81,0.136,28.1,0.225
2023,51701,조현진,NC,NC,21,0.2,10,5,5,0,1,0,0,0,1,0,0,0,0,0,0,1,1,0.2,0.2,0.4,0,0.0,0.5,0,2,1,2.0,0,0.0,4.2,0.0,-0.2,0.14
2023,64101,한석현,NC,NC,21,0.2,27,66,60,5,12,1,0,0,13,2,2,0,4,0,0,20,2,0.217,0.25,0.467,3,0.333,0.2,1,15,13,1.15,0,0.2,3.71,0.017,2.5,0.167
2023,64022,안중열,NC,NC,23,0.195,77,177,154,15,30,6,0,4,48,17,3,2,16,0,2,45,6,0.312,0.276,0.588,9,0.184,0.1,10,40,41,0.98,0,0.36,3.96,0.117,13.3,0.202
2023,74465,박석민,NC,NC,24,0.193,30,107,88,9,17,1,0,1,21,8,1,1,14,0,3,22,4,0.239,0.321,0.56,4,0.231,0.0,2,20,30,0.67,0,0.64,4.09,0.045,7.8,0.204
2023,69900,박주찬,NC,NC,25,0.143,5,14,14,1,2,0,0,0,2,0,0,0,0,0,0,2,0,0.143,0.143,0.286,0,0.0,0.0,0,4,6,0.67,0,0.0,4.07,0.0,-0.1,0.1
2023,51991,오장한,NC,NC,25,0.143,3,8,7,2,1,0,0,0,1,0,0,0,1,0,0,5,0,0.143,0.25,0.393,0,0.0,0.0,0,1,0,,0,0.2,4.25,0.0,0.3,0.148
2023,50906,박영빈,NC,NC,27,0.071,41,17,14,11,1,1,0,0,2,0,2,0,1,0,0,6,0,0.143,0.133,0.276,0,0.0,0.0,1,5,2,2.5,0,0.17,3.47,0.071,0.0,0.096
2023,68928,김시훈,NC,NC,28,,1,0,0,0,0,0,0,0,0,0,0,0,0,0,0,0,0,,,,0,0.0,0.0,0,0,0,,0,,,,0.0,0.0
2023,65949,류진욱,NC,NC,28,,2,0,0,0,0,0,0,0,0,0,0,0,0,0,0,0,0,,,,0,0.0,0.0,0,0,0,,0,,,,0.0,0.0
2023,51996,오태양,NC,NC,28,0.0,21,3,3,4,0,0,0,0,0,0,0,0,0,0,0,3,0,0.0,0.0,0.0,0,0.0,0.0,0,0,0,,0,0.0,3.67,0.0,-0.7,0.0
2023,77211,이용찬,NC,NC,28,,2,0,0,0,0,0,0,0,0,0,0,0,0,0,0,0,0,,,,0,0.0,0.0,0,0,0,,0,,,,0.0,0.0
2023,69969,전사민,NC,NC,28,0.0,1,1,1,0,0,0,0,0,0,0,0,0,0,0,0,0,0,0.0,0.0,0.0,0,0.0,0.0,0,1,0,,0,,2.0,0.0,-0.1,0.0
2023,65241,채원후,NC,NC,28,,1,0,0,0,0,0,0,0,0,0,0,0,0,0,0,0,0,,,,0,0.0,0.0,0,0,0,,0,,,,0.0,0.0
2023,51994,한재승,NC,NC,28,,1,0,0,0,0,0,0,0,0,0,0,0,0,0,0,0,0,,,,0,0.0,0.0,0,0,0,,0,,,,0.0,0.0
2023,64004,김민혁,KT,KT,1,0.297,113,448,397,68,118,20,3,3,153,41,7,5,36,0,3,48,4,0.385,0.356,0.741,33,0.284,0.286,26,136,100,1.36,8,0.75,3.63,0.088,57.0,0.256
2023,76313,황재균,KT,KT,2,0.295,109,457,407,62,120,26,2,6,168,49,3,1,45,1,1,64,15,0.413,0.366,0.779,35,0.314,0.0,34,96,128,0.75,7,0.7,3.86,0.118,56.2,0.268
2023,53058,정준영,KT,KT,3,0.292,34,55,48,6,14,2,0,0,16,6,4,0,3,0,0,11,1,0.333,0.333,0.666,1,0.214,0.333,2,15,8,1.88,0,0.27,3.82,0.042,5.1,0.233
2023,67006,안치영,KT,KT,4,0.29,76,136,124,20,36,3,1,0,41,9,3,1,6,0,2,35,1,0.331,0.331,0.662,10,0.276,0.333,4,40,14,2.86,2,0.17,3.74,0.04,14.8,0.232
2023,52009,알포드,KT,KT,5,0.289,133,547,491,83,142,31,3,15,224,70,0,3,47,1,6,140,6,0.456,0.356,0.812,43,0.303,0.667,49,77,135,0.57,11,0.34,4.02,0.167,79.6,0.274
2023,78548,장성우,KT,KT,6,0.288,131,464,410,37,118,22,0,11,173,65,3,7,42,1,2,70,12,0.422,0.351,0.773,36,0.267,0.25,33,91,138,0.66,4,0.6,3.85,0.134,60.3,0.263
2023,75125,박병호,KT,KT,7,0.283,132,493,431,53,122,15,0,18,191,87,0,8,46,2,8,114,9,0.443,0.357,0.8,31,0.34,0.25,33,96,107,0.9,14,0.4,3.85,0.16,70.7,0.271
2023,68504,이호연,KT,KT,8,0.278,85,234,212,28,59,5,1,3,75,17,1,1,16,0,4,41,6,0.354,0.339,0.693,12,0.222,0.357,9,62,51,1.22,4,0.39,3.71,0.075,24.9,0.241
2023,64166,배정대,KT,KT,9,0.277,97,361,311,48,86,16,0,2,108,38,4,5,38,1,3,76,2,0.347,0.356,0.703,25,0.293,0.0,18,67,87,0.77,1,0.5,3.98,0.071,44.0,0.247
2023,79402,김상수,KT,KT,10,0.271,129,512,443,58,120,19,1,3,150,56,8,3,55,0,3,68,9,0.339,0.353,0.692,30,0.336,0.5,23,128,130,0.98,6,0.81,4.2,0.068,54.7,0.244
2023,68050,강백호,KT,KT,11,0.265,71,271,238,32,63,10,1,8,99,39,0,2,31,4,0,55,1,0.416,0.347,0.763,15,0.345,0.3,19,60,62,0.97,6,0.56,4.17,0.151,36.7,0.26
2023,64007,문상철,KT,KT,12,0.26,112,330,304,30,79,20,0,9,126,46,1,6,16,1,3,81,4,0.414,0.298,0.712,16,0.219,0.229,29,61,89,0.69,6,0.2,3.87,0.155,38.8,0.238
2023,64504,오윤석,KT,KT,13,0.251,82,223,199,24,50,13,1,4,77,17,6,0,13,1,5,44,7,0.387,0.313,0.7,17,0.262,0.222,18,56,49,1.14,1,0.3,3.8,0.136,22.3,0.238
2023,69056,박민석,KT,KT,14,0.25,4,4,4,1,1,0,0,0,1,0,0,0,0,0,0,3,0,0.25,0.25,0.5,0,0.0,0.0,0,0,0,,0,0.0,5.75,0.0,0.2,0.175
2023,64868,조용호,KT,KT,15,0.248,63,184,161,20,40,2,0,0,42,7,0,0,23,0,0,25,3,0.261,0.342,0.603,9,0.196,0.364,2,46,50,0.92,0,0.92,4.26,0.012,16.8,0.219
2023,67005,홍현빈,KT,KT,16,0.233,44,86,73,15,17,2,0,0,19,1,0,0,13,0,0,21,2,0.26,0.349,0.609,4,0.067,0.0,2,14,21,0.67,0,0.62,4.55,0.027,7.8,0.222
2023,62558,김준태,KT,KT,17,0.209,69,136,115,10,24,4,0,3,37,23,1,0,19,0,1,32,3,0.322,0.326,0.648,2,0.4,0.3,7,29,30,0.97,0,0.59,4.1,0.113,13.2,0.227
2023,62556,신본기,KT,KT,18,0.204,40,75,54,8,11,2,0,1,16,7,1,4,14,0,2,8,3,0.296,0.365,0.661,1,0.0,0.0,3,22,17,1.29,0,1.75,4.29,0.093,8.5,0.238
2023,50007,문상준,KT,KT,19,0.2,2,5,5,1,1,0,0,0,1,0,0,0,0,0,0,4,0,0.2,0.2,0.4,0,0.0,0.0,0,0,0,,0,0.0,4.8,0.0,0.1,0.14
2023,73113,박경수,KT,KT,19,0.2,107,221,185,12,37,13,0,1,53,12,5,0,30,1,1,46,2,0.286,0.315,0.601,8,0.139,0.077,14,40,62,0.65,1,0.65,4.4,0.086,18.5,0.213
2023,50066,강현우,KT,KT,21,0.194,53,111,103,11,20,6,0,1,29,11,1,0,6,0,1,17,3,0.282,0.245,0.527,3,0.206,0.167,7,39,27,1.44,1,0.35,3.98,0.087,5.6,0.181
2023,69064,강민성,KT,KT,22,0.182,12,27,22,2,4,1,0,0,5,0,1,0,4,0,0,10,0,0.227,0.308,0.535,0,0.333,0.0,1,2,6,0.33,0,0.4,3.93,0.045,1.9,0.195
2023,64115,장준원,KT,KT,23,0.172,69,104,87,10,15,2,1,1,22,10,3,1,12,0,1,25,1,0.253,0.277,0.53,1,0.208,0.0,4,25,23,1.09,1,0.48,4.2,0.08,7.8,0.188
2023,60566,이상호,KT,KT,24,0.148,63,60,54,15,8,1,0,0,9,5,4,0,2,0,0,9,2,0.167,0.179,0.346,0,0.231,0.143,1,20,17,1.18,1,0.22,3.43,0.019,0.5,0.122
2023,66702,이시원,KT,KT,25,0.138,29,32,29,4,4,0,0,0,4,1,1,0,2,0,0,6,0,0.138,0.194,0.332,1,0.111,0.0,0,13,6,2.17,0,0.33,4.25,0.0,0.1,0.122
2023,53036,류현인,KT,KT,26,0.13,17,24,23,6,3,0,0,0,3,3,0,0,1,0,0,4,0,0.13,0.167,0.297,0,0.25,0.0,0,10,6,1.67,0,0.25,3.83,0.0,0.0,0.108
2023,64012,송민섭,KT,KT,26,0.13,69,25,23,6,3,0,0,0,3,0,0,0,1,0,1,8,0,0.13,0.2,0.33,0,0.0,0.0,0,6,6,1.0,0,0.13,4.12,0.0,0.5,0.123
2023,53057,손민석,KT,KT,28,0.1,9,12,10,2,1,0,0,0,1,1,0,0,1,0,1,3,0,0.1,0.25,0.35,0,0.0,0.0,0,5,1,5.0,0,0.33,3.92,0.0,0.3,0.138
2023,68043,김민,KT,KT,29,,1,0,0,0,0,0,0,0,0,0,0,0,0,0,0,0,0,,,,0,0.0,0.0,0,0,0,,0,,,,0.0,0.0
2023,52002,김병준,KT,KT,29,0.0,3,2,2,0,0,0,0,0,0,0,0,0,0,0,0,2,0,0.0,0.0,0.0,0,0.0,0.0,0,0,0,,0,0.0,3.5,0.0,-0.2,0.0
2023,64014,김병희,KT,KT,29,0.0,5,9,8,0,0,0,0,0,0,0,0,0,1,0,0,4,0,0.0,0.111,0.111,0,0.0,0.0,0,2,2,1.0,0,0.25,3.89,0.0,-0.4,0.05
2023,51097,김영현,KT,KT,29,,1,0,0,0,0,0,0,0,0,0,0,0,0,0,0,0,0,,,,0,0.0,0.0,0,0,0,,0,,,,0.0,0.0
2023,65062,김재윤,KT,KT,29,,5,0,0,0,0,0,0,0,0,0,0,0,0,0,0,0,0,,,,0,0.0,0.0,0,0,0,,0,,,,0.0,0.0
2023,67063,문상인,KT,KT,29,,1,1,0,0,0,0,0,0,0,0,0,0,1,0,0,0,0,,1.0,1.0,0,0.0,0.0,0,0,0,,0,,4.0,,0.3,0.45
2023,52060,박영현,KT,KT,29,,3,0,0,0,0,0,0,0,0,0,0,0,0,0,0,0,0,,,,0,0.0,0.0,0,0,0,,0,,,,0.0,0.0
2023,69054,이상동,KT,KT,29,,1,0,0,0,0,0,0,0,0,0,0,0,0,0,0,0,0,,,,0,0.0,0.0,0,0,0,,0,,,,0.0,0.0
2023,69068,이선우,KT,KT,29,,1,0,0,0,0,0,0,0,0,0,0,0,0,0,0,0,0,,,,0,0.0,0.0,0,0,0,,0,,,,0.0,0.0
2023,68896,이채호,KT,KT,29,,1,0,0,0,0,0,0,0,0,0,0,0,0,0,0,0,0,,,,0,0.0,0.0,0,0,0,,0,,,,0.0,0.0
2023,78517,하준호,KT,KT,29,,1,0,0,0,0,0,0,0,0,0,0,0,0,0,0,0,0,,,,0,0.0,0.0,0,0,0,,0,,,,0.0,0.0
2023,68518,정보근,롯데,LT,1,0.333,55,101,81,11,27,6,1,1,38,13,4,1,14,0,1,13,1,0.469,0.433,0.902,6,0.28,0.167,8,23,19,1.21,2,1.08,3.6,0.136,16.8,0.312
2023,53587,배영빈,롯데,LT,2,0.313,18,18,16,2,5,2,0,0,7,0,1,0,1,0,0,2,0,0.438,0.353,0.791,1,0.4,0.0,2,5,4,1.25,0,0.5,3.72,0.125,2.5,0.268
2023,78513,전준우,롯데,LT,3,0.312,138,559,493,80,154,21,3,17,232,77,0,7,52,4,7,65,12,0.471,0.381,0.852,45,0.29,0.3,41,127,154,0.82,10,0.8,3.77,0.158,87.0,0.289
2023,67644,이정훈,롯데,LT,4,0.296,59,171,152,17,45,7,0,1,55,17,0,3,13,0,3,28,1,0.362,0.357,0.719,11,0.188,0.304,8,40,42,0.95,2,0.46,3.66,0.066,21.2,0.251
2023,53506,구드럼,롯데,LT,5,0.295,50,201,173,16,51,14,1,0,67,28,0,4,23,1,1,46,6,0.387,0.373,0.76,14,0.288,0.333,15,39,41,0.95,4,0.5,4.01,0.092,25.1,0.265
2023,79608,안치홍,롯데,LT,6,0.292,121,494,425,57,124,20,1,8,170,63,5,5,49,3,10,53,14,0.4,0.374,0.774,36,0.355,0.167,29,113,140,0.81,6,0.92,3.95,0.108,63.2,0.268
2023,52591,윤동희,롯데,LT,7,0.287,107,423,387,45,111,18,1,2,137,41,2,5,28,0,1,69,10,0.354,0.333,0.687,29,0.262,0.222,21,100,112,0.89,8,0.41,4.08,0.067,43.2,0.238
2023,62802,박승욱,롯데,LT,8,0.286,123,338,290,37,83,18,3,0,107,30,11,1,35,0,1,87,5,0.369,0.364,0.733,20,0.348,0.222,21,69,52,1.33,5,0.4,4.25,0.083,40.4,0.256
2023,60523,정훈,롯데,LT,9,0.279,80,233,201,40,56,14,0,6,88,31,4,2,26,1,0,39,4,0.438,0.358,0.796,15,0.305,0.375,20,56,52,1.08,1,0.67,3.94,0.159,31.9,0.271
2023,50202,안권수,롯데,LT,10,0.269,95,309,268,42,72,6,1,2,86,29,7,3,30,1,1,40,4,0.321,0.341,0.662,18,0.375,1.0,9,88,71,1.24,2,0.75,3.97,0.052,32.8,0.234
2023,51528,손성빈,롯데,LT,11,0.263,45,80,76,13,20,3,0,1,26,15,2,0,2,0,0,10,3,0.342,0.282,0.624,3,0.5,0.0,4,23,23,1.0,1,0.2,3.71,0.079,6.1,0.212
2023,61102,유강남,롯데,LT,12,0.261,121,403,352,45,92,13,0,10,135,55,2,4,37,1,8,64,13,0.384,0.342,0.726,18,0.276,0.2,23,117,83,1.41,7,0.58,3.88,0.122,46.2,0.25
2023,62931,노진혁,롯데,LT,13,0.257,113,390,334,43,86,26,1,4,126,51,4,4,45,1,3,84,3,0.377,0.347,0.724,22,0.272,0.222,31,69,99,0.7,5,0.54,4.03,0.12,47.4,0.25
2023,53554,김민석,롯데,LT,14,0.255,129,454,400,53,102,24,0,3,135,39,12,5,31,1,6,112,6,0.338,0.314,0.652,25,0.274,0.0,27,99,92,1.08,2,0.28,3.97,0.083,45.9,0.226
2023,79290,국해성,롯데,LT,15,0.25,6,10,8,0,2,0,0,0,2,1,0,0,2,0,0,3,0,0.25,0.4,0.65,0,0.0,0.4,0,2,1,2.0,0,0.67,3.7,0.0,1.1,0.243
2023,53505,윤수녕,롯데,LT,15,0.25,3,4,4,0,1,0,0,0,1,1,0,0,0,0,0,1,0,0.25,0.25,0.5,0,1.0,0.0,0,2,0,,0,0.0,4.0,0.0,0.2,0.175
2023,52547,렉스,롯데,LT,17,0.246,55,234,203,20,50,4,2,4,70,30,0,2,28,2,1,54,3,0.345,0.338,0.683,11,0.306,0.0,10,43,58,0.74,4,0.52,4.12,0.099,25.5,0.238
2023,69517,고승민,롯데,LT,18,0.224,94,308,255,35,57,14,2,2,81,24,6,4,42,3,1,64,2,0.318,0.331,0.649,14,0.233,0.167,18,71,67,1.06,2,0.66,4.02,0.094,32.0,0.228
2023,68525,한동희,롯데,LT,19,0.223,108,353,319,30,71,11,0,5,97,32,2,5,26,0,1,58,16,0.304,0.279,0.583,10,0.238,0.471,16,106,89,1.19,3,0.45,3.75,0.082,24.2,0.202
2023,50500,황성빈,롯데,LT,20,0.212,74,191,170,22,36,5,2,0,45,8,8,0,12,0,1,27,1,0.265,0.268,0.533,10,0.244,0.2,7,62,45,1.38,1,0.44,3.73,0.053,12.3,0.187
2023,67504,김정율,롯데,LT,21,0.209,25,51,43,4,9,1,1,0,12,2,1,0,7,0,0,17,2,0.279,0.32,0.599,1,0.182,0.25,2,10,7,1.43,0,0.41,3.98,0.07,3.7,0.214
2023,69453,이학주,롯데,LT,22,0.209,104,122,110,22,23,2,0,3,34,13,0,0,11,0,1,31,2,0.309,0.287,0.596,3,0.235,0.0,5,28,28,1.0,0,0.35,3.8,0.1,10.4,0.206
2023,68507,장두성,롯데,LT,23,0.154,25,15,13,7,2,0,0,0,2,1,1,0,1,0,0,3,1,0.154,0.214,0.368,0,0.2,0.0,0,6,2,3.0,0,0.33,3.13,0.0,0.4,0.135
2023,53568,정대선,롯데,LT,24,0.15,19,47,40,5,6,1,0,0,7,6,1,2,2,0,2,8,0,0.175,0.217,0.392,2,0.231,0.25,1,9,19,0.47,0,0.25,3.77,0.025,2.2,0.141
2023,64717,지시완,롯데,LT,25,0.125,6,10,8,0,1,0,0,0,1,0,2,0,0,0,0,5,0,0.125,0.125,0.25,0,0.0,0.25,0,2,0,,0,0.0,3.9,0.0,-0.1,0.088
2023,53569,서동욱,롯데,LT,26,0.118,13,20,17,2,2,1,0,0,3,0,0,0,3,0,0,5,1,0.176,0.25,0.426,0,0.0,0.333,1,6,4,1.5,0,0.6,4.4,0.059,0.5,0.157
2023,69508,신윤후,롯데,LT,27,0.04,28,27,25,2,1,0,0,0,1,1,0,0,0,0,2,8,0,0.04,0.111,0.151,0,0.0,0.0,0,11,5,2.2,0,0.0,3.96,0.0,-0.9,0.06
2023,52504,김동혁,롯데,LT,28,0.0,15,9,7,3,0,0,0,0,0,0,0,0,2,0,0,3,0,0.0,0.222,0.222,0,0.0,0.0,0,2,2,1.0,0,0.67,4.67,0.0,0.2,0.1
2023,76430,김태혁,롯데,LT,28,,1,0,0,0,0,0,0,0,0,0,0,0,0,0,0,0,0,,,,0,0.0,0.0,0,0,0,,0,,,,0.0,0.0
2023,62528,김원중,롯데,LT,28,,3,0,0,0,0,0,0,0,0,0,0,0,0,0,0,0,0,,,,0,0.0,0.0,0,0,0,,0,,,,0.0,0.0
2023,51803,박형준,롯데,LT,28,0.0,1,1,1,0,0,0,0,0,0,0,0,0,0,0,0,1,0,0.0,0.0,0.0,0,0.0,0.0,0,0,0,,0,0.0,5.0,0.0,-0.1,0.0
2023,64718,최설우,롯데,LT,28,,1,0,0,0,0,0,0,0,0,0,0,0,0,0,0,0,0,,,,0,0.0,0.0,0,0,0,,0,,,,0.0,0.0
2023,62947,나성범,KIA,HT,1,0.365,58,253,222,51,81,12,1,18,149,57,0,4,26,0,1,36,1,0.671,0.427,1.098,25,0.348,1.0,31,49,60,0.82,6,0.72,3.85,0.306,57.9,0.36
2023,67609,박정우,KIA,HT,2,0.333,21,12,9,2,3,0,0,0,3,0,3,0,0,0,0,1,0,0.333,0.333,0.666,0,0.333,0.25,0,3,2,1.5,0,0.0,3.08,0.0,1.1,0.233
2023,78603,김선빈,KIA,HT,3,0.32,119,473,419,41,134,16,0,0,150,48,8,3,38,0,5,26,10,0.358,0.381,0.739,36,0.333,0.0,16,158,104,1.52,8,1.46,3.72,0.038,57.2,0.261
2023,52605,김도영,KIA,HT,4,0.303,84,385,340,72,103,20,5,7,154,47,2,4,38,1,1,62,14,0.453,0.371,0.824,27,0.312,0.0,32,93,86,1.08,5,0.61,3.81,0.15,56.1,0.28
2023,72443,최형우,KIA,HT,5,0.302,121,508,431,64,130,27,1,17,210,81,0,4,65,1,8,83,5,0.487,0.4,0.887,35,0.317,0.667,45,85,137,0.62,14,0.78,4.02,0.186,84.1,0.302
2023,63260,이우성,KIA,HT,6,0.301,126,400,355,39,107,17,0,8,148,58,6,3,31,4,5,81,10,0.417,0.363,0.78,24,0.32,0.5,25,98,72,1.36,4,0.38,3.82,0.115,52.4,0.268
2023,64646,박찬호,KIA,HT,7,0.301,130,507,452,73,136,18,4,3,171,52,7,6,40,0,2,56,13,0.378,0.356,0.734,42,0.355,0.0,25,129,137,0.94,4,0.71,3.97,0.077,62.9,0.255
2023,61353,고종욱,KIA,HT,8,0.296,114,286,270,35,80,17,0,3,106,39,0,2,14,0,0,58,3,0.393,0.329,0.722,18,0.346,0.295,20,78,56,1.39,6,0.24,3.7,0.096,33.1,0.246
2023,52630,소크라테스,KIA,HT,9,0.285,142,608,547,91,156,31,3,20,253,96,0,8,52,4,1,80,13,0.463,0.344,0.807,41,0.303,0.0,54,136,183,0.74,6,0.65,3.58,0.177,86.0,0.271
2023,64560,이창진,KIA,HT,10,0.27,104,284,244,35,66,11,3,4,95,29,2,2,34,1,2,44,6,0.389,0.362,0.751,14,0.291,0.464,18,73,63,1.16,3,0.77,3.9,0.119,36.2,0.26
2023,78122,김태군,KIA,HT,11,0.257,114,346,311,24,80,10,1,1,95,42,8,4,15,1,8,30,17,0.305,0.305,0.61,17,0.337,0.471,12,109,96,1.14,3,0.5,3.43,0.048,25.9,0.214
2023,68646,한준수,KIA,HT,12,0.256,48,94,86,9,22,4,0,2,32,12,1,0,7,0,0,26,2,0.372,0.312,0.684,5,0.25,0.2,6,16,22,0.73,1,0.27,3.41,0.116,9.5,0.233
2023,66606,최원준,KIA,HT,13,0.255,67,274,239,37,61,11,2,1,79,23,4,0,31,0,0,39,5,0.331,0.341,0.672,17,0.328,0.0,14,77,62,1.24,3,0.79,4.34,0.075,28.2,0.236
2023,66614,김규성,KIA,HT,14,0.234,99,177,158,29,37,6,1,2,51,11,5,0,13,0,1,43,2,0.323,0.297,0.62,9,0.178,0.0,9,24,54,0.44,1,0.3,4.24,0.089,15.7,0.214
2023,69727,변우혁,KIA,HT,15,0.225,83,226,200,23,45,4,0,7,70,24,0,0,23,1,3,74,4,0.35,0.314,0.664,7,0.263,0.231,11,34,47,0.72,2,0.31,4.1,0.125,22.7,0.229
2023,65610,황대인,KIA,HT,16,0.213,60,199,174,19,37,4,0,5,56,26,0,3,18,2,4,50,6,0.322,0.296,0.618,7,0.259,0.0,9,40,50,0.8,2,0.36,4.05,0.109,17.5,0.214
2023,65653,김호령,KIA,HT,17,0.179,76,107,95,16,17,7,0,0,24,6,3,0,8,0,1,38,1,0.253,0.25,0.503,4,0.231,0.0,7,13,27,0.48,1,0.21,4.02,0.074,5.7,0.176
2023,69636,오선우,KIA,HT,18,0.179,33,31,28,2,5,0,0,2,11,5,0,0,3,0,0,15,0,0.393,0.258,0.651,0,0.5,0.25,2,6,2,3.0,0,0.2,4.55,0.214,3.2,0.214
2023,66662,신범수,KIA,HT,19,0.17,36,100,88,7,15,3,0,2,24,10,2,1,7,0,2,19,3,0.273,0.245,0.518,2,0.231,0.0,5,21,34,0.62,1,0.37,4.03,0.102,5.7,0.179
2023,65464,최정용,KIA,HT,20,0.167,56,41,36,17,6,1,0,0,7,1,3,0,2,0,0,9,0,0.194,0.211,0.405,0,0.0,0.0,1,9,12,0.75,0,0.22,3.51,0.028,2.0,0.143
2023,51604,김선우,KIA,HT,21,0.143,5,7,7,0,1,0,0,0,1,0,0,0,0,0,0,2,0,0.143,0.143,0.286,0,0.0,0.0,0,1,3,0.33,0,0.0,3.43,0.0,-0.1,0.1
2023,67610,김석환,KIA,HT,22,0.13,12,26,23,1,3,1,0,0,4,3,1,0,2,0,0,9,1,0.174,0.2,0.374,0,0.0,0.333,1,6,5,1.2,0,0.22,3.65,0.043,0.2,0.134
2023,63722,한승택,KIA,HT,23,0.129,49,104,85,6,11,2,0,0,13,3,6,0,11,0,2,32,1,0.153,0.245,0.398,2,0.13,0.0,2,20,22,0.91,0,0.34,4.09,0.024,3.3,0.149
2023,66354,주효상,KIA,HT,24,0.063,19,36,32,2,2,0,0,0,2,1,2,0,2,0,0,10,1,0.063,0.118,0.181,0,0.111,0.0,0,8,12,0.67,1,0.2,3.81,0.0,-1.4,0.069
2023,69620,김기훈,KIA,HT,25,,1,0,0,0,0,0,0,0,0,0,0,0,0,0,0,0,0,,,,0,0.0,0.0,0,0,0,,0,,,,0.0,0.0
2023,63638,박준표,KIA,HT,25,,1,0,0,0,0,0,0,0,0,0,0,0,0,0,0,0,0,,,,0,0.0,0.0,0,0,0,,0,,,,0.0,0.0
2023,52667,윤도현,KIA,HT,25,0.0,1,1,1,0,0,0,0,0,0,0,0,0,0,0,0,1,0,0.0,0.0,0.0,0,0.0,0.0,0,0,0,,0,0.0,3.0,0.0,-0.1,0.0
2023,68619,윤중현,KIA,HT,25,,1,0,0,0,0,0,0,0,0,0,0,0,0,0,0,0,0,,,,0,0.0,0.0,0,0,0,,0,,,,0.0,0.0
2023,50662,정해영,KIA,HT,25,,2,0,0,0,0,0,0,0,0,0,0,0,0,0,0,0,0,,,,0,0.0,0.0,0,0,0,,0,,,,0.0,0.0
2023,50600,홍종표,KIA,HT,25,0.0,40,12,7,10,0,0,0,0,0,0,1,0,3,0,1,1,0,0.0,0.364,0.364,0,0.0,0.0,0,3,3,1.0,0,3.0,4.67,0.0,0.8,0.164
2023,52641,황동하,KIA,HT,25,,1,0,0,0,0,0,0,0,0,0,0,0,0,0,0,0,0,,,,0,0.0,0.0,0,0,0,,0,,,,0.0,0.0
2023,76232,양의지,두산,OB,1,0.305,129,510,439,56,134,23,0,17,208,68,0,3,57,8,11,56,20,0.474,0.396,0.87,31,0.315,0.667,40,87,165,0.53,6,1.02,3.73,0.169,77.7,0.297
2023,66233,홍성호,두산,OB,2,0.292,21,51,48,6,14,4,0,0,18,5,0,0,2,0,1,14,0,0.375,0.333,0.708,5,0.231,0.0,4,8,12,0.67,1,0.14,3.65,0.083,5.4,0.244
2023,79231,정수빈,두산,OB,3,0.287,137,583,498,75,143,14,11,2,185,33,12,2,64,1,7,63,2,0.371,0.375,0.746,42,0.253,0.5,27,179,115,1.56,4,1.02,4.21,0.084,78.9,0.262
2023,74206,김재호,두산,OB,4,0.283,91,302,247,32,70,13,0,3,92,29,15,2,30,2,8,24,11,0.372,0.376,0.748,17,0.303,0.222,16,66,89,0.74,7,1.25,3.85,0.089,35.3,0.262
2023,64153,양석환,두산,OB,5,0.281,140,582,524,73,147,28,0,21,238,89,0,11,41,3,6,133,9,0.454,0.333,0.787,40,0.261,0.0,49,86,169,0.51,14,0.31,3.98,0.174,81.6,0.263
2023,79240,허경민,두산,OB,6,0.268,130,475,429,44,115,23,1,7,161,48,0,5,35,3,6,26,6,0.375,0.328,0.703,26,0.224,0.667,31,129,164,0.79,6,1.35,3.73,0.107,55.2,0.241
2023,67202,박유연,두산,OB,7,0.267,10,16,15,3,4,2,0,0,6,1,1,0,0,0,0,4,0,0.4,0.267,0.667,1,0.0,0.0,2,2,5,0.4,0,0.0,3.5,0.133,1.5,0.22
2023,63123,강승호,두산,OB,8,0.265,127,459,419,51,111,18,6,7,162,59,4,3,27,0,6,110,12,0.387,0.316,0.703,24,0.273,0.167,31,108,93,1.16,5,0.25,3.94,0.122,49.2,0.239
2023,63257,김인태,두산,OB,9,0.255,47,115,98,8,25,5,0,1,33,14,1,0,15,0,1,26,1,0.337,0.36,0.697,4,0.313,0.316,6,25,22,1.14,2,0.58,4.1,0.082,12.9,0.246
2023,53211,로하스,두산,OB,10,0.253,122,464,403,52,102,24,4,19,191,65,0,3,55,2,3,68,5,0.474,0.345,0.819,28,0.255,0.0,47,71,165,0.43,6,0.81,4.11,0.221,67.1,0.274
2023,67207,이유찬,두산,OB,11,0.243,104,239,210,31,51,7,2,1,65,16,5,1,20,0,3,51,0,0.31,0.316,0.626,10,0.17,0.333,10,45,64,0.7,0,0.39,4.21,0.067,23.3,0.22
2023,50293,양찬열,두산,OB,12,0.239,44,99,88,15,21,2,2,0,27,6,0,1,9,0,1,23,1,0.307,0.313,0.62,6,0.259,0.0,4,19,26,0.73,0,0.39,4.02,0.068,9.1,0.218
2023,68205,전민재,두산,OB,13,0.235,19,18,17,3,4,2,0,0,6,1,1,0,0,0,0,3,2,0.353,0.235,0.588,0,0.2,0.0,2,5,5,1.0,0,0.0,2.56,0.118,-0.4,0.194
2023,69203,송승환,두산,OB,14,0.229,30,76,70,10,16,3,1,0,21,4,2,0,4,0,0,16,2,0.3,0.27,0.57,4,0.158,0.167,4,16,22,0.73,1,0.25,3.82,0.071,4.6,0.197
2023,66928,박준영,두산,OB,15,0.228,51,138,127,16,29,8,2,4,53,17,0,0,9,1,2,53,0,0.417,0.29,0.707,3,0.31,0.714,14,16,29,0.55,1,0.17,4.38,0.189,15.5,0.235
2023,66203,서예일,두산,OB,16,0.222,5,10,9,2,2,0,0,0,2,1,0,1,0,0,0,2,0,0.222,0.2,0.422,0,0.0,0.0,0,1,5,0.2,0,0.0,3.0,0.0,0.7,0.146
2023,78224,김재환,두산,OB,17,0.22,132,484,405,40,89,15,0,10,134,46,0,2,72,4,5,100,8,0.331,0.343,0.674,21,0.264,0.214,25,96,122,0.79,7,0.72,4.02,0.111,51.8,0.237
2023,66209,조수행,두산,OB,18,0.219,126,249,219,41,48,2,1,1,55,17,4,1,23,0,2,38,2,0.251,0.298,0.549,11,0.236,0.0,4,85,49,1.73,3,0.61,3.8,0.032,21.3,0.197
2023,64468,박계범,두산,OB,19,0.219,78,194,169,18,37,6,0,2,49,15,5,3,15,1,2,44,4,0.29,0.286,0.576,9,0.127,0.143,8,51,40,1.28,3,0.34,3.79,0.071,14.7,0.201
2023,69207,김태근,두산,OB,20,0.212,41,55,52,9,11,3,0,0,14,3,2,0,0,0,1,21,0,0.269,0.226,0.495,3,0.118,0.0,3,6,14,0.43,0,0.0,3.82,0.058,1.8,0.169
2023,50204,박지훈,두산,OB,21,0.211,22,21,19,2,4,1,0,0,5,2,0,0,2,0,0,7,0,0.263,0.286,0.549,0,0.333,0.0,1,7,1,7.0,0,0.29,4.0,0.053,1.7,0.194
2023,64011,안승한,두산,OB,22,0.208,22,27,24,1,5,0,0,0,5,1,0,0,2,0,1,10,0,0.208,0.296,0.504,1,0.333,0.0,0,6,3,2.0,0,0.2,3.19,0.0,1.9,0.185
2023,69238,김대한,두산,OB,23,0.198,33,89,81,10,16,3,1,1,24,7,0,0,7,0,1,21,0,0.296,0.27,0.566,5,0.125,0.0,5,13,31,0.42,0,0.33,3.9,0.099,6.1,0.196
2023,51203,안재석,두산,OB,24,0.188,27,68,64,8,12,2,1,1,19,5,0,1,3,0,0,12,0,0.297,0.221,0.518,1,0.118,0.333,4,16,25,0.64,1,0.25,3.53,0.109,4.9,0.174
2023,63202,장승현,두산,OB,25,0.158,76,158,139,11,22,1,0,3,32,9,5,0,6,0,8,36,2,0.23,0.235,0.465,3,0.111,0.0,4,50,31,1.61,0,0.17,3.8,0.072,7.6,0.163
2023,65269,김민혁,두산,OB,26,0.138,21,36,29,2,4,1,0,0,5,3,0,2,4,0,1,9,3,0.172,0.25,0.422,0,0.125,0.111,1,8,10,0.8,0,0.44,3.69,0.034,1.2,0.156
2023,64086,신성현,두산,OB,27,0.083,12,15,12,1,1,0,0,0,1,1,0,0,3,0,0,4,0,0.083,0.267,0.35,0,0.2,0.2,0,3,4,0.75,0,0.75,5.07,0.0,0.2,0.141
2023,68204,권민석,두산,OB,28,0.0,1,2,2,0,0,0,0,0,0,0,0,0,0,0,0,1,0,0.0,0.0,0.0,0,0.0,0.0,0,1,0,,0,0.0,2.0,0.0,-0.2,0.0
2023,68200,김민규,두산,OB,28,,1,0,0,0,0,0,0,0,0,0,0,0,0,0,0,0,0,,,,0,0.0,0.0,0,0,0,,0,,,,0.0,0.0
2023,68830,김정우,두산,OB,28,,1,0,0,0,0,0,0,0,0,0,0,0,0,0,0,0,0,,,,0,0.0,0.0,0,0,0,,0,,,,0.0,0.0
2023,68249,박신지,두산,OB,28,,1,0,0,0,0,0,0,0,0,0,0,0,0,0,0,0,0,,,,0,0.0,0.0,0,0,0,,0,,,,0.0,0.0
2023,65639,박정수,두산,OB,28,,2,0,0,0,0,0,0,0,0,0,0,0,0,0,0,0,0,,,,0,0.0,0.0,0,0,0,,0,,,,0.0,0.0
2023,67266,박치국,두산,OB,28,,1,0,0,0,0,0,0,0,0,0,0,0,0,0,0,0,0,,,,0,0.0,0.0,0,0,0,,0,,,,0.0,0.0
2023,62951,이형범,두산,OB,28,,2,0,0,0,0,0,0,0,0,0,0,0,0,0,0,0,0,,,,0,0.0,0.0,0,0,0,,0,,,,0.0,0.0
2023,68242,정철원,두산,OB,28,,3,0,0,0,0,0,0,0,0,0,0,0,0,0,0,0,0,,,,0,0.0,0.0,0,0,0,,0,,,,0.0,0.0
2023,51264,최승용,두산,OB,28,,2,0,0,0,0,0,0,0,0,0,0,0,0,0,0,0,0,,,,0,0.0,0.0,0,0,0,,0,,,,0.0,0.0
2023,61643,홍건희,두산,OB,28,,4,0,0,0,0,0,0,0,0,0,0,0,0,0,0,0,0,,,,0,0.0,0.0,0,0,0,,0,,,,0.0,0.0
2023,52305,박수종,키움,WO,1,0.422,23,50,45,7,19,1,2,0,24,3,0,1,3,0,1,6,1,0.533,0.46,0.993,6,0.222,0.0,3,11,10,1.1,0,0.5,3.46,0.111,9.8,0.34
2023,53327,도슨,키움,WO,2,0.336,57,261,229,37,77,14,2,3,104,29,0,5,18,0,9,41,3,0.454,0.398,0.852,25,0.279,0.0,19,60,56,1.07,2,0.44,3.55,0.118,42.4,0.293
2023,67304,김혜성,키움,WO,3,0.335,137,621,556,104,186,29,6,7,248,57,0,5,57,3,3,77,6,0.446,0.396,0.842,50,0.314,0.0,42,135,163,0.83,7,0.74,3.77,0.112,98.6,0.29
2023,53303,송재선,키움,WO,4,0.333,5,3,3,0,1,0,0,0,1,0,0,0,0,0,0,1,0,0.333,0.333,0.666,0,0.0,0.0,0,1,0,,0,0.0,2.67,0.0,0.3,0.233
2023,50167,이주형,키움,WO,5,0.326,69,243,215,32,70,13,4,6,109,36,2,2,19,2,5,53,4,0.507,0.39,0.897,20,0.339,0.167,23,40,54,0.74,4,0.36,3.81,0.181,39.7,0.302
2023,67341,이정후,키움,WO,6,0.318,86,387,330,50,105,23,2,6,150,45,0,5,49,7,3,23,1,0.455,0.406,0.861,29,0.303,0.0,31,97,110,0.88,3,2.13,3.8,0.136,62.5,0.296
2023,50350,러셀,키움,WO,7,0.286,59,239,220,20,63,11,1,4,88,42,0,1,17,1,1,39,5,0.4,0.339,0.739,15,0.415,0.0,16,65,54,1.2,5,0.44,3.55,0.114,28.5,0.253
2023,64984,김태진,키움,WO,8,0.275,74,212,200,17,55,5,0,0,60,16,3,3,5,0,1,23,1,0.3,0.292,0.592,17,0.328,0.211,5,57,68,0.84,0,0.22,3.62,0.025,18.3,0.206
2023,65357,송성문,키움,WO,9,0.263,104,438,388,43,102,16,3,5,139,60,4,7,39,5,0,38,9,0.358,0.325,0.683,27,0.288,0.0,24,111,144,0.77,5,1.03,3.65,0.095,47.2,0.236
2023,64346,임병욱,키움,WO,10,0.26,80,223,208,30,54,11,1,6,85,36,1,3,10,0,1,75,1,0.409,0.293,0.702,15,0.339,0.167,18,42,40,1.05,5,0.13,3.79,0.149,26.4,0.234
2023,64340,임지열,키움,WO,11,0.259,72,246,212,22,55,8,0,5,78,35,2,1,28,0,3,64,3,0.368,0.352,0.72,13,0.273,0.2,13,43,51,0.84,5,0.44,3.94,0.108,29.4,0.25
2023,51344,김휘집,키움,WO,12,0.249,110,435,369,46,92,22,0,8,138,51,6,7,48,0,5,97,8,0.374,0.338,0.712,23,0.213,0.167,30,72,115,0.63,4,0.49,4.14,0.125,50.5,0.246
2023,79456,이지영,키움,WO,13,0.249,81,237,217,23,54,8,1,0,64,8,7,0,12,0,1,39,2,0.295,0.291,0.586,10,0.109,0.2,9,74,50,1.48,1,0.31,3.4,0.046,18.1,0.205
2023,75566,이원석,키움,WO,14,0.246,89,345,305,22,75,10,0,2,91,30,1,2,34,1,3,67,9,0.298,0.326,0.624,18,0.286,0.167,12,64,101,0.63,0,0.51,3.87,0.052,30.0,0.221
2023,53344,김동헌,키움,WO,15,0.242,102,242,211,22,51,5,2,2,66,17,3,3,17,0,8,55,7,0.313,0.318,0.631,7,0.111,0.0,9,45,63,0.71,3,0.31,4.09,0.071,21.9,0.221
2023,68330,예진원,키움,WO,16,0.235,16,36,34,2,8,1,0,1,12,4,2,0,0,0,0,7,0,0.353,0.235,0.588,1,0.25,0.2,2,13,6,2.17,0,0.0,3.22,0.118,2.8,0.194
2023,67363,이병규,키움,WO,16,0.235,7,17,17,3,4,0,0,0,4,2,0,0,0,0,0,4,0,0.235,0.235,0.47,1,0.667,0.0,0,3,6,0.5,0,0.0,3.35,0.0,0.8,0.164
2023,74163,이용규,키움,WO,18,0.234,50,178,154,19,36,0,3,0,42,11,2,2,19,0,1,22,3,0.273,0.318,0.591,9,0.296,0.125,3,53,45,1.18,1,0.86,4.05,0.039,15.4,0.211
2023,51303,김시앙,키움,WO,19,0.224,33,82,76,6,17,1,0,0,18,7,0,0,3,0,3,18,4,0.237,0.28,0.517,5,0.269,0.0,1,20,21,0.95,0,0.17,3.44,0.013,3.8,0.185
2023,63920,김준완,키움,WO,20,0.222,76,225,189,25,42,7,0,0,49,14,6,3,26,0,1,57,2,0.259,0.315,0.574,9,0.182,0.6,7,59,34,1.74,3,0.46,4.63,0.037,18.6,0.207
2023,69332,주성원,키움,WO,21,0.217,25,72,69,7,15,2,1,0,19,2,1,1,1,0,0,18,1,0.275,0.225,0.5,4,0.071,0.25,3,18,19,0.95,0,0.06,3.86,0.058,3.9,0.17
2023,68346,김수환,키움,WO,22,0.216,50,114,97,8,21,4,0,2,31,15,1,1,11,0,4,36,1,0.32,0.319,0.639,6,0.233,0.375,6,19,22,0.86,1,0.31,4.12,0.103,11.3,0.224
2023,78135,이형종,키움,WO,23,0.215,99,374,316,35,68,22,1,3,101,37,3,2,39,2,14,78,11,0.32,0.326,0.646,16,0.281,0.143,26,74,98,0.76,7,0.5,4.16,0.104,33.9,0.227
2023,52348,박찬혁,키움,WO,24,0.201,48,167,154,13,31,7,0,1,41,8,0,0,10,0,3,41,1,0.266,0.263,0.529,7,0.106,0.5,8,45,37,1.22,0,0.24,4.08,0.065,10.6,0.185
2023,65898,김웅빈,키움,WO,25,0.188,29,74,64,2,12,3,0,0,15,9,0,2,6,0,2,20,1,0.234,0.27,0.504,3,0.211,0.154,3,15,19,0.79,1,0.3,4.24,0.047,4.9,0.18
2023,53312,김건희,키움,WO,26,0.182,9,13,11,0,2,0,0,0,2,0,0,0,2,0,0,4,1,0.182,0.308,0.49,0,0.0,0.5,0,2,3,0.67,0,0.5,4.08,0.0,0.5,0.184
2023,69306,김주형,키움,WO,27,0.147,46,81,68,5,10,2,0,0,12,4,3,0,9,0,1,27,2,0.176,0.256,0.432,0,0.125,0.5,2,16,15,1.07,0,0.33,4.12,0.029,2.8,0.159
2023,65586,전병우,키움,WO,28,0.145,41,75,62,6,9,3,0,1,15,6,2,0,10,0,1,28,0,0.242,0.274,0.516,2,0.136,0.0,4,15,10,1.5,0,0.36,4.2,0.097,4.9,0.184
2023,50304,김병휘,키움,WO,29,0.143,10,21,21,0,3,1,0,0,4,1,0,0,0,0,0,8,0,0.19,0.143,0.333,1,0.5,0.0,1,1,9,0.11,0,0.0,3.57,0.048,0.0,0.112
2023,64657,박준태,키움,WO,29,0.143,14,15,14,0,2,0,0,0,2,1,0,0,1,0,0,7,0,0.143,0.2,0.343,1,0.167,0.0,0,5,0,,0,0.14,3.73,0.0,0.2,0.126
2023,50357,박주홍,키움,WO,31,0.122,27,57,49,5,6,0,1,0,8,2,1,2,5,0,0,26,0,0.163,0.196,0.359,1,0.091,0.0,1,8,11,0.73,0,0.19,4.28,0.041,2.1,0.129
2023,62332,김재현,키움,WO,32,0.111,8,10,9,0,1,0,0,0,1,0,1,0,0,0,0,3,1,0.111,0.111,0.222,0,0.0,0.0,0,3,2,1.5,0,0.0,3.1,0.0,-0.6,0.078
2023,50312,신준우,키움,WO,32,0.111,24,19,18,4,2,0,0,0,2,0,0,0,0,0,1,5,0,0.111,0.158,0.269,0,0.0,0.0,0,5,6,0.83,0,0.0,3.63,0.0,-0.1,0.099
2023,53164,김동규,키움,WO,34,,1,0,0,0,0,0,0,0,0,0,0,0,0,0,0,0,0,,,,0,0.0,0.0,0,0,0,,0,,,,0.0,0.0
2023,50360,김동혁,키움,WO,34,,2,0,0,0,0,0,0,0,0,0,0,0,0,0,0,0,0,,,,0,0.0,0.0,0,0,0,,0,,,,0.0,0.0
2023,66018,김선기,키움,WO,34,,2,0,0,0,0,0,0,0,0,0,0,0,0,0,0,0,0,,,,0,0.0,0.0,0,0,0,,0,,,,0.0,0.0
2023,51301,김성진,키움,WO,34,,2,0,0,0,0,0,0,0,0,0,0,0,0,0,0,0,0,,,,0,0.0,0.0,0,0,0,,0,,,,0.0,0.0
2023,67391,김재웅,키움,WO,34,,1,0,0,0,0,0,0,0,0,0,0,0,0,0,0,0,0,,,,0,0.0,0.0,0,0,0,,0,,,,0.0,0.0
2023,51393,김준형,키움,WO,34,,1,0,0,0,0,0,0,0,0,0,0,0,0,0,0,0,0,,,,0,0.0,0.0,0,0,0,,0,,,,0.0,0.0
2023,60336,문성현,키움,WO,34,,2,0,0,0,0,0,0,0,0,0,0,0,0,0,0,0,0,,,,0,0.0,0.0,0,0,0,,0,,,,0.0,0.0
2023,61268,양현,키움,WO,34,,2,0,0,0,0,0,0,0,0,0,0,0,0,0,0,0,0,,,,0,0.0,0.0,0,0,0,,0,,,,0.0,0.0
2023,76118,원종현,키움,WO,34,,2,0,0,0,0,0,0,0,0,0,0,0,0,0,0,0,0,,,,0,0.0,0.0,0,0,0,,0,,,,0.0,0.0
2023,69399,윤정현,키움,WO,34,,3,0,0,0,0,0,0,0,0,0,0,0,0,0,0,0,0,,,,0,0.0,0.0,0,0,0,,0,,,,0.0,0.0
2023,52397,이명종,키움,WO,34,,3,0,0,0,0,0,0,0,0,0,0,0,0,0,0,0,0,,,,0,0.0,0.0,0,0,0,,0,,,,0.0,0.0
2023,53302,이승원,키움,WO,34,0.0,4,5,5,0,0,0,0,0,0,0,0,0,0,0,0,2,0,0.0,0.0,0.0,0,0.0,0.0,0,1,2,0.5,0,0.0,3.8,0.0,-0.5,0.0
2023,78352,임창민,키움,WO,34,,2,0,0,0,0,0,0,0,0,0,0,0,0,0,0,0,0,,,,0,0.0,0.0,0,0,0,,0,,,,0.0,0.0
2023,64350,하영민,키움,WO,34,,3,0,0,0,0,0,0,0,0,0,0,0,0,0,0,0,0,,,,0,0.0,0.0,0,0,0,,0,,,,0.0,0.0
2023,53375,후라도,키움,WO,34,,1,0,0,0,0,0,0,0,0,0,0,0,0,0,0,0,0,,,,0,0.0,0.0,0,0,0,,0,,,,0.0,0.0
2024,52154,이주헌,LG,LG,1,0.667,3,6,6,0,4,2,0,0,6,3,0,0,0,0,0,2,0,1.0,0.667,1.667,1,1.0,0.0,2,0,0,,0,0.0,3.33,0.333,2.2,0.55
2024,54164,김대원,LG,LG,2,0.5,19,4,4,5,2,0,0,0,2,0,0,0,0,0,0,1,0,0.5,0.5,1.0,0,0.0,0.667,0,1,0,,0,0.0,1.75,0.0,0.9,0.35
2024,66108,홍창기,LG,LG,3,0.336,139,637,524,96,176,18,3,5,215,73,1,4,96,3,12,93,8,0.41,0.447,0.857,51,0.389,1.0,26,159,100,1.59,6,1.03,4.14,0.074,99.5,0.304
2024,54112,최명경,LG,LG,4,0.333,1,3,3,0,1,0,0,0,1,0,0,0,0,0,0,1,0,0.333,0.333,0.666,0,0.0,0.0,0,1,0,,0,0.0,3.67,0.0,0.3,0.233
2024,53123,오스틴,LG,LG,5,0.319,140,604,527,99,168,32,3,32,302,132,0,13,61,6,3,82,9,0.573,0.384,0.957,49,0.329,0.0,67,100,190,0.53,14,0.74,3.78,0.254,112.1,0.316
2024,68119,문성주,LG,LG,6,0.315,96,361,305,47,96,16,2,0,116,48,1,3,49,0,3,38,4,0.38,0.411,0.791,24,0.378,0.4,18,99,75,1.32,6,1.29,3.91,0.066,50.9,0.28
2024,69102,문보경,LG,LG,7,0.301,144,602,519,80,156,35,3,22,263,101,3,13,65,3,2,112,14,0.507,0.372,0.879,40,0.292,0.0,60,125,139,0.9,7,0.58,4.04,0.206,96.0,0.294
2024,65207,신민재,LG,LG,8,0.297,128,474,387,78,115,11,6,0,138,40,15,3,64,1,5,47,7,0.357,0.401,0.758,32,0.306,0.333,17,145,83,1.75,3,1.36,3.73,0.059,63.0,0.27
2024,76290,김현수,LG,LG,9,0.294,137,583,517,61,152,36,2,8,216,69,1,9,47,1,9,76,10,0.418,0.357,0.775,44,0.257,0.25,46,125,173,0.72,10,0.62,3.73,0.124,78.4,0.265
2024,79365,박동원,LG,LG,10,0.272,130,498,434,58,118,22,0,20,200,80,2,7,55,2,0,112,14,0.461,0.349,0.81,25,0.27,0.5,42,107,104,1.03,4,0.49,4.04,0.189,69.5,0.272
2024,52103,최원영,LG,LG,11,0.27,57,41,37,18,10,2,0,1,15,5,0,0,1,0,3,7,0,0.405,0.341,0.746,0,0.214,0.333,3,7,13,0.54,0,0.14,3.9,0.135,5.1,0.255
2024,69105,김성진,LG,LG,12,0.267,14,16,15,1,4,0,0,1,7,2,0,0,1,0,0,4,1,0.467,0.313,0.78,1,0.0,0.333,1,1,6,0.17,0,0.25,3.94,0.2,1.9,0.258
2024,62415,박해민,LG,LG,13,0.263,144,553,482,72,127,16,6,6,173,56,5,9,46,0,11,101,3,0.359,0.336,0.695,35,0.233,0.25,28,102,161,0.63,4,0.46,4.08,0.095,68.5,0.241
2024,69100,구본혁,LG,LG,14,0.257,133,389,339,48,87,14,2,2,111,43,4,4,38,0,4,51,7,0.327,0.335,0.662,15,0.272,0.5,18,85,120,0.71,8,0.75,3.81,0.071,39.9,0.233
2024,79109,오지환,LG,LG,15,0.254,108,428,370,67,94,24,2,10,152,59,2,1,51,0,4,106,8,0.411,0.35,0.761,24,0.243,0.0,36,75,96,0.78,2,0.48,4.1,0.157,55.0,0.26
2024,53144,김범석,LG,LG,16,0.241,70,180,162,14,39,4,0,6,61,24,0,2,14,2,2,49,4,0.377,0.306,0.683,7,0.194,0.125,10,32,44,0.73,2,0.29,3.89,0.136,19.1,0.232
2024,51100,이영빈,LG,LG,17,0.222,31,71,63,11,14,2,0,2,22,12,2,2,4,0,0,20,0,0.349,0.261,0.61,3,0.235,0.286,4,11,20,0.55,0,0.2,3.99,0.127,6.6,0.205
2024,54166,김현종,LG,LG,18,0.2,17,16,15,8,3,1,0,0,4,2,0,0,0,0,1,4,0,0.267,0.25,0.517,0,0.4,0.333,1,2,6,0.33,0,0.0,2.69,0.067,0.9,0.179
2024,65115,안익훈,LG,LG,19,0.184,37,56,49,8,9,1,0,0,10,3,2,1,4,0,0,13,2,0.204,0.241,0.445,0,0.071,0.111,1,15,13,1.15,1,0.31,3.95,0.02,2.4,0.159
2024,66162,김주성,LG,LG,20,0.167,12,9,6,1,1,0,0,0,1,0,0,0,3,0,0,0,0,0.167,0.444,0.611,0,0.0,0.0,0,2,3,0.67,0,,3.78,0.0,1.1,0.242
2024,67504,김정율,LG,LG,21,0.15,19,22,20,1,3,0,0,0,3,0,0,0,1,0,1,4,1,0.15,0.227,0.377,0,0.0,0.0,0,5,8,0.63,0,0.25,3.0,0.0,0.2,0.14
2024,50108,함창건,LG,LG,22,0.143,15,17,14,3,2,0,0,0,2,0,1,0,2,0,0,3,1,0.143,0.25,0.393,0,0.0,0.333,0,3,6,0.5,0,0.67,3.88,0.0,0.2,0.148
2024,77243,허도환,LG,LG,23,0.138,59,105,80,10,11,2,0,0,13,11,5,1,9,0,10,26,4,0.163,0.3,0.463,2,0.269,0.0,2,24,20,1.2,1,0.35,4.09,0.025,4.8,0.176
2024,65905,최승민,LG,LG,24,0.077,57,16,13,20,1,0,0,0,1,1,1,0,2,0,0,3,0,0.077,0.2,0.277,0,0.0,0.0,0,4,5,0.8,0,0.67,3.44,0.0,-0.1,0.109
2024,68110,송찬의,LG,LG,25,0.067,10,21,15,2,1,0,0,0,1,1,1,1,3,0,1,6,0,0.067,0.25,0.317,0,0.0,0.0,0,2,7,0.29,0,0.5,3.24,0.0,1.1,0.129
2024,66145,김대현,LG,LG,26,,3,0,0,0,0,0,0,0,0,0,0,0,0,0,0,0,0,,,,0,0.0,0.0,0,0,0,,0,,,,0.0,0.0
2024,52105,김성우,LG,LG,26,0.0,4,5,5,0,0,0,0,0,0,0,0,0,0,0,0,4,0,0.0,0.0,0.0,0,0.0,0.0,0,0,1,0.0,0,0.0,4.4,0.0,-0.5,0.0
2024,50115,김수인,LG,LG,26,0.0,4,3,3,0,0,0,0,0,0,0,0,0,0,0,0,2,0,0.0,0.0,0.0,0,0.0,0.0,0,0,1,0.0,0,0.0,5.0,0.0,-0.3,0.0
2024,68130,김영준,LG,LG,26,,1,0,0,0,0,0,0,0,0,0,0,0,0,0,0,0,0,,,,0,0.0,0.0,0,0,0,,0,,,,0.0,0.0
2024,64596,김유영,LG,LG,26,,2,0,0,0,0,0,0,0,0,0,0,0,0,0,0,0,0,,,,0,0.0,0.0,0,0,0,,0,,,,0.0,0.0
2024,75867,김진성,LG,LG,26,,4,0,0,0,0,0,0,0,0,0,0,0,0,0,0,0,0,,,,0,0.0,0.0,0,0,0,,0,,,,0.0,0.0
2024,53139,박명근,LG,LG,26,,1,0,0,0,0,0,0,0,0,0,0,0,0,0,0,0,0,,,,0,0.0,0.0,0,0,0,,0,,,,0.0,0.0
2024,65109,백승현,LG,LG,26,0.0,3,1,1,0,0,0,0,0,0,0,0,0,0,0,0,0,0,0.0,0.0,0.0,0,0.0,0.0,0,1,0,,0,,3.0,0.0,-0.1,0.0
2024,50106,유영찬,LG,LG,26,,8,0,0,0,0,0,0,0,0,0,0,0,0,0,0,0,0,,,,0,0.0,0.0,0,0,0,,0,,,,0.0,0.0
2024,50904,이종준,LG,LG,26,,2,0,0,0,0,0,0,0,0,0,0,0,0,0,0,0,0,,,,0,0.0,0.0,0,0,0,,0,,,,0.0,0.0
2024,69108,이지강,LG,LG,26,,4,0,0,0,0,0,0,0,0,0,0,0,0,0,0,0,0,,,,0,0.0,0.0,0,0,0,,0,,,,0.0,0.0
2024,69113,임준형,LG,LG,26,,1,0,0,0,0,0,0,0,0,0,0,0,0,0,0,0,0,,,,0,0.0,0.0,0,0,0,,0,,,,0.0,0.0
2024,67123,전준호,LG,LG,26,0.0,3,1,1,0,0,0,0,0,0,0,0,0,0,0,0,1,0,0.0,0.0,0.0,0,0.0,0.0,0,0,0,,0,0.0,5.0,0.0,-0.1,0.0
2024,69159,정우영,LG,LG,26,0.0,1,1,1,0,0,0,0,0,0,0,0,0,0,0,0,1,0,0.0,0.0,0.0,0,0.0,0.0,0,0,0,,0,0.0,3.0,0.0,-0.1,0.0
2024,54148,진우영,LG,LG,26,,1,0,0,0,0,0,0,0,0,0,0,0,0,0,0,0,0,,,,0,0.0,0.0,0,0,0,,0,,,,0.0,0.0
2024,79140,최동환,LG,LG,26,,1,0,0,0,0,0,0,0,0,0,0,0,0,0,0,0,0,,,,0,0.0,0.0,0,0,0,,0,,,,0.0,0.0
2024,63248,함덕주,LG,LG,26,,1,0,0,0,0,0,0,0,0,0,0,0,0,0,0,0,0,,,,0,0.0,0.0,0,0,0,,0,,,,0.0,0.0
2024,54795,황영묵,한화,HH,1,0.301,123,389,349,52,105,8,4,3,130,35,3,1,31,0,5,56,6,0.372,0.365,0.737,27,0.326,0.143,15,115,74,1.55,5,0.55,3.73,0.072,45.8,0.257
2024,79608,안치홍,한화,HH,2,0.3,128,533,473,64,142,21,0,13,202,66,1,4,49,1,6,70,10,0.427,0.37,0.797,44,0.317,1.0,34,118,147,0.8,8,0.7,3.91,0.127,73.8,0.273
2024,62700,하주석,한화,HH,3,0.292,64,151,137,16,40,9,1,1,54,11,2,0,10,0,2,33,1,0.394,0.349,0.743,8,0.286,0.385,11,33,31,1.06,1,0.3,3.41,0.102,17.8,0.256
2024,66704,김태연,한화,HH,4,0.291,126,472,413,59,120,24,0,12,180,61,6,4,45,0,4,89,9,0.436,0.363,0.799,33,0.295,0.0,36,100,108,0.93,3,0.51,3.92,0.145,64.8,0.272
2024,66707,박상언,한화,HH,5,0.286,27,52,42,4,12,3,0,0,15,4,0,0,9,0,1,12,0,0.357,0.423,0.78,2,0.364,0.25,3,6,12,0.5,0,0.75,4.02,0.071,7.4,0.28
2024,50707,최인호,한화,HH,5,0.286,82,244,210,37,60,13,2,2,83,22,4,2,25,0,3,31,3,0.395,0.367,0.762,11,0.325,0.294,17,67,54,1.24,3,0.81,3.93,0.11,31.9,0.264
2024,53764,문현빈,한화,HH,7,0.277,103,289,260,29,72,16,2,5,107,47,1,2,24,1,2,53,9,0.412,0.34,0.752,16,0.341,0.258,23,66,71,0.93,3,0.45,3.64,0.135,33.1,0.256
2024,65703,이도윤,한화,HH,8,0.277,134,374,336,49,93,10,3,1,112,46,6,3,26,0,3,56,5,0.333,0.332,0.665,23,0.33,0.333,14,99,91,1.09,7,0.46,3.77,0.057,38.1,0.233
2024,54730,페라자,한화,HH,9,0.275,122,522,455,75,125,24,0,24,221,70,0,2,63,5,2,129,6,0.486,0.364,0.85,34,0.308,0.286,48,103,100,1.03,7,0.49,3.96,0.211,79.4,0.285
2024,69737,노시환,한화,HH,10,0.272,136,601,526,88,143,20,2,24,239,89,0,4,60,9,11,129,10,0.454,0.356,0.81,35,0.314,0.0,46,114,144,0.79,6,0.47,3.99,0.183,86.2,0.274
2024,52769,권광민,한화,HH,11,0.271,19,51,48,10,13,3,0,4,28,9,0,0,3,0,0,17,0,0.583,0.314,0.897,3,0.222,0.286,7,7,11,0.64,0,0.18,3.98,0.313,8.7,0.287
2024,79192,채은성,한화,HH,12,0.271,124,498,436,61,118,24,0,20,202,83,0,5,49,1,8,83,12,0.463,0.351,0.814,29,0.27,0.0,44,100,140,0.71,7,0.59,3.81,0.193,70.4,0.274
2024,66706,장진혁,한화,HH,13,0.263,99,327,289,56,76,16,0,9,119,44,5,1,29,0,3,72,6,0.412,0.335,0.747,19,0.333,0.4,25,75,67,1.12,4,0.4,4.0,0.149,40.1,0.254
2024,78288,최재훈,한화,HH,14,0.257,116,348,280,34,72,10,0,4,94,37,8,6,33,0,21,58,10,0.336,0.371,0.707,14,0.25,1.0,14,70,86,0.81,0,0.57,4.14,0.079,40.0,0.251
2024,76812,이재원,한화,HH,15,0.239,72,152,134,10,32,4,0,1,39,16,2,5,7,1,4,21,4,0.291,0.287,0.578,5,0.306,0.0,5,35,51,0.69,1,0.33,3.2,0.052,12.6,0.202
2024,66715,김인환,한화,HH,16,0.237,51,143,131,11,31,2,0,1,36,7,0,0,10,0,2,32,5,0.275,0.301,0.576,7,0.206,0.154,3,34,34,1.0,2,0.31,3.72,0.038,9.9,0.204
2024,68700,이원석,한화,HH,17,0.233,87,154,133,26,31,4,1,0,37,13,2,1,16,0,2,32,3,0.278,0.322,0.6,6,0.265,0.333,5,34,37,0.92,0,0.5,3.96,0.045,13.7,0.214
2024,71837,김강민,한화,HH,18,0.224,41,87,76,5,17,0,0,1,20,7,0,0,8,0,3,21,1,0.263,0.322,0.585,4,0.2,0.182,1,14,24,0.58,0,0.38,3.72,0.039,7.3,0.211
2024,69766,유로결,한화,HH,19,0.222,23,39,36,6,8,1,0,0,9,4,0,0,3,0,0,11,4,0.25,0.282,0.532,0,0.125,0.0,1,11,6,1.83,0,0.27,4.0,0.028,0.8,0.189
2024,66657,이진영,한화,HH,20,0.204,42,103,93,20,19,6,0,1,28,13,0,0,8,0,2,27,3,0.301,0.282,0.583,5,0.308,0.333,7,27,20,1.35,0,0.3,4.32,0.097,6.9,0.202
2024,68743,정은원,한화,HH,21,0.172,27,78,64,10,11,3,1,1,19,6,1,0,13,0,0,16,0,0.297,0.312,0.609,2,0.2,0.25,5,22,15,1.47,0,0.81,4.37,0.125,7.6,0.215
2024,50704,임종찬,한화,HH,22,0.158,24,64,57,10,9,3,2,0,16,7,0,0,6,0,1,19,2,0.281,0.25,0.531,2,0.19,0.0,5,12,17,0.71,2,0.32,3.66,0.123,3.1,0.183
2024,52704,이상혁,한화,HH,23,0.154,43,15,13,13,2,0,0,0,2,0,0,0,2,0,0,5,0,0.154,0.267,0.421,0,0.0,0.333,0,5,1,5.0,0,0.4,3.8,0.0,0.9,0.159
2024,53754,김서현,한화,HH,24,,1,0,0,0,0,0,0,0,0,0,0,0,0,0,0,0,0,,,,0,0.0,0.0,0,0,0,,0,,,,0.0,0.0
2024,67703,박상원,한화,HH,24,,2,0,0,0,0,0,0,0,0,0,0,0,0,0,0,0,0,,,,0,0.0,0.0,0,0,0,,0,,,,0.0,0.0
2024,76849,이명기,한화,HH,24,0.0,4,8,7,0,0,0,0,0,0,1,1,0,0,0,0,3,0,0.0,0.0,0.0,0,0.0,0.0,0,2,2,1.0,0,0.0,3.63,0.0,-0.6,0.0
2024,51762,장규현,한화,HH,24,0.0,9,7,6,0,0,0,0,0,0,0,0,0,1,0,0,1,0,0.0,0.143,0.143,0,0.0,0.0,0,2,3,0.67,0,1.0,3.86,0.0,-0.2,0.064
2024,79764,장민재,한화,HH,24,,1,0,0,0,0,0,0,0,0,0,0,0,0,0,0,0,0,,,,0,0.0,0.0,0,0,0,,0,,,,0.0,0.0
2024,65707,주현상,한화,HH,24,,2,0,0,0,0,0,0,0,0,0,0,0,0,0,0,0,0,,,,0,0.0,0.0,0,0,0,,0,,,,0.0,0.0
2024,52710,한경빈,한화,HH,24,0.0,1,1,1,0,0,0,0,0,0,0,0,0,0,0,0,1,0,0.0,0.0,0.0,0,0.0,0.0,0,0,0,,0,0.0,4.0,0.0,-0.1,0.0
2024,53827,에레디아,SSG,SK,1,0.36,136,591,541,82,195,31,1,21,291,118,0,9,28,3,13,73,12,0.538,0.399,0.937,59,0.428,0.0,53,128,154,0.83,13,0.38,3.46,0.177,105.2,0.314
2024,54812,정준재,SSG,SK,2,0.307,88,240,215,40,66,8,5,1,87,23,3,0,19,0,3,49,3,0.405,0.371,0.776,16,0.351,0.385,14,57,43,1.33,3,0.39,3.97,0.098,32.4,0.268
2024,67893,박성한,SSG,SK,3,0.301,137,564,489,78,147,24,0,10,201,67,3,6,64,3,2,86,11,0.411,0.38,0.791,42,0.302,0.167,34,139,123,1.13,5,0.74,4.23,0.11,78.5,0.274
2024,75847,최정,SSG,SK,4,0.291,129,550,468,93,136,27,2,37,278,107,0,7,55,1,20,114,10,0.594,0.384,0.978,39,0.284,0.0,66,75,150,0.5,14,0.48,3.84,0.303,103.9,0.321
2024,51817,추신수,SSG,SK,5,0.281,78,302,253,40,71,14,1,5,102,37,2,6,37,0,4,68,2,0.403,0.373,0.776,20,0.286,0.125,20,51,69,0.74,3,0.54,4.02,0.123,43.0,0.269
2024,79456,이지영,SSG,SK,6,0.279,123,432,398,45,111,11,1,5,139,50,7,2,18,0,7,35,10,0.349,0.32,0.669,30,0.269,0.182,17,147,107,1.37,4,0.51,3.2,0.07,44.0,0.231
2024,54805,박지환,SSG,SK,7,0.276,76,249,228,33,63,9,2,4,88,21,3,3,12,0,3,61,3,0.386,0.317,0.703,17,0.246,0.182,15,56,51,1.1,1,0.2,3.7,0.11,28.7,0.239
2024,50854,최지훈,SSG,SK,8,0.275,125,543,483,89,133,22,7,11,202,49,6,2,50,0,2,71,5,0.418,0.345,0.763,39,0.245,0.2,40,117,164,0.71,4,0.7,4.05,0.143,74.4,0.26
2024,60558,오태곤,SSG,SK,9,0.275,117,288,247,43,68,16,0,9,111,36,6,3,31,2,1,73,4,0.449,0.355,0.804,12,0.291,0.167,25,55,54,1.02,3,0.42,3.94,0.174,43.4,0.272
2024,51868,고명준,SSG,SK,10,0.25,106,366,340,33,85,13,0,11,131,45,0,0,25,0,1,90,4,0.385,0.303,0.688,14,0.313,0.0,24,96,69,1.39,3,0.28,3.82,0.135,38.7,0.233
2024,69813,하재훈,SSG,SK,11,0.248,107,317,290,40,72,19,0,10,121,36,2,5,18,0,2,90,5,0.417,0.292,0.709,18,0.177,0.0,29,41,92,0.45,2,0.2,3.87,0.169,38.2,0.236
2024,51865,조형우,SSG,SK,12,0.242,19,38,33,4,8,0,0,0,8,4,0,0,1,0,4,6,0,0.242,0.342,0.584,2,0.364,0.0,0,10,9,1.11,0,0.17,3.37,0.0,3.4,0.214
2024,54815,정현승,SSG,SK,13,0.241,23,31,29,1,7,0,0,1,10,4,0,0,2,0,0,6,0,0.345,0.29,0.635,1,0.333,0.333,1,10,6,1.67,1,0.33,3.58,0.103,3.3,0.217
2024,68868,최준우,SSG,SK,14,0.24,18,34,25,2,6,2,0,0,8,5,0,0,9,0,0,8,0,0.32,0.441,0.761,1,0.25,0.0,2,6,5,1.2,0,1.13,4.0,0.08,4.7,0.278
2024,62895,한유섬,SSG,SK,15,0.235,132,523,464,64,109,29,0,24,210,87,1,3,46,3,9,142,2,0.453,0.314,0.767,28,0.26,0.167,53,90,126,0.71,8,0.32,4.14,0.218,68.9,0.255
2024,76802,김성현,SSG,SK,16,0.227,71,167,141,21,32,3,1,1,40,15,5,1,16,0,4,28,7,0.284,0.321,0.605,9,0.25,0.667,5,49,33,1.48,2,0.57,4.1,0.057,13.2,0.215
2024,66662,신범수,SSG,SK,17,0.222,11,29,27,4,6,3,0,0,9,2,0,0,1,0,1,5,0,0.333,0.276,0.609,1,0.2,0.5,3,6,10,0.6,1,0.2,3.86,0.111,2.4,0.207
2024,62864,김민식,SSG,SK,18,0.208,45,126,106,10,22,5,0,1,30,10,4,0,16,0,0,33,2,0.283,0.311,0.594,7,0.214,0.0,6,18,33,0.55,1,0.48,4.17,0.075,10.1,0.211
2024,62925,강진성,SSG,SK,19,0.185,16,31,27,4,5,0,0,0,5,2,1,0,3,0,0,5,0,0.185,0.267,0.452,0,0.5,0.286,0,9,8,1.13,0,0.6,3.32,0.0,1.5,0.166
2024,66864,안상현,SSG,SK,20,0.171,37,75,70,3,12,1,0,0,13,2,1,0,4,0,0,14,0,0.186,0.216,0.402,1,0.2,0.0,1,21,23,0.91,0,0.29,3.75,0.014,2.1,0.144
2024,69802,최경모,SSG,SK,20,0.171,50,50,35,12,6,0,0,0,6,0,7,0,8,0,0,7,2,0.171,0.326,0.497,0,0.2,0.0,0,16,6,2.67,0,1.14,3.62,0.0,2.7,0.189
2024,68805,최상민,SSG,SK,22,0.167,43,13,12,9,2,2,0,0,4,1,0,0,0,0,1,5,0,0.333,0.231,0.564,0,0.0,0.0,2,3,2,1.5,0,0.0,3.69,0.167,0.9,0.187
2024,50820,전의산,SSG,SK,23,0.088,34,63,57,3,5,0,0,1,8,3,0,1,5,0,0,15,3,0.14,0.159,0.299,0,0.0,0.091,1,18,20,0.9,1,0.33,4.13,0.053,-0.7,0.107
2024,66917,김찬형,SSG,SK,24,0.0,5,9,9,0,0,0,0,0,0,0,0,0,0,0,0,4,0,0.0,0.0,0.0,0,0.0,0.0,0,3,2,1.5,0,0.0,4.11,0.0,-0.8,0.0
2024,69825,김창평,SSG,SK,24,0.0,6,9,7,1,0,0,0,0,0,0,0,0,2,0,0,4,0,0.0,0.222,0.222,0,0.0,0.0,0,2,1,2.0,0,0.5,4.22,0.0,0.2,0.1
2024,50868,류효승,SSG,SK,24,0.0,1,2,2,0,0,0,0,0,0,0,0,0,0,0,0,0,0,0.0,0.0,0.0,0,0.0,0.0,0,0,2,0.0,0,,4.5,0.0,-0.2,0.0
2024,62869,문승원,SSG,SK,24,0.0,6,1,1,0,0,0,0,0,0,0,0,0,0,0,0,1,0,0.0,0.0,0.0,0,0.0,0.0,0,0,0,,0,0.0,5.0,0.0,-0.1,0.0
2024,64893,박민호,SSG,SK,24,,1,0,0,0,0,0,0,0,0,0,0,0,0,0,0,0,0,,,,0,0.0,0.0,0,0,0,,0,,,,0.0,0.0
2024,53892,이로운,SSG,SK,24,,3,0,0,0,0,0,0,0,0,0,0,0,0,0,0,0,0,,,,0,0.0,0.0,0,0,0,,0,,,,0.0,0.0
2024,51897,조병현,SSG,SK,24,,3,0,0,0,0,0,0,0,0,0,0,0,0,0,0,0,0,,,,0,0.0,0.0,0,0,0,,0,,,,0.0,0.0
2024,69804,채현우,SSG,SK,24,,1,0,0,0,0,0,0,0,0,0,0,0,0,0,0,0,0,,,,0,0.0,0.0,0,0,0,,0,,,,0.0,0.0
2024,65157,최민창,SSG,SK,24,0.0,7,3,3,2,0,0,0,0,0,0,0,0,0,0,0,1,0,0.0,0.0,0.0,0,0.0,0.0,0,0,2,0.0,0,0.0,5.33,0.0,-0.3,0.0
2024,68092,한두솔,SSG,SK,24,,1,0,0,0,0,0,0,0,0,0,0,0,0,0,0,0,0,,,,0,0.0,0.0,0,0,0,,0,,,,0.0,0.0
2024,50840,현원회,SSG,SK,24,0.0,1,1,1,0,0,0,0,0,0,0,0,0,0,0,0,1,0,0.0,0.0,0.0,0,0.0,0.0,0,0,0,,0,0.0,3.0,0.0,-0.1,0.0
2024,62404,구자욱,삼성,SS,1,0.343,129,568,493,92,169,39,1,33,309,115,2,6,55,4,12,73,6,0.627,0.417,1.044,52,0.341,0.0,73,128,129,0.99,12,0.75,3.8,0.284,118.5,0.344
2024,54444,카디네스,삼성,SS,2,0.333,7,25,24,2,8,2,0,2,16,5,0,0,1,0,0,6,1,0.667,0.36,1.027,3,0.429,0.0,4,5,5,1.0,1,0.17,4.04,0.333,4.5,0.329
2024,50458,김지찬,삼성,SS,3,0.316,135,535,453,102,143,16,3,3,174,36,12,1,60,2,9,40,5,0.384,0.405,0.789,38,0.24,0.333,22,153,118,1.3,3,1.5,3.78,0.068,79.8,0.278
2024,74540,강민호,삼성,SS,4,0.303,136,452,403,48,122,19,1,19,200,77,0,6,35,2,8,52,17,0.496,0.365,0.861,31,0.274,0.182,39,124,111,1.12,9,0.67,3.46,0.194,68.8,0.288
2024,61404,김헌곤,삼성,SS,5,0.302,117,311,281,43,85,8,1,9,122,34,4,1,22,0,3,50,5,0.434,0.358,0.792,19,0.299,0.333,18,70,77,0.91,3,0.44,4.13,0.132,42.5,0.27
2024,54424,맥키넌,삼성,SS,6,0.294,72,315,272,28,80,13,0,4,105,36,0,3,39,3,1,33,6,0.386,0.381,0.767,24,0.27,0.0,17,55,107,0.51,3,1.18,3.71,0.092,41.5,0.268
2024,68463,윤정빈,삼성,SS,7,0.286,69,188,161,26,46,4,1,7,73,20,0,2,22,0,3,47,1,0.453,0.378,0.831,14,0.189,0.25,12,37,33,1.12,3,0.47,4.21,0.168,28.4,0.283
2024,54400,디아즈,삼성,SS,8,0.282,29,118,110,14,31,5,0,7,57,19,0,0,6,0,2,25,2,0.518,0.331,0.849,8,0.188,0.0,12,19,35,0.54,3,0.24,3.95,0.236,17.9,0.278
2024,52415,이재현,삼성,SS,9,0.26,109,458,389,71,101,18,1,14,163,66,0,3,58,1,8,83,8,0.419,0.365,0.784,27,0.33,0.25,33,87,121,0.72,5,0.7,4.38,0.159,62.1,0.269
2024,62234,류지혁,삼성,SS,10,0.258,100,348,302,43,78,9,1,3,98,36,5,2,33,0,6,70,7,0.325,0.341,0.666,21,0.279,0.143,13,93,63,1.48,3,0.47,3.89,0.066,35.9,0.235
2024,52430,김영웅,삼성,SS,11,0.252,126,509,456,65,115,16,3,28,221,79,1,4,45,0,3,155,2,0.485,0.321,0.806,26,0.31,0.167,47,78,112,0.7,8,0.29,3.83,0.232,75.1,0.266
2024,64793,김민수,삼성,SS,12,0.25,9,8,8,1,2,0,0,1,5,3,0,0,0,0,0,1,0,0.625,0.25,0.875,0,1.0,0.0,1,3,2,1.5,0,0.0,3.13,0.375,1.4,0.269
2024,69428,이병헌,삼성,SS,13,0.248,95,166,145,9,36,4,0,1,43,9,2,0,17,0,2,48,0,0.297,0.335,0.632,9,0.176,0.2,5,28,33,0.85,0,0.35,3.99,0.048,16.2,0.225
2024,67449,김성윤,삼성,SS,14,0.243,32,89,74,15,18,4,0,0,22,6,3,2,9,0,1,16,1,0.297,0.326,0.623,4,0.286,0.333,4,29,13,2.23,1,0.56,3.36,0.054,8.8,0.221
2024,66409,이성규,삼성,SS,15,0.242,122,355,302,56,73,10,1,22,151,57,4,3,31,0,15,109,5,0.5,0.339,0.839,15,0.284,0.174,33,46,77,0.6,5,0.28,4.07,0.258,54.5,0.278
2024,53400,김재상,삼성,SS,16,0.238,35,91,84,13,20,4,0,2,30,12,1,1,5,0,0,23,0,0.357,0.278,0.635,4,0.222,0.25,6,26,16,1.63,0,0.22,3.6,0.119,9.6,0.214
2024,75125,박병호,삼성,SS,17,0.231,120,406,350,52,81,7,0,23,157,70,0,2,47,0,7,121,13,0.449,0.333,0.782,16,0.255,0.267,30,66,84,0.79,8,0.39,4.14,0.217,53.5,0.262
2024,65586,전병우,삼성,SS,18,0.225,58,128,111,17,25,5,0,5,45,14,0,2,14,0,1,42,3,0.405,0.313,0.718,3,0.222,0.167,10,20,26,0.77,1,0.33,4.3,0.18,14.6,0.242
2024,51417,김현준,삼성,SS,19,0.224,79,205,183,23,41,10,1,0,53,11,4,3,11,0,4,49,4,0.29,0.279,0.569,8,0.225,0.3,11,59,37,1.59,1,0.22,3.86,0.066,15.3,0.198
2024,66406,안주형,삼성,SS,20,0.218,82,166,142,24,31,2,0,0,33,8,12,0,11,0,1,39,3,0.232,0.279,0.511,4,0.231,0.0,2,44,28,1.57,0,0.28,3.77,0.014,9.2,0.184
2024,65132,김재성,삼성,SS,21,0.2,10,23,20,3,4,1,0,0,5,1,0,0,3,0,0,5,1,0.25,0.304,0.554,1,0.333,0.0,1,7,4,1.75,0,0.6,4.0,0.05,1.4,0.199
2024,65040,김태훈,삼성,SS,21,0.2,12,21,20,2,4,1,0,0,5,1,0,0,0,0,1,3,1,0.25,0.238,0.488,1,0.2,0.286,1,6,7,0.86,1,0.0,3.48,0.05,0.7,0.17
2024,51407,이창용,삼성,SS,23,0.19,9,21,21,1,4,1,0,0,5,2,0,0,0,0,0,4,0,0.238,0.19,0.428,0,0.125,0.5,1,7,6,1.17,0,0.0,2.95,0.048,0.7,0.145
2024,52424,김재혁,삼성,SS,24,0.184,35,54,49,6,9,2,1,0,13,6,0,2,3,0,0,19,2,0.265,0.222,0.487,2,0.095,0.167,3,13,10,1.3,2,0.16,4.02,0.082,2.5,0.166
2024,54408,양도근,삼성,SS,25,0.174,16,29,23,5,4,0,1,0,6,2,1,0,5,0,0,8,0,0.261,0.321,0.582,1,0.0,0.0,1,7,4,1.75,0,0.63,4.1,0.087,2.5,0.21
2024,66838,김동엽,삼성,SS,26,0.111,8,21,18,1,2,1,0,0,3,2,0,1,1,1,1,5,0,0.167,0.19,0.357,1,0.0,0.0,1,7,5,1.4,0,0.2,3.62,0.056,0.7,0.127
2024,51403,김동진,삼성,SS,27,0.108,30,42,37,5,4,0,0,1,7,2,2,0,3,0,0,10,1,0.189,0.175,0.364,0,0.333,0.25,1,14,9,1.56,0,0.3,3.05,0.081,0.6,0.126
2024,64610,강한울,삼성,SS,28,0.095,18,25,21,1,2,0,0,0,2,1,3,1,0,0,0,6,1,0.095,0.091,0.186,0,0.167,0.0,0,8,6,1.33,0,0.0,3.8,0.0,-0.6,0.065
2024,68407,공민규,삼성,SS,29,0.071,12,17,14,1,1,0,0,1,4,2,0,0,1,0,2,9,1,0.286,0.235,0.521,0,0.0,0.0,1,1,3,0.33,0,0.11,4.24,0.214,0.8,0.177
2024,54460,김호진,삼성,SS,30,0.069,26,32,29,4,2,0,0,0,2,3,0,1,1,0,1,11,1,0.069,0.125,0.194,0,0.125,0.0,0,9,8,1.13,0,0.09,3.19,0.0,-0.8,0.074
2024,61365,김대우,삼성,SS,31,,1,0,0,0,0,0,0,0,0,0,0,0,0,0,0,0,0,,,,0,0.0,0.0,0,0,0,,0,,,,0.0,0.0
2024,69442,김도환,삼성,SS,31,0.0,1,3,3,0,0,0,0,0,0,0,0,0,0,0,0,1,0,0.0,0.0,0.0,0,0.0,0.0,0,0,2,0.0,0,0.0,4.33,0.0,-0.3,0.0
2024,65062,김재윤,삼성,SS,31,,3,0,0,0,0,0,0,0,0,0,0,0,0,0,0,0,0,,,,0,0.0,0.0,0,0,0,,0,,,,0.0,0.0
2024,62360,김태훈,삼성,SS,31,,1,0,0,0,0,0,0,0,0,0,0,0,0,0,0,0,0,,,,0,0.0,0.0,0,0,0,,0,,,,0.0,0.0
2024,53404,류승민,삼성,SS,31,0.0,5,3,1,1,0,0,0,0,0,0,0,0,2,0,0,1,0,0.0,0.667,0.667,0,0.0,0.0,0,0,0,,0,2.0,5.67,0.0,0.6,0.3
2024,69403,양우현,삼성,SS,31,0.0,7,15,13,0,0,0,0,0,0,1,1,0,1,0,0,6,1,0.0,0.071,0.071,0,0.0,0.0,0,5,2,2.5,0,0.17,3.93,0.0,-1.2,0.032
2024,75421,오승환,삼성,SS,31,,2,0,0,0,0,0,0,0,0,0,0,0,0,0,0,0,0,,,,0,0.0,0.0,0,0,0,,0,,,,0.0,0.0
2024,54404,육선엽,삼성,SS,31,,1,0,0,0,0,0,0,0,0,0,0,0,0,0,0,0,0,,,,0,0.0,0.0,0,0,0,,0,,,,0.0,0.0
2024,63960,이상민,삼성,SS,31,,1,0,0,0,0,0,0,0,0,0,0,0,0,0,0,0,0,,,,0,0.0,0.0,0,0,0,,0,,,,0.0,0.0
2024,67421,최지광,삼성,SS,31,,1,0,0,0,0,0,0,0,0,0,0,0,0,0,0,0,0,,,,0,0.0,0.0,0,0,0,,0,,,,0.0,0.0
2024,50906,박영빈,NC,NC,1,0.5,19,7,6,3,3,2,0,0,5,1,0,0,1,0,0,3,0,0.833,0.571,1.404,0,0.0,0.0,2,0,0,,0,0.33,4.43,0.333,2.0,0.465
2024,79215,박건우,NC,NC,2,0.344,89,362,323,58,111,23,1,13,175,53,0,2,33,3,4,54,7,0.542,0.409,0.951,33,0.375,1.0,37,69,91,0.76,6,0.61,3.69,0.198,65.0,0.32
2024,62907,박민우,NC,NC,3,0.328,121,528,457,75,150,26,2,8,204,50,4,4,54,4,9,79,5,0.446,0.406,0.852,43,0.314,0.0,36,106,126,0.84,3,0.68,3.9,0.118,85.4,0.294
2024,50902,김한별,NC,NC,4,0.318,40,50,44,8,14,1,0,0,15,3,0,0,2,0,4,9,2,0.341,0.4,0.741,2,0.357,0.333,1,12,9,1.33,0,0.22,3.92,0.023,5.7,0.265
2024,54944,데이비슨,NC,NC,5,0.306,131,567,504,90,154,25,1,46,319,119,0,7,39,5,17,142,12,0.633,0.37,1.003,45,0.255,0.0,72,83,132,0.63,9,0.27,3.78,0.327,110.1,0.325
2024,63963,권희동,NC,NC,6,0.3,123,511,416,66,125,22,1,13,188,77,2,6,77,1,10,63,10,0.452,0.417,0.869,31,0.391,1.0,36,113,121,0.93,8,1.22,4.54,0.151,82.2,0.301
2024,64022,안중열,NC,NC,7,0.286,10,25,21,5,6,1,0,2,13,4,0,1,3,0,0,7,0,0.619,0.36,0.979,1,0.143,0.0,3,3,6,0.5,0,0.43,4.32,0.333,5.1,0.317
2024,77532,손아섭,NC,NC,8,0.285,84,355,333,45,95,16,0,7,132,50,2,4,16,0,0,65,1,0.396,0.314,0.71,22,0.272,0.143,23,112,65,1.72,6,0.25,3.79,0.111,42.7,0.24
2024,69995,서호철,NC,NC,9,0.285,141,567,512,68,146,19,3,10,201,61,6,3,30,0,16,101,15,0.393,0.342,0.735,38,0.243,0.0,32,141,127,1.11,4,0.3,3.78,0.107,65.1,0.252
2024,67905,천재환,NC,NC,10,0.284,89,236,215,31,61,9,1,5,87,33,3,1,13,0,4,52,7,0.405,0.335,0.74,14,0.327,0.273,15,47,56,0.84,0,0.25,3.73,0.121,27.9,0.252
2024,69992,최정원,NC,NC,11,0.282,65,155,131,33,37,5,0,1,45,14,1,2,17,0,4,34,1,0.344,0.377,0.721,9,0.273,0.25,6,42,20,2.1,3,0.5,4.12,0.061,19.7,0.256
2024,62244,박세혁,NC,NC,12,0.264,82,171,148,21,39,9,0,1,51,10,5,1,14,0,3,43,3,0.345,0.337,0.682,8,0.114,0.313,10,27,40,0.68,1,0.33,3.94,0.081,18.2,0.238
2024,51344,김휘집,NC,NC,13,0.258,140,562,488,78,126,24,1,16,200,73,4,8,52,1,10,119,16,0.41,0.337,0.747,33,0.282,0.0,41,91,160,0.57,8,0.44,4.14,0.152,68.3,0.254
2024,51907,김주원,NC,NC,14,0.252,134,475,385,61,97,18,2,9,146,49,9,5,51,1,25,111,5,0.379,0.371,0.75,26,0.243,0.0,29,72,110,0.65,3,0.46,4.07,0.127,62.3,0.262
2024,64101,한석현,NC,NC,15,0.247,40,76,73,10,18,4,1,0,24,3,0,0,2,0,1,22,2,0.329,0.276,0.605,6,0.063,0.333,5,18,15,1.2,0,0.09,3.63,0.082,5.6,0.206
2024,50996,박시원,NC,NC,16,0.234,55,158,141,17,33,5,1,2,46,17,2,1,14,0,0,46,2,0.326,0.301,0.627,6,0.314,0.125,8,31,32,0.97,1,0.3,3.97,0.092,14.9,0.217
2024,67900,김수윤,NC,NC,17,0.222,9,10,9,0,2,0,0,0,2,0,0,0,1,0,0,4,0,0.222,0.3,0.522,0,0.0,0.5,0,1,2,0.5,0,0.25,3.6,0.0,0.7,0.191
2024,50903,한재환,NC,NC,17,0.222,7,9,9,1,2,1,0,0,3,1,0,0,0,0,0,3,0,0.333,0.222,0.555,0,0.0,0.0,1,3,1,3.0,0,0.0,3.33,0.111,0.6,0.183
2024,66965,도태훈,NC,NC,19,0.214,100,181,145,20,31,4,0,0,35,15,4,2,24,0,6,29,5,0.241,0.345,0.586,8,0.238,0.118,4,42,45,0.93,1,0.83,4.04,0.028,15.3,0.216
2024,62934,김성욱,NC,NC,20,0.204,129,412,358,55,73,8,2,17,136,60,3,5,31,0,15,79,7,0.38,0.291,0.671,14,0.245,0.0,27,80,131,0.61,3,0.39,4.02,0.176,44.6,0.226
2024,69203,송승환,NC,NC,21,0.2,3,5,5,1,1,0,0,0,1,0,0,0,0,0,0,1,0,0.2,0.2,0.4,0,0.0,0.5,0,2,1,2.0,0,0.0,3.0,0.0,0.1,0.14
2024,68904,오영수,NC,NC,21,0.2,20,34,30,4,6,0,0,3,15,5,0,1,2,0,1,6,0,0.5,0.265,0.765,0,0.083,0.286,3,3,16,0.19,0,0.33,4.24,0.3,5.0,0.244
2024,68912,김형준,NC,NC,23,0.195,119,414,354,39,69,12,0,17,132,50,7,6,45,0,2,144,6,0.373,0.285,0.658,15,0.19,0.2,29,57,90,0.63,6,0.31,4.21,0.178,42.6,0.222
2024,53992,박한결,NC,NC,24,0.185,28,71,65,8,12,1,0,7,34,14,0,0,6,0,0,29,1,0.523,0.254,0.777,3,0.133,0.2,8,10,14,0.71,0,0.21,4.01,0.338,9.5,0.245
2024,69980,김범준,NC,NC,25,0.0,5,5,5,0,0,0,0,0,0,0,0,0,0,0,0,2,1,0.0,0.0,0.0,0,0.0,0.0,0,2,1,2.0,0,0.0,3.0,0.0,-0.8,0.0
2024,54905,김세훈,NC,NC,25,0.0,7,5,4,0,0,0,0,0,0,0,0,0,1,0,0,2,0,0.0,0.2,0.2,0,0.0,0.0,0,2,0,,0,0.5,4.4,0.0,0.0,0.09
2024,68900,김영규,NC,NC,25,,1,0,0,0,0,0,0,0,0,0,0,0,0,0,0,0,0,,,,0,0.0,0.0,0,0,0,,0,,,,0.0,0.0
2024,64580,김재열,NC,NC,25,,1,0,0,0,0,0,0,0,0,0,0,0,0,0,0,0,0,,,,0,0.0,0.0,0,0,0,,0,,,,0.0,0.0
2024,65949,류진욱,NC,NC,25,,1,0,0,0,0,0,0,0,0,0,0,0,0,0,0,0,0,,,,0,0.0,0.0,0,0,0,,0,,,,0.0,0.0
2024,69962,송명기,NC,NC,25,,1,0,0,0,0,0,0,0,0,0,0,0,0,0,0,0,0,,,,0,0.0,0.0,0,0,0,,0,,,,0.0,0.0
2024,53991,신용석,NC,NC,25,0.0,2,2,2,0,0,0,0,0,0,0,0,0,0,0,0,0,1,0.0,0.0,0.0,0,0.0,0.0,0,2,0,,0,,3.0,0.0,-0.6,0.0
2024,51994,한재승,NC,NC,25,,1,0,0,0,0,0,0,0,0,0,0,0,0,0,0,0,0,,,,0,0.0,0.0,0,0,0,,0,,,,0.0,0.0
2024,73113,박경수,KT,KT,1,0.667,5,3,3,2,2,1,0,0,3,1,0,0,0,0,0,1,0,1.0,0.667,1.667,0,1.0,0.5,1,0,0,,0,0.0,3.67,0.333,1.1,0.55
2024,52002,김병준,KT,KT,2,0.357,35,16,14,9,5,0,0,0,5,1,0,0,2,0,0,2,0,0.357,0.438,0.795,1,0.25,0.0,0,4,3,1.33,0,1.0,3.56,0.0,2.4,0.286
2024,64004,김민혁,KT,KT,3,0.353,115,393,351,47,124,14,3,1,147,34,3,3,35,1,1,45,9,0.419,0.41,0.829,36,0.315,0.222,18,124,61,2.03,2,0.78,3.64,0.066,57.0,0.289
2024,67025,로하스,KT,KT,4,0.329,144,670,572,108,188,39,1,32,325,112,0,4,88,9,6,115,10,0.568,0.421,0.989,54,0.313,0.0,72,112,161,0.7,12,0.77,4.0,0.24,126.7,0.331
2024,50066,강현우,KT,KT,5,0.308,18,36,26,4,8,1,0,1,12,8,2,0,8,0,0,10,0,0.462,0.471,0.933,2,0.286,0.0,2,5,3,1.67,1,0.8,3.97,0.154,6.3,0.327
2024,68089,조대현,KT,KT,6,0.306,26,45,36,2,11,2,0,0,13,3,5,1,3,0,0,12,1,0.361,0.35,0.711,2,0.143,0.0,2,4,10,0.4,0,0.25,3.58,0.056,4.8,0.248
2024,50054,천성호,KT,KT,7,0.295,75,255,234,41,69,8,3,1,86,17,1,1,18,0,1,43,5,0.368,0.346,0.714,18,0.346,0.2,12,82,41,2.0,2,0.42,3.61,0.073,29.9,0.248
2024,64504,오윤석,KT,KT,8,0.293,73,201,174,33,51,12,2,6,85,27,3,2,18,0,4,41,7,0.489,0.369,0.858,14,0.174,0.5,20,50,34,1.47,2,0.44,3.82,0.195,28.9,0.288
2024,68050,강백호,KT,KT,9,0.289,144,614,550,92,159,27,0,26,264,96,0,2,59,4,3,127,6,0.48,0.36,0.84,43,0.28,0.25,53,139,127,1.09,9,0.46,4.0,0.191,93.4,0.282
2024,62556,신본기,KT,KT,10,0.279,84,152,122,18,34,3,0,3,46,19,9,2,16,0,3,28,3,0.377,0.371,0.748,5,0.233,0.5,6,33,29,1.14,0,0.57,3.7,0.098,19.1,0.261
2024,79402,김상수,KT,KT,11,0.276,113,420,369,60,102,18,4,4,140,45,7,1,37,0,6,59,12,0.379,0.351,0.73,22,0.286,0.25,26,92,117,0.79,3,0.63,3.89,0.103,47.1,0.253
2024,64166,배정대,KT,KT,12,0.275,113,473,404,49,111,25,1,7,159,59,8,7,50,1,4,114,5,0.394,0.355,0.749,30,0.302,1.0,33,86,100,0.86,3,0.44,4.0,0.119,59.5,0.258
2024,78548,장성우,KT,KT,13,0.268,131,489,418,53,112,19,0,19,188,81,2,8,60,1,1,86,8,0.45,0.355,0.805,30,0.271,0.133,38,90,138,0.65,14,0.7,4.09,0.182,71.4,0.272
2024,64006,심우준,KT,KT,14,0.266,53,192,169,22,45,4,0,3,58,28,5,0,17,0,1,29,3,0.343,0.337,0.68,12,0.412,1.0,7,51,44,1.16,5,0.59,4.1,0.077,21.0,0.237
2024,76313,황재균,KT,KT,15,0.26,137,536,493,60,128,22,0,13,189,58,5,2,34,0,2,95,16,0.383,0.309,0.692,34,0.238,0.2,35,113,159,0.71,5,0.36,3.84,0.124,53.5,0.235
2024,64007,문상철,KT,KT,16,0.256,125,403,347,50,89,11,0,17,151,58,1,3,45,2,7,86,8,0.435,0.351,0.786,23,0.27,0.25,28,79,96,0.82,3,0.52,4.03,0.179,55.4,0.267
2024,67006,안치영,KT,KT,17,0.25,31,48,44,12,11,0,0,0,11,3,2,0,2,0,0,12,0,0.25,0.283,0.533,2,0.182,0.0,0,10,11,0.91,0,0.17,4.13,0.0,2.9,0.19
2024,64868,조용호,KT,KT,18,0.248,60,165,149,17,37,5,0,0,42,13,3,0,13,0,0,25,5,0.282,0.309,0.591,8,0.286,0.25,5,48,39,1.23,1,0.52,3.73,0.034,12.6,0.21
2024,75334,오재일,KT,KT,19,0.243,105,343,296,33,72,18,1,11,125,45,0,9,36,0,2,88,7,0.422,0.321,0.743,15,0.299,0.296,30,47,98,0.48,4,0.41,3.77,0.179,43.6,0.25
2024,62558,김준태,KT,KT,20,0.24,23,30,25,6,6,2,0,0,8,3,0,0,5,0,0,6,0,0.32,0.367,0.687,0,0.333,0.0,2,6,7,0.86,0,0.83,3.8,0.08,3.4,0.245
2024,53058,정준영,KT,KT,21,0.226,43,74,62,9,14,2,0,0,16,3,3,0,8,0,1,16,1,0.258,0.324,0.582,3,0.143,0.0,2,22,10,2.2,0,0.5,4.03,0.032,5.8,0.21
2024,51003,권동진,KT,KT,22,0.222,9,10,9,3,2,0,0,0,2,0,0,0,1,0,0,2,0,0.222,0.3,0.522,1,0.333,0.0,0,3,2,1.5,0,0.5,4.1,0.0,0.7,0.191
2024,67005,홍현빈,KT,KT,22,0.222,28,22,18,5,4,0,1,0,6,2,1,0,3,0,0,7,0,0.333,0.333,0.666,0,1.0,0.0,1,4,3,1.33,1,0.43,4.45,0.111,2.3,0.233
2024,69056,박민석,KT,KT,24,0.214,20,14,14,6,3,0,0,0,3,0,0,0,0,0,0,7,0,0.214,0.214,0.428,0,0.25,0.0,0,3,1,3.0,0,0.0,4.57,0.0,0.1,0.15
2024,64012,송민섭,KT,KT,24,0.214,36,20,14,8,3,0,0,0,3,1,1,0,3,0,2,6,0,0.214,0.421,0.635,1,0.143,0.0,0,3,2,1.5,0,0.5,4.5,0.0,1.9,0.243
2024,52001,안현민,KT,KT,26,0.2,16,29,25,5,5,0,1,1,10,2,0,1,2,0,1,10,0,0.4,0.276,0.676,1,0.0,0.0,2,7,4,1.75,0,0.2,3.69,0.2,3.5,0.224
2024,50092,윤준혁,KT,KT,27,0.176,13,18,17,3,3,2,0,0,5,0,0,0,1,0,0,6,0,0.294,0.222,0.516,0,0.2,0.0,2,2,6,0.33,0,0.17,3.0,0.118,1.0,0.173
2024,68504,이호연,KT,KT,28,0.146,27,43,41,3,6,1,0,0,7,0,1,0,1,0,0,12,2,0.171,0.167,0.338,1,0.0,0.125,1,10,13,0.77,0,0.08,3.98,0.024,-0.4,0.118
2024,51005,김건형,KT,KT,29,0.125,13,25,24,2,3,1,0,0,4,1,0,0,1,0,0,8,0,0.167,0.16,0.327,1,0.0,0.0,1,8,5,1.6,0,0.13,4.16,0.042,0.1,0.114
2024,64115,장준원,KT,KT,30,0.071,17,18,14,1,1,0,0,0,1,0,0,0,4,0,0,5,0,0.071,0.278,0.349,0,0.0,0.0,0,4,4,1.0,0,0.8,4.39,0.0,0.7,0.143
2024,53006,강건,KT,KT,31,,1,0,0,0,0,0,0,0,0,0,0,0,0,0,0,0,0,,,,0,0.0,0.0,0,0,0,,0,,,,0.0,0.0
2024,69064,강민성,KT,KT,31,0.0,1,1,1,0,0,0,0,0,0,0,0,0,0,0,0,0,0,0.0,0.0,0.0,0,0.0,0.0,0,0,1,0.0,0,,5.0,0.0,-0.1,0.0
2024,68043,김민,KT,KT,31,,1,0,0,0,0,0,0,0,0,0,0,0,0,0,0,0,0,,,,0,0.0,0.0,0,0,0,,0,,,,0.0,0.0
2024,51097,김영현,KT,KT,31,,1,0,0,0,0,0,0,0,0,0,0,0,0,0,0,0,0,,,,0,0.0,0.0,0,0,0,,0,,,,0.0,0.0
2024,66047,박세진,KT,KT,31,,1,0,0,0,0,0,0,0,0,0,0,0,0,0,0,0,0,,,,0,0.0,0.0,0,0,0,,0,,,,0.0,0.0
2024,60559,박시영,KT,KT,31,,1,0,0,0,0,0,0,0,0,0,0,0,0,0,0,0,0,,,,0,0.0,0.0,0,0,0,,0,,,,0.0,0.0
2024,52060,박영현,KT,KT,31,,6,0,0,0,0,0,0,0,0,0,0,0,0,0,0,0,0,,,,0,0.0,0.0,0,0,0,,0,,,,0.0,0.0
2024,50109,성재헌,KT,KT,31,,2,0,0,0,0,0,0,0,0,0,0,0,0,0,0,0,0,,,,0,0.0,0.0,0,0,0,,0,,,,0.0,0.0
2024,69041,손동현,KT,KT,31,,2,0,0,0,0,0,0,0,0,0,0,0,0,0,0,0,0,,,,0,0.0,0.0,0,0,0,,0,,,,0.0,0.0
2024,73117,우규민,KT,KT,31,,2,0,0,0,0,0,0,0,0,0,0,0,0,0,0,0,0,,,,0,0.0,0.0,0,0,0,,0,,,,0.0,0.0
2024,69068,이선우,KT,KT,31,,3,0,0,0,0,0,0,0,0,0,0,0,0,0,0,0,0,,,,0,0.0,0.0,0,0,0,,0,,,,0.0,0.0
2024,65060,주권,KT,KT,31,,2,0,0,0,0,0,0,0,0,0,0,0,0,0,0,0,0,,,,0,0.0,0.0,0,0,0,,0,,,,0.0,0.0
2024,54567,강성우,롯데,LT,1,0.5,2,3,2,0,1,0,0,0,1,0,1,0,0,0,0,0,0,0.5,0.5,1.0,0,0.0,0.0,0,0,1,0.0,0,,2.0,0.0,0.1,0.35
2024,50608,이인한,롯데,LT,1,0.5,5,5,4,0,2,0,0,0,2,2,0,0,0,0,1,1,0,0.5,0.6,1.1,0,1.0,0.5,0,0,1,0.0,0,0.0,3.0,0.0,1.2,0.395
2024,54529,레이예스,롯데,LT,3,0.352,144,632,574,88,202,40,3,15,293,111,0,11,46,2,1,82,16,0.51,0.394,0.904,61,0.395,0.0,58,168,133,1.26,13,0.56,3.87,0.159,106.2,0.305
2024,54598,이호준,롯데,LT,4,0.333,12,7,6,5,2,1,1,0,5,3,0,0,1,0,0,1,0,0.833,0.429,1.262,1,0.5,0.0,2,2,1,2.0,0,1.0,4.57,0.5,1.7,0.401
2024,50500,황성빈,롯데,LT,5,0.32,125,406,366,94,117,15,8,4,160,26,6,1,31,0,2,56,3,0.437,0.375,0.812,32,0.333,0.375,27,112,82,1.37,1,0.55,3.83,0.117,63.7,0.278
2024,50150,손호영,롯데,LT,6,0.317,102,430,398,70,126,26,4,18,214,78,1,5,17,2,9,65,6,0.538,0.354,0.892,37,0.331,0.0,48,92,120,0.77,7,0.26,3.26,0.221,71.1,0.294
2024,51551,나승엽,롯데,LT,7,0.312,121,489,407,59,127,35,4,7,191,66,2,7,69,1,4,83,4,0.469,0.411,0.88,33,0.354,0.4,46,88,116,0.76,5,0.83,4.05,0.157,80.2,0.302
2024,69517,고승민,롯데,LT,8,0.308,120,532,481,79,148,27,6,14,229,87,1,8,41,0,1,78,10,0.476,0.358,0.834,42,0.307,0.667,47,124,139,0.89,6,0.53,3.85,0.168,78.9,0.28
2024,67644,이정훈,롯데,LT,9,0.3,65,116,100,10,30,8,0,0,38,18,1,2,13,1,0,21,4,0.38,0.374,0.754,4,0.324,0.263,8,31,20,1.55,2,0.62,4.09,0.08,13.9,0.263
2024,52591,윤동희,롯데,LT,10,0.293,141,613,532,97,156,35,4,14,241,85,2,5,67,1,7,114,10,0.453,0.376,0.829,43,0.319,0.25,53,134,133,1.01,6,0.59,4.26,0.16,88.3,0.282
2024,78513,전준우,롯데,LT,11,0.293,109,483,423,57,124,26,2,17,205,82,1,5,49,0,5,84,11,0.485,0.369,0.854,37,0.243,0.0,45,102,118,0.86,5,0.58,3.83,0.191,73.6,0.287
2024,60523,정훈,롯데,LT,12,0.267,109,325,285,31,76,20,0,9,123,47,1,4,35,0,0,63,3,0.432,0.343,0.775,19,0.292,0.207,29,71,79,0.9,5,0.56,3.98,0.165,43.7,0.262
2024,69453,이학주,롯데,LT,13,0.263,43,105,95,13,25,2,2,2,37,4,2,0,6,0,2,44,0,0.389,0.32,0.709,6,0.15,0.0,6,9,17,0.53,0,0.14,4.19,0.126,11.7,0.241
2024,62802,박승욱,롯데,LT,14,0.262,139,468,405,57,106,19,1,7,148,53,3,3,47,3,10,120,7,0.365,0.351,0.716,27,0.246,0.0,27,98,84,1.17,6,0.39,3.88,0.104,53.3,0.249
2024,68525,한동희,롯데,LT,15,0.257,14,36,35,1,9,2,0,0,11,3,0,0,1,1,0,9,1,0.314,0.278,0.592,1,0.182,0.333,2,6,11,0.55,1,0.11,3.56,0.057,2.4,0.204
2024,62884,최항,롯데,LT,16,0.25,72,143,132,17,33,3,1,0,38,12,0,0,10,0,1,32,3,0.288,0.308,0.596,7,0.239,0.286,4,36,31,1.16,2,0.31,4.09,0.038,10.8,0.211
2024,68518,정보근,롯데,LT,17,0.226,89,140,133,9,30,0,1,2,38,7,4,0,3,0,0,31,5,0.286,0.243,0.529,4,0.2,0.0,3,37,35,1.06,0,0.1,3.4,0.06,6.9,0.181
2024,62931,노진혁,롯데,LT,18,0.219,73,157,137,13,30,6,0,2,42,13,2,2,15,1,1,39,1,0.307,0.297,0.604,7,0.171,0.188,8,30,40,0.75,0,0.38,3.87,0.088,14.1,0.21
2024,53554,김민석,롯데,LT,19,0.211,41,83,76,14,16,3,1,0,21,6,1,0,2,0,4,20,4,0.276,0.268,0.544,2,0.286,0.125,4,21,19,1.11,1,0.1,3.43,0.066,4.5,0.19
2024,52504,김동혁,롯데,LT,20,0.2,39,17,15,8,3,0,1,0,5,1,0,0,2,0,0,5,0,0.333,0.294,0.627,0,0.333,0.0,1,5,2,2.5,0,0.4,4.06,0.133,1.8,0.216
2024,77564,김민성,롯데,LT,20,0.2,35,84,70,6,14,5,0,2,25,8,0,1,10,0,3,18,1,0.357,0.321,0.678,1,0.2,0.429,7,12,27,0.44,1,0.56,4.2,0.157,8.9,0.234
2024,78756,오선진,롯데,LT,20,0.2,26,29,20,0,4,1,0,0,5,0,5,0,2,0,2,8,0,0.25,0.333,0.583,0,0.143,0.5,1,3,5,0.6,0,0.25,3.48,0.05,2.3,0.212
2024,51528,손성빈,롯데,LT,23,0.197,86,171,152,24,30,6,2,6,58,21,1,2,13,0,3,38,3,0.382,0.271,0.653,5,0.189,0.0,14,38,48,0.79,1,0.34,4.18,0.184,16.9,0.217
2024,61102,유강남,롯데,LT,24,0.191,52,155,136,11,26,3,0,5,44,20,2,1,9,0,7,25,4,0.324,0.275,0.599,5,0.234,0.0,8,50,36,1.39,0,0.36,3.84,0.132,12.7,0.205
2024,51560,이주찬,롯데,LT,25,0.167,17,25,24,7,4,1,0,1,8,2,0,0,1,0,0,9,1,0.333,0.2,0.533,0,0.25,0.5,2,7,4,1.75,1,0.11,3.72,0.167,1.3,0.173
2024,69508,신윤후,롯데,LT,26,0.161,39,35,31,5,5,0,0,0,5,1,1,0,1,0,2,8,1,0.161,0.235,0.396,0,0.125,0.0,0,5,13,0.38,1,0.13,4.23,0.0,0.8,0.146
2024,68507,장두성,롯데,LT,27,0.156,71,37,32,23,5,0,0,0,5,1,0,0,3,0,2,9,2,0.156,0.27,0.426,0,0.143,0.0,0,13,5,2.6,0,0.33,3.68,0.0,2.5,0.161
2024,53569,서동욱,롯데,LT,28,0.115,33,27,26,2,3,1,0,0,4,0,0,0,0,0,1,8,1,0.154,0.148,0.302,0,0.0,1.0,1,8,7,1.14,0,0.0,3.81,0.038,-0.4,0.105
2024,54506,강승구,롯데,LT,29,0.0,5,2,2,0,0,0,0,0,0,0,0,0,0,0,0,1,0,0.0,0.0,0.0,0,0.0,0.0,0,1,0,,0,0.0,4.0,0.0,-0.2,0.0
2024,65514,강태율,롯데,LT,29,0.0,10,10,10,0,0,0,0,0,0,0,0,0,0,0,0,4,0,0.0,0.0,0.0,0,0.0,0.0,0,2,4,0.5,0,0.0,3.4,0.0,-0.9,0.0
2024,65522,김강현,롯데,LT,29,,2,0,0,0,0,0,0,0,0,0,0,0,0,0,0,0,0,,,,0,0.0,0.0,0,0,0,,0,,,,0.0,0.0
2024,76430,김태혁,롯데,LT,29,,1,0,0,0,0,0,0,0,0,0,0,0,0,0,0,0,0,,,,0,0.0,0.0,0,0,0,,0,,,,0.0,0.0
2024,62528,김원중,롯데,LT,29,,1,0,0,0,0,0,0,0,0,0,0,0,0,0,0,0,0,,,,0,0.0,0.0,0,0,0,,0,,,,0.0,0.0
2024,54507,백두산,롯데,LT,29,0.0,1,1,1,0,0,0,0,0,0,0,0,0,0,0,0,1,0,0.0,0.0,0.0,0,0.0,0.0,0,0,0,,0,0.0,4.0,0.0,-0.1,0.0
2024,54595,이선우,롯데,LT,29,,7,0,0,1,0,0,0,0,0,0,0,0,0,0,0,0,0,,,,0,0.0,0.0,0,0,0,,0,,,,0.0,0.0
2024,53568,정대선,롯데,LT,29,0.0,3,2,2,0,0,0,0,0,0,0,0,0,0,0,0,2,0,0.0,0.0,0.0,0,0.0,0.0,0,0,0,,0,0.0,4.0,0.0,-0.2,0.0
2024,68362,추재현,롯데,LT,29,,2,0,0,1,0,0,0,0,0,0,0,0,0,0,0,0,0,,,,0,0.0,0.0,0,0,0,,0,,,,0.2,0.0
2024,68260,현도훈,롯데,LT,29,,2,0,0,0,0,0,0,0,0,0,0,0,0,0,0,0,0,,,,0,0.0,0.0,0,0,0,,0,,,,0.0,0.0
2024,52667,윤도현,KIA,HT,1,0.407,6,27,27,5,11,2,0,1,16,8,0,0,0,0,0,9,0,0.593,0.407,1.0,5,0.5,0.0,3,4,3,1.33,0,0.0,3.52,0.185,5.5,0.331
2024,54614,김두현,KIA,HT,2,0.4,3,6,5,2,2,0,0,0,2,0,0,0,0,0,1,0,0,0.4,0.5,0.9,0,0.0,0.0,0,1,2,0.5,0,,3.17,0.0,1.1,0.325
2024,52605,김도영,KIA,HT,3,0.347,141,625,544,143,189,29,10,38,352,109,1,7,66,7,7,110,10,0.647,0.42,1.067,58,0.317,0.5,77,101,151,0.67,15,0.6,3.81,0.3,138.2,0.351
2024,78603,김선빈,KIA,HT,4,0.329,116,466,423,48,139,23,0,9,189,57,7,0,30,0,5,39,13,0.447,0.38,0.827,42,0.35,0.5,32,139,106,1.31,4,0.77,3.8,0.118,65.1,0.283
2024,78168,서건창,KIA,HT,5,0.31,94,248,203,40,63,14,1,1,82,26,3,3,36,0,3,31,2,0.404,0.416,0.82,11,0.344,0.346,16,49,63,0.78,3,1.16,4.11,0.094,37.2,0.288
2024,52630,소크라테스,KIA,HT,6,0.31,140,602,552,92,171,30,3,26,285,97,0,5,41,4,4,91,7,0.516,0.359,0.875,49,0.336,0.0,59,125,170,0.74,9,0.45,3.66,0.207,98.1,0.291
2024,67609,박정우,KIA,HT,7,0.308,66,69,65,17,20,3,1,0,25,11,0,0,4,0,0,14,3,0.385,0.348,0.733,3,0.421,0.5,4,24,7,3.43,1,0.29,3.87,0.077,7.0,0.253
2024,64646,박찬호,KIA,HT,8,0.307,134,577,515,86,158,24,1,5,199,61,7,6,48,1,1,44,9,0.386,0.363,0.749,49,0.359,0.5,30,165,154,1.07,7,1.09,3.76,0.08,72.2,0.26
2024,68646,한준수,KIA,HT,9,0.307,115,316,287,39,88,22,0,7,131,41,0,6,21,1,2,48,7,0.456,0.351,0.807,16,0.267,0.313,29,72,85,0.85,0,0.44,3.66,0.15,44.5,0.272
2024,69727,변우혁,KIA,HT,10,0.304,69,187,168,22,51,9,2,5,79,21,0,1,16,0,2,48,8,0.47,0.369,0.839,14,0.298,0.25,16,31,39,0.79,1,0.33,3.67,0.167,26.1,0.284
2024,50600,홍종표,KIA,HT,11,0.295,100,115,105,27,31,4,3,0,41,11,3,0,6,0,1,31,0,0.39,0.339,0.729,5,0.303,0.286,7,28,15,1.87,0,0.19,3.57,0.095,13.9,0.25
2024,66606,최원준,KIA,HT,12,0.292,136,508,438,75,128,23,3,9,184,56,7,5,50,0,8,66,6,0.42,0.371,0.791,37,0.301,0.286,35,127,122,1.04,8,0.76,4.01,0.128,71.2,0.272
2024,62947,나성범,KIA,HT,13,0.291,102,424,374,51,109,17,1,21,191,80,0,7,38,1,4,98,8,0.511,0.357,0.868,33,0.299,0.333,39,94,80,1.18,9,0.39,3.87,0.219,67.7,0.288
2024,63260,이우성,KIA,HT,14,0.288,112,449,399,56,115,16,1,9,160,54,0,3,44,0,3,89,17,0.401,0.361,0.762,27,0.266,1.0,26,108,90,1.2,7,0.49,4.0,0.113,55.5,0.263
2024,69636,오선우,KIA,HT,15,0.286,3,7,7,0,2,0,0,0,2,1,0,0,0,0,0,3,0,0.286,0.286,0.572,0,0.5,0.0,0,1,1,1.0,0,0.0,3.71,0.0,0.5,0.2
2024,65610,황대인,KIA,HT,15,0.286,3,7,7,1,2,1,0,0,3,3,0,0,0,0,0,1,0,0.429,0.286,0.715,1,0.333,0.0,1,3,1,3.0,0,0.0,3.14,0.143,0.8,0.236
2024,72443,최형우,KIA,HT,17,0.28,116,487,425,67,119,23,2,22,212,109,0,5,52,4,5,86,5,0.499,0.361,0.86,34,0.331,0.4,47,99,126,0.79,12,0.6,4.04,0.219,77.0,0.287
2024,50657,박민,KIA,HT,18,0.276,16,30,29,5,8,4,0,0,12,2,0,0,1,0,0,7,0,0.414,0.3,0.714,2,0.3,1.0,4,4,10,0.4,0,0.14,3.47,0.138,3.0,0.239
2024,63722,한승택,KIA,HT,19,0.273,20,15,11,2,3,0,0,0,3,2,0,0,4,0,0,1,0,0.273,0.467,0.74,0,0.25,0.5,0,3,4,0.75,1,4.0,4.33,0.0,2.1,0.278
2024,78122,김태군,KIA,HT,20,0.264,105,270,235,24,62,7,0,7,90,34,11,1,12,0,11,24,14,0.383,0.328,0.711,14,0.221,0.25,14,87,63,1.38,3,0.5,3.36,0.119,26.8,0.243
2024,64560,이창진,KIA,HT,21,0.262,103,247,191,36,50,10,0,1,63,18,5,4,45,0,2,36,6,0.33,0.401,0.731,11,0.204,0.333,11,52,57,0.91,1,1.25,4.02,0.068,30.4,0.263
2024,61353,고종욱,KIA,HT,22,0.25,28,36,32,3,8,2,0,1,13,4,0,0,4,0,0,6,2,0.406,0.333,0.739,0,0.167,0.333,3,14,4,3.5,1,0.67,3.53,0.156,3.8,0.251
2024,66614,김규성,KIA,HT,22,0.25,27,15,12,5,3,1,0,0,4,2,1,0,2,0,0,4,0,0.333,0.357,0.69,0,0.5,1.0,1,2,3,0.67,0,0.5,4.2,0.083,1.8,0.244
2024,68330,예진원,KIA,HT,24,0.211,22,21,19,2,4,1,0,0,5,0,0,0,2,0,0,8,1,0.263,0.286,0.549,0,0.0,0.0,1,6,1,6.0,0,0.25,3.86,0.053,1.1,0.194
2024,65464,최정용,KIA,HT,25,0.182,6,12,11,0,2,0,0,0,2,1,0,0,1,0,0,4,1,0.182,0.25,0.432,0,0.0,0.0,0,3,2,1.5,0,0.25,3.83,0.0,0.1,0.158
2024,65653,김호령,KIA,HT,26,0.136,64,67,59,12,8,2,0,1,13,4,0,0,8,0,0,25,1,0.22,0.239,0.459,0,0.167,0.4,3,14,12,1.17,0,0.32,4.49,0.085,2.8,0.163
2024,53609,곽도규,KIA,HT,27,,1,0,0,0,0,0,0,0,0,0,0,0,0,0,0,0,0,,,,0,0.0,0.0,0,0,0,,0,,,,0.0,0.0
2024,54645,김민주,KIA,HT,27,,1,0,0,0,0,0,0,0,0,0,0,0,0,0,0,0,0,,,,0,0.0,0.0,0,0,0,,0,,,,0.0,0.0
2024,63894,김사윤,KIA,HT,27,,1,0,0,0,0,0,0,0,0,0,0,0,0,0,0,0,0,,,,0,0.0,0.0,0,0,0,,0,,,,0.0,0.0
2024,66492,김승현,KIA,HT,27,,1,0,0,0,0,0,0,0,0,0,0,0,0,0,0,0,0,,,,0,0.0,0.0,0,0,0,,0,,,,0.0,0.0
2024,62951,이형범,KIA,HT,27,,1,0,0,0,0,0,0,0,0,0,0,0,0,0,0,0,0,,,,0,0.0,0.0,0,0,0,,0,,,,0.0,0.0
2024,66609,전상현,KIA,HT,27,,1,0,0,0,0,0,0,0,0,0,0,0,0,0,0,0,0,,,,0,0.0,0.0,0,0,0,,0,,,,0.0,0.0
2024,50662,정해영,KIA,HT,27,,2,0,0,0,0,0,0,0,0,0,0,0,0,0,0,0,0,,,,0,0.0,0.0,0,0,0,,0,,,,0.0,0.0
2024,52639,최지민,KIA,HT,27,,2,0,0,0,0,0,0,0,0,0,0,0,0,0,0,0,0,,,,0,0.0,0.0,0,0,0,,0,,,,0.0,0.0
2024,52641,황동하,KIA,HT,27,,1,0,0,0,0,0,0,0,0,0,0,0,0,0,0,0,0,,,,0,0.0,0.0,0,0,0,,0,,,,0.0,0.0
2024,54219,류현준,두산,OB,1,0.667,2,3,3,0,2,1,0,0,3,1,0,0,0,0,0,0,0,1.0,0.667,1.667,1,1.0,0.5,1,0,1,0.0,1,,4.0,0.333,1.1,0.55
2024,54205,여동건,두산,OB,2,0.4,9,11,10,2,4,0,0,0,4,0,0,0,1,0,0,2,0,0.4,0.455,0.855,1,0.0,0.0,0,1,3,0.33,0,0.5,3.09,0.0,2.3,0.305
2024,54214,전다민,두산,OB,3,0.333,25,34,27,10,9,2,0,0,11,1,0,0,7,0,0,8,0,0.407,0.471,0.878,0,0.3,0.333,2,4,6,0.67,0,0.88,4.5,0.074,5.5,0.314
2024,54295,제러드,두산,OB,4,0.326,38,169,144,29,47,16,1,10,95,39,0,1,21,0,3,35,0,0.66,0.42,1.08,13,0.306,0.0,27,23,40,0.58,4,0.6,4.05,0.333,37.2,0.354
2024,76232,양의지,두산,OB,5,0.314,119,485,430,57,135,18,1,17,206,94,0,6,40,5,9,56,13,0.479,0.379,0.858,37,0.393,0.5,36,96,149,0.64,15,0.71,3.71,0.165,74.6,0.29
2024,79240,허경민,두산,OB,6,0.309,115,477,417,69,129,28,0,7,178,61,0,6,36,0,18,25,8,0.427,0.384,0.811,38,0.296,0.5,35,125,144,0.87,4,1.44,3.69,0.118,69.3,0.28
2024,52025,라모스,두산,OB,7,0.305,80,348,311,43,95,19,3,10,150,48,1,6,27,1,3,60,5,0.482,0.36,0.842,27,0.257,0.0,32,75,87,0.86,6,0.45,3.72,0.177,52.9,0.283
2024,74206,김재호,두산,OB,8,0.302,57,154,126,20,38,5,0,1,46,11,7,1,19,0,1,23,4,0.365,0.395,0.76,11,0.44,0.25,6,27,39,0.69,2,0.83,4.06,0.063,18.9,0.269
2024,66233,홍성호,두산,OB,9,0.286,15,15,14,0,4,2,0,0,6,1,0,0,1,0,0,7,0,0.429,0.333,0.762,0,0.167,0.2,2,1,2,0.5,0,0.14,3.87,0.143,2.0,0.257
2024,79231,정수빈,두산,OB,10,0.284,136,608,510,95,145,21,3,4,184,47,10,8,71,1,9,72,8,0.361,0.376,0.737,42,0.248,0.0,28,160,141,1.13,4,0.99,4.1,0.076,81.8,0.259
2024,78224,김재환,두산,OB,11,0.283,136,552,474,78,134,28,0,29,249,92,0,9,63,3,6,168,8,0.525,0.368,0.893,30,0.259,0.667,57,65,116,0.56,7,0.38,4.02,0.243,91.9,0.297
2024,63123,강승호,두산,OB,12,0.28,140,566,521,81,146,34,7,18,248,81,2,4,32,4,7,158,8,0.476,0.328,0.804,39,0.29,0.2,59,97,124,0.78,9,0.2,3.78,0.196,78.9,0.267
2024,66112,김기연,두산,OB,13,0.278,95,283,252,31,70,10,0,5,95,31,4,3,22,0,2,47,5,0.377,0.337,0.714,20,0.254,0.125,15,65,73,0.89,2,0.47,3.75,0.099,32.1,0.246
2024,67207,이유찬,두산,OB,14,0.277,103,262,231,39,64,11,0,3,84,23,7,1,22,0,1,51,9,0.364,0.341,0.705,15,0.254,0.333,14,51,66,0.77,3,0.43,3.86,0.087,27.9,0.244
2024,66209,조수행,두산,OB,15,0.265,130,382,328,60,87,5,2,0,96,30,14,4,33,1,3,53,2,0.293,0.334,0.627,22,0.233,0.25,7,123,69,1.78,0,0.62,3.62,0.027,46.0,0.224
2024,53296,윤준호,두산,OB,16,0.25,3,4,4,1,1,0,0,0,1,1,0,0,0,0,0,1,0,0.25,0.25,0.5,0,0.0,0.0,0,1,1,1.0,0,0.0,4.5,0.0,0.2,0.175
2024,50244,장규빈,두산,OB,16,0.25,3,4,4,1,1,0,0,0,1,0,0,0,0,0,0,1,0,0.25,0.25,0.5,0,0.333,1.0,0,2,0,,0,0.0,4.75,0.0,0.2,0.175
2024,68205,전민재,두산,OB,18,0.246,100,276,248,34,61,5,1,2,74,32,4,3,17,1,4,53,8,0.298,0.301,0.599,17,0.29,0.0,8,68,69,0.99,2,0.32,3.65,0.052,22.4,0.21
2024,64153,양석환,두산,OB,19,0.246,142,593,533,83,131,25,1,34,260,107,1,3,49,1,7,128,15,0.488,0.316,0.804,34,0.286,0.667,60,96,181,0.53,10,0.38,4.05,0.242,80.8,0.264
2024,66928,박준영,두산,OB,20,0.226,65,212,186,25,42,9,2,7,76,28,1,1,21,0,3,58,3,0.409,0.313,0.722,7,0.213,0.6,18,34,53,0.64,1,0.36,4.34,0.183,25.0,0.243
2024,66203,서예일,두산,OB,21,0.222,24,20,18,2,4,0,0,0,4,1,0,0,2,0,0,5,0,0.222,0.3,0.522,1,0.667,0.0,0,4,5,0.8,0,0.4,4.8,0.0,1.4,0.191
2024,65269,김민혁,두산,OB,22,0.2,5,8,5,1,1,0,0,1,4,2,0,0,3,0,0,3,0,0.8,0.5,1.3,0,0.0,0.0,1,0,1,0.0,0,1.0,5.25,0.6,2.1,0.425
2024,64468,박계범,두산,OB,22,0.2,24,20,15,5,3,1,0,0,4,0,0,0,5,0,0,7,2,0.267,0.4,0.667,0,0.0,0.0,1,3,2,1.5,0,0.71,4.7,0.067,1.7,0.247
2024,64011,안승한,두산,OB,22,0.2,4,5,5,0,1,0,0,0,1,0,0,0,0,0,0,1,0,0.2,0.2,0.4,0,0.0,0.5,0,1,2,0.5,0,0.0,3.8,0.0,0.1,0.14
2024,63202,장승현,두산,OB,22,0.2,9,23,20,1,4,2,0,0,6,0,1,0,2,0,0,5,0,0.3,0.273,0.573,1,0.0,0.0,2,8,3,2.67,0,0.4,3.7,0.1,1.4,0.198
2024,63257,김인태,두산,OB,26,0.174,10,26,23,3,4,0,0,1,7,2,0,1,2,0,0,7,1,0.304,0.231,0.535,0,0.167,0.0,1,9,4,2.25,0,0.29,3.38,0.13,1.9,0.18
2024,69238,김대한,두산,OB,27,0.133,61,89,75,10,10,1,0,1,14,7,2,2,8,0,2,26,1,0.187,0.23,0.417,1,0.15,0.0,2,15,26,0.58,0,0.31,3.85,0.053,3.8,0.15
2024,50293,양찬열,두산,OB,28,0.125,11,12,8,2,1,0,0,0,1,1,0,0,4,0,0,1,0,0.125,0.417,0.542,0,0.0,0.0,0,3,3,1.0,1,4.0,4.75,0.0,1.2,0.219
2024,69207,김태근,두산,OB,29,0.087,43,27,23,7,2,0,0,0,2,1,1,0,0,0,3,10,0,0.087,0.192,0.279,0,0.25,0.0,0,5,6,0.83,0,0.0,4.04,0.0,-0.2,0.108
2024,50203,권휘,두산,OB,30,0.0,1,1,1,0,0,0,0,0,0,0,0,0,0,0,0,1,0,0.0,0.0,0.0,0,0.0,0.0,0,0,0,,0,0.0,5.0,0.0,-0.1,0.0
2024,77263,김강률,두산,OB,30,,1,0,0,0,0,0,0,0,0,0,0,0,0,0,0,0,0,,,,0,0.0,0.0,0,0,0,,0,,,,0.0,0.0
2024,51230,김동주,두산,OB,30,,1,0,0,0,0,0,0,0,0,0,0,0,0,0,0,0,0,,,,0,0.0,0.0,0,0,0,,0,,,,0.0,0.0
2024,67246,김명신,두산,OB,30,,3,0,0,0,0,0,0,0,0,0,0,0,0,0,0,0,0,,,,0,0.0,0.0,0,0,0,,0,,,,0.0,0.0
2024,68200,김민규,두산,OB,30,,1,0,0,0,0,0,0,0,0,0,0,0,0,0,0,0,0,,,,0,0.0,0.0,0,0,0,,0,,,,0.0,0.0
2024,54263,김택연,두산,OB,30,,1,0,0,0,0,0,0,0,0,0,0,0,0,0,0,0,0,,,,0,0.0,0.0,0,0,0,,0,,,,0.0,0.0
2024,68269,김호준,두산,OB,30,,2,0,0,0,0,0,0,0,0,0,0,0,0,0,0,0,0,,,,0,0.0,0.0,0,0,0,,0,,,,0.0,0.0
2024,53204,박민준,두산,OB,30,0.0,5,5,5,0,0,0,0,0,0,0,0,0,0,0,0,3,0,0.0,0.0,0.0,0,0.0,0.0,0,1,1,1.0,0,0.0,3.8,0.0,-0.5,0.0
2024,65639,박정수,두산,OB,30,,1,0,0,0,0,0,0,0,0,0,0,0,0,0,0,0,0,,,,0,0.0,0.0,0,0,0,,0,,,,0.0,0.0
2024,67266,박치국,두산,OB,30,,3,0,0,0,0,0,0,0,0,0,0,0,0,0,0,0,0,,,,0,0.0,0.0,0,0,0,,0,,,,0.0,0.0
2024,50208,오명진,두산,OB,30,0.0,2,2,1,0,0,0,0,0,0,1,0,0,1,0,0,1,0,0.0,0.5,0.5,0,0.0,0.0,0,0,0,,0,1.0,4.5,0.0,0.2,0.225
2024,69205,이교훈,두산,OB,30,,5,0,0,0,0,0,0,0,0,0,0,0,0,0,0,0,0,,,,0,0.0,0.0,0,0,0,,0,,,,0.0,0.0
2024,52204,이병헌,두산,OB,30,,1,0,0,0,0,0,0,0,0,0,0,0,0,0,0,0,0,,,,0,0.0,0.0,0,0,0,,0,,,,0.0,0.0
2024,66291,이영하,두산,OB,30,,2,0,0,0,0,0,0,0,0,0,0,0,0,0,0,0,0,,,,0,0.0,0.0,0,0,0,,0,,,,0.0,0.0
2024,54236,임종성,두산,OB,30,0.0,1,4,3,0,0,0,0,0,0,0,0,0,1,0,0,1,0,0.0,0.25,0.25,0,0.0,0.0,0,1,1,1.0,0,1.0,5.0,0.0,0.1,0.113
2024,68242,정철원,두산,OB,30,,2,0,0,0,0,0,0,0,0,0,0,0,0,0,0,0,0,,,,0,0.0,0.0,0,0,0,,0,,,,0.0,0.0
2024,51264,최승용,두산,OB,30,,1,0,0,0,0,0,0,0,0,0,0,0,0,0,0,0,0,,,,0,0.0,0.0,0,0,0,,0,,,,0.0,0.0
2024,52206,최지강,두산,OB,30,,2,0,0,0,0,0,0,0,0,0,0,0,0,0,0,0,0,,,,0,0.0,0.0,0,0,0,,0,,,,0.0,0.0
2024,61643,홍건희,두산,OB,30,,5,0,0,0,0,0,0,0,0,0,0,0,0,0,0,0,0,,,,0,0.0,0.0,0,0,0,,0,,,,0.0,0.0
2024,65357,송성문,키움,WO,1,0.34,142,602,527,88,179,29,4,19,273,104,0,8,64,2,3,82,5,0.518,0.409,0.927,47,0.372,0.333,52,136,138,0.99,11,0.78,3.88,0.178,111.4,0.314
2024,53327,도슨,키움,WO,2,0.33,95,429,382,69,126,31,2,11,194,57,0,2,39,0,6,54,10,0.508,0.399,0.907,38,0.333,0.5,44,100,104,0.96,9,0.72,3.66,0.178,69.8,0.307
2024,67304,김혜성,키움,WO,3,0.326,127,567,509,90,166,26,4,11,233,75,0,7,47,2,4,62,6,0.458,0.383,0.841,49,0.377,0.0,41,132,156,0.85,9,0.76,3.82,0.132,90.9,0.287
2024,74163,이용규,키움,WO,4,0.306,60,227,183,27,56,5,2,1,68,12,3,1,31,0,9,33,4,0.372,0.429,0.801,12,0.182,0.5,8,53,42,1.26,1,0.94,3.95,0.066,31.8,0.286
2024,50167,이주형,키움,WO,5,0.266,115,537,473,82,126,19,3,13,190,60,0,1,49,1,14,119,4,0.402,0.352,0.754,36,0.267,0.0,35,111,118,0.94,5,0.41,3.79,0.135,70.1,0.259
2024,76267,최주환,키움,WO,6,0.257,130,544,482,49,124,23,1,13,188,84,0,9,47,2,6,92,12,0.39,0.325,0.715,36,0.308,0.0,37,108,167,0.65,7,0.51,4.08,0.133,63.3,0.244
2024,53312,김건희,키움,WO,7,0.257,83,283,261,27,67,15,0,9,109,38,0,4,18,0,0,82,7,0.418,0.3,0.718,15,0.257,0.308,24,66,50,1.32,2,0.22,3.86,0.161,32.2,0.24
2024,54344,고영우,키움,WO,8,0.256,94,290,254,21,65,12,2,0,81,35,4,3,28,0,1,71,5,0.319,0.329,0.648,15,0.324,0.5,14,52,69,0.75,4,0.39,4.01,0.063,27.9,0.228
2024,52305,박수종,키움,WO,9,0.256,80,148,129,23,33,5,1,0,40,6,4,0,13,0,2,17,4,0.31,0.333,0.643,9,0.171,0.0,6,42,37,1.14,0,0.76,3.75,0.054,13.7,0.227
2024,68305,변상권,키움,WO,10,0.251,77,232,219,16,55,3,1,5,75,21,0,1,11,0,1,51,4,0.342,0.289,0.631,17,0.192,0.25,9,64,50,1.28,2,0.22,3.79,0.091,21.2,0.216
2024,54307,원성준,키움,WO,11,0.25,51,125,112,12,28,5,0,2,39,11,1,2,10,0,0,36,2,0.348,0.306,0.654,6,0.241,0.238,7,21,29,0.72,1,0.28,4.22,0.098,12.9,0.225
2024,62332,김재현,키움,WO,12,0.243,110,326,288,27,70,11,0,0,81,26,10,4,14,0,10,63,8,0.281,0.297,0.578,14,0.237,0.0,11,88,71,1.24,0,0.22,3.43,0.038,24.2,0.204
2024,64346,임병욱,키움,WO,13,0.241,42,92,87,14,21,3,0,3,33,10,0,1,4,0,0,32,1,0.379,0.272,0.651,3,0.368,0.182,6,14,21,0.67,0,0.13,3.74,0.138,9.3,0.217
2024,64984,김태진,키움,WO,14,0.222,81,202,189,26,42,6,3,0,54,10,5,1,7,1,0,27,1,0.286,0.249,0.535,10,0.214,0.304,9,56,65,0.86,0,0.26,3.56,0.063,13.0,0.184
2024,53305,박성빈,키움,WO,14,0.222,12,11,9,1,2,1,0,0,3,2,0,0,1,0,1,2,0,0.333,0.364,0.697,0,1.0,0.0,1,3,2,1.5,0,0.5,2.91,0.111,1.3,0.247
2024,75566,이원석,키움,WO,16,0.22,39,109,91,5,20,4,0,0,24,8,0,2,14,0,2,18,2,0.264,0.33,0.594,5,0.185,0.25,4,19,36,0.53,2,0.78,3.86,0.044,9.8,0.215
2024,78135,이형종,키움,WO,17,0.216,35,126,102,19,22,3,0,4,37,19,1,0,22,1,1,27,1,0.363,0.36,0.723,3,0.385,0.333,7,22,31,0.71,3,0.81,3.94,0.147,15.6,0.253
2024,53344,김동헌,키움,WO,18,0.2,2,7,5,0,1,0,0,0,1,1,0,0,1,0,1,0,0,0.2,0.429,0.629,0,1.0,0.0,0,2,2,1.0,0,,2.86,0.0,0.8,0.243
2024,69332,주성원,키움,WO,18,0.2,27,62,55,7,11,1,0,1,15,5,1,0,6,0,0,18,2,0.273,0.279,0.552,1,0.2,0.125,2,14,12,1.17,0,0.33,4.16,0.073,3.9,0.194
2024,54305,이재상,키움,WO,20,0.19,36,89,84,7,16,1,0,1,20,5,1,0,2,0,2,33,0,0.238,0.227,0.465,4,0.13,0.0,2,17,18,0.94,0,0.06,3.66,0.048,4.2,0.162
2024,50304,김병휘,키움,WO,21,0.169,28,71,59,6,10,3,0,1,16,3,1,0,6,0,5,26,0,0.271,0.3,0.571,2,0.0,0.0,4,7,16,0.44,0,0.23,3.89,0.102,5.8,0.203
2024,51359,장재영,키움,WO,22,0.168,38,139,119,14,20,3,0,4,35,13,0,0,17,0,3,64,2,0.294,0.288,0.582,4,0.212,0.0,7,16,19,0.84,0,0.27,4.09,0.126,11.1,0.203
2024,69306,김주형,키움,WO,23,0.15,22,25,20,0,3,0,0,0,3,2,1,0,1,0,3,9,0,0.15,0.292,0.442,0,0.5,0.0,0,7,1,7.0,0,0.11,3.76,0.0,1.0,0.169
2024,51303,김시앙,키움,WO,24,0.143,6,7,7,1,1,0,0,0,1,0,0,0,0,0,0,1,0,0.143,0.143,0.286,0,0.0,0.0,0,3,2,1.5,0,0.0,2.43,0.0,0.0,0.1
2024,65898,김웅빈,키움,WO,25,0.125,12,38,32,2,4,0,0,0,4,2,1,0,4,0,1,15,1,0.125,0.243,0.368,0,0.143,0.0,0,5,8,0.63,0,0.27,4.61,0.0,0.7,0.141
2024,53302,이승원,키움,WO,26,0.108,20,41,37,3,4,1,0,0,5,1,2,0,2,0,0,13,2,0.135,0.154,0.289,0,0.091,0.0,1,8,12,0.67,0,0.15,3.56,0.027,-0.8,0.103
2024,50357,박주홍,키움,WO,27,0.102,25,59,49,5,5,2,0,0,7,1,0,0,10,0,0,17,1,0.143,0.254,0.397,0,0.083,0.0,2,15,12,1.25,0,0.59,4.44,0.041,2.2,0.15
2024,64340,임지열,키움,WO,27,0.102,22,57,49,4,5,0,0,1,8,5,0,1,7,0,0,16,2,0.163,0.211,0.374,1,0.0,0.0,1,13,16,0.81,0,0.44,4.25,0.061,1.4,0.136
2024,50393,김동욱,키움,WO,29,,1,0,0,0,0,0,0,0,0,0,0,0,0,0,0,0,0,,,,0,0.0,0.0,0,0,0,,0,,,,0.0,0.0
2024,66018,김선기,키움,WO,29,,1,0,0,0,0,0,0,0,0,0,0,0,0,0,0,0,0,,,,0,0.0,0.0,0,0,0,,0,,,,0.0,0.0
2024,68346,김수환,키움,WO,29,0.0,2,3,3,0,0,0,0,0,0,0,0,0,0,0,0,1,0,0.0,0.0,0.0,0,0.0,0.0,0,2,0,,0,0.0,5.67,0.0,-0.3,0.0
2024,54368,김연주,키움,WO,29,,4,0,0,0,0,0,0,0,0,0,0,0,0,0,0,0,0,,,,0,0.0,0.0,0,0,0,,0,,,,0.0,0.0
2024,54319,김윤하,키움,WO,29,,1,0,0,0,0,0,0,0,0,0,0,0,0,0,0,0,0,,,,0,0.0,0.0,0,0,0,,0,,,,0.0,0.0
2024,67391,김재웅,키움,WO,29,,2,0,0,0,0,0,0,0,0,0,0,0,0,0,0,0,0,,,,0,0.0,0.0,0,0,0,,0,,,,0.0,0.0
2024,60336,문성현,키움,WO,29,,1,0,0,0,0,0,0,0,0,0,0,0,0,0,0,0,0,,,,0,0.0,0.0,0,0,0,,0,,,,0.0,0.0
2024,54304,박범준,키움,WO,29,,1,0,0,0,0,0,0,0,0,0,0,0,0,0,0,0,0,,,,0,0.0,0.0,0,0,0,,0,,,,0.0,0.0
2024,69363,박준형,키움,WO,29,0.0,4,5,5,0,0,0,0,0,0,0,0,0,0,0,0,3,0,0.0,0.0,0.0,0,0.0,0.0,0,1,1,1.0,0,0.0,3.2,0.0,-0.5,0.0
2024,54394,송지후,키움,WO,29,0.0,2,1,1,1,0,0,0,0,0,0,0,0,0,0,0,0,0,0.0,0.0,0.0,0,0.0,0.0,0,1,0,,0,,1.0,0.0,-0.1,0.0
2024,50312,신준우,키움,WO,29,,1,0,0,0,0,0,0,0,0,0,0,0,0,0,0,0,0,,,,0,0.0,0.0,0,0,0,,0,,,,0.0,0.0
2024,54306,심휘윤,키움,WO,29,,1,0,0,0,0,0,0,0,0,0,0,0,0,0,0,0,0,,,,0,0.0,0.0,0,0,0,,0,,,,0.0,0.0
2024,67365,양지율,키움,WO,29,,1,0,0,0,0,0,0,0,0,0,0,0,0,0,0,0,0,,,,0,0.0,0.0,0,0,0,,0,,,,0.0,0.0
2024,67116,오석주,키움,WO,29,,1,0,0,0,0,0,0,0,0,0,0,0,0,0,0,0,0,,,,0,0.0,0.0,0,0,0,,0,,,,0.0,0.0
2024,76118,원종현,키움,WO,29,,1,0,0,0,0,0,0,0,0,0,0,0,0,0,0,0,0,,,,0,0.0,0.0,0,0,0,,0,,,,0.0,0.0
2024,69399,윤정현,키움,WO,29,,1,0,0,0,0,0,0,0,0,0,0,0,0,0,0,0,0,,,,0,0.0,0.0,0,0,0,,0,,,,0.0,0.0
2024,52330,주승우,키움,WO,29,,5,0,0,0,0,0,0,0,0,0,0,0,0,0,0,0,0,,,,0,0.0,0.0,0,0,0,,0,,,,0.0,0.0
2025,62558,김준태,LG,LG,1,1.0,2,2,1,1,1,0,0,0,1,0,0,0,1,0,0,0,0,1.0,1.0,2.0,0,0.0,1.0,0,0,0,,0,,3.0,0.0,0.8,0.7
2025,54166,김현종,LG,LG,2,0.4,10,6,5,3,2,1,0,0,3,0,0,0,1,0,0,1,1,0.6,0.5,1.1,0,0.0,0.5,1,2,0,,0,1.0,2.83,0.2,0.9,0.375
2025,65207,신민재,LG,LG,3,0.313,135,538,463,87,145,15,7,1,177,61,6,4,62,0,3,57,7,0.382,0.395,0.777,37,0.407,0.5,23,191,74,2.58,4,1.09,3.89,0.069,72.5,0.273
2025,53123,오스틴,LG,LG,4,0.313,116,499,425,82,133,25,1,31,253,95,0,11,61,7,2,62,11,0.595,0.393,0.988,38,0.292,0.0,57,74,167,0.44,11,0.98,3.79,0.282,96.2,0.326
2025,68119,문성주,LG,LG,5,0.305,135,542,475,57,145,20,2,3,178,70,0,9,54,0,4,59,10,0.375,0.375,0.75,43,0.321,0.167,25,166,114,1.46,10,0.92,3.77,0.069,69.7,0.263
2025,76290,김현수,LG,LG,6,0.298,140,552,483,66,144,24,0,12,204,90,0,1,64,1,4,73,10,0.422,0.384,0.806,36,0.362,0.4,36,147,120,1.23,15,0.88,3.89,0.124,77.9,0.278
2025,66108,홍창기,LG,LG,7,0.287,51,215,174,32,50,4,0,1,57,16,2,4,29,0,6,40,4,0.328,0.399,0.727,11,0.146,0.667,5,59,29,2.03,1,0.73,4.32,0.04,27.9,0.262
2025,69100,구본혁,LG,LG,8,0.286,131,397,343,41,98,16,2,1,121,38,12,0,36,1,6,44,4,0.353,0.364,0.717,26,0.299,0.333,19,100,101,0.99,2,0.82,3.8,0.067,45.5,0.252
2025,52103,최원영,LG,LG,9,0.282,119,115,103,37,29,5,0,0,34,2,3,1,4,0,4,20,4,0.33,0.33,0.66,2,0.174,0.667,5,30,25,1.2,0,0.2,3.55,0.049,10.7,0.231
2025,62415,박해민,LG,LG,10,0.276,144,544,442,80,122,18,2,3,153,43,22,4,68,0,8,94,7,0.346,0.379,0.725,29,0.231,0.0,23,100,130,0.77,3,0.72,3.96,0.07,69.3,0.257
2025,69102,문보경,LG,LG,11,0.276,141,607,515,91,142,21,1,24,237,108,0,9,79,3,4,108,15,0.46,0.371,0.831,38,0.274,0.333,46,162,112,1.45,13,0.73,4.13,0.184,90.2,0.282
2025,55164,박관우,LG,LG,12,0.264,39,58,53,12,14,2,0,2,22,13,0,1,3,0,1,11,1,0.415,0.31,0.725,0,0.294,0.368,4,13,16,0.81,0,0.27,3.5,0.151,7.1,0.243
2025,79109,오지환,LG,LG,13,0.253,127,472,419,57,106,24,1,16,180,62,7,6,37,0,3,115,4,0.43,0.314,0.744,27,0.283,0.333,41,90,114,0.79,6,0.32,4.19,0.177,58.8,0.249
2025,79365,박동원,LG,LG,14,0.253,139,523,451,57,114,25,0,22,205,76,3,5,62,4,2,124,10,0.455,0.342,0.797,27,0.235,0.143,47,110,108,1.02,8,0.5,3.89,0.202,72.2,0.268
2025,50054,천성호,LG,LG,15,0.237,83,199,173,24,41,9,2,1,57,17,4,0,17,0,5,29,2,0.329,0.323,0.652,8,0.25,0.154,12,58,45,1.29,3,0.59,3.67,0.092,19.5,0.228
2025,52154,이주헌,LG,LG,16,0.219,76,156,128,22,28,3,0,4,43,9,2,0,18,0,8,30,2,0.336,0.351,0.687,5,0.111,0.25,7,31,39,0.79,1,0.6,3.78,0.117,17.4,0.242
2025,68110,송찬의,LG,LG,17,0.211,66,166,147,18,31,9,1,3,51,20,1,1,9,0,8,49,4,0.347,0.291,0.638,7,0.237,0.273,13,29,39,0.74,3,0.18,3.9,0.136,14.4,0.218
2025,51100,이영빈,LG,LG,18,0.208,44,75,72,12,15,1,1,3,27,9,1,1,1,0,0,35,1,0.375,0.216,0.591,1,0.238,0.0,5,9,14,0.64,0,0.03,4.45,0.167,6.2,0.191
2025,52105,김성우,LG,LG,19,0.2,7,5,5,0,1,0,0,0,1,1,0,0,0,0,0,1,0,0.2,0.2,0.4,0,0.333,0.0,0,2,1,2.0,0,0.0,2.8,0.0,0.1,0.14
2025,66162,김주성,LG,LG,19,0.2,16,17,15,3,3,0,0,1,6,1,0,0,1,0,1,2,0,0.4,0.294,0.694,0,0.0,0.25,1,4,6,0.67,0,0.5,3.94,0.2,1.4,0.232
2025,54156,손용준,LG,LG,19,0.2,9,16,15,3,3,0,0,0,3,1,0,0,0,0,1,5,2,0.2,0.25,0.45,0,0.25,0.0,0,7,0,,1,0.0,3.19,0.0,0.2,0.163
2025,50108,함창건,LG,LG,22,0.188,15,36,32,2,6,2,0,0,8,2,0,1,3,0,0,9,1,0.25,0.25,0.5,1,0.1,0.2,2,6,12,0.5,0,0.33,3.75,0.063,2.0,0.175
2025,67504,김정율,LG,LG,23,0.182,13,13,11,0,2,0,0,0,2,1,0,1,1,0,0,6,0,0.182,0.231,0.413,0,0.0,0.0,0,1,3,0.33,0,0.17,4.46,0.0,1.0,0.149
2025,52121,문정빈,LG,LG,24,0.167,21,33,30,5,5,0,0,2,11,4,0,0,1,0,2,11,0,0.367,0.242,0.609,1,0.1,0.333,2,7,7,1.0,0,0.09,3.88,0.2,3.1,0.201
2025,55167,김영우,LG,LG,25,,4,0,0,0,0,0,0,0,0,0,0,0,0,0,0,0,0,,,,0,0.0,0.0,0,0,0,,0,,,,0.0,0.0
2025,75867,김진성,LG,LG,25,,5,0,0,0,0,0,0,0,0,0,0,0,0,0,0,0,0,,,,0,0.0,0.0,0,0,0,,0,,,,0.0,0.0
2025,51154,김진수,LG,LG,25,,1,0,0,0,0,0,0,0,0,0,0,0,0,0,0,0,0,,,,0,0.0,0.0,0,0,0,,0,,,,0.0,0.0
2025,53139,박명근,LG,LG,25,,5,0,0,0,0,0,0,0,0,0,0,0,0,0,0,0,0,,,,0,0.0,0.0,0,0,0,,0,,,,0.0,0.0
2025,65109,백승현,LG,LG,25,,3,0,0,0,0,0,0,0,0,0,0,0,0,0,0,0,0,,,,0,0.0,0.0,0,0,0,,0,,,,0.0,0.0
2025,51526,우강훈,LG,LG,25,,2,0,0,0,0,0,0,0,0,0,0,0,0,0,0,0,0,,,,0,0.0,0.0,0,0,0,,0,,,,0.0,0.0
2025,50106,유영찬,LG,LG,25,0.0,11,2,1,0,0,0,0,0,0,0,0,0,1,0,0,0,0,0.0,0.5,0.5,0,0.0,0.0,0,0,1,0.0,0,,4.0,0.0,0.3,0.225
2025,61145,이우찬,LG,LG,25,,1,0,0,0,0,0,0,0,0,0,0,0,0,0,0,0,0,,,,0,0.0,0.0,0,0,0,,0,,,,0.0,0.0
2025,69134,이정용,LG,LG,25,,8,0,0,0,0,0,0,0,0,0,0,0,0,0,0,0,0,,,,0,0.0,0.0,0,0,0,,0,,,,0.0,0.0
2025,69108,이지강,LG,LG,25,,6,0,0,0,0,0,0,0,0,0,0,0,0,0,0,0,0,,,,0,0.0,0.0,0,0,0,,0,,,,0.0,0.0
2025,63950,장현식,LG,LG,25,,6,0,0,0,0,0,0,0,0,0,0,0,0,0,0,0,0,,,,0,0.0,0.0,0,0,0,,0,,,,0.0,0.0
2025,65905,최승민,LG,LG,25,0.0,19,6,5,6,0,0,0,0,0,0,0,0,1,0,0,2,0,0.0,0.167,0.167,0,0.0,0.0,0,3,0,,0,0.5,3.17,0.0,-0.6,0.075
2025,63248,함덕주,LG,LG,25,,3,0,0,0,0,0,0,0,0,0,0,0,0,0,0,0,0,,,,0,0.0,0.0,0,0,0,,0,,,,0.0,0.0
2025,55712,이승현,한화,HH,1,1.0,4,1,1,1,1,0,1,0,3,1,0,0,0,0,0,0,0,3.0,1.0,4.0,0,1.0,1.0,1,0,0,,0,,1.0,2.0,1.0,1.2
2025,51762,장규현,한화,HH,1,1.0,2,2,1,1,1,0,0,0,1,0,0,0,1,0,0,0,0,1.0,1.0,2.0,0,0.0,0.0,0,0,0,,0,,3.5,0.0,0.8,0.7
2025,53764,문현빈,한화,HH,3,0.32,141,592,528,71,169,30,2,12,239,80,5,11,38,2,10,82,11,0.453,0.37,0.823,53,0.319,0.25,44,148,140,1.06,13,0.46,3.62,0.133,88.0,0.28
2025,55703,리베라토,한화,HH,4,0.313,62,273,246,41,77,18,2,10,129,39,0,4,23,0,0,47,3,0.524,0.366,0.89,22,0.339,0.0,30,60,66,0.91,6,0.49,3.62,0.211,45.7,0.296
2025,62700,하주석,한화,HH,5,0.297,95,305,276,34,82,14,0,4,108,28,11,1,12,0,5,66,10,0.391,0.337,0.728,24,0.329,0.091,18,74,55,1.35,1,0.18,3.52,0.094,32.8,0.249
2025,77532,손아섭,한화,HH,6,0.288,111,416,372,39,107,22,3,1,138,50,4,2,37,2,1,59,3,0.371,0.352,0.723,24,0.31,0.222,26,133,75,1.77,3,0.63,3.79,0.083,47.8,0.251
2025,79192,채은성,한화,HH,7,0.288,132,527,480,54,138,27,1,19,224,88,3,0,31,5,13,96,4,0.467,0.347,0.814,39,0.333,0.0,47,117,129,0.91,10,0.32,3.72,0.179,74.5,0.273
2025,78288,최재훈,한화,HH,8,0.286,121,348,269,28,77,15,0,1,95,35,10,6,46,0,17,48,4,0.353,0.414,0.767,16,0.355,0.0,16,85,65,1.31,4,0.96,4.14,0.067,47.5,0.275
2025,66657,이진영,한화,HH,9,0.274,115,366,321,49,88,13,0,11,134,43,0,5,38,0,2,93,8,0.417,0.35,0.767,19,0.239,0.25,24,80,65,1.23,2,0.41,3.95,0.143,46.9,0.262
2025,54795,황영묵,한화,HH,10,0.273,117,286,260,40,71,17,1,1,93,22,2,1,20,0,2,37,4,0.358,0.329,0.687,18,0.3,0.455,19,96,57,1.68,4,0.54,3.64,0.085,29.1,0.238
2025,55734,플로리얼,한화,HH,11,0.271,65,285,258,36,70,18,2,8,116,29,0,2,24,2,1,65,2,0.45,0.333,0.783,21,0.222,0.0,28,56,69,0.81,3,0.37,3.86,0.178,39.8,0.262
2025,66704,김태연,한화,HH,12,0.261,120,340,303,40,79,15,0,3,103,20,6,0,23,0,8,62,10,0.34,0.329,0.669,19,0.197,0.067,18,72,90,0.8,1,0.37,3.74,0.079,32.0,0.233
2025,65703,이도윤,한화,HH,13,0.26,113,277,250,37,65,11,3,1,85,36,10,3,11,1,3,52,5,0.34,0.296,0.636,13,0.25,0.4,15,72,64,1.13,3,0.21,3.85,0.08,24.9,0.218
2025,69737,노시환,한화,HH,14,0.26,144,624,539,97,140,28,2,32,268,101,0,4,70,10,11,125,22,0.497,0.354,0.851,37,0.29,0.0,62,121,157,0.77,16,0.56,3.94,0.237,91.3,0.284
2025,50707,최인호,한화,HH,15,0.259,78,159,139,7,36,9,0,2,51,19,1,1,13,0,5,29,5,0.367,0.342,0.709,6,0.3,0.308,11,38,37,1.03,2,0.45,4.16,0.108,17.2,0.246
2025,64006,심우준,한화,HH,16,0.231,94,275,247,39,57,9,1,2,74,22,7,1,17,0,3,49,4,0.3,0.287,0.587,9,0.25,0.0,12,69,73,0.95,2,0.35,3.94,0.069,23.0,0.204
2025,68700,이원석,한화,HH,17,0.203,129,248,212,60,43,7,0,4,62,24,7,2,23,0,4,51,4,0.292,0.29,0.582,11,0.149,0.5,11,55,65,0.85,6,0.45,3.77,0.09,22.9,0.204
2025,52704,이상혁,한화,HH,18,0.2,39,12,10,14,2,1,0,0,3,2,1,0,0,0,1,3,0,0.3,0.273,0.573,0,0.25,0.0,1,2,3,0.67,0,0.0,3.17,0.1,0.1,0.198
2025,76812,이재원,한화,HH,18,0.2,98,151,125,4,25,2,1,1,32,12,8,3,14,0,1,23,3,0.256,0.28,0.536,3,0.162,0.0,4,46,34,1.35,0,0.61,3.46,0.056,10.5,0.19
2025,79608,안치홍,한화,HH,20,0.172,66,196,174,9,30,4,0,2,40,18,4,1,16,2,1,39,4,0.23,0.245,0.475,5,0.238,0.2,6,49,57,0.86,2,0.41,3.75,0.057,9.7,0.168
2025,52764,허인서,한화,HH,20,0.172,20,30,29,2,5,1,0,0,6,2,0,0,0,0,1,12,1,0.207,0.2,0.407,0,0.182,0.333,1,9,3,3.0,0,0.0,3.47,0.034,0.4,0.142
2025,52769,권광민,한화,HH,22,0.167,15,18,18,2,3,1,0,0,4,0,0,0,0,0,0,5,1,0.222,0.167,0.389,0,0.0,0.25,1,6,4,1.5,0,0.0,4.06,0.056,0.0,0.131
2025,50704,임종찬,한화,HH,22,0.167,17,35,30,2,5,1,0,1,9,2,0,0,5,0,0,13,0,0.3,0.286,0.586,1,0.2,0.0,2,4,8,0.5,0,0.38,4.2,0.133,3.4,0.204
2025,69766,유로결,한화,HH,24,0.154,20,16,13,1,2,0,0,0,2,0,2,0,0,0,1,4,0,0.154,0.214,0.368,0,0.0,0.0,0,4,3,1.33,0,0.0,2.81,0.0,0.6,0.135
2025,66715,김인환,한화,HH,25,0.08,10,26,25,2,2,0,0,1,5,3,0,0,1,0,0,9,1,0.2,0.115,0.315,0,0.167,0.0,1,8,6,1.33,1,0.11,4.46,0.12,-0.2,0.102
2025,53754,김서현,한화,HH,26,,3,0,0,0,0,0,0,0,0,0,0,0,0,0,0,0,0,,,,0,0.0,0.0,0,0,0,,0,,,,0.0,0.0
2025,50711,김승일,한화,HH,26,,1,0,0,0,0,0,0,0,0,0,0,0,0,0,0,0,0,,,,0,0.0,0.0,0,0,0,,0,,,,0.0,0.0
2025,63765,김종수,한화,HH,26,,1,0,0,0,0,0,0,0,0,0,0,0,0,0,0,0,0,,,,0,0.0,0.0,0,0,0,,0,,,,0.0,0.0
2025,67703,박상원,한화,HH,26,,1,0,0,0,0,0,0,0,0,0,0,0,0,0,0,0,0,,,,0,0.0,0.0,0,0,0,,0,,,,0.0,0.0
2025,50709,박정현,한화,HH,26,0.0,2,2,2,0,0,0,0,0,0,0,0,0,0,0,0,1,0,0.0,0.0,0.0,0,0.0,0.0,0,1,0,,0,0.0,4.0,0.0,-0.2,0.0
2025,69213,윤산흠,한화,HH,26,,1,0,0,0,0,0,0,0,0,0,0,0,0,0,0,0,0,,,,0,0.0,0.0,0,0,0,,0,,,,0.0,0.0
2025,55710,이민재,한화,HH,26,0.0,3,4,4,0,0,0,0,0,0,0,0,0,0,0,0,1,1,0.0,0.0,0.0,0,0.0,0.0,0,1,2,0.5,0,0.0,3.75,0.0,-0.7,0.0
2025,55743,정우주,한화,HH,26,,3,0,0,0,0,0,0,0,0,0,0,0,0,0,0,0,0,,,,0,0.0,0.0,0,0,0,,0,,,,0.0,0.0
2025,54768,조동욱,한화,HH,26,,2,0,0,0,0,0,0,0,0,0,0,0,0,0,0,0,0,,,,0,0.0,0.0,0,0,0,,0,,,,0.0,0.0
2025,61666,한승혁,한화,HH,26,,1,0,0,0,0,0,0,0,0,0,0,0,0,0,0,0,0,,,,0,0.0,0.0,0,0,0,,0,,,,0.0,0.0
2025,52803,김태윤,SSG,SK,1,0.5,8,4,2,0,1,0,0,0,1,0,0,0,2,0,0,0,0,0.5,0.75,1.25,0,0.0,1.0,0,0,1,0.0,0,,5.75,0.0,1.0,0.463
2025,54815,정현승,SSG,SK,1,0.5,3,2,2,0,1,1,0,0,2,0,0,0,0,0,0,0,0,1.0,0.5,1.5,0,0.0,0.0,1,0,1,0.0,0,,5.0,0.5,0.6,0.475
2025,53827,에레디아,SSG,SK,3,0.339,96,415,375,46,127,18,0,13,184,54,0,2,31,4,7,62,9,0.491,0.398,0.889,36,0.366,0.0,31,89,99,0.9,4,0.5,3.45,0.152,66.4,0.302
2025,50840,현원회,SSG,SK,4,0.305,21,62,59,6,18,1,0,1,22,6,0,0,3,0,0,16,3,0.373,0.339,0.712,4,0.235,0.5,2,14,11,1.27,1,0.19,4.23,0.068,6.3,0.246
2025,50868,류효승,SSG,SK,5,0.287,27,103,94,18,27,5,0,6,50,16,0,0,7,0,2,28,1,0.532,0.35,0.882,7,0.273,0.5,11,15,24,0.63,3,0.25,4.03,0.245,16.4,0.291
2025,50854,최지훈,SSG,SK,6,0.284,140,574,517,66,147,16,4,7,192,45,4,5,43,2,5,87,2,0.371,0.342,0.713,37,0.28,0.286,27,117,171,0.68,6,0.49,3.91,0.087,72.0,0.247
2025,51868,고명준,SSG,SK,7,0.278,130,500,471,46,131,20,1,17,204,64,0,7,20,1,2,99,12,0.433,0.306,0.739,43,0.235,0.0,38,124,124,1.0,11,0.2,3.38,0.155,60.9,0.246
2025,67893,박성한,SSG,SK,8,0.274,127,538,452,73,124,23,2,7,172,48,2,2,79,1,3,93,6,0.381,0.384,0.765,31,0.275,0.5,32,125,112,1.12,5,0.85,4.51,0.106,69.8,0.268
2025,62895,한유섬,SSG,SK,9,0.273,128,511,455,50,124,24,0,15,193,71,1,2,46,3,7,120,6,0.424,0.347,0.771,36,0.291,0.333,39,94,119,0.79,8,0.38,3.95,0.152,67.1,0.262
2025,52804,석정우,SSG,SK,10,0.265,27,54,49,3,13,1,0,2,20,4,0,0,4,0,1,18,1,0.408,0.333,0.741,0,0.3,0.0,3,10,8,1.25,1,0.22,4.19,0.143,6.5,0.252
2025,66864,안상현,SSG,SK,11,0.264,102,289,258,38,68,8,2,6,98,15,9,2,18,0,2,85,2,0.38,0.314,0.694,19,0.2,0.0,16,56,51,1.1,1,0.21,3.87,0.116,33.0,0.236
2025,54812,정준재,SSG,SK,12,0.245,132,442,371,58,91,10,3,0,107,25,16,1,51,0,3,93,4,0.288,0.34,0.628,21,0.276,0.267,13,114,74,1.54,4,0.55,3.92,0.043,45.4,0.225
2025,75847,최정,SSG,SK,13,0.244,95,406,340,54,83,12,0,23,164,63,0,3,51,6,12,94,10,0.482,0.36,0.842,22,0.247,0.0,35,61,105,0.58,9,0.54,4.06,0.238,60.3,0.283
2025,79456,이지영,SSG,SK,14,0.239,76,216,197,13,47,6,1,3,64,18,4,2,11,0,2,22,8,0.325,0.283,0.608,14,0.177,0.0,10,73,57,1.28,2,0.5,3.29,0.086,16.9,0.209
2025,51865,조형우,SSG,SK,15,0.238,102,294,269,23,64,8,0,4,84,29,1,2,19,0,3,64,5,0.312,0.294,0.606,13,0.244,0.0,12,69,74,0.93,3,0.3,3.85,0.074,25.0,0.21
2025,55832,이율예,SSG,SK,16,0.231,8,13,13,3,3,0,0,3,12,7,0,0,0,0,0,6,0,0.923,0.231,1.154,0,0.25,0.0,3,1,3,0.33,1,0.0,4.54,0.692,3.4,0.335
2025,76802,김성현,SSG,SK,17,0.217,59,137,115,15,25,3,0,1,31,11,4,1,16,0,1,20,4,0.27,0.316,0.586,2,0.226,0.375,4,38,33,1.15,0,0.8,3.66,0.052,10.5,0.21
2025,55844,맥브룸,SSG,SK,18,0.203,22,80,74,8,15,3,0,4,30,11,0,0,5,2,1,28,2,0.405,0.263,0.668,4,0.261,0.0,7,17,14,1.21,0,0.18,4.23,0.203,7.5,0.22
2025,60558,오태곤,SSG,SK,19,0.201,122,229,194,31,39,6,0,5,60,26,3,1,30,0,1,59,4,0.309,0.31,0.619,9,0.196,0.242,11,53,44,1.2,6,0.51,3.85,0.108,22.6,0.217
2025,54806,이승민,SSG,SK,20,0.2,2,5,5,0,1,0,0,0,1,0,0,0,0,0,0,2,0,0.2,0.2,0.4,0,0.0,1.0,0,1,1,1.0,0,0.0,4.2,0.0,0.1,0.14
2025,55897,홍대인,SSG,SK,20,0.2,14,5,5,3,1,0,0,0,1,0,0,0,0,0,0,2,0,0.2,0.2,0.4,0,0.0,0.0,0,1,1,1.0,0,0.0,3.6,0.0,0.0,0.14
2025,62934,김성욱,SSG,SK,22,0.195,56,132,123,10,24,6,0,2,36,13,1,0,7,0,1,35,2,0.293,0.244,0.537,5,0.189,0.0,8,29,35,0.83,1,0.2,3.72,0.098,7.6,0.183
2025,68868,최준우,SSG,SK,23,0.191,78,192,152,17,29,0,0,3,38,22,3,4,30,0,3,47,3,0.25,0.328,0.578,5,0.262,0.148,3,51,29,1.76,3,0.64,4.03,0.059,17.9,0.21
2025,69804,채현우,SSG,SK,24,0.188,41,52,48,8,9,1,1,1,15,9,0,1,3,0,0,13,1,0.313,0.231,0.544,2,0.231,0.0,3,15,12,1.25,1,0.23,3.52,0.125,4.0,0.182
2025,66662,신범수,SSG,SK,25,0.182,29,39,33,1,6,1,0,1,10,3,0,0,5,0,1,7,0,0.303,0.308,0.611,0,0.143,0.4,2,7,13,0.54,0,0.71,3.41,0.121,3.7,0.214
2025,66917,김찬형,SSG,SK,26,0.178,44,78,73,4,13,2,0,0,15,5,1,0,3,0,1,13,3,0.205,0.221,0.426,3,0.25,0.0,2,24,23,1.04,0,0.23,4.06,0.027,1.7,0.151
2025,54805,박지환,SSG,SK,27,0.15,31,68,60,3,9,0,0,0,9,4,3,1,4,0,0,19,1,0.15,0.2,0.35,1,0.176,0.0,0,15,18,0.83,0,0.21,3.53,0.0,0.9,0.128
2025,68805,최상민,SSG,SK,28,0.143,23,9,7,5,1,0,0,0,1,1,0,0,1,0,1,5,0,0.143,0.333,0.476,0,0.0,0.0,0,1,0,,0,0.2,4.67,0.0,0.5,0.186
2025,69813,하재훈,SSG,SK,28,0.143,18,61,56,6,8,0,0,3,17,8,0,1,4,0,0,21,1,0.304,0.197,0.501,1,0.167,0.0,3,14,14,1.0,1,0.19,3.72,0.161,3.2,0.165
2025,67900,김수윤,SSG,SK,30,0.091,7,12,11,0,1,0,0,0,1,0,0,0,0,0,1,4,0,0.091,0.167,0.258,0,0.0,0.0,0,3,3,1.0,0,0.0,3.92,0.0,-0.1,0.098
2025,71837,김강민,SSG,SK,31,,1,0,0,0,0,0,0,0,0,0,0,0,0,0,0,0,0,,,,0,0.0,0.0,0,0,0,,0,,,,0.0,0.0
2025,51867,김건우,SSG,SK,31,,1,0,0,0,0,0,0,0,0,0,0,0,0,0,0,0,0,,,,0,0.0,0.0,0,0,0,,0,,,,0.0,0.0
2025,69825,김창평,SSG,SK,31,,4,0,0,1,0,0,0,0,0,0,0,0,0,0,0,0,0,,,,0,0.0,0.0,0,0,0,,0,,,,0.0,0.0
2025,65343,김택형,SSG,SK,31,,1,0,0,0,0,0,0,0,0,0,0,0,0,0,0,0,0,,,,0,0.0,0.0,0,0,0,,0,,,,0.0,0.0
2025,73211,노경은,SSG,SK,31,,1,0,0,0,0,0,0,0,0,0,0,0,0,0,0,0,0,,,,0,0.0,0.0,0,0,0,,0,,,,0.0,0.0
2025,53892,이로운,SSG,SK,31,,1,0,0,0,0,0,0,0,0,0,0,0,0,0,0,0,0,,,,0,0.0,0.0,0,0,0,,0,,,,0.0,0.0
2025,67807,이정범,SSG,SK,31,0.0,3,3,3,0,0,0,0,0,0,0,0,0,0,0,0,2,0,0.0,0.0,0.0,0,0.0,0.0,0,0,1,0.0,0,0.0,4.67,0.0,-0.3,0.0
2025,52807,임근우,SSG,SK,31,0.0,3,5,5,0,0,0,0,0,0,0,0,0,0,0,0,1,0,0.0,0.0,0.0,0,0.0,0.0,0,2,2,1.0,0,0.0,3.8,0.0,-0.5,0.0
2025,52809,전영준,SSG,SK,31,,1,0,0,0,0,0,0,0,0,0,0,0,0,0,0,0,0,,,,0,0.0,0.0,0,0,0,,0,,,,0.0,0.0
2025,51897,조병현,SSG,SK,31,,2,0,0,0,0,0,0,0,0,0,0,0,0,0,0,0,0,,,,0,0.0,0.0,0,0,0,,0,,,,0.0,0.0
2025,68856,최민준,SSG,SK,31,,1,0,0,0,0,0,0,0,0,0,0,0,0,0,0,0,0,,,,0,0.0,0.0,0,0,0,,0,,,,0.0,0.0
2025,54803,최현석,SSG,SK,31,,1,0,0,0,0,0,0,0,0,0,0,0,0,0,0,0,0,,,,0,0.0,0.0,0,0,0,,0,,,,0.0,0.0
2025,68092,한두솔,SSG,SK,31,,1,0,0,0,0,0,0,0,0,0,0,0,0,0,0,0,0,,,,0,0.0,0.0,0,0,0,,0,,,,0.0,0.0
2025,69207,김태근,삼성,SS,1,0.333,11,14,12,2,4,0,0,0,4,0,0,0,2,0,0,4,0,0.333,0.429,0.762,0,0.0,0.5,0,1,3,0.33,0,0.5,3.86,0.0,1.9,0.276
2025,67449,김성윤,삼성,SS,2,0.331,127,538,456,92,151,29,9,6,216,61,10,2,65,0,5,54,11,0.474,0.419,0.893,45,0.402,0.4,44,159,94,1.69,4,1.2,3.67,0.143,87.8,0.307
2025,62404,구자욱,삼성,SS,3,0.319,142,616,529,106,169,43,2,19,273,96,1,8,73,7,5,91,9,0.516,0.402,0.918,46,0.351,0.333,64,147,130,1.13,15,0.8,4.05,0.197,105.7,0.31
2025,54400,디아즈,삼성,SS,4,0.314,144,628,551,93,173,32,0,50,355,158,0,11,60,10,6,100,15,0.644,0.381,1.025,50,0.352,1.0,82,103,186,0.55,16,0.6,3.82,0.33,126.0,0.332
2025,69418,박승규,삼성,SS,5,0.287,64,200,174,39,50,5,0,6,73,14,1,0,21,0,4,43,2,0.42,0.377,0.797,12,0.2,0.143,11,38,43,0.88,1,0.49,4.15,0.132,27.7,0.275
2025,69442,김도환,삼성,SS,6,0.286,6,14,14,3,4,1,0,0,5,1,0,0,0,0,0,4,0,0.357,0.286,0.643,1,1.0,0.0,1,2,4,0.5,0,0.0,3.36,0.071,1.3,0.218
2025,50458,김지찬,삼성,SS,7,0.281,90,373,317,59,89,9,2,0,102,23,10,3,38,0,5,44,7,0.322,0.364,0.686,24,0.286,0.0,11,105,82,1.28,4,0.86,3.78,0.041,43.2,0.244
2025,62234,류지혁,삼성,SS,8,0.28,129,464,400,54,112,14,0,1,129,37,14,4,33,0,13,73,11,0.323,0.351,0.674,29,0.247,0.2,15,130,89,1.46,3,0.45,3.82,0.043,47.2,0.239
2025,65586,전병우,삼성,SS,9,0.273,59,97,77,11,21,2,0,1,26,13,0,0,19,0,1,27,3,0.338,0.423,0.761,2,0.381,0.412,3,10,19,0.53,1,0.7,4.13,0.065,12.5,0.275
2025,74540,강민호,삼성,SS,10,0.269,127,465,412,37,111,23,1,12,172,71,1,7,38,4,7,69,16,0.417,0.336,0.753,26,0.333,0.3,36,130,109,1.19,6,0.55,3.62,0.148,56.1,0.255
2025,54408,양도근,삼성,SS,11,0.259,116,198,166,23,43,5,0,0,48,16,11,1,18,0,2,41,3,0.289,0.337,0.626,12,0.22,0.286,5,44,39,1.13,3,0.44,3.74,0.03,18.3,0.224
2025,52415,이재현,삼성,SS,12,0.254,139,555,457,82,116,29,1,16,195,67,10,8,69,1,11,119,8,0.427,0.36,0.787,29,0.256,0.333,46,88,142,0.62,6,0.58,4.37,0.173,76.6,0.269
2025,52430,김영웅,삼성,SS,13,0.249,125,499,446,66,111,22,2,22,203,72,0,3,48,3,2,143,6,0.455,0.323,0.778,25,0.268,0.0,46,83,112,0.74,3,0.34,3.97,0.206,66.9,0.259
2025,65040,김태훈,삼성,SS,14,0.237,51,98,93,4,22,1,0,2,29,8,2,0,3,0,0,24,0,0.312,0.26,0.572,2,0.15,0.24,3,25,22,1.14,1,0.13,3.23,0.075,7.8,0.195
2025,66406,안주형,삼성,SS,15,0.235,8,18,17,3,4,0,0,1,7,2,0,0,1,0,0,5,1,0.412,0.278,0.69,0,0.0,0.0,1,5,3,1.67,0,0.2,4.11,0.176,1.4,0.228
2025,61404,김헌곤,삼성,SS,16,0.225,77,191,173,21,39,6,0,2,51,11,2,1,11,0,4,29,4,0.295,0.286,0.581,6,0.114,0.333,8,57,49,1.16,1,0.38,3.79,0.069,14.5,0.202
2025,55440,함수호,삼성,SS,17,0.214,6,14,14,1,3,0,0,0,3,1,0,0,0,0,0,6,0,0.214,0.214,0.428,1,0.25,0.0,0,4,1,4.0,0,0.0,3.79,0.0,0.5,0.15
2025,69428,이병헌,삼성,SS,18,0.2,55,59,55,5,11,3,0,1,17,7,0,0,3,0,1,13,1,0.309,0.254,0.563,3,0.273,0.0,4,17,14,1.21,0,0.23,3.88,0.109,4.0,0.192
2025,51407,이창용,삼성,SS,18,0.2,11,17,15,2,3,1,0,1,7,2,0,0,2,0,0,8,0,0.467,0.294,0.761,0,0.167,0.0,2,4,0,,0,0.25,4.65,0.267,2.4,0.249
2025,69416,이해승,삼성,SS,18,0.2,8,5,5,2,1,0,0,0,1,1,0,0,0,0,0,2,0,0.2,0.2,0.4,0,0.5,0.0,0,0,2,0.0,0,0.0,4.8,0.0,0.1,0.14
2025,75125,박병호,삼성,SS,21,0.199,77,232,196,26,39,5,0,15,89,33,0,2,27,0,7,70,5,0.454,0.315,0.769,9,0.208,0.063,20,36,53,0.68,2,0.39,4.22,0.255,30.5,0.255
2025,66409,이성규,삼성,SS,22,0.198,68,154,126,17,25,5,1,6,50,21,1,2,15,0,10,52,3,0.397,0.327,0.724,3,0.256,0.154,12,22,29,0.76,2,0.29,4.28,0.198,18.2,0.246
2025,69403,양우현,삼성,SS,23,0.188,14,16,16,3,3,1,0,0,4,4,0,0,0,0,0,2,0,0.25,0.188,0.438,0,0.286,0.0,1,7,4,1.75,2,0.0,3.63,0.063,0.5,0.147
2025,55438,심재훈,삼성,SS,24,0.184,31,43,38,8,7,0,0,0,7,2,1,0,4,0,0,13,0,0.184,0.262,0.446,2,0.222,0.0,0,12,6,2.0,0,0.31,3.86,0.0,2.2,0.164
2025,68463,윤정빈,삼성,SS,25,0.175,25,46,40,3,7,1,0,0,8,3,0,2,4,0,0,18,1,0.2,0.239,0.439,2,0.286,0.167,1,7,10,0.7,0,0.22,3.96,0.025,2.3,0.158
2025,65132,김재성,삼성,SS,26,0.127,43,73,63,3,8,2,0,0,10,4,1,1,6,0,2,23,0,0.159,0.222,0.381,1,0.133,0.0,2,13,20,0.65,0,0.26,3.88,0.032,2.4,0.14
2025,67005,홍현빈,삼성,SS,27,0.125,32,38,32,8,4,2,0,0,6,0,2,0,3,0,1,8,0,0.188,0.222,0.41,0,0.167,0.143,2,4,16,0.25,0,0.38,3.97,0.063,1.3,0.147
2025,54401,김대호,삼성,SS,28,,1,0,0,0,0,0,0,0,0,0,0,0,0,0,0,0,0,,,,0,0.0,0.0,0,0,0,,0,,,,0.0,0.0
2025,65062,김재윤,삼성,SS,28,,2,0,0,0,0,0,0,0,0,0,0,0,0,0,0,0,0,,,,0,0.0,0.0,0,0,0,,0,,,,0.0,0.0
2025,52424,김재혁,삼성,SS,28,0.0,8,4,3,2,0,0,0,0,0,0,0,0,1,0,0,2,0,0.0,0.25,0.25,0,0.0,0.0,0,1,0,,0,0.5,4.0,0.0,0.1,0.113
2025,62360,김태훈,삼성,SS,28,,1,0,0,0,0,0,0,0,0,0,0,0,0,0,0,0,0,,,,0,0.0,0.0,0,0,0,,0,,,,0.0,0.0
2025,54460,김호진,삼성,SS,28,,1,0,0,0,0,0,0,0,0,0,0,0,0,0,0,0,0,,,,0,0.0,0.0,0,0,0,,0,,,,0.0,0.0
2025,53411,박진우,삼성,SS,28,0.0,1,1,1,0,0,0,0,0,0,0,0,0,0,0,0,0,0,0.0,0.0,0.0,0,0.0,0.0,0,0,1,0.0,0,,5.0,0.0,-0.1,0.0
2025,55455,배찬승,삼성,SS,28,,2,0,0,0,0,0,0,0,0,0,0,0,0,0,0,0,0,,,,0,0.0,0.0,0,0,0,,0,,,,0.0,0.0
2025,68415,양창섭,삼성,SS,28,,1,0,0,0,0,0,0,0,0,0,0,0,0,0,0,0,0,,,,0,0.0,0.0,0,0,0,,0,,,,0.0,0.0
2025,54404,육선엽,삼성,SS,28,,2,0,0,0,0,0,0,0,0,0,0,0,0,0,0,0,0,,,,0,0.0,0.0,0,0,0,,0,,,,0.0,0.0
2025,60146,이승현,삼성,SS,28,,2,0,0,0,0,0,0,0,0,0,0,0,0,0,0,0,0,,,,0,0.0,0.0,0,0,0,,0,,,,0.0,0.0
2025,51460,이재희,삼성,SS,28,,1,0,0,0,0,0,0,0,0,0,0,0,0,0,0,0,0,,,,0,0.0,0.0,0,0,0,,0,,,,0.0,0.0
2025,53455,이호성,삼성,SS,28,,2,0,0,0,0,0,0,0,0,0,0,0,0,0,0,0,0,,,,0,0.0,0.0,0,0,0,,0,,,,0.0,0.0
2025,55435,차승준,삼성,SS,28,0.0,1,1,1,0,0,0,0,0,0,0,0,0,0,0,0,0,0,0.0,0.0,0.0,0,0.0,0.0,0,0,1,0.0,0,,10.0,0.0,-0.1,0.0
2025,51903,김정호,NC,NC,1,0.444,8,11,9,3,4,0,0,0,4,0,1,0,0,0,1,4,0,0.444,0.5,0.944,1,0.0,0.0,0,0,1,0.0,0,0.0,2.73,0.0,1.9,0.336
2025,50902,김한별,NC,NC,2,0.313,76,72,64,14,20,2,0,0,22,5,2,0,3,0,3,5,2,0.344,0.371,0.715,3,0.429,0.0,2,26,13,2.0,0,0.6,3.78,0.031,8.0,0.253
2025,62907,박민우,NC,NC,3,0.302,117,468,404,64,122,25,8,3,172,67,4,4,44,5,12,64,5,0.426,0.384,0.81,37,0.432,0.167,36,109,113,0.96,6,0.69,3.66,0.124,68.6,0.279
2025,54944,데이비슨,NC,NC,4,0.293,112,439,386,63,113,18,0,36,239,97,0,14,31,1,8,118,10,0.619,0.346,0.965,30,0.237,0.0,54,66,103,0.64,9,0.26,3.72,0.326,83.6,0.31
2025,51907,김주원,NC,NC,5,0.289,144,624,539,98,156,26,8,15,243,65,4,2,63,1,16,111,8,0.451,0.379,0.83,40,0.306,0.333,49,112,162,0.69,3,0.57,3.94,0.161,95.9,0.283
2025,79215,박건우,NC,NC,6,0.289,124,442,384,43,111,24,1,9,164,67,1,5,47,2,5,63,6,0.427,0.37,0.797,30,0.306,0.4,34,106,109,0.97,5,0.75,3.72,0.138,61.7,0.273
2025,69992,최정원,NC,NC,7,0.275,91,155,120,40,33,3,0,0,36,11,4,1,18,0,12,22,0,0.3,0.417,0.717,9,0.194,0.25,3,50,16,3.13,3,0.82,3.75,0.025,23.4,0.263
2025,69995,서호철,NC,NC,8,0.266,103,292,263,25,70,7,1,3,88,30,10,4,8,0,7,51,7,0.335,0.301,0.636,16,0.247,0.143,11,76,70,1.09,3,0.16,3.63,0.068,26.8,0.219
2025,50906,박영빈,NC,NC,9,0.25,16,5,4,8,1,0,0,0,1,1,0,0,1,0,0,2,0,0.25,0.4,0.65,0,1.0,0.0,0,0,1,0.0,0,0.5,4.2,0.0,0.6,0.243
2025,51996,오태양,NC,NC,9,0.25,14,13,12,6,3,0,0,0,3,1,0,0,1,0,0,3,0,0.25,0.308,0.558,0,0.75,0.0,0,6,0,,0,0.33,3.85,0.0,1.0,0.201
2025,63260,이우성,NC,NC,9,0.25,105,337,300,28,75,22,1,3,108,33,1,3,31,0,2,66,8,0.36,0.321,0.681,19,0.213,0.385,26,91,71,1.28,1,0.47,3.79,0.11,34.4,0.234
2025,51344,김휘집,NC,NC,12,0.249,142,500,429,64,107,18,2,17,180,56,2,2,40,0,27,89,9,0.42,0.349,0.769,29,0.242,0.333,37,95,140,0.68,11,0.45,3.9,0.17,66.3,0.262
2025,63963,권희동,NC,NC,13,0.246,136,456,358,56,88,24,0,6,130,39,8,2,77,0,11,80,10,0.363,0.393,0.756,21,0.247,0.077,30,103,89,1.16,4,0.96,4.47,0.117,56.6,0.268
2025,66606,최원준,NC,NC,14,0.242,126,449,413,62,100,13,3,6,137,44,2,5,23,0,6,71,5,0.332,0.289,0.621,24,0.224,0.2,22,132,115,1.15,3,0.32,3.78,0.09,43.4,0.213
2025,67905,천재환,NC,NC,15,0.238,129,294,261,47,62,10,3,6,96,31,6,5,17,0,5,58,3,0.368,0.292,0.66,12,0.242,0.2,19,69,77,0.9,3,0.29,3.65,0.13,31.6,0.223
2025,68904,오영수,NC,NC,16,0.232,67,179,155,14,36,5,0,3,50,23,0,0,22,0,2,47,0,0.323,0.335,0.658,9,0.262,0.273,8,39,33,1.18,3,0.47,4.05,0.09,18.9,0.232
2025,68912,김형준,NC,NC,17,0.232,127,415,362,51,84,10,1,18,150,55,3,2,45,0,3,126,7,0.414,0.32,0.734,18,0.29,0.25,29,59,95,0.62,7,0.36,4.1,0.182,50.8,0.248
2025,50996,박시원,NC,NC,18,0.204,52,60,54,12,11,2,0,1,16,4,1,0,5,0,0,18,1,0.296,0.271,0.567,0,0.25,0.375,3,12,13,0.92,1,0.28,3.62,0.093,4.4,0.196
2025,54908,고승완,NC,NC,19,0.2,17,11,10,5,2,0,0,0,2,0,0,0,1,0,0,5,0,0.2,0.273,0.473,0,0.0,0.333,0,3,0,,0,0.2,4.45,0.0,0.6,0.173
2025,69203,송승환,NC,NC,19,0.2,13,15,15,0,3,1,0,0,4,2,0,0,0,0,0,6,0,0.267,0.2,0.467,0,0.667,0.286,1,5,1,5.0,0,0.0,3.47,0.067,0.6,0.157
2025,64101,한석현,NC,NC,21,0.195,61,138,113,18,22,5,0,3,36,21,4,2,12,0,7,27,1,0.319,0.306,0.625,6,0.267,0.167,8,32,34,0.94,0,0.44,3.78,0.124,13.4,0.217
2025,50903,한재환,NC,NC,22,0.185,16,31,27,2,5,0,0,0,5,4,0,0,2,0,2,14,0,0.185,0.29,0.475,0,0.3,0.2,0,2,6,0.33,0,0.14,4.42,0.0,1.8,0.177
2025,66965,도태훈,NC,NC,23,0.182,61,98,77,9,14,4,1,1,23,8,6,0,7,0,8,16,2,0.299,0.315,0.614,2,0.2,0.0,6,25,22,1.14,0,0.44,3.6,0.117,8.7,0.217
2025,50600,홍종표,NC,NC,24,0.164,62,85,73,16,12,0,0,0,12,3,4,1,7,0,0,23,1,0.164,0.235,0.399,1,0.091,0.0,0,25,14,1.79,0,0.3,4.0,0.0,2.4,0.147
2025,62244,박세혁,NC,NC,25,0.163,48,93,86,8,14,3,0,2,23,10,0,1,5,0,1,28,4,0.267,0.215,0.482,3,0.219,0.091,5,17,28,0.61,3,0.18,3.96,0.105,3.9,0.164
2025,64022,안중열,NC,NC,26,0.143,33,60,49,2,7,3,0,0,10,6,1,0,8,0,2,15,0,0.204,0.288,0.492,0,0.182,0.0,3,15,12,1.25,1,0.53,4.03,0.061,3.7,0.181
2025,53992,박한결,NC,NC,27,0.118,8,19,17,2,2,0,0,2,8,3,0,0,2,0,0,8,0,0.471,0.211,0.682,0,0.25,0.0,2,2,5,0.4,0,0.25,4.26,0.353,2.1,0.213
2025,69980,김범준,NC,NC,28,0.0,1,1,1,0,0,0,0,0,0,0,0,0,0,0,0,1,0,0.0,0.0,0.0,0,0.0,0.0,0,0,0,,0,0.0,5.0,0.0,-0.1,0.0
2025,68900,김영규,NC,NC,28,,1,0,0,0,0,0,0,0,0,0,0,0,0,0,0,0,0,,,,0,0.0,0.0,0,0,0,,0,,,,0.0,0.0
2025,55995,김태훈,NC,NC,28,,1,0,0,0,0,0,0,0,0,0,0,0,0,0,0,0,0,,,,0,0.0,0.0,0,0,0,,0,,,,0.0,0.0
2025,65949,류진욱,NC,NC,28,,3,0,0,0,0,0,0,0,0,0,0,0,0,0,0,0,0,,,,0,0.0,0.0,0,0,0,,0,,,,0.0,0.0
2025,64995,배재환,NC,NC,28,,2,0,0,0,0,0,0,0,0,0,0,0,0,0,0,0,0,,,,0,0.0,0.0,0,0,0,,0,,,,0.0,0.0
2025,67962,소이현,NC,NC,28,,2,0,0,0,0,0,0,0,0,0,0,0,0,0,0,0,0,,,,0,0.0,0.0,0,0,0,,0,,,,0.0,0.0
2025,54904,손주환,NC,NC,28,,2,0,0,0,0,0,0,0,0,0,0,0,0,0,0,0,0,,,,0,0.0,0.0,0,0,0,,0,,,,0.0,0.0
2025,50901,안인산,NC,NC,28,0.0,4,7,6,0,0,0,0,0,0,1,0,1,0,0,0,3,0,0.0,0.0,0.0,0,0.0,0.0,0,0,4,0.0,0,0.0,4.14,0.0,-0.2,0.0
2025,69969,전사민,NC,NC,28,,1,0,0,0,0,0,0,0,0,0,0,0,0,0,0,0,0,,,,0,0.0,0.0,0,0,0,,0,,,,0.0,0.0
2025,68504,이호연,KT,KT,1,0.343,32,75,70,8,24,7,0,1,34,8,1,0,3,0,1,14,2,0.486,0.378,0.864,5,0.3,0.389,8,24,8,3.0,0,0.21,3.4,0.143,10.9,0.292
2025,52001,안현민,KT,KT,2,0.334,112,482,395,72,132,19,4,22,225,80,0,3,75,5,9,72,4,0.57,0.448,1.018,38,0.333,0.0,45,93,101,0.92,7,1.04,4.2,0.235,97.5,0.344
2025,64004,김민혁,KT,KT,3,0.287,106,417,380,52,109,12,2,0,125,35,4,1,25,1,7,41,12,0.329,0.341,0.67,29,0.262,0.286,14,145,86,1.69,7,0.61,3.63,0.042,41.4,0.236
2025,79240,허경민,KT,KT,4,0.283,114,481,420,47,119,18,0,4,149,44,3,4,39,1,15,35,14,0.355,0.362,0.717,33,0.29,0.0,22,129,141,0.91,5,1.11,3.88,0.071,54.9,0.252
2025,76313,황재균,KT,KT,5,0.275,112,424,385,50,106,19,0,7,146,48,1,2,34,1,2,84,2,0.379,0.336,0.715,31,0.403,0.111,26,84,113,0.74,3,0.4,3.91,0.104,50.4,0.246
2025,68050,강백호,KT,KT,6,0.265,95,369,321,41,85,18,1,15,150,61,0,1,44,3,3,64,9,0.467,0.358,0.825,21,0.3,0.5,34,86,87,0.99,7,0.69,3.91,0.202,51.2,0.278
2025,69056,박민석,KT,KT,7,0.263,19,21,19,5,5,1,1,0,8,1,0,0,2,0,0,4,0,0.421,0.333,0.754,1,0.0,0.0,2,8,2,4.0,0,0.5,3.67,0.158,2.3,0.255
2025,55013,스티븐슨,KT,KT,8,0.262,39,168,149,26,39,12,0,3,60,14,1,0,14,0,4,43,2,0.403,0.341,0.744,12,0.258,0.0,15,38,29,1.31,0,0.33,3.93,0.141,20.5,0.254
2025,67644,이정훈,KT,KT,9,0.258,59,148,132,20,34,4,0,4,50,14,0,0,13,0,3,48,4,0.379,0.338,0.717,6,0.258,0.286,8,28,22,1.27,2,0.27,4.14,0.121,16.1,0.247
2025,64504,오윤석,KT,KT,10,0.256,77,184,156,30,40,8,1,0,50,19,8,1,12,0,7,41,4,0.321,0.335,0.656,8,0.302,0.3,9,45,31,1.45,0,0.29,4.01,0.064,17.2,0.231
2025,79402,김상수,KT,KT,11,0.254,113,423,355,42,90,14,0,5,119,47,5,7,52,1,4,57,8,0.335,0.349,0.684,20,0.287,0.25,19,106,109,0.97,6,0.91,4.11,0.082,47.5,0.241
2025,78548,장성우,KT,KT,12,0.247,129,480,413,44,102,13,0,14,157,58,2,8,55,1,2,96,13,0.38,0.333,0.713,25,0.191,0.25,27,86,137,0.63,8,0.57,4.01,0.133,55.5,0.245
2025,67025,로하스,KT,KT,13,0.239,95,384,331,48,79,20,0,14,141,43,0,4,48,3,1,71,9,0.426,0.333,0.759,18,0.227,0.167,34,82,103,0.8,11,0.68,4.02,0.187,48.2,0.256
2025,67006,안치영,KT,KT,14,0.227,47,56,44,9,10,1,0,1,14,6,4,1,4,0,3,13,1,0.318,0.327,0.645,1,0.308,0.0,2,12,10,1.2,1,0.31,3.93,0.091,4.9,0.227
2025,51003,권동진,KT,KT,15,0.225,123,309,271,34,61,12,3,1,82,25,6,1,30,0,1,91,8,0.303,0.304,0.607,12,0.27,0.5,16,66,54,1.22,1,0.33,4.08,0.077,24.5,0.213
2025,64007,문상철,KT,KT,16,0.214,79,209,173,22,37,6,1,5,60,20,3,3,25,0,5,44,3,0.347,0.325,0.672,6,0.178,0.25,12,44,51,0.86,1,0.57,3.96,0.133,22.6,0.233
2025,66706,장진혁,KT,KT,17,0.209,86,157,139,19,29,3,1,4,46,19,4,1,13,0,0,46,1,0.331,0.275,0.606,5,0.184,0.167,8,35,30,1.17,3,0.28,3.97,0.122,14.0,0.207
2025,64115,장준원,KT,KT,18,0.207,73,154,140,10,29,3,0,1,35,11,5,1,8,0,0,27,5,0.25,0.248,0.498,6,0.182,0.0,4,57,28,2.04,0,0.3,3.62,0.043,7.3,0.174
2025,64166,배정대,KT,KT,19,0.204,99,276,240,25,49,11,2,2,70,28,7,3,19,0,7,65,4,0.292,0.279,0.571,11,0.281,0.143,15,70,59,1.19,2,0.29,3.95,0.088,21.0,0.199
2025,52002,김병준,KT,KT,20,0.2,9,5,5,2,1,0,0,0,1,0,0,0,0,0,0,2,0,0.2,0.2,0.4,0,0.0,0.0,0,1,1,1.0,0,0.0,3.4,0.0,0.1,0.14
2025,50066,강현우,KT,KT,21,0.188,40,78,64,5,12,1,0,1,16,8,3,1,10,0,0,14,1,0.25,0.293,0.543,2,0.235,0.364,2,18,21,0.86,2,0.71,3.71,0.063,5.9,0.194
2025,68089,조대현,KT,KT,22,0.187,64,90,75,7,14,4,0,0,18,11,6,0,7,0,2,22,0,0.24,0.274,0.514,1,0.348,0.5,4,19,20,0.95,1,0.32,3.88,0.053,5.5,0.183
2025,51013,유준규,KT,KT,23,0.118,35,41,34,13,4,2,0,0,6,3,0,0,7,0,0,13,0,0.176,0.268,0.444,0,0.111,0.0,2,11,6,1.83,0,0.54,3.83,0.059,2.1,0.165
2025,51007,최성민,KT,KT,24,0.105,32,21,19,3,2,0,0,0,2,2,1,0,1,0,0,5,0,0.105,0.15,0.255,0,0.5,0.0,0,8,4,2.0,0,0.2,3.9,0.0,0.0,0.094
2025,50092,윤준혁,KT,KT,25,0.059,28,18,17,4,1,1,0,0,2,0,1,0,0,0,0,5,0,0.118,0.059,0.177,0,0.0,0.0,1,3,8,0.38,0,0.0,3.78,0.059,-0.5,0.056
2025,69064,강민성,KT,KT,26,0.033,25,36,30,0,1,0,0,0,1,1,0,1,5,0,0,15,1,0.033,0.167,0.2,0,0.0,0.0,0,4,11,0.36,0,0.33,4.75,0.0,-0.5,0.083
2025,51005,김건형,KT,KT,27,0.0,2,1,1,0,0,0,0,0,0,0,0,0,0,0,0,0,0,0.0,0.0,0.0,0,0.0,0.0,0,1,0,,0,,1.0,0.0,-0.1,0.0
2025,54097,김민석,KT,KT,27,,2,0,0,0,0,0,0,0,0,0,0,0,0,0,0,0,0,,,,0,0.0,0.0,0,0,0,,0,,,,0.0,0.0
2025,65048,김민수,KT,KT,27,,1,0,0,0,0,0,0,0,0,0,0,0,0,0,0,0,0,,,,0,0.0,0.0,0,0,0,,0,,,,0.0,0.0
2025,55046,박건우,KT,KT,27,,2,0,0,0,0,0,0,0,0,0,0,0,0,0,0,0,0,,,,0,0.0,0.0,0,0,0,,0,,,,0.0,0.0
2025,73113,박경수,KT,KT,27,,1,0,0,0,0,0,0,0,0,0,0,0,0,0,0,0,0,,,,0,0.0,0.0,0,0,0,,0,,,,0.0,0.0
2025,52060,박영현,KT,KT,27,,5,0,0,0,0,0,0,0,0,0,0,0,0,0,0,0,0,,,,0,0.0,0.0,0,0,0,,0,,,,0.0,0.0
2025,69041,손동현,KT,KT,27,,1,0,0,0,0,0,0,0,0,0,0,0,0,0,0,0,0,,,,0,0.0,0.0,0,0,0,,0,,,,0.0,0.0
2025,64012,송민섭,KT,KT,27,,3,0,0,0,0,0,0,0,0,0,0,0,0,0,0,0,0,,,,0,0.0,0.0,0,0,0,,0,,,,0.0,0.0
2025,55005,오서진,KT,KT,27,,3,0,0,0,0,0,0,0,0,0,0,0,0,0,0,0,0,,,,0,0.0,0.0,0,0,0,,0,,,,0.0,0.0
2025,73117,우규민,KT,KT,27,,2,0,0,0,0,0,0,0,0,0,0,0,0,0,0,0,0,,,,0,0.0,0.0,0,0,0,,0,,,,0.0,0.0
2025,69054,이상동,KT,KT,27,,2,0,0,0,0,0,0,0,0,0,0,0,0,0,0,0,0,,,,0,0.0,0.0,0,0,0,,0,,,,0.0,0.0
2025,67048,이정현,KT,KT,27,,2,0,0,0,0,0,0,0,0,0,0,0,0,0,0,0,0,,,,0,0.0,0.0,0,0,0,,0,,,,0.0,0.0
2025,65060,주권,KT,KT,27,,2,0,0,0,0,0,0,0,0,0,0,0,0,0,0,0,0,,,,0,0.0,0.0,0,0,0,,0,,,,0.0,0.0
2025,79140,최동환,KT,KT,27,,1,0,0,0,0,0,0,0,0,0,0,0,0,0,0,0,0,,,,0,0.0,0.0,0,0,0,,0,,,,0.0,0.0
2025,55509,박건우,롯데,LT,1,0.667,6,3,3,1,2,0,0,0,2,1,0,0,0,0,0,1,0,0.667,0.667,1.334,0,1.0,0.0,0,0,0,,0,0.0,3.67,0.0,0.9,0.467
2025,55530,박찬형,롯데,LT,2,0.341,48,148,129,21,44,8,2,3,65,19,0,1,11,1,7,26,1,0.504,0.419,0.923,10,0.364,0.625,13,31,29,1.07,0,0.42,3.64,0.163,25.7,0.315
2025,54529,레이예스,롯데,LT,3,0.326,144,643,573,75,187,44,1,13,272,107,0,9,58,17,3,66,25,0.475,0.386,0.861,60,0.375,0.0,58,185,144,1.28,7,0.88,3.6,0.148,94.9,0.292
2025,78513,전준우,롯데,LT,4,0.293,114,472,410,50,120,26,1,8,172,70,3,6,44,2,9,71,9,0.42,0.369,0.789,29,0.359,0.25,35,98,127,0.77,11,0.62,3.7,0.127,64.0,0.271
2025,68205,전민재,롯데,LT,5,0.287,101,369,331,39,95,15,0,5,125,34,10,2,22,0,4,63,7,0.378,0.337,0.715,27,0.253,0.0,20,99,76,1.3,1,0.35,3.76,0.091,40.7,0.246
2025,55563,박재엽,롯데,LT,6,0.286,9,16,14,2,4,1,0,1,8,3,0,0,2,0,0,5,0,0.571,0.375,0.946,1,0.2,0.0,2,2,3,0.67,1,0.4,3.69,0.286,2.9,0.312
2025,52591,윤동희,롯데,LT,7,0.282,97,399,330,54,93,21,1,9,143,53,3,6,49,2,11,65,12,0.433,0.386,0.819,26,0.292,0.5,31,91,87,1.05,4,0.75,4.14,0.152,56.5,0.282
2025,61102,유강남,롯데,LT,8,0.274,110,350,303,35,83,18,0,5,116,38,3,5,26,0,13,66,11,0.383,0.352,0.735,18,0.204,0.417,23,87,72,1.21,3,0.39,3.97,0.109,41.0,0.254
2025,52568,한태양,롯데,LT,9,0.274,108,267,230,42,63,14,2,2,87,22,3,0,32,0,2,69,3,0.378,0.367,0.745,11,0.274,0.167,18,56,42,1.33,2,0.46,4.14,0.104,32.4,0.26
2025,69517,고승민,롯데,LT,10,0.271,121,538,469,71,127,21,2,4,164,45,6,4,56,1,3,83,8,0.35,0.35,0.7,36,0.241,0.0,27,126,137,0.92,6,0.67,4.0,0.079,60.8,0.245
2025,62931,노진혁,롯데,LT,11,0.27,28,69,63,11,17,1,2,1,25,5,0,0,5,0,1,20,0,0.397,0.333,0.73,2,0.188,0.267,4,9,17,0.53,0,0.25,4.13,0.127,8.5,0.249
2025,68507,장두성,롯데,LT,12,0.262,118,284,248,51,65,3,3,0,74,25,7,2,24,0,3,64,3,0.298,0.332,0.63,19,0.269,0.0,6,67,54,1.24,2,0.38,3.85,0.036,28.3,0.224
2025,50500,황성빈,롯데,LT,13,0.256,79,273,246,43,63,4,4,1,78,22,3,2,18,0,4,46,3,0.317,0.315,0.632,19,0.213,0.0,9,90,49,1.84,0,0.39,3.66,0.061,29.1,0.221
2025,50150,손호영,롯데,LT,14,0.25,97,375,328,39,82,12,0,4,106,41,11,4,22,0,10,66,9,0.323,0.313,0.636,24,0.321,0.0,16,83,101,0.82,4,0.33,3.59,0.073,35.5,0.222
2025,77564,김민성,롯데,LT,15,0.243,96,254,214,25,52,13,0,3,74,35,2,1,33,1,4,48,7,0.346,0.353,0.699,12,0.233,0.235,16,49,66,0.74,4,0.69,4.23,0.103,26.7,0.245
2025,54598,이호준,롯데,LT,16,0.242,99,153,132,20,32,7,4,3,56,23,3,1,14,0,3,33,3,0.424,0.327,0.751,6,0.313,0.0,14,32,36,0.89,3,0.42,3.83,0.182,18.6,0.253
2025,51551,나승엽,롯데,LT,17,0.229,105,392,328,40,75,12,2,9,118,44,3,1,55,2,5,65,10,0.36,0.347,0.707,13,0.275,0.571,23,87,102,0.85,11,0.85,4.16,0.131,43.4,0.246
2025,52504,김동혁,롯데,LT,18,0.225,93,114,89,19,20,4,1,0,26,6,4,0,18,0,3,26,3,0.292,0.373,0.665,4,0.235,0.0,5,29,14,2.07,1,0.69,3.88,0.067,12.3,0.241
2025,60523,정훈,롯데,LT,19,0.216,77,200,185,14,40,11,0,2,57,11,2,0,10,1,3,40,4,0.308,0.268,0.576,7,0.14,0.083,13,56,49,1.14,0,0.25,4.0,0.092,13.9,0.198
2025,62802,박승욱,롯데,LT,20,0.19,54,92,84,10,16,3,0,0,19,5,2,0,5,0,1,30,0,0.226,0.244,0.47,2,0.2,0.0,3,22,16,1.38,0,0.17,3.96,0.036,4.3,0.166
2025,68518,정보근,롯데,LT,21,0.186,93,152,129,4,24,4,1,1,33,15,4,0,18,1,1,39,4,0.256,0.291,0.547,3,0.293,0.0,6,40,26,1.54,2,0.46,3.86,0.07,9.6,0.195
2025,69508,신윤후,롯데,LT,22,0.167,12,13,12,1,2,0,0,0,2,0,1,0,0,0,0,3,0,0.167,0.167,0.334,0,0.0,0.0,0,3,4,0.75,0,0.0,3.31,0.0,0.3,0.117
2025,62884,최항,롯데,LT,22,0.167,8,7,6,1,1,0,0,0,1,1,0,0,1,0,0,4,0,0.167,0.286,0.453,0,0.25,0.0,0,0,1,0.0,0,0.25,4.43,0.0,0.4,0.17
2025,51528,손성빈,롯데,LT,24,0.145,51,69,62,6,9,0,0,1,12,3,2,0,4,0,1,20,1,0.194,0.209,0.403,0,0.125,0.0,1,16,17,0.94,0,0.2,3.83,0.048,1.9,0.143
2025,52516,조세진,롯데,LT,25,0.143,12,9,7,1,1,0,0,0,1,0,0,0,2,0,0,4,0,0.143,0.333,0.476,0,0.0,0.0,0,2,0,,0,0.5,4.11,0.0,0.6,0.186
2025,55506,한승현,롯데,LT,26,0.059,19,19,17,1,1,0,0,0,1,1,0,1,1,0,0,6,0,0.059,0.105,0.164,0,0.0,0.0,0,6,5,1.2,0,0.17,3.47,0.0,-0.4,0.062
2025,54567,강성우,롯데,LT,27,,1,0,0,0,0,0,0,0,0,0,0,0,0,0,0,0,0,,,,0,0.0,0.0,0,0,0,,0,,,,-0.3,0.0
2025,54506,강승구,롯데,LT,27,0.0,1,1,1,0,0,0,0,0,0,0,0,0,0,0,0,0,0,0.0,0.0,0.0,0,0.0,0.0,0,1,0,,0,,1.0,0.0,-0.1,0.0
2025,63543,구승민,롯데,LT,27,,1,0,0,0,0,0,0,0,0,0,0,0,0,0,0,0,0,,,,0,0.0,0.0,0,0,0,,0,,,,0.0,0.0
2025,65522,김강현,롯데,LT,27,,1,0,0,0,0,0,0,0,0,0,0,0,0,0,0,0,0,,,,0,0.0,0.0,0,0,0,,0,,,,0.0,0.0
2025,76430,김태혁,롯데,LT,27,,1,0,0,0,0,0,0,0,0,0,0,0,0,0,0,0,0,,,,0,0.0,0.0,0,0,0,,0,,,,0.0,0.0
2025,62528,김원중,롯데,LT,27,,8,0,0,0,0,0,0,0,0,0,0,0,0,0,0,0,0,,,,0,0.0,0.0,0,0,0,,0,,,,0.0,0.0
2025,54503,박준우,롯데,LT,27,,1,0,0,0,0,0,0,0,0,0,0,0,0,0,0,0,0,,,,0,0.0,0.0,0,0,0,,0,,,,0.0,0.0
2025,69594,박진,롯데,LT,27,,1,0,0,0,0,0,0,0,0,0,0,0,0,0,0,0,0,,,,0,0.0,0.0,0,0,0,,0,,,,0.0,0.0
2025,67588,윤성빈,롯데,LT,27,,1,0,0,0,0,0,0,0,0,0,0,0,0,0,0,0,0,,,,0,0.0,0.0,0,0,0,,0,,,,0.0,0.0
2025,50608,이인한,롯데,LT,27,,4,0,0,0,0,0,0,0,0,0,0,0,0,0,0,0,0,,,,0,0.0,0.0,0,0,0,,0,,,,0.0,0.0
2025,55511,이태경,롯데,LT,27,0.0,2,1,1,0,0,0,0,0,0,0,0,0,0,0,0,1,0,0.0,0.0,0.0,0,0.0,0.0,0,0,0,,0,0.0,9.0,0.0,-0.1,0.0
2025,68242,정철원,롯데,LT,27,,2,0,0,0,0,0,0,0,0,0,0,0,0,0,0,0,0,,,,0,0.0,0.0,0,0,0,,0,,,,0.0,0.0
2025,54537,정현수,롯데,LT,27,,3,0,0,0,0,0,0,0,0,0,0,0,0,0,0,0,0,,,,0,0.0,0.0,0,0,0,,0,,,,0.0,0.0
2025,66354,주효상,KIA,HT,1,0.333,8,17,15,1,5,2,0,0,7,1,0,0,2,0,0,4,0,0.467,0.412,0.879,1,0.667,0.0,2,3,3,1.0,0,0.5,4.29,0.133,2.7,0.302
2025,78603,김선빈,KIA,HT,2,0.321,84,308,271,31,87,18,1,3,116,46,2,1,31,0,3,35,9,0.428,0.395,0.823,25,0.352,0.333,22,85,65,1.31,5,0.89,3.93,0.107,43.0,0.285
2025,52605,김도영,KIA,HT,3,0.309,30,122,110,20,34,9,0,7,64,27,0,2,10,1,0,23,3,0.582,0.361,0.943,10,0.294,1.0,16,22,33,0.67,5,0.43,3.64,0.273,22.0,0.308
2025,72443,최형우,KIA,HT,4,0.307,133,549,469,74,144,30,1,24,248,86,0,5,67,8,8,98,9,0.529,0.399,0.928,38,0.294,0.6,55,103,129,0.8,9,0.68,3.99,0.222,95.1,0.312
2025,61353,고종욱,KIA,HT,5,0.296,46,123,115,13,34,2,0,3,45,16,0,3,5,1,0,17,2,0.391,0.317,0.708,7,0.321,0.438,5,35,32,1.09,3,0.29,3.46,0.096,14.9,0.24
2025,64646,박찬호,KIA,HT,6,0.287,134,595,516,75,148,18,2,5,185,42,8,6,62,0,3,69,7,0.359,0.363,0.722,37,0.294,0.0,25,138,167,0.83,3,0.9,3.86,0.072,75.1,0.253
2025,65653,김호령,KIA,HT,7,0.283,105,381,332,46,94,26,3,6,144,39,8,1,34,0,6,94,4,0.434,0.359,0.793,26,0.27,0.0,35,55,90,0.61,1,0.36,3.8,0.151,52.5,0.27
2025,52667,윤도현,KIA,HT,8,0.275,40,160,149,24,41,7,2,6,70,17,2,0,8,0,1,36,1,0.47,0.316,0.786,12,0.296,0.0,15,35,37,0.95,1,0.22,3.63,0.195,21.6,0.26
2025,67609,박정우,KIA,HT,9,0.274,53,75,62,17,17,2,0,0,19,4,0,0,10,0,3,12,1,0.306,0.4,0.706,2,0.267,0.0,2,17,16,1.06,0,0.83,3.92,0.032,8.9,0.257
2025,62947,나성범,KIA,HT,10,0.268,82,310,261,30,70,16,0,10,116,36,0,1,42,1,6,79,6,0.444,0.381,0.825,16,0.257,0.4,26,52,61,0.85,4,0.53,4.14,0.176,44.5,0.282
2025,69636,오선우,KIA,HT,11,0.265,124,474,437,58,116,17,1,18,189,56,0,0,34,2,3,158,11,0.432,0.323,0.755,32,0.239,0.143,36,92,71,1.3,7,0.22,4.07,0.167,56.7,0.253
2025,67610,김석환,KIA,HT,12,0.265,47,134,117,14,31,1,2,2,42,16,0,1,14,0,2,55,0,0.359,0.351,0.71,7,0.345,0.625,5,22,10,2.2,3,0.25,4.51,0.094,16.3,0.248
2025,55926,정현창,KIA,HT,13,0.263,16,21,19,4,5,0,0,0,5,0,0,0,2,0,0,5,0,0.263,0.333,0.596,0,0.0,0.25,0,2,7,0.29,0,0.4,3.71,0.0,1.6,0.216
2025,78122,김태군,KIA,HT,14,0.258,100,274,236,20,61,10,1,5,88,31,8,3,17,1,10,20,9,0.373,0.331,0.704,16,0.278,0.0,16,78,80,0.98,3,0.85,3.5,0.114,29.2,0.242
2025,63722,한승택,KIA,HT,15,0.238,15,23,21,3,5,1,0,0,6,0,0,0,1,0,1,7,1,0.286,0.304,0.59,1,0.125,0.333,1,6,3,2.0,0,0.14,3.7,0.048,1.5,0.208
2025,55645,위즈덤,KIA,HT,16,0.236,119,486,424,73,100,20,1,35,227,85,0,6,52,2,4,142,9,0.535,0.321,0.856,25,0.207,0.2,56,67,121,0.55,5,0.37,4.39,0.3,75.8,0.278
2025,66614,김규성,KIA,HT,17,0.233,133,222,193,30,45,4,0,3,58,16,5,1,21,0,2,49,1,0.301,0.313,0.614,9,0.204,0.714,7,47,53,0.89,2,0.43,3.8,0.067,20.8,0.216
2025,68646,한준수,KIA,HT,18,0.225,103,276,244,33,55,12,1,7,90,26,0,3,26,1,3,48,4,0.369,0.304,0.673,11,0.197,0.261,20,59,85,0.69,4,0.54,3.94,0.143,29.3,0.229
2025,69727,변우혁,KIA,HT,19,0.218,47,153,142,11,31,7,0,0,38,17,0,0,10,0,1,47,3,0.268,0.275,0.543,9,0.311,0.2,7,28,36,0.78,3,0.21,3.95,0.049,9.3,0.191
2025,50657,박민,KIA,HT,20,0.202,71,105,94,11,19,5,0,1,27,6,3,0,5,0,3,33,1,0.287,0.265,0.552,4,0.211,0.25,6,19,23,0.83,0,0.15,3.78,0.085,7.2,0.191
2025,65610,황대인,KIA,HT,21,0.189,18,57,53,3,10,3,0,1,16,8,0,1,3,0,0,14,0,0.302,0.228,0.53,3,0.25,0.0,4,16,14,1.14,0,0.21,4.05,0.113,4.0,0.178
2025,65464,최정용,KIA,HT,22,0.167,4,6,6,0,1,0,0,0,1,0,0,0,0,0,0,2,1,0.167,0.167,0.334,0,0.0,0.0,0,1,2,0.5,0,0.0,3.67,0.0,-0.3,0.117
2025,64560,이창진,KIA,HT,23,0.161,37,113,93,11,15,3,0,1,21,9,1,1,16,0,2,22,2,0.226,0.295,0.521,2,0.143,0.5,4,28,29,0.97,2,0.73,4.27,0.065,7.1,0.189
2025,78168,서건창,KIA,HT,24,0.136,10,26,22,1,3,1,0,1,7,2,2,0,2,0,0,5,1,0.318,0.208,0.526,0,0.0,0.333,2,8,6,1.33,0,0.4,3.69,0.182,1.5,0.173
2025,55637,박헌,KIA,HT,25,0.083,8,14,12,0,1,0,0,0,1,0,0,0,1,0,1,3,0,0.083,0.214,0.297,0,0.0,0.0,0,4,4,1.0,0,0.33,4.07,0.0,0.2,0.117
2025,55636,박재현,KIA,HT,26,0.081,58,69,62,11,5,1,0,0,6,3,0,1,6,0,0,26,0,0.097,0.159,0.256,0,0.059,0.143,1,17,15,1.13,0,0.23,3.81,0.016,-0.4,0.096
2025,53659,정해원,KIA,HT,27,0.075,24,46,40,5,3,0,0,0,3,0,0,0,5,0,1,14,4,0.075,0.196,0.271,0,0.091,0.167,0,11,12,0.92,0,0.36,4.13,0.0,-1.4,0.107
2025,69620,김기훈,KIA,HT,28,0.0,2,1,1,0,0,0,0,0,0,0,0,0,0,0,0,1,0,0.0,0.0,0.0,0,0.0,0.0,0,0,0,,0,0.0,3.0,0.0,-0.1,0.0
2025,60337,김대유,KIA,HT,28,,1,0,0,0,0,0,0,0,0,0,0,0,0,0,0,0,0,,,,0,0.0,0.0,0,0,0,,0,,,,0.0,0.0
2025,68928,김시훈,KIA,HT,28,,4,0,0,0,0,0,0,0,0,0,0,0,0,0,0,0,0,,,,0,0.0,0.0,0,0,0,,0,,,,0.0,0.0
2025,69516,김현수,KIA,HT,28,,1,0,0,0,0,0,0,0,0,0,0,0,0,0,0,0,0,,,,0,0.0,0.0,0,0,0,,0,,,,0.0,0.0
2025,55632,이성원,KIA,HT,28,,1,0,0,0,0,0,0,0,0,0,0,0,0,0,0,0,0,,,,0,0.0,0.0,0,0,0,,0,,,,0.0,0.0
2025,65665,이준영,KIA,HT,28,,1,0,0,0,0,0,0,0,0,0,0,0,0,0,0,0,0,,,,0,0.0,0.0,0,0,0,,0,,,,0.0,0.0
2025,66609,전상현,KIA,HT,28,,1,0,0,0,0,0,0,0,0,0,0,0,0,0,0,0,0,,,,0,0.0,0.0,0,0,0,,0,,,,0.0,0.0
2025,50662,정해영,KIA,HT,28,,1,0,0,0,0,0,0,0,0,0,0,0,0,0,0,0,0,,,,0,0.0,0.0,0,0,0,,0,,,,0.0,0.0
2025,63342,조상우,KIA,HT,28,,2,0,0,0,0,0,0,0,0,0,0,0,0,0,0,0,0,,,,0,0.0,0.0,0,0,0,,0,,,,0.0,0.0
2025,51994,한재승,KIA,HT,28,,2,0,0,0,0,0,0,0,0,0,0,0,0,0,0,0,0,,,,0,0.0,0.0,0,0,0,,0,,,,0.0,0.0
2025,52641,황동하,KIA,HT,28,,3,0,0,0,0,0,0,0,0,0,0,0,0,0,0,0,0,,,,0,0.0,0.0,0,0,0,,0,,,,0.0,0.0
2025,50204,박지훈,두산,OB,1,0.417,37,55,48,11,20,4,0,1,27,8,1,0,5,0,1,12,1,0.563,0.481,1.044,4,0.571,0.667,5,6,10,0.6,0,0.42,3.69,0.146,11.1,0.357
2025,66233,홍성호,두산,OB,2,0.346,9,27,26,3,9,1,0,2,16,3,0,0,1,1,0,8,0,0.615,0.37,0.985,3,0.25,0.333,3,2,7,0.29,1,0.13,3.96,0.269,5.3,0.32
2025,76232,양의지,두산,OB,3,0.337,130,517,454,56,153,27,1,20,242,89,0,6,50,6,7,63,10,0.533,0.406,0.939,44,0.375,0.5,48,94,150,0.63,5,0.79,3.71,0.196,91.6,0.316
2025,51203,안재석,두산,OB,4,0.319,35,147,135,25,43,16,1,4,73,20,1,0,11,1,0,27,3,0.541,0.37,0.911,15,0.5,0.0,21,27,38,0.71,4,0.41,3.63,0.222,23.4,0.302
2025,55208,케이브,두산,OB,5,0.299,136,593,538,72,161,28,6,16,249,87,0,8,43,1,4,116,7,0.463,0.351,0.814,52,0.31,0.0,50,129,140,0.92,7,0.37,3.78,0.164,89.1,0.274
2025,55252,박준순,두산,OB,6,0.284,91,298,282,34,80,11,2,4,107,19,2,3,10,1,1,56,6,0.379,0.307,0.686,19,0.246,0.0,17,82,67,1.22,4,0.18,3.33,0.096,32.4,0.233
2025,54236,임종성,두산,OB,7,0.277,33,89,83,7,23,4,0,2,33,11,1,1,3,0,1,26,1,0.398,0.307,0.705,4,0.333,1.0,6,17,18,0.94,3,0.12,3.74,0.12,10.2,0.238
2025,64468,박계범,두산,OB,8,0.263,94,198,175,23,46,9,2,1,62,27,7,1,14,0,1,45,4,0.354,0.319,0.673,9,0.345,0.3,12,56,29,1.93,2,0.31,3.96,0.091,19.5,0.232
2025,50208,오명진,두산,OB,9,0.263,107,371,331,38,87,14,4,4,121,41,7,3,27,1,3,94,3,0.366,0.321,0.687,22,0.235,0.25,22,89,64,1.39,3,0.29,3.65,0.103,40.1,0.236
2025,79231,정수빈,두산,OB,10,0.258,132,546,462,89,119,16,4,6,161,38,8,4,61,2,11,57,7,0.348,0.355,0.703,27,0.212,1.0,26,182,108,1.69,1,1.07,3.96,0.091,63.5,0.247
2025,64153,양석환,두산,OB,11,0.248,72,294,262,32,65,16,0,8,105,31,0,3,24,1,5,82,6,0.401,0.32,0.721,17,0.222,0.0,24,42,76,0.55,3,0.29,4.11,0.153,34.0,0.244
2025,66112,김기연,두산,OB,12,0.247,100,245,219,19,54,9,0,2,69,24,4,2,19,0,1,44,8,0.315,0.307,0.622,12,0.228,0.278,11,72,51,1.41,2,0.43,3.57,0.068,20.6,0.217
2025,66209,조수행,두산,OB,13,0.244,108,140,119,30,29,4,0,0,33,9,7,0,14,0,0,29,1,0.277,0.323,0.6,6,0.167,0.5,4,42,19,2.21,1,0.48,3.77,0.034,14.9,0.215
2025,67207,이유찬,두산,OB,14,0.242,89,311,269,36,65,8,1,1,78,16,6,1,33,0,2,66,4,0.29,0.328,0.618,11,0.194,0.0,10,72,67,1.07,1,0.5,4.02,0.048,29.4,0.22
2025,78224,김재환,두산,OB,15,0.241,103,407,344,42,83,13,2,13,139,50,0,2,57,3,4,96,4,0.404,0.354,0.758,19,0.253,0.0,28,73,94,0.78,6,0.59,3.87,0.163,53.8,0.26
2025,52267,김동준,두산,OB,16,0.237,36,100,93,8,22,3,0,2,31,10,1,0,5,0,1,30,2,0.333,0.283,0.616,3,0.259,0.333,5,22,19,1.16,1,0.17,3.38,0.097,8.1,0.211
2025,63123,강승호,두산,OB,17,0.236,115,400,360,51,85,19,3,8,134,37,2,3,24,2,11,113,7,0.372,0.302,0.674,19,0.224,0.333,30,85,80,1.06,3,0.21,3.79,0.136,42.0,0.229
2025,53554,김민석,두산,OB,18,0.228,95,247,228,21,52,7,3,1,68,21,2,3,12,1,2,62,3,0.298,0.269,0.567,12,0.254,0.118,11,59,58,1.02,5,0.19,3.82,0.07,18.4,0.196
2025,66928,박준영,두산,OB,19,0.225,41,126,111,9,25,8,0,1,36,10,1,1,10,0,3,32,1,0.324,0.304,0.628,6,0.179,0.0,9,19,36,0.53,0,0.31,3.97,0.099,12.2,0.218
2025,68362,추재현,두산,OB,20,0.222,34,87,81,7,18,3,1,1,26,7,2,0,3,0,1,17,2,0.321,0.259,0.58,3,0.111,0.286,5,29,17,1.71,1,0.18,3.89,0.099,6.0,0.197
2025,63257,김인태,두산,OB,21,0.213,106,225,183,17,39,10,1,3,60,25,0,1,36,0,5,57,2,0.328,0.356,0.684,4,0.25,0.341,14,42,46,0.91,3,0.63,4.36,0.115,24.9,0.242
2025,55226,김준상,두산,OB,22,0.2,9,17,15,1,3,1,0,0,4,0,1,0,0,0,1,8,0,0.267,0.25,0.517,1,0.0,0.0,1,3,1,3.0,0,0.0,3.65,0.067,1.0,0.179
2025,69238,김대한,두산,OB,23,0.194,16,37,36,1,7,0,0,1,10,5,0,0,1,0,0,6,0,0.278,0.216,0.494,2,0.167,0.0,1,13,10,1.3,0,0.17,3.7,0.083,1.8,0.167
2025,55224,이선우,두산,OB,24,0.182,10,11,11,0,2,1,0,0,3,0,0,0,0,0,0,2,0,0.273,0.182,0.455,0,0.0,0.333,1,3,4,0.75,0,0.0,4.36,0.091,0.4,0.15
2025,54219,류현준,두산,OB,25,0.136,17,22,22,2,3,0,0,0,3,1,0,0,0,0,0,6,1,0.136,0.136,0.272,0,0.143,0.25,0,11,2,5.5,0,0.0,3.18,0.0,-0.6,0.095
2025,65269,김민혁,두산,OB,26,0.118,10,21,17,2,2,0,0,1,5,1,0,0,4,0,0,6,0,0.294,0.286,0.58,0,0.0,0.0,1,3,6,0.5,0,0.67,3.86,0.176,1.9,0.202
2025,54205,여동건,두산,OB,27,0.105,19,21,19,6,2,0,0,0,2,2,0,0,2,0,0,2,1,0.105,0.19,0.295,0,0.333,0.333,0,11,4,2.75,0,1.0,3.76,0.0,-0.6,0.112
2025,54214,전다민,두산,OB,28,0.083,22,12,12,5,1,0,0,0,1,0,0,0,0,0,0,0,1,0.083,0.083,0.166,0,0.5,0.0,0,6,5,1.2,0,,3.25,0.0,-0.3,0.058
2025,51269,강현구,두산,OB,29,0.0,1,2,2,0,0,0,0,0,0,0,0,0,0,0,0,1,0,0.0,0.0,0.0,0,0.0,0.0,0,1,0,,0,0.0,4.0,0.0,-0.2,0.0
2025,72523,고효준,두산,OB,29,,1,0,0,0,0,0,0,0,0,0,0,0,0,0,0,0,0,,,,0,0.0,0.0,0,0,0,,0,,,,0.0,0.0
2025,55216,김성재,두산,OB,29,0.0,1,1,1,0,0,0,0,0,0,0,0,0,0,0,0,0,0,0.0,0.0,0.0,0,0.0,0.0,0,1,0,,0,,3.0,0.0,-0.1,0.0
2025,74206,김재호,두산,OB,29,,1,0,0,0,0,0,0,0,0,0,0,0,0,0,0,0,0,,,,0,0.0,0.0,0,0,0,,0,,,,0.0,0.0
2025,68830,김정우,두산,OB,29,,1,0,0,0,0,0,0,0,0,0,0,0,0,0,0,0,0,,,,0,0.0,0.0,0,0,0,,0,,,,0.0,0.0
2025,54263,김택연,두산,OB,29,,5,0,0,0,0,0,0,0,0,0,0,0,0,0,0,0,0,,,,0,0.0,0.0,0,0,0,,0,,,,0.0,0.0
2025,55221,김한중,두산,OB,29,,1,0,0,0,0,0,0,0,0,0,0,0,0,0,0,0,0,,,,0,0.0,0.0,0,0,0,,0,,,,0.0,0.0
2025,68269,김호준,두산,OB,29,,1,0,0,0,0,0,0,0,0,0,0,0,0,0,0,0,0,,,,0,0.0,0.0,0,0,0,,0,,,,0.0,0.0
2025,53204,박민준,두산,OB,29,0.0,7,2,2,0,0,0,0,0,0,0,0,0,0,0,0,1,0,0.0,0.0,0.0,0,0.0,0.0,0,0,1,0.0,0,0.0,4.0,0.0,-0.2,0.0
2025,51298,박성재,두산,OB,29,0.0,6,7,7,0,0,0,0,0,0,0,0,0,0,0,0,5,0,0.0,0.0,0.0,0,0.0,0.0,0,0,2,0.0,0,0.0,3.86,0.0,-0.7,0.0
2025,68249,박신지,두산,OB,29,,1,0,0,0,0,0,0,0,0,0,0,0,0,0,0,0,0,,,,0,0.0,0.0,0,0,0,,0,,,,0.0,0.0
2025,67266,박치국,두산,OB,29,,1,0,0,0,0,0,0,0,0,0,0,0,0,0,0,0,0,,,,0,0.0,0.0,0,0,0,,0,,,,0.0,0.0
2025,55215,양재훈,두산,OB,29,,1,0,0,0,0,0,0,0,0,0,0,0,0,0,0,0,0,,,,0,0.0,0.0,0,0,0,,0,,,,0.0,0.0
2025,66291,이영하,두산,OB,29,,1,0,0,0,0,0,0,0,0,0,0,0,0,0,0,0,0,,,,0,0.0,0.0,0,0,0,,0,,,,0.0,0.0
2025,63202,장승현,두산,OB,29,0.0,4,2,2,0,0,0,0,0,0,0,0,0,0,0,0,0,1,0.0,0.0,0.0,0,0.0,0.0,0,2,0,,0,,3.0,0.0,-0.6,0.0
2025,52208,천현재,두산,OB,29,0.0,3,3,3,0,0,0,0,0,0,0,0,0,0,0,0,0,1,0.0,0.0,0.0,0,0.0,0.0,0,3,0,,0,,3.33,0.0,-0.6,0.0
2025,67263,최원준,두산,OB,29,,1,0,0,0,0,0,0,0,0,0,0,0,0,0,0,0,0,,,,0,0.0,0.0,0,0,0,,0,,,,0.0,0.0
2025,55267,홍민규,두산,OB,29,,2,0,0,0,0,0,0,0,0,0,0,0,0,0,0,0,0,,,,0,0.0,0.0,0,0,0,,0,,,,0.0,0.0
2025,54305,이재상,키움,WO,1,0.5,2,2,2,0,1,0,0,0,1,0,0,0,0,0,0,1,0,0.5,0.5,1.0,0,0.0,0.0,0,0,0,,0,0.0,3.0,0.0,0.4,0.35
2025,65357,송성문,키움,WO,2,0.315,144,646,574,103,181,37,4,26,304,90,0,3,68,5,1,96,6,0.53,0.387,0.917,53,0.372,0.333,67,139,161,0.86,8,0.71,3.79,0.214,114.9,0.307
2025,51302,이주형,키움,WO,3,0.313,11,17,16,2,5,0,0,0,5,2,0,0,1,0,0,7,0,0.313,0.353,0.666,1,0.6,0.143,0,2,2,1.0,0,0.14,3.88,0.0,1.8,0.237
2025,76267,최주환,키움,WO,4,0.275,120,506,459,45,126,31,1,12,195,74,0,6,36,2,5,66,8,0.425,0.33,0.755,33,0.291,0.5,44,112,161,0.7,6,0.55,4.07,0.15,64.2,0.255
2025,53344,김동헌,키움,WO,5,0.268,49,91,82,8,22,3,0,0,25,8,0,1,7,0,1,23,0,0.305,0.33,0.635,3,0.292,0.6,3,21,17,1.24,0,0.3,4.42,0.037,9.2,0.225
2025,68305,변상권,키움,WO,6,0.263,12,20,19,2,5,2,0,0,7,4,0,1,0,0,0,2,0,0.368,0.25,0.618,0,0.333,0.167,2,8,5,1.6,0,0.0,3.45,0.105,2.0,0.205
2025,54444,카디네스,키움,WO,7,0.253,86,361,320,33,81,15,1,7,119,42,0,3,32,2,6,67,7,0.372,0.33,0.702,21,0.284,0.0,23,79,96,0.82,1,0.48,3.37,0.119,39.7,0.242
2025,50304,김병휘,키움,WO,8,0.25,7,6,4,2,1,0,0,0,1,0,0,0,2,0,0,1,0,0.25,0.5,0.75,0,0.0,0.0,0,0,2,0.0,0,2.0,5.67,0.0,0.9,0.288
2025,69332,주성원,키움,WO,8,0.25,58,174,156,21,39,6,0,1,48,12,0,1,13,0,4,45,2,0.308,0.322,0.63,10,0.212,0.3,7,36,37,0.97,1,0.29,3.95,0.058,17.0,0.222
2025,64340,임지열,키움,WO,10,0.244,102,417,369,51,90,14,2,11,141,50,1,3,42,0,2,111,11,0.382,0.322,0.704,19,0.31,0.6,27,89,82,1.09,3,0.38,3.91,0.138,46.0,0.24
2025,53312,김건희,키움,WO,11,0.242,105,344,322,24,78,20,2,3,111,25,7,2,13,0,0,102,10,0.345,0.27,0.615,19,0.224,0.2,25,91,53,1.72,3,0.13,3.93,0.102,26.3,0.208
2025,55326,스톤,키움,WO,12,0.241,22,93,87,4,21,0,0,2,27,15,0,1,5,0,0,24,2,0.31,0.28,0.59,6,0.286,1.0,2,19,24,0.79,1,0.21,3.99,0.069,7.6,0.204
2025,50167,이주형,키움,WO,13,0.24,127,514,446,55,107,22,1,11,164,45,3,0,37,2,28,115,7,0.368,0.337,0.705,28,0.257,0.222,34,131,93,1.41,5,0.32,3.75,0.128,59.6,0.244
2025,78756,오선진,키움,WO,14,0.238,99,163,143,15,34,8,0,1,45,19,4,1,12,0,3,45,2,0.315,0.308,0.623,8,0.313,0.0,9,40,25,1.6,5,0.27,4.22,0.077,14.4,0.217
2025,55392,어준서,키움,WO,15,0.238,116,360,324,48,77,9,1,6,106,27,3,1,30,1,2,75,10,0.327,0.305,0.632,20,0.222,0.182,16,89,84,1.06,3,0.4,3.95,0.09,31.6,0.219
2025,64346,임병욱,키움,WO,16,0.233,52,140,133,12,31,4,3,2,47,13,1,1,5,0,0,33,3,0.353,0.259,0.612,6,0.29,0.222,9,41,29,1.41,0,0.15,3.73,0.12,11.6,0.205
2025,64984,김태진,키움,WO,17,0.233,94,304,279,27,65,11,2,5,95,25,2,3,20,1,0,53,6,0.341,0.281,0.622,15,0.156,0.214,18,79,85,0.93,0,0.38,3.8,0.108,26.6,0.212
2025,55397,전태현,키움,WO,18,0.231,77,207,182,20,42,5,0,0,47,10,3,2,20,0,0,59,2,0.258,0.304,0.562,8,0.282,0.267,5,37,46,0.8,0,0.34,4.45,0.027,16.7,0.201
2025,50357,박주홍,키움,WO,19,0.226,102,283,248,33,56,11,3,3,82,23,2,2,30,0,1,72,5,0.331,0.31,0.641,12,0.219,0.182,17,57,65,0.88,3,0.42,4.18,0.105,28.2,0.222
2025,66838,김동엽,키움,WO,20,0.222,9,29,27,2,6,2,0,0,8,2,0,0,2,0,0,11,1,0.296,0.276,0.572,2,0.5,0.0,2,3,7,0.43,0,0.18,4.14,0.074,1.8,0.198
2025,54344,고영우,키움,WO,21,0.217,14,26,23,4,5,1,0,0,6,2,1,0,2,0,0,6,2,0.261,0.28,0.541,1,0.3,0.0,1,7,5,1.4,0,0.33,3.5,0.043,1.0,0.191
2025,74163,이용규,키움,WO,22,0.216,14,41,37,7,8,1,0,0,9,0,1,0,3,0,0,8,1,0.243,0.275,0.518,2,0.143,0.0,1,14,7,2.0,0,0.38,3.76,0.027,2.4,0.185
2025,52366,푸이그,키움,WO,23,0.212,40,172,156,17,33,2,0,6,53,20,0,0,12,0,4,38,1,0.34,0.285,0.625,9,0.256,0.0,8,35,50,0.7,3,0.32,3.76,0.128,16.3,0.213
2025,55339,염승원,키움,WO,24,0.211,11,21,19,2,4,0,0,0,4,1,0,1,1,0,0,6,0,0.211,0.238,0.449,0,0.0,0.0,0,8,2,4.0,0,0.17,3.76,0.0,1.3,0.16
2025,62332,김재현,키움,WO,25,0.208,62,128,120,12,25,5,0,0,30,5,4,0,1,0,3,31,1,0.25,0.234,0.484,5,0.132,0.0,5,46,18,2.56,1,0.03,3.48,0.042,6.1,0.168
2025,78135,이형종,키움,WO,26,0.2,33,82,70,4,14,3,0,2,23,6,2,0,9,0,1,22,3,0.329,0.3,0.629,1,0.2,0.222,5,21,13,1.62,0,0.41,4.07,0.129,6.9,0.217
2025,62925,강진성,키움,WO,27,0.182,6,13,11,1,2,0,0,0,2,1,0,0,2,0,0,1,2,0.182,0.308,0.49,1,0.2,0.0,0,7,1,7.0,1,2.0,3.46,0.0,0.1,0.184
2025,54394,송지후,키움,WO,28,0.175,33,86,80,5,14,3,0,1,20,8,0,1,3,0,2,18,3,0.25,0.221,0.471,3,0.154,0.0,4,25,24,1.04,0,0.17,3.76,0.075,3.2,0.162
2025,54307,원성준,키움,WO,29,0.174,24,53,46,5,8,1,0,2,15,4,0,0,7,0,0,18,1,0.326,0.283,0.609,3,0.333,0.2,3,10,10,1.0,0,0.39,4.09,0.152,4.5,0.209
2025,52305,박수종,키움,WO,30,0.143,38,45,42,6,6,0,0,1,9,2,0,0,3,0,0,12,0,0.214,0.2,0.414,2,0.083,0.0,1,12,12,1.0,0,0.25,4.18,0.071,1.8,0.144
2025,75566,이원석,키움,WO,30,0.143,5,8,7,1,1,0,0,0,1,0,0,0,1,0,0,2,1,0.143,0.25,0.393,0,0.0,0.0,0,2,2,1.0,0,0.5,4.25,0.0,-0.1,0.148
2025,51359,장재영,키움,WO,30,0.143,10,16,14,1,2,0,0,0,2,2,0,0,2,0,0,7,0,0.143,0.25,0.393,0,0.333,0.0,0,2,3,0.67,0,0.29,3.63,0.0,0.7,0.148
2025,55393,여동욱,키움,WO,33,0.132,28,61,53,6,7,1,0,2,14,2,1,0,7,0,0,21,2,0.264,0.233,0.497,0,0.0,0.286,3,12,13,0.92,0,0.33,4.07,0.132,3.0,0.171
2025,55371,권혁빈,키움,WO,34,0.1,22,24,20,1,2,0,0,0,2,1,2,0,2,0,0,7,1,0.1,0.182,0.282,0,0.0,0.0,0,4,7,0.57,0,0.29,3.79,0.0,-0.3,0.107
2025,65898,김웅빈,키움,WO,35,0.083,10,31,24,1,2,0,0,0,2,0,1,0,6,0,0,7,2,0.083,0.267,0.35,0,0.0,0.0,0,6,9,0.67,0,0.86,4.23,0.0,0.3,0.141
2025,55370,양현종,키움,WO,35,0.083,12,14,12,1,1,0,0,0,1,0,0,0,2,0,0,5,0,0.083,0.214,0.297,0,0.0,0.0,0,2,4,0.5,0,0.4,4.5,0.0,0.2,0.117
2025,53301,박윤성,키움,WO,37,,3,0,0,0,0,0,0,0,0,0,0,0,0,0,0,0,0,,,,0,0.0,0.0,0,0,0,,0,,,,0.0,0.0
2025,55394,박정훈,키움,WO,37,,1,0,0,0,0,0,0,0,0,0,0,0,0,0,0,0,0,,,,0,0.0,0.0,0,0,0,,0,,,,0.0,0.0
2025,69328,박주성,키움,WO,37,,2,0,0,0,0,0,0,0,0,0,0,0,0,0,0,0,0,,,,0,0.0,0.0,0,0,0,,0,,,,0.0,0.0
2025,53309,서유신,키움,WO,37,0.0,6,8,7,0,0,0,0,0,0,0,0,0,1,0,0,4,0,0.0,0.125,0.125,0,0.0,0.0,0,2,1,2.0,0,0.25,4.38,0.0,-0.3,0.056
2025,69045,알칸타라,키움,WO,37,,1,0,0,0,0,0,0,0,0,0,0,0,0,0,0,0,0,,,,0,0.0,0.0,0,0,0,,0,,,,0.0,0.0
2025,53302,이승원,키움,WO,37,0.0,1,2,2,0,0,0,0,0,0,0,0,0,0,0,0,0,0,0.0,0.0,0.0,0,0.0,0.0,0,0,2,0.0,0,,2.5,0.0,-0.2,0.0
2025,55301,이준우,키움,WO,37,,1,0,0,0,0,0,0,0,0,0,0,0,0,0,0,0,0,,,,0,0.0,0.0,0,0,0,,0,,,,0.0,0.0
2025,52330,주승우,키움,WO,37,,2,0,0,0,0,0,0,0,0,0,0,0,0,0,0,0,0,,,,0,0.0,0.0,0,0,0,,0,,,,0.0,0.0
